{"authorDailyContributionsMap":{"J-Y-Yan":[{"date":"2023-10-19","commitResults":[{"hash":"5f22d57a178e453d90da4715839d496b2815d6b6","isMergeCommit":false,"messageTitle":"Add new constructor for command class with String input parameter, representing user command","messageBody":"","fileTypesAndContributionMap":{"functional-code":{"insertions":8,"deletions":0},"other":{"insertions":109,"deletions":0}}},{"hash":"4b94d0d28de155d434528f4ee144a253318b5960","isMergeCommit":false,"messageTitle":"Add goal funationality * Add Goal class to represent goal object * Add GoalList class to represent goal list containing the goal objects * Add GoalCommand class to implement the execution of goal command","messageBody":"Noting that Goal and GoalList is created seperated in different class because they exhibit different properties. For example, a goal object have its fields like goal content and finished time, but a goalList object should have fields like the number of data inside a goal.\n","fileTypesAndContributionMap":{"functional-code":{"insertions":137,"deletions":0}}},{"hash":"79ef7a2ea66fa876a5e40bbdcbc541c2e595ff80","isMergeCommit":false,"messageTitle":"Add exception class IncorrectFormatException to tackle the input format of the goal command from user","messageBody":"","fileTypesAndContributionMap":{"functional-code":{"insertions":13,"deletions":0}}},{"hash":"c7009a4977277a9bf85129306080149cb22f4993","isMergeCommit":false,"messageTitle":"Add more Ui related method to release messages about adding or deleting new goal successfully","messageBody":"Change the parent class of IllegalValueException class from Exception to IncorrectFormatException. This could reduces the number of signature when throwing exception and tidy up the code\n","fileTypesAndContributionMap":{"functional-code":{"insertions":24,"deletions":1}}},{"hash":"88c61f6f274b5e518d07f25ee37a47fa08d02804","isMergeCommit":false,"messageTitle":"Correct error in coding style for GoalCommand class","messageBody":"","fileTypesAndContributionMap":{"functional-code":{"insertions":9,"deletions":10}}},{"hash":"374777329b89b44a555b6eb48ef471ba52261d26","isMergeCommit":false,"messageTitle":"Improve the documentation to match with standard","messageBody":"","fileTypesAndContributionMap":{"functional-code":{"insertions":5,"deletions":0}}},{"hash":"3205e482e8bdebf42d6ac6185b2f0c091df1341a","isMergeCommit":true,"messageTitle":"Merge pull request #16 from AY2324S1-CS2113-F11-1/goal","messageBody":"Add goal functionality","fileTypesAndContributionMap":{}},{"hash":"2a2086f5ac4efc3ed1272d35b3b2a951d969ad69","isMergeCommit":false,"messageTitle":"Add new parser case for goal command","messageBody":"","fileTypesAndContributionMap":{"functional-code":{"insertions":6,"deletions":4}}},{"hash":"807a80a349556af52320ce58050bce5f19079235","isMergeCommit":false,"messageTitle":"Change the execution method of goalCommand class","messageBody":"","fileTypesAndContributionMap":{"functional-code":{"insertions":15,"deletions":6}}}]}],"kevinz420":[{"date":"2023-10-06","commitResults":[{"hash":"c66131313af3a0dbcd8c602250607835d738bf59","isMergeCommit":false,"messageTitle":"Add About Us","messageBody":"","fileTypesAndContributionMap":{"docs":{"insertions":7,"deletions":7}}}]},{"date":"2023-10-15","commitResults":[{"hash":"eb1ae54b61dd5bed80d0d9df4c621c086a2d81af","isMergeCommit":false,"messageTitle":"Added basic text UI and core commands","messageBody":"","fileTypesAndContributionMap":{"functional-code":{"insertions":609,"deletions":25}}},{"hash":"36c6e30c185b9f80e55f4ec6b9638cf172f73c03","isMergeCommit":false,"messageTitle":"Added parser tests","messageBody":"","fileTypesAndContributionMap":{"functional-code":{"insertions":2,"deletions":9},"test-code":{"insertions":78,"deletions":0}}}]}],"MrOPPA1":[{"date":"2023-10-06","commitResults":[{"hash":"f0cf1bd55fd25b10ce0dca9f46bbdcaf9a591fa6","isMergeCommit":false,"messageTitle":"init","messageBody":"","fileTypesAndContributionMap":{"docs":{"insertions":2,"deletions":0}}}]},{"date":"2023-10-19","commitResults":[{"hash":"662746e2d6b5b343cf359c1c684cefc1822efc75","isMergeCommit":false,"messageTitle":"Add Meal class. Add Add Meal Command. (for integrating general functions of meal-related commands) Add Date class. Add DateTime class. Add \u0027throws Exception\u0027 to Command class.","messageBody":"","fileTypesAndContributionMap":{"functional-code":{"insertions":239,"deletions":1}}}]},{"date":"2023-10-20","commitResults":[{"hash":"5106842b4468b0bf3c5a6493d8bda2d4671aea4b","isMergeCommit":true,"messageTitle":"Merge branch \u0027master\u0027 into master","messageBody":"","fileTypesAndContributionMap":{}},{"hash":"c0899a9086a9bef624db627df2eaf2b98a7aede1","isMergeCommit":true,"messageTitle":"Merge pull request #14 from MrOPPA1/master","messageBody":"Meal Logging","fileTypesAndContributionMap":{}}]}],"Remy9926":[{"date":"2023-10-06","commitResults":[{"hash":"5c8e51ad415cfc6d7d3e7035afac300a3c1be537","isMergeCommit":false,"messageTitle":"Add Ethan to docs/AboutUs.md","messageBody":"","fileTypesAndContributionMap":{"docs":{"insertions":7,"deletions":7}}},{"hash":"ee26f976d47a7e4d6bd74e8f6023dc6083cfd0b7","isMergeCommit":true,"messageTitle":"Merge branch \u0027ethanHuang-AboutUs\u0027","messageBody":"Merge ethanHuang-AboutUs branch to master\n","fileTypesAndContributionMap":{}}]},{"date":"2023-10-07","commitResults":[{"hash":"8ab578e1d646eca743b9e63a986c47d7e9b00e4a","isMergeCommit":false,"messageTitle":"Take in user input and spit it back out to user","messageBody":"","fileTypesAndContributionMap":{"functional-code":{"insertions":8,"deletions":1}}},{"hash":"446c18151b5fcf69cf4f402ce261d0a4f0d20e6f","isMergeCommit":false,"messageTitle":"Add FitNUS logo","messageBody":"","fileTypesAndContributionMap":{"functional-code":{"insertions":6,"deletions":6}}}]},{"date":"2023-10-08","commitResults":[{"hash":"90b9c9838da03a478bd8c2820c859a543bf58177","isMergeCommit":false,"messageTitle":"Ask user for name Create greetUser method","messageBody":"","fileTypesAndContributionMap":{"functional-code":{"insertions":20,"deletions":8}}},{"hash":"ca9d43fa3b4748ce181910b5a688633d9192c16c","isMergeCommit":false,"messageTitle":"Make user input case insensitive and strip any whitespace","messageBody":"","fileTypesAndContributionMap":{"functional-code":{"insertions":3,"deletions":6}}}]},{"date":"2023-10-12","commitResults":[{"hash":"8153fe15e48899f589484df59b507a85c8a288c9","isMergeCommit":true,"messageTitle":"Merge pull request #1 from kevinz420/kevinzhang-AboutUs","messageBody":"Add About Us","fileTypesAndContributionMap":{}},{"hash":"da19d11346e8cd6bd2f34c247c9fa3243db69de8","isMergeCommit":true,"messageTitle":"Merge branch \u0027master\u0027 into master","messageBody":"","fileTypesAndContributionMap":{}},{"hash":"1a19a244189698cd2a7e1c318cbd977067c84c7c","isMergeCommit":true,"messageTitle":"Merge pull request #3 from Remy9926/master","messageBody":"Add Ethan to docs/AboutUs.md","fileTypesAndContributionMap":{}},{"hash":"abe5ecb3237d9ded49175c774128e1b874492ad4","isMergeCommit":true,"messageTitle":"Merge pull request #5 from Remy9926/take-user-input","messageBody":"Take user input and spit it back to user","fileTypesAndContributionMap":{}},{"hash":"bc396c118e9625114a04bd1c71587555080741ae","isMergeCommit":true,"messageTitle":"Update input.txt and EXPECTED.txt","messageBody":"","fileTypesAndContributionMap":{}},{"hash":"00f9e7920cd6bd98575d8c88417d6c8b4813b9bc","isMergeCommit":true,"messageTitle":"Merge branch \u0027master\u0027 of https://github.com/AY2324S1-CS2113-F11-1/tp","messageBody":"","fileTypesAndContributionMap":{}}]},{"date":"2023-10-15","commitResults":[{"hash":"a1ad53f518ee683ce633886d89a218ef0c33434e","isMergeCommit":true,"messageTitle":"Merge pull request #10 from kevinz420/feature-project-setup","messageBody":"Implement initial project setup and core functionalities","fileTypesAndContributionMap":{}},{"hash":"5ea2a0d7bc0da1a4d70fac23fd8b4058a688463f","isMergeCommit":true,"messageTitle":"Merge branch \u0027master\u0027 of https://github.com/AY2324S1-CS2113-F11-1/tp Implement initial project setup and core functionalities","messageBody":"","fileTypesAndContributionMap":{}},{"hash":"ce70a872c9a314035f3e3a45a68076b4de2a4b39","isMergeCommit":false,"messageTitle":"Add Log, Month, Day, Exercise classes and functionality","messageBody":"","fileTypesAndContributionMap":{"functional-code":{"insertions":170,"deletions":0}}},{"hash":"4929de954dd53c5dad4a2c31807d657d07682721","isMergeCommit":false,"messageTitle":"Add ExerciseLogTest Class","messageBody":"","fileTypesAndContributionMap":{"functional-code":{"insertions":4,"deletions":0}}},{"hash":"522a5e358b43ec3b3983c894e4348c1fdccc6402","isMergeCommit":false,"messageTitle":"Add toString to all classes","messageBody":"","fileTypesAndContributionMap":{"functional-code":{"insertions":77,"deletions":16}}}]},{"date":"2023-10-16","commitResults":[{"hash":"fc274231ac4b8e5e93a3b15e48ddc9b5a817c1b3","isMergeCommit":false,"messageTitle":"Create LogCommand class","messageBody":"","fileTypesAndContributionMap":{"functional-code":{"insertions":4,"deletions":0}}},{"hash":"38db96ca3ba4455bd7d7ed7bbea54e9450a1d4d2","isMergeCommit":false,"messageTitle":"Add execute method to LogCommand","messageBody":"","fileTypesAndContributionMap":{"functional-code":{"insertions":23,"deletions":1}}},{"hash":"adf775750c7e309a5c29805d162c4981a1fc234f","isMergeCommit":false,"messageTitle":"Create logcommands package and DeleteLogCommand class","messageBody":"","fileTypesAndContributionMap":{"functional-code":{"insertions":4,"deletions":0},"other":{"insertions":3,"deletions":1}}},{"hash":"36e08f785c3b2a892ae598f8522940e9050e7327","isMergeCommit":false,"messageTitle":"Add execute method to DeleteLogCommand class","messageBody":"","fileTypesAndContributionMap":{"functional-code":{"insertions":36,"deletions":16}}},{"hash":"4e0332fbbb4b30041a6c18ffe5e26f2c46d00eb0","isMergeCommit":false,"messageTitle":"Add ViewLogCommand class, Refactor LogCommand and DeleteLogCommand classes","messageBody":"","fileTypesAndContributionMap":{"functional-code":{"insertions":17,"deletions":2}}},{"hash":"b3934a3c339e6cbda3d70db6bd7301be3a99ac9f","isMergeCommit":false,"messageTitle":"Add ViewLogCommand execute method","messageBody":"","fileTypesAndContributionMap":{"functional-code":{"insertions":63,"deletions":1}}},{"hash":"469607e9b98b1d2110d7b0ff733730cae98d235d","isMergeCommit":false,"messageTitle":"Remove print method","messageBody":"","fileTypesAndContributionMap":{"functional-code":{"insertions":1,"deletions":7}}}]},{"date":"2023-10-17","commitResults":[{"hash":"287b56f8bbf00af8b4533414fb302536f3afd7bf","isMergeCommit":false,"messageTitle":"Add COMMAND_WORD to LogCommand classes","messageBody":"","fileTypesAndContributionMap":{"functional-code":{"insertions":3,"deletions":3}}},{"hash":"95a7ff2b6041f1284eeae257ccd3d91c0e4ca5c7","isMergeCommit":false,"messageTitle":"Allow Parser to return LogCommands","messageBody":"","fileTypesAndContributionMap":{"functional-code":{"insertions":12,"deletions":0}}},{"hash":"8c91cd2b5f0d9862ce361b5be53586ff10fe0691","isMergeCommit":false,"messageTitle":"Move ExerciseLogTest to test folder","messageBody":"","fileTypesAndContributionMap":{"functional-code":{"insertions":0,"deletions":10}}},{"hash":"8ce990f29e6d80496988b0fac5dd0608f7793c39","isMergeCommit":false,"messageTitle":"Add ExerciseLog class tests","messageBody":"","fileTypesAndContributionMap":{"test-code":{"insertions":22,"deletions":0}}},{"hash":"ea1c495be1e79c1c854259eb462e7aeb10eefe0d","isMergeCommit":false,"messageTitle":"Add Test Classes for exerciselog","messageBody":"","fileTypesAndContributionMap":{"test-code":{"insertions":8,"deletions":0}}},{"hash":"e8411d11e3763c676960c33131d8c377b2f41693","isMergeCommit":false,"messageTitle":"Rename Exercise name field to exerciseName","messageBody":"","fileTypesAndContributionMap":{"functional-code":{"insertions":6,"deletions":6}}},{"hash":"f2d00f6fa1b886f11a36948cdd1c7311dc7458c9","isMergeCommit":false,"messageTitle":"Fix getExerciseName method","messageBody":"","fileTypesAndContributionMap":{"functional-code":{"insertions":1,"deletions":1}}},{"hash":"5cb514b0c4c443a3ae1b79dfdc5696befc5b75bd","isMergeCommit":false,"messageTitle":"Edit Exercise class equals method","messageBody":"","fileTypesAndContributionMap":{"functional-code":{"insertions":7,"deletions":2}}},{"hash":"f3bbdecf2e2c4fb04aa4cd4d47c30d6ce9885a34","isMergeCommit":false,"messageTitle":"Add Exercise Tests","messageBody":"","fileTypesAndContributionMap":{"test-code":{"insertions":47,"deletions":0}}},{"hash":"34664cd62ac912690adccfca896a2f4c5806f2d5","isMergeCommit":false,"messageTitle":"Remove redundant import in ExerciseTest","messageBody":"","fileTypesAndContributionMap":{"test-code":{"insertions":0,"deletions":2}}},{"hash":"f655b24820dd6577ea6b6f7f1db02d34aa0440f0","isMergeCommit":false,"messageTitle":"Remove unused imports from tests","messageBody":"","fileTypesAndContributionMap":{"test-code":{"insertions":7,"deletions":4}}}]},{"date":"2023-10-18","commitResults":[{"hash":"353e6bfd42f0259f43b3d3f8166a848f02f26033","isMergeCommit":false,"messageTitle":"Add asserts to ExerciseTest","messageBody":"","fileTypesAndContributionMap":{"test-code":{"insertions":1,"deletions":0}}}]},{"date":"2023-10-19","commitResults":[{"hash":"6631c1de1e0c186922c92dac0fca53596699e75d","isMergeCommit":false,"messageTitle":"Add more asserts to ExerciseTest","messageBody":"","fileTypesAndContributionMap":{"test-code":{"insertions":1,"deletions":1}}},{"hash":"d5c361d22ddb346eda70b02a7edbdddee1f34583","isMergeCommit":false,"messageTitle":"Add containsExercises to Day Class","messageBody":"","fileTypesAndContributionMap":{"functional-code":{"insertions":4,"deletions":0}}},{"hash":"5819ae61359de0302cc1dfb05dce4eca39c890f6","isMergeCommit":false,"messageTitle":"Remove getExercises method from Day","messageBody":"","fileTypesAndContributionMap":{"functional-code":{"insertions":0,"deletions":4}}},{"hash":"13d95ec3191221af3cc58a835234e3aec5b0b336","isMergeCommit":false,"messageTitle":"Remove unnecessary methods from Day, Log, Month classes","messageBody":"","fileTypesAndContributionMap":{"functional-code":{"insertions":1,"deletions":21}}},{"hash":"15ccd19710de8236a503ac0e6f47c028ed7bbefd","isMergeCommit":false,"messageTitle":"Add tests to Day Class","messageBody":"","fileTypesAndContributionMap":{"test-code":{"insertions":30,"deletions":1}}},{"hash":"05f6dfc7fcb565d866836a5e2f0f0b411cb7199a","isMergeCommit":false,"messageTitle":"Rename numberOfDays method to getNumberOfDays","messageBody":"","fileTypesAndContributionMap":{"functional-code":{"insertions":1,"deletions":1}}},{"hash":"a173eb0073fef3d98857829adeb806f5f7cdadc6","isMergeCommit":false,"messageTitle":"Rename methods","messageBody":"","fileTypesAndContributionMap":{"functional-code":{"insertions":8,"deletions":8}}},{"hash":"d03e7b422e7b14bda3bb6f4f8e52e86ad358585d","isMergeCommit":false,"messageTitle":"Add tests to Month class","messageBody":"","fileTypesAndContributionMap":{"test-code":{"insertions":28,"deletions":1}}},{"hash":"ad189e88085884b2a0bd5c8792233896f0f7639d","isMergeCommit":false,"messageTitle":"Add tests to Log class","messageBody":"","fileTypesAndContributionMap":{"test-code":{"insertions":21,"deletions":1}}}]},{"date":"2023-10-20","commitResults":[{"hash":"45ba6ffea03d3bdc9f916495b447ce6b4ba6f018","isMergeCommit":true,"messageTitle":"Merge branch \u0027master\u0027 into exercise-log-class","messageBody":"","fileTypesAndContributionMap":{}},{"hash":"2b1ec01e9b1f69a8ed8a3ee190b48a8f378c0e74","isMergeCommit":true,"messageTitle":"Merge pull request #11 from Remy9926/exercise-log-class","messageBody":"Add ExerciseLog class","fileTypesAndContributionMap":{}}]}]},"authorFileTypeContributionMap":{"J-Y-Yan":{"docs":0,"functional-code":200,"test-code":0,"other":109},"kevinz420":{"docs":2,"functional-code":589,"test-code":78},"MrOPPA1":{"docs":2,"functional-code":237,"test-code":0,"other":11},"Remy9926":{"docs":1,"functional-code":350,"test-code":155}},"authorContributionVariance":{"J-Y-Yan":4008.861,"kevinz420":17386.037,"MrOPPA1":1916.7086,"Remy9926":4172.8345},"authorDisplayNameMap":{"J-Y-Yan":"CS2113-F11-1 TIAN..AYAN","kevinz420":"CS2113-F11-1 ZHAN..EVIN","MrOPPA1":"CS2113-F11-1 FENG..GYAO","Remy9926":"CS2113-F11-1 HUAN..AMES"}}
