{"authorDailyContributionsMap":{"J-Y-Yan":[],"kevinz420":[],"MrOPPA1":[{"date":"2023-10-06","commitResults":[{"hash":"f0cf1bd55fd25b10ce0dca9f46bbdcaf9a591fa6","isMergeCommit":false,"messageTitle":"init","messageBody":"","fileTypesAndContributionMap":{"docs":{"insertions":2,"deletions":0}}}]}],"Remy9926":[]},"authorFileTypeContributionMap":{"J-Y-Yan":{"docs":0,"functional-code":0,"test-code":0},"kevinz420":{"docs":0,"functional-code":0,"test-code":0},"MrOPPA1":{"docs":2,"functional-code":0,"test-code":0,"other":11},"Remy9926":{"docs":0,"functional-code":0,"test-code":0}},"authorContributionVariance":{"J-Y-Yan":0.0,"kevinz420":0.0,"MrOPPA1":0.2488889,"Remy9926":0.0},"authorDisplayNameMap":{"J-Y-Yan":"CS2113-F11-1 TIAN..AYAN","kevinz420":"CS2113-F11-1 ZHAN..EVIN","MrOPPA1":"CS2113-F11-1 FENG..GYAO","Remy9926":"CS2113-F11-1 HUAN..AMES"}}
