{"authorDailyContributionsMap":{"J-Y-Yan":[{"date":"2023-10-19","commitResults":[{"hash":"5f22d57a178e453d90da4715839d496b2815d6b6","isMergeCommit":false,"messageTitle":"Add new constructor for command class with String input parameter, representing user command","messageBody":"","fileTypesAndContributionMap":{"functional-code":{"insertions":8,"deletions":0},"other":{"insertions":109,"deletions":0}}},{"hash":"4b94d0d28de155d434528f4ee144a253318b5960","isMergeCommit":false,"messageTitle":"Add goal funationality * Add Goal class to represent goal object * Add GoalList class to represent goal list containing the goal objects * Add GoalCommand class to implement the execution of goal command","messageBody":"Noting that Goal and GoalList is created seperated in different class because they exhibit different properties. For example, a goal object have its fields like goal content and finished time, but a goalList object should have fields like the number of data inside a goal.\n","fileTypesAndContributionMap":{"functional-code":{"insertions":137,"deletions":0}}},{"hash":"79ef7a2ea66fa876a5e40bbdcbc541c2e595ff80","isMergeCommit":false,"messageTitle":"Add exception class IncorrectFormatException to tackle the input format of the goal command from user","messageBody":"","fileTypesAndContributionMap":{"functional-code":{"insertions":13,"deletions":0}}},{"hash":"c7009a4977277a9bf85129306080149cb22f4993","isMergeCommit":false,"messageTitle":"Add more Ui related method to release messages about adding or deleting new goal successfully","messageBody":"Change the parent class of IllegalValueException class from Exception to IncorrectFormatException. This could reduces the number of signature when throwing exception and tidy up the code\n","fileTypesAndContributionMap":{"functional-code":{"insertions":24,"deletions":1}}},{"hash":"88c61f6f274b5e518d07f25ee37a47fa08d02804","isMergeCommit":false,"messageTitle":"Correct error in coding style for GoalCommand class","messageBody":"","fileTypesAndContributionMap":{"functional-code":{"insertions":9,"deletions":10}}},{"hash":"374777329b89b44a555b6eb48ef471ba52261d26","isMergeCommit":false,"messageTitle":"Improve the documentation to match with standard","messageBody":"","fileTypesAndContributionMap":{"functional-code":{"insertions":5,"deletions":0}}},{"hash":"3205e482e8bdebf42d6ac6185b2f0c091df1341a","isMergeCommit":true,"messageTitle":"Merge pull request #16 from AY2324S1-CS2113-F11-1/goal","messageBody":"Add goal functionality","fileTypesAndContributionMap":{}},{"hash":"2a2086f5ac4efc3ed1272d35b3b2a951d969ad69","isMergeCommit":false,"messageTitle":"Add new parser case for goal command","messageBody":"","fileTypesAndContributionMap":{"functional-code":{"insertions":6,"deletions":4}}},{"hash":"807a80a349556af52320ce58050bce5f19079235","isMergeCommit":false,"messageTitle":"Change the execution method of goalCommand class","messageBody":"","fileTypesAndContributionMap":{"functional-code":{"insertions":15,"deletions":6}}}]},{"date":"2023-11-03","commitResults":[{"hash":"662d141ff2d049d1c632a4bd6d8622701c2620ad","isMergeCommit":false,"messageTitle":"add goal functuon content","messageBody":"","fileTypesAndContributionMap":{"docs":{"insertions":24,"deletions":0}}},{"hash":"21e424a023bb6af0ffd9b855fe0b650c08d1e771","isMergeCommit":false,"messageTitle":"Update DeveloperGuide.md","messageBody":"","fileTypesAndContributionMap":{"docs":{"insertions":6,"deletions":1}}},{"hash":"4daa67bc6277a5a090682456869149511767c3fa","isMergeCommit":false,"messageTitle":"Update DeveloperGuide.md","messageBody":"","fileTypesAndContributionMap":{"docs":{"insertions":1,"deletions":1}}},{"hash":"31f14f84051b3c0a711021021c2d65fca90ab7ba","isMergeCommit":false,"messageTitle":"Update DeveloperGuide.md","messageBody":"","fileTypesAndContributionMap":{"docs":{"insertions":3,"deletions":3}}},{"hash":"76140cf015d90aa05a48b4a2f99cb651a57ad321","isMergeCommit":false,"messageTitle":"Update DeveloperGuide.md","messageBody":"","fileTypesAndContributionMap":{"docs":{"insertions":1,"deletions":1}}},{"hash":"2f91d2ff91c151aaf43523e2ff12f9d098a08efa","isMergeCommit":false,"messageTitle":"Update DeveloperGuide.md","messageBody":"","fileTypesAndContributionMap":{"docs":{"insertions":3,"deletions":2}}},{"hash":"6056f8b5d8414c319261354ae32e2b7c731fdbca","isMergeCommit":false,"messageTitle":"Update DeveloperGuide.md","messageBody":"","fileTypesAndContributionMap":{"docs":{"insertions":4,"deletions":2}}},{"hash":"c9d8ac5c5168d242a87e6d8f62e80cbdeb3b1e3f","isMergeCommit":false,"messageTitle":"Add documentation","messageBody":"","fileTypesAndContributionMap":{"functional-code":{"insertions":6,"deletions":0}}},{"hash":"90e81d72b0e40a0ef300acfc31e8cd9ddd0f2dd5","isMergeCommit":true,"messageTitle":"Merge branch \u0027master\u0027 of https://github.com/AY2324S1-CS2113-F11-1/tp","messageBody":"","fileTypesAndContributionMap":{}},{"hash":"6b19e90cc73d94f6cbb9efaa5b0122e7fae595f9","isMergeCommit":false,"messageTitle":"Update UserGuide.md","messageBody":"","fileTypesAndContributionMap":{"docs":{"insertions":9,"deletions":0}}},{"hash":"6f955514cceb89c4313dea1b2412b1804809a017","isMergeCommit":false,"messageTitle":"Update UserGuide.md","messageBody":"","fileTypesAndContributionMap":{"docs":{"insertions":1,"deletions":1}}},{"hash":"3383f867b9ebaa9eceec580c73decc1cd11517c1","isMergeCommit":false,"messageTitle":"add deleteGoal command","messageBody":"","fileTypesAndContributionMap":{"functional-code":{"insertions":39,"deletions":13},"other":{"insertions":3,"deletions":1}}}]},{"date":"2023-11-09","commitResults":[{"hash":"08bd893275781955fdd02227f7e2ed1dafe49217","isMergeCommit":false,"messageTitle":"add delete goal function","messageBody":"","fileTypesAndContributionMap":{"functional-code":{"insertions":79,"deletions":37}}},{"hash":"0915bdcc0fc977eca52df18c4e363677c375a8fc","isMergeCommit":false,"messageTitle":"remove unused class and correct indentation issues","messageBody":"","fileTypesAndContributionMap":{"functional-code":{"insertions":9,"deletions":6}}},{"hash":"4d860ff57a8987e1f1566bcbaeb7523684dea600","isMergeCommit":false,"messageTitle":"Correct indentation issues","messageBody":"","fileTypesAndContributionMap":{"functional-code":{"insertions":7,"deletions":7}}},{"hash":"65d1a5d55a324e1757f3f43b56bf56ee4fac37fd","isMergeCommit":false,"messageTitle":"Correct indentation errors and give more detailed documentation","messageBody":"","fileTypesAndContributionMap":{"functional-code":{"insertions":7,"deletions":4}}},{"hash":"0b6eb8c4b71110edac709359bcd21acfa05feb2d","isMergeCommit":false,"messageTitle":"Correct indentation errors","messageBody":"","fileTypesAndContributionMap":{"functional-code":{"insertions":1,"deletions":6}}},{"hash":"5f1d1ce48856ca250441fc9fd89a461bbeb4dbc0","isMergeCommit":true,"messageTitle":"Merge pull request #75 from AY2324S1-CS2113-F11-1/deleteGoal","messageBody":"Delete goal functionality","fileTypesAndContributionMap":{}},{"hash":"a847a3dcaa7009a66d31c88dccc66adb7c4e59c1","isMergeCommit":false,"messageTitle":"Add view Goal list funcationality","messageBody":"","fileTypesAndContributionMap":{"functional-code":{"insertions":71,"deletions":3}}},{"hash":"c3fd3a3b54a27a11437cc7bf71670286cb95b672","isMergeCommit":true,"messageTitle":"Merge pull request #76 from AY2324S1-CS2113-F11-1/viewGoal","messageBody":"Add view Goal list functionality","fileTypesAndContributionMap":{}},{"hash":"6204a80ebdb79cd7167cc1cc76f6d5c79e0da6b2","isMergeCommit":false,"messageTitle":"Update AboutUs.md","messageBody":"","fileTypesAndContributionMap":{"docs":{"insertions":1,"deletions":0}}},{"hash":"3a01fbd0ac57db9b0b7443264d01e1410aad299f","isMergeCommit":false,"messageTitle":"Update AboutUs.md","messageBody":"","fileTypesAndContributionMap":{"docs":{"insertions":0,"deletions":3}}},{"hash":"19d6c1a62096dcdb863fbaa915fa2fdc7253467d","isMergeCommit":false,"messageTitle":"Update UserGuide.md","messageBody":"","fileTypesAndContributionMap":{"docs":{"insertions":19,"deletions":0}}},{"hash":"9ad6efa514db223028b925ae6df903cb097df7c0","isMergeCommit":false,"messageTitle":"Update UserGuide.md","messageBody":"","fileTypesAndContributionMap":{"docs":{"insertions":4,"deletions":0}}},{"hash":"6e73839b4fce1a49af1e3048b308a55f8ca86062","isMergeCommit":false,"messageTitle":"Update UserGuide.md","messageBody":"","fileTypesAndContributionMap":{"docs":{"insertions":1,"deletions":1}}},{"hash":"3f4a38de013d80d431e3134bb71628e8d25e6c7d","isMergeCommit":false,"messageTitle":"Update UserGuide.md","messageBody":"","fileTypesAndContributionMap":{"docs":{"insertions":1,"deletions":1}}},{"hash":"43758c6ba417495981d7123e2e3dd4e43cc7540f","isMergeCommit":false,"messageTitle":"Update UserGuide.md","messageBody":"","fileTypesAndContributionMap":{"docs":{"insertions":1,"deletions":1}}},{"hash":"fd0cc7d44f076671ac00bafcee1e3d589848925d","isMergeCommit":false,"messageTitle":"Update UserGuide.md","messageBody":"","fileTypesAndContributionMap":{"docs":{"insertions":5,"deletions":1}}},{"hash":"ae4184c0b5200814086b3484da20b99ba322b621","isMergeCommit":false,"messageTitle":"Update UserGuide.md","messageBody":"","fileTypesAndContributionMap":{"docs":{"insertions":12,"deletions":10}}},{"hash":"10865ac9ca130b38ed8687d0c8c2dbd771813226","isMergeCommit":false,"messageTitle":"Update UserGuide.md","messageBody":"","fileTypesAndContributionMap":{"docs":{"insertions":1,"deletions":0}}},{"hash":"6d212b8f3c5a65f7fe622a34a5af622e8e6bba68","isMergeCommit":false,"messageTitle":"Update UserGuide.md","messageBody":"","fileTypesAndContributionMap":{"docs":{"insertions":1,"deletions":0}}},{"hash":"f1cd21ac4c9bb1a52f99bafd913772bf8827221e","isMergeCommit":false,"messageTitle":"Update UserGuide.md","messageBody":"","fileTypesAndContributionMap":{"docs":{"insertions":0,"deletions":1}}},{"hash":"f228f50a524f7912e4e17281e40226e9a7c56a7a","isMergeCommit":false,"messageTitle":"Update UserGuide.md","messageBody":"","fileTypesAndContributionMap":{"docs":{"insertions":8,"deletions":1}}},{"hash":"81d80454326e12ba33ab0111db7d934f22d122df","isMergeCommit":false,"messageTitle":"Update UserGuide.md","messageBody":"","fileTypesAndContributionMap":{"docs":{"insertions":1,"deletions":1}}},{"hash":"3a733a29606a19a402678cefdb893de6ed491638","isMergeCommit":false,"messageTitle":"Update UserGuide.md","messageBody":"","fileTypesAndContributionMap":{"docs":{"insertions":1,"deletions":1}}},{"hash":"791812f5934cbaa79b4af75766f2131eea3fe048","isMergeCommit":false,"messageTitle":"Update UserGuide.md","messageBody":"","fileTypesAndContributionMap":{"docs":{"insertions":1,"deletions":0}}},{"hash":"dcb437412b13aa02470f86b98268b53c9df9d816","isMergeCommit":false,"messageTitle":"Update UserGuide.md","messageBody":"","fileTypesAndContributionMap":{"docs":{"insertions":4,"deletions":0}}},{"hash":"8e8861fc413735a1bf87d27a8cf37eda1bf1a50c","isMergeCommit":false,"messageTitle":"Update UserGuide.md","messageBody":"","fileTypesAndContributionMap":{"docs":{"insertions":5,"deletions":0}}},{"hash":"568ea6f979776d6f82d12c0ddf9205247b8e374c","isMergeCommit":false,"messageTitle":"Update UserGuide.md","messageBody":"","fileTypesAndContributionMap":{"docs":{"insertions":5,"deletions":5}}},{"hash":"7b542b648d81c0637639dab220d14378eb1d9653","isMergeCommit":false,"messageTitle":"Update UserGuide.md","messageBody":"","fileTypesAndContributionMap":{"docs":{"insertions":6,"deletions":5}}},{"hash":"d77e12707059a296e56c578b6d08b8d47319606a","isMergeCommit":false,"messageTitle":"Update UserGuide.md","messageBody":"","fileTypesAndContributionMap":{"docs":{"insertions":0,"deletions":1}}},{"hash":"ace0288097c5dcbb85c7524c65bf27edc9194c77","isMergeCommit":false,"messageTitle":"Update UserGuide.md","messageBody":"","fileTypesAndContributionMap":{"docs":{"insertions":1,"deletions":1}}},{"hash":"22f9aba5751ee51b99ef379d1f54ab659d995014","isMergeCommit":false,"messageTitle":"Update UserGuide.md","messageBody":"","fileTypesAndContributionMap":{"docs":{"insertions":1,"deletions":1}}},{"hash":"9e2048ecfc2db3d6d19788b09706f497cbc81b67","isMergeCommit":false,"messageTitle":"Update UserGuide.md","messageBody":"","fileTypesAndContributionMap":{"docs":{"insertions":5,"deletions":5}}},{"hash":"4854a86759ab407810fe7136fe4b4cbe3c350599","isMergeCommit":false,"messageTitle":"Update UserGuide.md","messageBody":"","fileTypesAndContributionMap":{"docs":{"insertions":5,"deletions":5}}},{"hash":"92e2d4ee1c8e34cdf2e4a0fe3cf4c7a0b1abfa70","isMergeCommit":false,"messageTitle":"Update UserGuide.md","messageBody":"","fileTypesAndContributionMap":{"docs":{"insertions":1,"deletions":1}}},{"hash":"a666a6245afe919b423ca91b653412321abcd44b","isMergeCommit":false,"messageTitle":"Update UserGuide.md","messageBody":"","fileTypesAndContributionMap":{"docs":{"insertions":3,"deletions":3}}},{"hash":"ccc9a90e93bf8261c4aa3ff0e7be6c2903f61b5f","isMergeCommit":false,"messageTitle":"Update UserGuide.md","messageBody":"","fileTypesAndContributionMap":{"docs":{"insertions":2,"deletions":1}}},{"hash":"d94550658a4d6cbc2f76b454cabbac0add6980af","isMergeCommit":false,"messageTitle":"Update UserGuide.md","messageBody":"","fileTypesAndContributionMap":{"docs":{"insertions":4,"deletions":4}}},{"hash":"d3ecf35255230fc7ebb73dd3ca23d1ae6ad8ea1e","isMergeCommit":false,"messageTitle":"Update UserGuide.md","messageBody":"","fileTypesAndContributionMap":{"docs":{"insertions":2,"deletions":2}}},{"hash":"d2513898739593e055b9085d9d54e3d9de6f21a0","isMergeCommit":false,"messageTitle":"Update UserGuide.md","messageBody":"","fileTypesAndContributionMap":{"docs":{"insertions":1,"deletions":1}}},{"hash":"cea9d79b5da73f84c491322be8d72a62927de534","isMergeCommit":false,"messageTitle":"Update UserGuide.md","messageBody":"","fileTypesAndContributionMap":{"docs":{"insertions":1,"deletions":1}}},{"hash":"3b75cd6be07b1cbb790b44684bbca110b15acc7b","isMergeCommit":false,"messageTitle":"Update UserGuide.md","messageBody":"","fileTypesAndContributionMap":{"docs":{"insertions":1,"deletions":1}}},{"hash":"f9e1a8b582186beddacfcf1eff7c8738aadf8dff","isMergeCommit":false,"messageTitle":"Update UserGuide.md","messageBody":"","fileTypesAndContributionMap":{"docs":{"insertions":1,"deletions":1}}},{"hash":"398794dc93a11410fad49d02435952122927864d","isMergeCommit":false,"messageTitle":"Update UserGuide.md","messageBody":"","fileTypesAndContributionMap":{"docs":{"insertions":1,"deletions":1}}},{"hash":"c8c2562da7252c123032a9bbaedf21ccb7bf81a4","isMergeCommit":false,"messageTitle":"Update UserGuide.md","messageBody":"","fileTypesAndContributionMap":{"docs":{"insertions":1,"deletions":1}}},{"hash":"59c07d4b707691ecc4bf304a84252f07ddb702e0","isMergeCommit":false,"messageTitle":"Update UserGuide.md","messageBody":"","fileTypesAndContributionMap":{"docs":{"insertions":3,"deletions":3}}},{"hash":"8e0ce34cbb5e361cd029e9b110fe18295bf40b3b","isMergeCommit":false,"messageTitle":"Update UserGuide.md","messageBody":"","fileTypesAndContributionMap":{"docs":{"insertions":2,"deletions":0}}},{"hash":"7ff361cc7c910de7c1abc047fb9c25d16acada9a","isMergeCommit":false,"messageTitle":"Update UserGuide.md","messageBody":"","fileTypesAndContributionMap":{"docs":{"insertions":1,"deletions":1}}},{"hash":"5c36530c5392f8c9d9eb483956c1eac3dc13aab0","isMergeCommit":false,"messageTitle":"Update UserGuide.md","messageBody":"","fileTypesAndContributionMap":{"docs":{"insertions":1,"deletions":1}}},{"hash":"a95800d7894aba1a90cafbd23bbffad6b098b85a","isMergeCommit":false,"messageTitle":"Update UserGuide.md","messageBody":"","fileTypesAndContributionMap":{"docs":{"insertions":1,"deletions":1}}},{"hash":"ebdbc396319c5b3213a9640bc1b4f7285d76c354","isMergeCommit":false,"messageTitle":"Update UserGuide.md","messageBody":"","fileTypesAndContributionMap":{"docs":{"insertions":2,"deletions":1}}},{"hash":"fa2837fdf400eab6f4c4c0dbd439fe49ae09fa06","isMergeCommit":false,"messageTitle":"Update UserGuide.md","messageBody":"","fileTypesAndContributionMap":{"docs":{"insertions":1,"deletions":1}}},{"hash":"08d105ce7fb99aa73d43ee05265cfd4740ad2ee2","isMergeCommit":false,"messageTitle":"Update UserGuide.md","messageBody":"","fileTypesAndContributionMap":{"docs":{"insertions":1,"deletions":1}}},{"hash":"cb47052afd7f8e77191e0ab970171e4b7ba176cf","isMergeCommit":false,"messageTitle":"Update UserGuide.md","messageBody":"","fileTypesAndContributionMap":{"docs":{"insertions":1,"deletions":1}}},{"hash":"c72765b61bc46474a28b1bbe4afcd07257787dba","isMergeCommit":false,"messageTitle":"Allow more format for user inputs","messageBody":"","fileTypesAndContributionMap":{"functional-code":{"insertions":5,"deletions":1}}},{"hash":"6ca3648e0cb20ba3de9e57585338109ef72032ce","isMergeCommit":false,"messageTitle":"Add achieve goal functionality","messageBody":"","fileTypesAndContributionMap":{"functional-code":{"insertions":72,"deletions":8}}},{"hash":"a1640f30b84fcb0963fdf0024095a4d39ed58d77","isMergeCommit":false,"messageTitle":"Correct symbol for decode","messageBody":"","fileTypesAndContributionMap":{"functional-code":{"insertions":1,"deletions":1}}},{"hash":"ae819b34c550b2d2344a8a70ff417951ea13d9b3","isMergeCommit":true,"messageTitle":"Merge pull request #81 from AY2324S1-CS2113-F11-1/achieveGoal","messageBody":"Add achieve goal functionality","fileTypesAndContributionMap":{}},{"hash":"e6b83c0a2def1ef1e7262ffdfa993892460aab3d","isMergeCommit":false,"messageTitle":"Update UserGuide.md","messageBody":"","fileTypesAndContributionMap":{"docs":{"insertions":13,"deletions":0}}},{"hash":"6990891019519f2bb65b1864a7b5ca2f4161f7fd","isMergeCommit":false,"messageTitle":"Update UserGuide.md","messageBody":"","fileTypesAndContributionMap":{"docs":{"insertions":1,"deletions":1}}},{"hash":"5971c541166b08554b351606cd294ab1b523df3b","isMergeCommit":false,"messageTitle":"Update the help message","messageBody":"","fileTypesAndContributionMap":{"functional-code":{"insertions":25,"deletions":4}}},{"hash":"1a541bf00fb19258304bb837aa298b6a31ce0ea8","isMergeCommit":false,"messageTitle":"Update UserGuide.md","messageBody":"","fileTypesAndContributionMap":{"docs":{"insertions":5,"deletions":0}}},{"hash":"13553d7262ee576a93f8740677ac5ead5ef27093","isMergeCommit":false,"messageTitle":"Update UserGuide.md","messageBody":"","fileTypesAndContributionMap":{"docs":{"insertions":1,"deletions":1}}},{"hash":"d3879a6b4fa6b4744e6a516b9621238e21e1b204","isMergeCommit":false,"messageTitle":"Add view achievement functionality","messageBody":"","fileTypesAndContributionMap":{"functional-code":{"insertions":68,"deletions":2}}},{"hash":"8911f3266a274176107288d48ef81e322b8cd8f2","isMergeCommit":false,"messageTitle":"Correct Indentations","messageBody":"","fileTypesAndContributionMap":{"functional-code":{"insertions":4,"deletions":3}}}]},{"date":"2023-11-10","commitResults":[{"hash":"5374a8cbc363235848ce6b850cc27e07c4ec9550","isMergeCommit":false,"messageTitle":"Update UserGuide.md","messageBody":"","fileTypesAndContributionMap":{"docs":{"insertions":13,"deletions":0}}},{"hash":"41ef61820a4e30788ca2850b74d6fc82753f851b","isMergeCommit":false,"messageTitle":"Update UserGuide.md","messageBody":"","fileTypesAndContributionMap":{"docs":{"insertions":1,"deletions":1}}},{"hash":"493a6217218af008fa8d7e408b71bda8996dd87c","isMergeCommit":false,"messageTitle":"Update UserGuide.md","messageBody":"","fileTypesAndContributionMap":{"docs":{"insertions":1,"deletions":1}}},{"hash":"8fec492ed4390803f95d5c06bed1e2f8390364c1","isMergeCommit":false,"messageTitle":"Update UserGuide.md","messageBody":"","fileTypesAndContributionMap":{"docs":{"insertions":0,"deletions":1}}},{"hash":"f0c41ae06a5d3adbc74b97619b529fef42b44c07","isMergeCommit":true,"messageTitle":"Merge pull request #82 from AY2324S1-CS2113-F11-1/viewAchievement","messageBody":"Add view achievement functionality","fileTypesAndContributionMap":{}},{"hash":"b493a9938f8e0331a308abd757af928c12c1fab6","isMergeCommit":false,"messageTitle":"Bug fix in addGoal command execution","messageBody":"","fileTypesAndContributionMap":{"functional-code":{"insertions":23,"deletions":28}}},{"hash":"2ee5806f182adfb1cebfca0b5653f21a4ee64c75","isMergeCommit":true,"messageTitle":"Merge pull request #84 from AY2324S1-CS2113-F11-1/viewAchievement","messageBody":"Bug fix in add goal command","fileTypesAndContributionMap":{}}]},{"date":"2023-11-11","commitResults":[{"hash":"1752378ebd2c1bf2de345b7ae560b1c1877f1dbb","isMergeCommit":false,"messageTitle":"Update UserGuide.md","messageBody":"","fileTypesAndContributionMap":{"docs":{"insertions":1,"deletions":0}}},{"hash":"a773093f61e8599c468073f79e39c16bb73b781f","isMergeCommit":false,"messageTitle":"Correct feedback to user of delete goal method","messageBody":"","fileTypesAndContributionMap":{"functional-code":{"insertions":1,"deletions":1}}},{"hash":"ead7772b754dda4a80f743362bc12f64e5df99ed","isMergeCommit":false,"messageTitle":"Update UserGuide.md","messageBody":"","fileTypesAndContributionMap":{"docs":{"insertions":8,"deletions":0}}},{"hash":"970e22b4377b75406fb53fb0b3349ce7d181c2fe","isMergeCommit":false,"messageTitle":"Update UserGuide.md","messageBody":"","fileTypesAndContributionMap":{"docs":{"insertions":3,"deletions":1}}},{"hash":"31efa75d0da1591ce2123081ab8aef63f4a9db6a","isMergeCommit":false,"messageTitle":"Update UserGuide.md","messageBody":"","fileTypesAndContributionMap":{"docs":{"insertions":1,"deletions":1}}},{"hash":"583de53183b743c76158bc9b39d38143d9f86dfe","isMergeCommit":false,"messageTitle":"Add date parse function for goal object","messageBody":"","fileTypesAndContributionMap":{"functional-code":{"insertions":39,"deletions":11}}},{"hash":"6b0a13e38cbcb703fcf089433fdbb989bdfaf8c7","isMergeCommit":false,"messageTitle":"Update UserGuide.md","messageBody":"","fileTypesAndContributionMap":{"docs":{"insertions":1,"deletions":2}}},{"hash":"a4286004073c0ac3655425dc7853ab3b187f47ea","isMergeCommit":false,"messageTitle":"Add date format conversion from user input to MMM d, yyyy","messageBody":"","fileTypesAndContributionMap":{"functional-code":{"insertions":2,"deletions":1}}},{"hash":"dcfb206a9c8bfb0694b93e190c11ec844cd44ff5","isMergeCommit":true,"messageTitle":"Merge pull request #87 from AY2324S1-CS2113-F11-1/timePraserOfGoal","messageBody":"Add date parse function for goal object","fileTypesAndContributionMap":{}},{"hash":"2d8faaa22d1a6f00981294e04d7eb78bfddf35b6","isMergeCommit":false,"messageTitle":"Update UserGuide.md","messageBody":"","fileTypesAndContributionMap":{"docs":{"insertions":1,"deletions":0}}},{"hash":"df80e9228bc88de425ceb0b7685e4ac5816fa0cd","isMergeCommit":false,"messageTitle":"Update UserGuide.md","messageBody":"","fileTypesAndContributionMap":{"docs":{"insertions":15,"deletions":2}}},{"hash":"cc0fff14430b05a0c3737ab166641de7f7553d1a","isMergeCommit":false,"messageTitle":"Update UserGuide.md","messageBody":"","fileTypesAndContributionMap":{"docs":{"insertions":18,"deletions":21}}},{"hash":"d921be9de93bec14fe959799b9ddc18198440ec3","isMergeCommit":false,"messageTitle":"Update UserGuide.md","messageBody":"","fileTypesAndContributionMap":{"docs":{"insertions":5,"deletions":5}}},{"hash":"b4a547985fee5b21ea42e0d5ce2c6af8d3e4d3b9","isMergeCommit":false,"messageTitle":"Update UserGuide.md","messageBody":"","fileTypesAndContributionMap":{"docs":{"insertions":1,"deletions":1}}},{"hash":"0192df901c1d618136ccd945e5f7ac91eeb9d47f","isMergeCommit":false,"messageTitle":"Rename variable storage and file to exerciseLogStorage and exerciseLogFile to prevent confusion","messageBody":"","fileTypesAndContributionMap":{"functional-code":{"insertions":11,"deletions":7}}},{"hash":"c54de2d557b27dee15f6d169365c8a9da4864f33","isMergeCommit":false,"messageTitle":"Add FileIO function to restore saved goal record","messageBody":"","fileTypesAndContributionMap":{"functional-code":{"insertions":161,"deletions":7}}},{"hash":"c00c0c6bbdac04e0dc863c97ec122dc7c3e91c5a","isMergeCommit":false,"messageTitle":"Bug fix in loading saved data successfully but clear data in save file accidentally once at the start of app.","messageBody":"","fileTypesAndContributionMap":{"functional-code":{"insertions":1,"deletions":2}}},{"hash":"37a9f613b3b91e930328e13fff41edc8dcfc1bb9","isMergeCommit":false,"messageTitle":"Add documentation for Date class","messageBody":"","fileTypesAndContributionMap":{"functional-code":{"insertions":6,"deletions":17}}},{"hash":"9b4a10ea7246c48248f628097be894c1f771d228","isMergeCommit":false,"messageTitle":"Correct all checkStyle errors, including indentations, word limit in line, etc.","messageBody":"","tags":["FileIO-Goal","FileIO"],"fileTypesAndContributionMap":{"functional-code":{"insertions":25,"deletions":30}}},{"hash":"64b2a2ab151eb27eed5dd6d3293f2cb7f980ffa2","isMergeCommit":true,"messageTitle":"Merge pull request #90 from AY2324S1-CS2113-F11-1/goalStorage","messageBody":"Add FileIO function to restore saved goal record","fileTypesAndContributionMap":{}},{"hash":"ecb012d6f3fa6dae3ab17fae93aa49b23e0e91ed","isMergeCommit":false,"messageTitle":"Change all path filed into constant and correct some warnings in using static field as instance field","messageBody":"","tags":["FileIO-Achievement"],"fileTypesAndContributionMap":{"functional-code":{"insertions":5,"deletions":5}}},{"hash":"1dc8963cd5197fd5ce6d1f314cc713afc9a657c4","isMergeCommit":false,"messageTitle":"Add FiloIO for achievement record","messageBody":"","fileTypesAndContributionMap":{"functional-code":{"insertions":104,"deletions":14}}},{"hash":"c817f41639e311939cf573ec44f59136c20b936a","isMergeCommit":true,"messageTitle":"Merge pull request #91 from AY2324S1-CS2113-F11-1/heads/FileIO-achievement","messageBody":"Add FiloIO for achievement record","fileTypesAndContributionMap":{}},{"hash":"5193f2108b681d6c3620efcff24fb1b8cc8902b2","isMergeCommit":false,"messageTitle":"Correct variables name to fullfill check style requirements","messageBody":"","fileTypesAndContributionMap":{"functional-code":{"insertions":10,"deletions":9}}}]},{"date":"2023-11-14","commitResults":[{"hash":"5baed11f5f2ac8b5bee147ade8fd8de45f71fcac","isMergeCommit":false,"messageTitle":"Create j-y-yan.md","messageBody":"","fileTypesAndContributionMap":{"docs":{"insertions":1,"deletions":0}}},{"hash":"632a82b144b32cc69c5cff2c2f9215708a1724bd","isMergeCommit":false,"messageTitle":"Update j-y-yan.md","messageBody":"","fileTypesAndContributionMap":{"docs":{"insertions":23,"deletions":0}}},{"hash":"f181617948040aca32d47dd8101900432c357c7d","isMergeCommit":false,"messageTitle":"Update j-y-yan.md","messageBody":"","fileTypesAndContributionMap":{"docs":{"insertions":1,"deletions":1}}},{"hash":"b63c94af433b20a07a8999acdc7d95a763a8eb99","isMergeCommit":false,"messageTitle":"Update j-y-yan.md","messageBody":"","fileTypesAndContributionMap":{"docs":{"insertions":6,"deletions":5}}},{"hash":"15c64cd428760c9a2b7b65129c8fd502b20c8520","isMergeCommit":false,"messageTitle":"Update j-y-yan.md","messageBody":"","fileTypesAndContributionMap":{"docs":{"insertions":1,"deletions":1}}},{"hash":"5d8345ed89ffd22770fcc30bcc29407c74d1c987","isMergeCommit":false,"messageTitle":"Update j-y-yan.md","messageBody":"","fileTypesAndContributionMap":{"docs":{"insertions":3,"deletions":5}}},{"hash":"922981dbb793ef1ff204143d30c43e9f69f685f0","isMergeCommit":false,"messageTitle":"Update j-y-yan.md","messageBody":"","fileTypesAndContributionMap":{"docs":{"insertions":1,"deletions":1}}},{"hash":"007bc0272cc61bace1d6b74ad2080b8a9d88814e","isMergeCommit":false,"messageTitle":"Update j-y-yan.md","messageBody":"","fileTypesAndContributionMap":{"docs":{"insertions":1,"deletions":1}}},{"hash":"25c5ce4370c570b6c9e11aee4ccf18b996b5dc05","isMergeCommit":false,"messageTitle":"Update j-y-yan.md","messageBody":"","fileTypesAndContributionMap":{"docs":{"insertions":1,"deletions":0}}},{"hash":"2286b58be288b34ebeed426348574a753522ed6b","isMergeCommit":false,"messageTitle":"Update j-y-yan.md","messageBody":"","fileTypesAndContributionMap":{"docs":{"insertions":2,"deletions":1}}},{"hash":"6b9dbc6dae85fb119084835868ce824e53ecf128","isMergeCommit":false,"messageTitle":"Update j-y-yan.md","messageBody":"","fileTypesAndContributionMap":{"docs":{"insertions":1,"deletions":0}}},{"hash":"a95ed6385c5d19f064d48a95eaa7bcdcfbbac91c","isMergeCommit":false,"messageTitle":"Remove IncorrectDateException class","messageBody":"","fileTypesAndContributionMap":{"functional-code":{"insertions":7,"deletions":33}}},{"hash":"5133f609b04f858551279e7cc86997db4636c14b","isMergeCommit":false,"messageTitle":"Remove redundant content on table","messageBody":"","fileTypesAndContributionMap":{"docs":{"insertions":1,"deletions":1}}},{"hash":"07875cbad9a0c34790f626a68fc5cf1a78996895","isMergeCommit":false,"messageTitle":"Recover GoalCommand class","messageBody":"","fileTypesAndContributionMap":{"functional-code":{"insertions":50,"deletions":0}}},{"hash":"24f568d193849911fea5b0ff9142680c4d8a8b4d","isMergeCommit":false,"messageTitle":"Remove redundant comment block on duke class","messageBody":"","fileTypesAndContributionMap":{"functional-code":{"insertions":0,"deletions":13}}},{"hash":"39ccf2f7db1d3793321cf856148e013bd7efeabb","isMergeCommit":false,"messageTitle":"Recover GoalStorage Class","messageBody":"","fileTypesAndContributionMap":{"functional-code":{"insertions":112,"deletions":0}}},{"hash":"80a6ac84ab6ccbeffe444ea0abcbe9615c883f27","isMergeCommit":false,"messageTitle":"Recover AchmStorage Class","messageBody":"","fileTypesAndContributionMap":{"functional-code":{"insertions":73,"deletions":0}}},{"hash":"8a8e8c2279fc79e96b05baa2c1447d275b0b48dc","isMergeCommit":false,"messageTitle":"Recover Duke class","messageBody":"","fileTypesAndContributionMap":{"functional-code":{"insertions":13,"deletions":1}}},{"hash":"71821d83c2ab8347fa0203af5a50e6ad8a93b546","isMergeCommit":false,"messageTitle":"Recover Duke class","messageBody":"","fileTypesAndContributionMap":{"functional-code":{"insertions":1,"deletions":1}}},{"hash":"561c41d1858a70eac2dff286241470f49c8d53a4","isMergeCommit":false,"messageTitle":"Recover Duke Class","messageBody":"","fileTypesAndContributionMap":{"functional-code":{"insertions":1,"deletions":0}}},{"hash":"5113d1516641da13ab3864b1623aaa16e5149e71","isMergeCommit":false,"messageTitle":"Recover Praser","messageBody":"","fileTypesAndContributionMap":{"functional-code":{"insertions":7,"deletions":3}}},{"hash":"592656a3ea9e9aa2d2e191941486ffb6e381a1dd","isMergeCommit":false,"messageTitle":"Correct Storage class","messageBody":"","fileTypesAndContributionMap":{"functional-code":{"insertions":25,"deletions":6}}},{"hash":"d5f28a3fd1f25fa11f1a8949c1038adb3ad4650f","isMergeCommit":false,"messageTitle":"Add goal package and goal list class","messageBody":"","fileTypesAndContributionMap":{"functional-code":{"insertions":188,"deletions":2}}},{"hash":"f911de5e2a8600bb23db0dd83f7a54349073c93d","isMergeCommit":false,"messageTitle":"Recover TextUi class","messageBody":"","fileTypesAndContributionMap":{"functional-code":{"insertions":56,"deletions":0}}},{"hash":"7e6e5c82b44c245c61c959635a3b2677a014476d","isMergeCommit":false,"messageTitle":"Recover all goal command executions","messageBody":"","fileTypesAndContributionMap":{"functional-code":{"insertions":92,"deletions":0}}},{"hash":"647881b7aa127153a3a7c446494dbc1da84c2473","isMergeCommit":false,"messageTitle":"Move Goal class into goal package","messageBody":"","fileTypesAndContributionMap":{"functional-code":{"insertions":20,"deletions":25}}},{"hash":"679ebd025c511131048b1bc12dbc488547ea9c33","isMergeCommit":false,"messageTitle":"Remove the abstraction of Storage Class","messageBody":"","fileTypesAndContributionMap":{"functional-code":{"insertions":1,"deletions":8}}},{"hash":"738c9473b2b7cc6c47099bbe6bdf3b73d1e12738","isMergeCommit":false,"messageTitle":"Correct documentations","messageBody":"","fileTypesAndContributionMap":{"functional-code":{"insertions":2,"deletions":2}}},{"hash":"0a3c513e45fa2a1adf7d319ab7869f8eeef1ae21","isMergeCommit":false,"messageTitle":"Recover the passed time detect funtion of Date Class","messageBody":"","fileTypesAndContributionMap":{"functional-code":{"insertions":5,"deletions":1}}},{"hash":"fd754e286bf9f3a3c1d202fb36db53d4a0f5bb56","isMergeCommit":false,"messageTitle":"Update DeveloperGuide.md","messageBody":"","fileTypesAndContributionMap":{"docs":{"insertions":15,"deletions":7}}},{"hash":"fb7205f9ed1c4ccfc458419d63ce6404ada538ce","isMergeCommit":false,"messageTitle":"Update DeveloperGuide.md","messageBody":"","fileTypesAndContributionMap":{"docs":{"insertions":1,"deletions":0}}},{"hash":"e97fd48780388a74de48442003f8866962bc53ca","isMergeCommit":false,"messageTitle":"Change date time class to allow or disallow past detect","messageBody":"","fileTypesAndContributionMap":{"functional-code":{"insertions":18,"deletions":10}}},{"hash":"717295c830abdc12663d9218026d0c22a49eccc9","isMergeCommit":false,"messageTitle":"Simplify if-else condition","messageBody":"","fileTypesAndContributionMap":{"functional-code":{"insertions":2,"deletions":5}}},{"hash":"ac40ab80c7158d4abe1139e803bd6141d2944469","isMergeCommit":false,"messageTitle":"Correct GoalList import issues","messageBody":"","fileTypesAndContributionMap":{"functional-code":{"insertions":11,"deletions":10}}},{"hash":"34bbb4e68e17da926ff931ea89219be84a488081","isMergeCommit":false,"messageTitle":"Correct all documentation issues, including - return of various methods - exception of various methods - param of various methods","messageBody":"","fileTypesAndContributionMap":{"functional-code":{"insertions":16,"deletions":9}}},{"hash":"003128385f6977fb5837c028de465948bbf6c475","isMergeCommit":false,"messageTitle":"Complete help message for goal related class","messageBody":"","fileTypesAndContributionMap":{"functional-code":{"insertions":3,"deletions":3}}},{"hash":"deee6b734b483945cc99091239ef67bc0f48cdf1","isMergeCommit":false,"messageTitle":"Redundant change","messageBody":"","fileTypesAndContributionMap":{"functional-code":{"insertions":3,"deletions":1}}},{"hash":"0936716212e95c7ec8f62b5f4bbd420a3af22341","isMergeCommit":false,"messageTitle":"Recover storage for goal","messageBody":"","fileTypesAndContributionMap":{"functional-code":{"insertions":4,"deletions":0}}}]}],"kevinz420":[{"date":"2023-10-06","commitResults":[{"hash":"c66131313af3a0dbcd8c602250607835d738bf59","isMergeCommit":false,"messageTitle":"Add About Us","messageBody":"","fileTypesAndContributionMap":{"docs":{"insertions":7,"deletions":7}}}]},{"date":"2023-10-15","commitResults":[{"hash":"eb1ae54b61dd5bed80d0d9df4c621c086a2d81af","isMergeCommit":false,"messageTitle":"Added basic text UI and core commands","messageBody":"","fileTypesAndContributionMap":{"functional-code":{"insertions":609,"deletions":25}}},{"hash":"36c6e30c185b9f80e55f4ec6b9638cf172f73c03","isMergeCommit":false,"messageTitle":"Added parser tests","messageBody":"","fileTypesAndContributionMap":{"functional-code":{"insertions":2,"deletions":9},"test-code":{"insertions":78,"deletions":0}}}]},{"date":"2023-10-27","commitResults":[{"hash":"275d77876b8ac4d449830ce44458e1500c404b2e","isMergeCommit":false,"messageTitle":"Update DeveloperGuide.md","messageBody":"","fileTypesAndContributionMap":{"docs":{"insertions":12,"deletions":0}}}]},{"date":"2023-11-03","commitResults":[{"hash":"2c759a940a5b7cddb6d16d0e4ca078ed007df333","isMergeCommit":false,"messageTitle":"Update UserGuide.md","messageBody":"","fileTypesAndContributionMap":{"docs":{"insertions":10,"deletions":0}}}]},{"date":"2023-11-10","commitResults":[{"hash":"f136a4a4a22a1c42115a5e3213ee753ba41397a8","isMergeCommit":false,"messageTitle":"PPP","messageBody":"","fileTypesAndContributionMap":{"docs":{"insertions":26,"deletions":0}}},{"hash":"dbe4c83bfc3895b70e4998daceb14d61b77ab58b","isMergeCommit":true,"messageTitle":"Merge pull request #83 from kevinz420/master","messageBody":"Add Kevin Zhang\u0027s PPP","fileTypesAndContributionMap":{}}]},{"date":"2023-11-14","commitResults":[{"hash":"c8401cf6c6e3795a415a03e007b37aeef3d95430","isMergeCommit":false,"messageTitle":"Update kevinz420.md","messageBody":"","fileTypesAndContributionMap":{"docs":{"insertions":6,"deletions":2}}}]}],"MrOPPA1":[{"date":"2023-10-06","commitResults":[{"hash":"f0cf1bd55fd25b10ce0dca9f46bbdcaf9a591fa6","isMergeCommit":false,"messageTitle":"init","messageBody":"","fileTypesAndContributionMap":{"docs":{"insertions":2,"deletions":0}}}]},{"date":"2023-10-19","commitResults":[{"hash":"662746e2d6b5b343cf359c1c684cefc1822efc75","isMergeCommit":false,"messageTitle":"Add Meal class. Add Add Meal Command. (for integrating general functions of meal-related commands) Add Date class. Add DateTime class. Add \u0027throws Exception\u0027 to Command class.","messageBody":"","fileTypesAndContributionMap":{"functional-code":{"insertions":239,"deletions":1}}}]},{"date":"2023-10-20","commitResults":[{"hash":"5106842b4468b0bf3c5a6493d8bda2d4671aea4b","isMergeCommit":true,"messageTitle":"Merge branch \u0027master\u0027 into master","messageBody":"","fileTypesAndContributionMap":{}},{"hash":"c0899a9086a9bef624db627df2eaf2b98a7aede1","isMergeCommit":true,"messageTitle":"Merge pull request #14 from MrOPPA1/master","messageBody":"Meal Logging","fileTypesAndContributionMap":{}},{"hash":"223a438cffe373f7496459702b7962362601fbad","isMergeCommit":false,"messageTitle":"fix bugs","messageBody":"","fileTypesAndContributionMap":{"functional-code":{"insertions":96,"deletions":88}}}]},{"date":"2023-10-27","commitResults":[{"hash":"c3c2e906d76a6d39c80adea5541746f8bbc908c2","isMergeCommit":false,"messageTitle":"fix meal","messageBody":"","fileTypesAndContributionMap":{"functional-code":{"insertions":52,"deletions":44}}},{"hash":"9a4efd0b77793aeedbe19781ec348f78ab1f8293","isMergeCommit":true,"messageTitle":"Merge pull request #27 from MrOPPA1/master","messageBody":"fix meal","fileTypesAndContributionMap":{}}]},{"date":"2023-11-03","commitResults":[{"hash":"664d4e07c0b9aa77f85c323b72cde80ce292d986","isMergeCommit":false,"messageTitle":"update exception handler","messageBody":"","fileTypesAndContributionMap":{"functional-code":{"insertions":75,"deletions":59},"test-code":{"insertions":18,"deletions":10}}},{"hash":"264bf1b2e630582dde3872fd0a7728b619b65800","isMergeCommit":false,"messageTitle":"update user guide","messageBody":"","fileTypesAndContributionMap":{"docs":{"insertions":14,"deletions":0}}},{"hash":"74fa347a4582295964061abea1dd66fa72dea4d6","isMergeCommit":true,"messageTitle":"Merge pull request #31 from AY2324S1-CS2113-F11-1/meal","messageBody":"Meal","fileTypesAndContributionMap":{}}]},{"date":"2023-11-13","commitResults":[{"hash":"7673bc8b1165bcd3577c703eddabefc67323447d","isMergeCommit":false,"messageTitle":"rewrite date and dateTime class implement meal_delete class implement meal_list class add private attribute time to meal class","messageBody":"","fileTypesAndContributionMap":{"functional-code":{"insertions":203,"deletions":92}}}]},{"date":"2023-11-14","commitResults":[{"hash":"75395ef79cb89ccdb2b2f85f62e65137013312fa","isMergeCommit":true,"messageTitle":"Merge pull request #94 from AY2324S1-CS2113-F11-1/meal","messageBody":"rewrite date and dateTime class","fileTypesAndContributionMap":{}},{"hash":"ed9ce448c79d42a522ed19cbbd16f04a5302987b","isMergeCommit":false,"messageTitle":"Add category enum into Meal class. Fix the incorrect index of DeleteCommand. Show total calories in the ListCommand. Fix incorrect List type in MealCommand. Add DataManager to manage the file io of the project data.","messageBody":"","fileTypesAndContributionMap":{"functional-code":{"insertions":247,"deletions":20},"other":{"insertions":1,"deletions":0}}},{"hash":"49b1549343e0af1393730d92f97d22ea330b50f4","isMergeCommit":false,"messageTitle":"Delete the output of saving files. Creating deliverables V2.0.","messageBody":"","fileTypesAndContributionMap":{"functional-code":{"insertions":0,"deletions":1}}},{"hash":"db529b97b7a0cc5e359019af899033a3dda1ba70","isMergeCommit":true,"messageTitle":"Merge pull request #95 from AY2324S1-CS2113-F11-1/meal","messageBody":"Meal","fileTypesAndContributionMap":{}},{"hash":"ed8d15c7e9834786159772bc42ba2254c87f490f","isMergeCommit":false,"messageTitle":"Rewrite user guide.","messageBody":"","fileTypesAndContributionMap":{"docs":{"insertions":37,"deletions":7}}},{"hash":"43cfd282434aa4d55a1c1a6780e538a4b895b65c","isMergeCommit":true,"messageTitle":"Merge pull request #96 from AY2324S1-CS2113-F11-1/meal","messageBody":"Rewrite user guide","fileTypesAndContributionMap":{}},{"hash":"4ed88a328f1e16ef96f4dbebbafa7a750bd0bce6","isMergeCommit":false,"messageTitle":"Rewrite AboutUs.md .","messageBody":"","fileTypesAndContributionMap":{"docs":{"insertions":4,"deletions":3}}},{"hash":"fff0055b959f729fec8886f13d5a1ce56db7a6ec","isMergeCommit":true,"messageTitle":"Merge pull request #97 from AY2324S1-CS2113-F11-1/meal","messageBody":"Rewrite AboutUs.md .","fileTypesAndContributionMap":{}},{"hash":"4fcc5dfbffaa051ddfc6c9a8352e939325c1ca18","isMergeCommit":false,"messageTitle":"Add Project Portfolio Page. Supplement the DeveloperGuide.md .","messageBody":"","fileTypesAndContributionMap":{"docs":{"insertions":40,"deletions":12}}},{"hash":"28cb8d445c93227e8bfa9e6b98fece6a6558c6de","isMergeCommit":true,"messageTitle":"Merge branch \u0027master\u0027 of https://github.com/AY2324S1-CS2113-F11-1/tp","messageBody":"","fileTypesAndContributionMap":{}},{"hash":"1bfbd1a33eaf0c7320184ccf1bfa785c4f49d0f3","isMergeCommit":false,"messageTitle":"doc","messageBody":"","fileTypesAndContributionMap":{"docs":{"insertions":5,"deletions":4}}},{"hash":"6638b6f0cc55e6d3527eb47a07569c277712eaec","isMergeCommit":true,"messageTitle":"Merge branch \u0027master\u0027 of https://github.com/AY2324S1-CS2113-F11-1/tp","messageBody":"","fileTypesAndContributionMap":{}},{"hash":"bd7f8a76b5d5fa38a188f0041f420f9bbbe217c6","isMergeCommit":false,"messageTitle":"Fix error","messageBody":"","fileTypesAndContributionMap":{"functional-code":{"insertions":123,"deletions":0}}},{"hash":"ea7f8d3c1cc02b54df4e59cee3e538fc1bf48174","isMergeCommit":false,"messageTitle":"Fix Category enum. Fix CategoryParser class.","messageBody":"","fileTypesAndContributionMap":{"functional-code":{"insertions":121,"deletions":28}}},{"hash":"815bf5f4e0a2a75408bc3bf9bd88e5f6f7972f64","isMergeCommit":true,"messageTitle":"Merge branch \u0027master\u0027 of https://github.com/AY2324S1-CS2113-F11-1/tp","messageBody":"","fileTypesAndContributionMap":{}},{"hash":"d3e8ce60b7bf77b1597528bac7e8316923d01141","isMergeCommit":false,"messageTitle":"Fix Category enum. Fix CategoryParser class.","messageBody":"","fileTypesAndContributionMap":{"functional-code":{"insertions":4,"deletions":3}}},{"hash":"20aee5db82933f9fbc6ebf97b550deb4132cf783","isMergeCommit":false,"messageTitle":"fix bugs","messageBody":"Fix the bugs that unable to see the category enum and category parse class.\n","fileTypesAndContributionMap":{"functional-code":{"insertions":76,"deletions":5}}},{"hash":"9503ff21f08bdc4faef3a5f0006022dab9aa4f1f","isMergeCommit":true,"messageTitle":"Merge pull request #104 from AY2324S1-CS2113-F11-1/meal_","messageBody":"fix bugs","fileTypesAndContributionMap":{}},{"hash":"8234aeaaed69da9364ce2da1ce62bf0e94b92674","isMergeCommit":false,"messageTitle":"fix missing","messageBody":"fix missing\n","fileTypesAndContributionMap":{"functional-code":{"insertions":220,"deletions":18}}},{"hash":"999f916b1dfb4e0f4c6878ec0cd8f3760551db03","isMergeCommit":true,"messageTitle":"Merge branch \u0027master\u0027 into meal_","messageBody":"","fileTypesAndContributionMap":{}},{"hash":"85c86ab2c2229f3d6c1e1c590b7f81138e2e9698","isMergeCommit":true,"messageTitle":"Merge pull request #105 from AY2324S1-CS2113-F11-1/meal_","messageBody":"fix missing","fileTypesAndContributionMap":{}}]}],"Remy9926":[{"date":"2023-10-06","commitResults":[{"hash":"5c8e51ad415cfc6d7d3e7035afac300a3c1be537","isMergeCommit":false,"messageTitle":"Add Ethan to docs/AboutUs.md","messageBody":"","fileTypesAndContributionMap":{"docs":{"insertions":7,"deletions":7}}},{"hash":"ee26f976d47a7e4d6bd74e8f6023dc6083cfd0b7","isMergeCommit":true,"messageTitle":"Merge branch \u0027ethanHuang-AboutUs\u0027","messageBody":"Merge ethanHuang-AboutUs branch to master\n","fileTypesAndContributionMap":{}}]},{"date":"2023-10-07","commitResults":[{"hash":"8ab578e1d646eca743b9e63a986c47d7e9b00e4a","isMergeCommit":false,"messageTitle":"Take in user input and spit it back out to user","messageBody":"","fileTypesAndContributionMap":{"functional-code":{"insertions":8,"deletions":1}}},{"hash":"446c18151b5fcf69cf4f402ce261d0a4f0d20e6f","isMergeCommit":false,"messageTitle":"Add FitNUS logo","messageBody":"","fileTypesAndContributionMap":{"functional-code":{"insertions":6,"deletions":6}}}]},{"date":"2023-10-08","commitResults":[{"hash":"90b9c9838da03a478bd8c2820c859a543bf58177","isMergeCommit":false,"messageTitle":"Ask user for name Create greetUser method","messageBody":"","fileTypesAndContributionMap":{"functional-code":{"insertions":20,"deletions":8}}},{"hash":"ca9d43fa3b4748ce181910b5a688633d9192c16c","isMergeCommit":false,"messageTitle":"Make user input case insensitive and strip any whitespace","messageBody":"","fileTypesAndContributionMap":{"functional-code":{"insertions":3,"deletions":6}}}]},{"date":"2023-10-12","commitResults":[{"hash":"8153fe15e48899f589484df59b507a85c8a288c9","isMergeCommit":true,"messageTitle":"Merge pull request #1 from kevinz420/kevinzhang-AboutUs","messageBody":"Add About Us","fileTypesAndContributionMap":{}},{"hash":"da19d11346e8cd6bd2f34c247c9fa3243db69de8","isMergeCommit":true,"messageTitle":"Merge branch \u0027master\u0027 into master","messageBody":"","fileTypesAndContributionMap":{}},{"hash":"1a19a244189698cd2a7e1c318cbd977067c84c7c","isMergeCommit":true,"messageTitle":"Merge pull request #3 from Remy9926/master","messageBody":"Add Ethan to docs/AboutUs.md","fileTypesAndContributionMap":{}},{"hash":"abe5ecb3237d9ded49175c774128e1b874492ad4","isMergeCommit":true,"messageTitle":"Merge pull request #5 from Remy9926/take-user-input","messageBody":"Take user input and spit it back to user","fileTypesAndContributionMap":{}},{"hash":"bc396c118e9625114a04bd1c71587555080741ae","isMergeCommit":true,"messageTitle":"Update input.txt and EXPECTED.txt","messageBody":"","fileTypesAndContributionMap":{}},{"hash":"00f9e7920cd6bd98575d8c88417d6c8b4813b9bc","isMergeCommit":true,"messageTitle":"Merge branch \u0027master\u0027 of https://github.com/AY2324S1-CS2113-F11-1/tp","messageBody":"","fileTypesAndContributionMap":{}}]},{"date":"2023-10-15","commitResults":[{"hash":"a1ad53f518ee683ce633886d89a218ef0c33434e","isMergeCommit":true,"messageTitle":"Merge pull request #10 from kevinz420/feature-project-setup","messageBody":"Implement initial project setup and core functionalities","fileTypesAndContributionMap":{}},{"hash":"5ea2a0d7bc0da1a4d70fac23fd8b4058a688463f","isMergeCommit":true,"messageTitle":"Merge branch \u0027master\u0027 of https://github.com/AY2324S1-CS2113-F11-1/tp Implement initial project setup and core functionalities","messageBody":"","fileTypesAndContributionMap":{}},{"hash":"ce70a872c9a314035f3e3a45a68076b4de2a4b39","isMergeCommit":false,"messageTitle":"Add Log, Month, Day, Exercise classes and functionality","messageBody":"","fileTypesAndContributionMap":{"functional-code":{"insertions":170,"deletions":0}}},{"hash":"4929de954dd53c5dad4a2c31807d657d07682721","isMergeCommit":false,"messageTitle":"Add ExerciseLogTest Class","messageBody":"","fileTypesAndContributionMap":{"functional-code":{"insertions":4,"deletions":0}}},{"hash":"522a5e358b43ec3b3983c894e4348c1fdccc6402","isMergeCommit":false,"messageTitle":"Add toString to all classes","messageBody":"","fileTypesAndContributionMap":{"functional-code":{"insertions":77,"deletions":16}}}]},{"date":"2023-10-16","commitResults":[{"hash":"fc274231ac4b8e5e93a3b15e48ddc9b5a817c1b3","isMergeCommit":false,"messageTitle":"Create LogCommand class","messageBody":"","fileTypesAndContributionMap":{"functional-code":{"insertions":4,"deletions":0}}},{"hash":"38db96ca3ba4455bd7d7ed7bbea54e9450a1d4d2","isMergeCommit":false,"messageTitle":"Add execute method to LogCommand","messageBody":"","fileTypesAndContributionMap":{"functional-code":{"insertions":23,"deletions":1}}},{"hash":"adf775750c7e309a5c29805d162c4981a1fc234f","isMergeCommit":false,"messageTitle":"Create logcommands package and DeleteLogCommand class","messageBody":"","fileTypesAndContributionMap":{"functional-code":{"insertions":4,"deletions":0},"other":{"insertions":3,"deletions":1}}},{"hash":"36e08f785c3b2a892ae598f8522940e9050e7327","isMergeCommit":false,"messageTitle":"Add execute method to DeleteLogCommand class","messageBody":"","fileTypesAndContributionMap":{"functional-code":{"insertions":36,"deletions":16}}},{"hash":"4e0332fbbb4b30041a6c18ffe5e26f2c46d00eb0","isMergeCommit":false,"messageTitle":"Add ViewLogCommand class, Refactor LogCommand and DeleteLogCommand classes","messageBody":"","fileTypesAndContributionMap":{"functional-code":{"insertions":17,"deletions":2}}},{"hash":"b3934a3c339e6cbda3d70db6bd7301be3a99ac9f","isMergeCommit":false,"messageTitle":"Add ViewLogCommand execute method","messageBody":"","fileTypesAndContributionMap":{"functional-code":{"insertions":63,"deletions":1}}},{"hash":"469607e9b98b1d2110d7b0ff733730cae98d235d","isMergeCommit":false,"messageTitle":"Remove print method","messageBody":"","fileTypesAndContributionMap":{"functional-code":{"insertions":1,"deletions":7}}}]},{"date":"2023-10-17","commitResults":[{"hash":"287b56f8bbf00af8b4533414fb302536f3afd7bf","isMergeCommit":false,"messageTitle":"Add COMMAND_WORD to LogCommand classes","messageBody":"","fileTypesAndContributionMap":{"functional-code":{"insertions":3,"deletions":3}}},{"hash":"95a7ff2b6041f1284eeae257ccd3d91c0e4ca5c7","isMergeCommit":false,"messageTitle":"Allow Parser to return LogCommands","messageBody":"","fileTypesAndContributionMap":{"functional-code":{"insertions":12,"deletions":0}}},{"hash":"8c91cd2b5f0d9862ce361b5be53586ff10fe0691","isMergeCommit":false,"messageTitle":"Move ExerciseLogTest to test folder","messageBody":"","fileTypesAndContributionMap":{"functional-code":{"insertions":0,"deletions":10}}},{"hash":"8ce990f29e6d80496988b0fac5dd0608f7793c39","isMergeCommit":false,"messageTitle":"Add ExerciseLog class tests","messageBody":"","fileTypesAndContributionMap":{"test-code":{"insertions":22,"deletions":0}}},{"hash":"ea1c495be1e79c1c854259eb462e7aeb10eefe0d","isMergeCommit":false,"messageTitle":"Add Test Classes for exerciselog","messageBody":"","fileTypesAndContributionMap":{"test-code":{"insertions":8,"deletions":0}}},{"hash":"e8411d11e3763c676960c33131d8c377b2f41693","isMergeCommit":false,"messageTitle":"Rename Exercise name field to exerciseName","messageBody":"","fileTypesAndContributionMap":{"functional-code":{"insertions":6,"deletions":6}}},{"hash":"f2d00f6fa1b886f11a36948cdd1c7311dc7458c9","isMergeCommit":false,"messageTitle":"Fix getExerciseName method","messageBody":"","fileTypesAndContributionMap":{"functional-code":{"insertions":1,"deletions":1}}},{"hash":"5cb514b0c4c443a3ae1b79dfdc5696befc5b75bd","isMergeCommit":false,"messageTitle":"Edit Exercise class equals method","messageBody":"","fileTypesAndContributionMap":{"functional-code":{"insertions":7,"deletions":2}}},{"hash":"f3bbdecf2e2c4fb04aa4cd4d47c30d6ce9885a34","isMergeCommit":false,"messageTitle":"Add Exercise Tests","messageBody":"","fileTypesAndContributionMap":{"test-code":{"insertions":47,"deletions":0}}},{"hash":"34664cd62ac912690adccfca896a2f4c5806f2d5","isMergeCommit":false,"messageTitle":"Remove redundant import in ExerciseTest","messageBody":"","fileTypesAndContributionMap":{"test-code":{"insertions":0,"deletions":2}}},{"hash":"f655b24820dd6577ea6b6f7f1db02d34aa0440f0","isMergeCommit":false,"messageTitle":"Remove unused imports from tests","messageBody":"","fileTypesAndContributionMap":{"test-code":{"insertions":7,"deletions":4}}}]},{"date":"2023-10-18","commitResults":[{"hash":"353e6bfd42f0259f43b3d3f8166a848f02f26033","isMergeCommit":false,"messageTitle":"Add asserts to ExerciseTest","messageBody":"","fileTypesAndContributionMap":{"test-code":{"insertions":1,"deletions":0}}}]},{"date":"2023-10-19","commitResults":[{"hash":"6631c1de1e0c186922c92dac0fca53596699e75d","isMergeCommit":false,"messageTitle":"Add more asserts to ExerciseTest","messageBody":"","fileTypesAndContributionMap":{"test-code":{"insertions":1,"deletions":1}}},{"hash":"d5c361d22ddb346eda70b02a7edbdddee1f34583","isMergeCommit":false,"messageTitle":"Add containsExercises to Day Class","messageBody":"","fileTypesAndContributionMap":{"functional-code":{"insertions":4,"deletions":0}}},{"hash":"5819ae61359de0302cc1dfb05dce4eca39c890f6","isMergeCommit":false,"messageTitle":"Remove getExercises method from Day","messageBody":"","fileTypesAndContributionMap":{"functional-code":{"insertions":0,"deletions":4}}},{"hash":"13d95ec3191221af3cc58a835234e3aec5b0b336","isMergeCommit":false,"messageTitle":"Remove unnecessary methods from Day, Log, Month classes","messageBody":"","fileTypesAndContributionMap":{"functional-code":{"insertions":1,"deletions":21}}},{"hash":"15ccd19710de8236a503ac0e6f47c028ed7bbefd","isMergeCommit":false,"messageTitle":"Add tests to Day Class","messageBody":"","fileTypesAndContributionMap":{"test-code":{"insertions":30,"deletions":1}}},{"hash":"05f6dfc7fcb565d866836a5e2f0f0b411cb7199a","isMergeCommit":false,"messageTitle":"Rename numberOfDays method to getNumberOfDays","messageBody":"","fileTypesAndContributionMap":{"functional-code":{"insertions":1,"deletions":1}}},{"hash":"a173eb0073fef3d98857829adeb806f5f7cdadc6","isMergeCommit":false,"messageTitle":"Rename methods","messageBody":"","fileTypesAndContributionMap":{"functional-code":{"insertions":8,"deletions":8}}},{"hash":"d03e7b422e7b14bda3bb6f4f8e52e86ad358585d","isMergeCommit":false,"messageTitle":"Add tests to Month class","messageBody":"","fileTypesAndContributionMap":{"test-code":{"insertions":28,"deletions":1}}},{"hash":"ad189e88085884b2a0bd5c8792233896f0f7639d","isMergeCommit":false,"messageTitle":"Add tests to Log class","messageBody":"","fileTypesAndContributionMap":{"test-code":{"insertions":21,"deletions":1}}}]},{"date":"2023-10-20","commitResults":[{"hash":"45ba6ffea03d3bdc9f916495b447ce6b4ba6f018","isMergeCommit":true,"messageTitle":"Merge branch \u0027master\u0027 into exercise-log-class","messageBody":"","fileTypesAndContributionMap":{}},{"hash":"2b1ec01e9b1f69a8ed8a3ee190b48a8f378c0e74","isMergeCommit":true,"messageTitle":"Merge pull request #11 from Remy9926/exercise-log-class","messageBody":"Add ExerciseLog class","fileTypesAndContributionMap":{}},{"hash":"8f246d9ee26c73c489e18dddb9ba7b7fd5de1b4f","isMergeCommit":false,"messageTitle":"Implement ExerciseLog into Duke","messageBody":"","fileTypesAndContributionMap":{"functional-code":{"insertions":44,"deletions":40}}},{"hash":"945441b4068b4a38b800a63ba5aa9d1ce79c5d98","isMergeCommit":true,"messageTitle":"Resolve Merge Conflict in Parser Class","messageBody":"","fileTypesAndContributionMap":{}},{"hash":"46d39d9919d80f1e81bf80f5b5d998706dc4aecd","isMergeCommit":false,"messageTitle":"Remove dummy assert false statement","messageBody":"","fileTypesAndContributionMap":{"functional-code":{"insertions":0,"deletions":1}}},{"hash":"43b922f067aa906710133160c6fd82c1f00b2a31","isMergeCommit":false,"messageTitle":"Refactor Parser Class for LogCommand handling","messageBody":"","fileTypesAndContributionMap":{"functional-code":{"insertions":3,"deletions":3}}},{"hash":"066cdd2c50ff54c36669b71b9866f4c283309c2c","isMergeCommit":false,"messageTitle":"Remove unused import","messageBody":"","fileTypesAndContributionMap":{"functional-code":{"insertions":0,"deletions":4}}},{"hash":"540e4c11119d4a74b5df6863e0fac21435cc0070","isMergeCommit":false,"messageTitle":"Fix ViewLogCommand not displaying how amount of exercises logged","messageBody":"","fileTypesAndContributionMap":{"functional-code":{"insertions":10,"deletions":6}}},{"hash":"8f993273f2720ba220774070158e2d8b9f33fc5a","isMergeCommit":true,"messageTitle":"Merge pull request #18 from Remy9926/exercise-log-class","messageBody":"Implement ExerciseLog into Duke","fileTypesAndContributionMap":{}},{"hash":"3c1a3137b1ef73aee959ab850785ab34412d03f6","isMergeCommit":false,"messageTitle":"Fix checkstyle errors","messageBody":"","fileTypesAndContributionMap":{"functional-code":{"insertions":65,"deletions":58}}},{"hash":"d127d10003da8aae3f4c489a05c8891244b74838","isMergeCommit":false,"messageTitle":"Fix checkstyle errors","messageBody":"","fileTypesAndContributionMap":{"test-code":{"insertions":0,"deletions":2}}},{"hash":"cf3dc544adde0deca8d2e2d06f6cb68dfd05dd5f","isMergeCommit":true,"messageTitle":"Merge pull request #19 from Remy9926/fix-checkstyle-errors","messageBody":"Fix checkstyle errors","fileTypesAndContributionMap":{}},{"hash":"2c24bddfb83d18727d4adf0cb6f3c5a1625f5c0a","isMergeCommit":false,"messageTitle":"Enable assertions in build.gradle","messageBody":"","fileTypesAndContributionMap":{"other":{"insertions":1,"deletions":0}}},{"hash":"15f9e6c6e5326bd711e069959c0edd5b84b6ec5b","isMergeCommit":true,"messageTitle":"Merge pull request #20 from Remy9926/enable-assertions","messageBody":"Enable assertions in build.gradle","tags":["v1.0"],"fileTypesAndContributionMap":{}},{"hash":"29e56e763550350f54ba0ae3ff09ccbf62130c51","isMergeCommit":false,"messageTitle":"Add comments to ExerciseLog and associated classes","messageBody":"","fileTypesAndContributionMap":{"functional-code":{"insertions":158,"deletions":0}}},{"hash":"2a84d82dc93cc997f100d920fab78bb135e27835","isMergeCommit":true,"messageTitle":"Merge pull request #21 from Remy9926/exercise-log-class","messageBody":"Add comments to ExerciseLog and associated classes","fileTypesAndContributionMap":{}}]},{"date":"2023-10-22","commitResults":[{"hash":"a0bdfd18eebcfb3274dfe12e28cfa5f85b194888","isMergeCommit":false,"messageTitle":"Update DG with Log update feature (#22)","messageBody":"","fileTypesAndContributionMap":{"docs":{"insertions":18,"deletions":1}}}]},{"date":"2023-10-27","commitResults":[{"hash":"caea4fdb698793b42360991d543b4e091b471612","isMergeCommit":false,"messageTitle":"Fix errors (#29)","messageBody":"Fix errors","fileTypesAndContributionMap":{"functional-code":{"insertions":57,"deletions":51}}}]},{"date":"2023-10-28","commitResults":[{"hash":"92e4bc3a4da01e130a78fa3df620b64705c55fdc","isMergeCommit":false,"messageTitle":"Add update functionality to ExerciseLog class (#30)","messageBody":"Allow users to update exercises within the exercise log","fileTypesAndContributionMap":{"functional-code":{"insertions":104,"deletions":0}}},{"hash":"fca8b8d0d35161dc72df1d7738a79c2bc23198d9","isMergeCommit":false,"messageTitle":"Add log and update commands to UG","messageBody":"","tags":["v2.0"],"fileTypesAndContributionMap":{"docs":{"insertions":34,"deletions":0}}}]},{"date":"2023-11-03","commitResults":[{"hash":"b0df2782d8d2ff8a0b9190485ecf92555a672d07","isMergeCommit":false,"messageTitle":"Fix checkstyle errors (#32)","messageBody":"","fileTypesAndContributionMap":{"functional-code":{"insertions":49,"deletions":53}}},{"hash":"dc239a81f9353cefb3d56d3e77a397e7fc24337e","isMergeCommit":false,"messageTitle":"Standardize assert method used (#33)","messageBody":"","fileTypesAndContributionMap":{"test-code":{"insertions":11,"deletions":21}}},{"hash":"d658f3f54bfeb72d19d7373f62b25ae104a40f75","isMergeCommit":false,"messageTitle":"Update Parser.java","messageBody":"","fileTypesAndContributionMap":{"functional-code":{"insertions":1,"deletions":1}}},{"hash":"4a0781eca865fecb7708648fbfe9f613bfa873b1","isMergeCommit":false,"messageTitle":"Throw exceptions in ExerciseLog and associated classes (#35)","messageBody":"","fileTypesAndContributionMap":{"functional-code":{"insertions":77,"deletions":23}}}]},{"date":"2023-11-04","commitResults":[{"hash":"003d1b17a73e1d5de99deeefb40b19acf08ab79d","isMergeCommit":false,"messageTitle":"Implement viewing exercises in ExerciseLog (#36)","messageBody":"","fileTypesAndContributionMap":{"functional-code":{"insertions":83,"deletions":52}}},{"hash":"ee55f79d2a96e52e3a50dfafaf61d3ff8a0037b1","isMergeCommit":false,"messageTitle":"Fix PED bugs (#60)","messageBody":"* Throw exceptions when input is not properly formatted\r\n\r\n* Implement viewing exercises in ExerciseLog\r\n\r\n* Handle exceptions in ExerciseLog with details explaining what went wrong","fileTypesAndContributionMap":{"functional-code":{"insertions":121,"deletions":59},"docs":{"insertions":0,"deletions":14}}},{"hash":"6d215139f499b5a7190c0bc81869b3947f6a43b6","isMergeCommit":false,"messageTitle":"Continue fixing PED issues (#72)","messageBody":"* Throw exceptions when input is not properly formatted\r\n\r\n* Implement viewing exercises in ExerciseLog\r\n\r\n* Handle exceptions in ExerciseLog with details explaining what went wrong\r\n\r\n* Update UG to include updated update command\r\n\r\n* Add commands to Command Summary\r\n\r\n* Add StorageFile handling in Duke\r\n\r\n* Add writing to file in LogCommand class\r\n\r\n* Add functionality to delete exercises from file\r\n\r\n* Implement functionality for updating exercises from text file","fileTypesAndContributionMap":{"functional-code":{"insertions":221,"deletions":54},"docs":{"insertions":26,"deletions":10}}},{"hash":"02fbc128530c9ab05a2dfcaf0de3b43e57f72402","isMergeCommit":false,"messageTitle":"Add Remy9926 PPP (#73)","messageBody":"* Add Remy9926 PPP\r\n\r\n* Refine documentation","fileTypesAndContributionMap":{"docs":{"insertions":38,"deletions":17}}}]},{"date":"2023-11-08","commitResults":[{"hash":"0e9c3c86d50da08733b205bbf624d366f3d254f7","isMergeCommit":false,"messageTitle":"Implement additional features + information (#74)","messageBody":"* Throw exceptions when input is not properly formatted\r\n\r\n* Implement viewing exercises in ExerciseLog\r\n\r\n* Handle exceptions in ExerciseLog with details explaining what went wrong\r\n\r\n* Fix checkstyle error\r\n\r\n* Fix issue with indices in ExerciseLog Add better exception handling to ViewLogCommand\r\n\r\n* Add hasExercise method\r\n\r\n* Update UG to include updated update command\r\n\r\n* Add commands to Command Summary\r\n\r\n* Initialize StorageFile Class\r\n\r\n* Add StorageFile handling in Duke\r\n\r\n* Add writing to file in LogCommand class\r\n\r\n* Add functionality to delete exercises from file\r\n\r\n* Implement functionality for updating exercises from text file\r\n\r\n* Add Remy9926 PPP\r\n\r\n* Refine documentation\r\n\r\n* Update Help Command","fileTypesAndContributionMap":{"functional-code":{"insertions":20,"deletions":2}}}]},{"date":"2023-11-14","commitResults":[{"hash":"b7515da5b8fde8be50499104cf001b6004449897","isMergeCommit":false,"messageTitle":"Change exerciselog command names (#92)","messageBody":"* Change exerciselog-related command words\r\n\r\n* Create Storage as abstract class\r\n\r\n* Update documentation with newest exerciselog commands","fileTypesAndContributionMap":{"functional-code":{"insertions":24,"deletions":14},"other":{"insertions":24,"deletions":30},"docs":{"insertions":28,"deletions":6}}},{"hash":"c7b817c904af2545f65bc3e5342d6de1a9a1317d","isMergeCommit":false,"messageTitle":"Kevinz420 bug fixes (#98)","messageBody":"* Fixed code review suggestions\r\n\r\n* Added various bug fixes\r\n\r\n* Resolve Parser class conflicts\r\n\r\n* Remove StorageFile Class","fileTypesAndContributionMap":{"functional-code":{"insertions":41,"deletions":74}}},{"hash":"8ef7eee4ba667eb79bdfb5c2e3f939d3843f934a","isMergeCommit":false,"messageTitle":"Bug fixes (#99)","messageBody":"* Fixed code review suggestions\r\n\r\n* Added various bug fixes","fileTypesAndContributionMap":{"functional-code":{"insertions":1,"deletions":32}}},{"hash":"52db76c6dcf4d3652571a210858d596635cce17e","isMergeCommit":false,"messageTitle":"Bug fixes (#100) (#101)","messageBody":"v2.1","tags":["v2.1"],"fileTypesAndContributionMap":{"functional-code":{"insertions":15,"deletions":943},"test-code":{"insertions":0,"deletions":16}}},{"hash":"72a88df2dec2531a684e106ce0c7b382c8546075","isMergeCommit":false,"messageTitle":"Bug fixes (#103)","messageBody":"* Fixed code review suggestions\r\n\r\n* Added various bug fixes\r\n\r\n* Add exit command handling","fileTypesAndContributionMap":{"functional-code":{"insertions":14,"deletions":34},"test-code":{"insertions":18,"deletions":15}}}]}]},"authorFileTypeContributionMap":{"J-Y-Yan":{"docs":175,"functional-code":766,"test-code":0,"other":109},"kevinz420":{"docs":48,"functional-code":476,"test-code":51},"MrOPPA1":{"docs":89,"functional-code":713,"test-code":4,"other":12},"Remy9926":{"docs":122,"functional-code":1008,"test-code":161,"other":1}},"authorContributionVariance":{"J-Y-Yan":29387.414,"kevinz420":9486.364,"MrOPPA1":20464.883,"Remy9926":44018.195},"authorDisplayNameMap":{"J-Y-Yan":"CS2113-F11-1 TIAN..AYAN","kevinz420":"CS2113-F11-1 ZHAN..EVIN","MrOPPA1":"CS2113-F11-1 FENG..GYAO","Remy9926":"CS2113-F11-1 HUAN..AMES"}}
