{"authorDailyContributionsMap":{"J-Y-Yan":[],"kevinz420":[{"date":"2023-10-06","commitResults":[{"hash":"c66131313af3a0dbcd8c602250607835d738bf59","isMergeCommit":false,"messageTitle":"Add About Us","messageBody":"","fileTypesAndContributionMap":{"docs":{"insertions":7,"deletions":7}}}]},{"date":"2023-10-15","commitResults":[{"hash":"eb1ae54b61dd5bed80d0d9df4c621c086a2d81af","isMergeCommit":false,"messageTitle":"Added basic text UI and core commands","messageBody":"","fileTypesAndContributionMap":{"functional-code":{"insertions":609,"deletions":25}}},{"hash":"36c6e30c185b9f80e55f4ec6b9638cf172f73c03","isMergeCommit":false,"messageTitle":"Added parser tests","messageBody":"","fileTypesAndContributionMap":{"functional-code":{"insertions":2,"deletions":9},"test-code":{"insertions":78,"deletions":0}}}]}],"MrOPPA1":[{"date":"2023-10-06","commitResults":[{"hash":"f0cf1bd55fd25b10ce0dca9f46bbdcaf9a591fa6","isMergeCommit":false,"messageTitle":"init","messageBody":"","fileTypesAndContributionMap":{"docs":{"insertions":2,"deletions":0}}}]}],"Remy9926":[{"date":"2023-10-06","commitResults":[{"hash":"5c8e51ad415cfc6d7d3e7035afac300a3c1be537","isMergeCommit":false,"messageTitle":"Add Ethan to docs/AboutUs.md","messageBody":"","fileTypesAndContributionMap":{"docs":{"insertions":7,"deletions":7}}},{"hash":"ee26f976d47a7e4d6bd74e8f6023dc6083cfd0b7","isMergeCommit":true,"messageTitle":"Merge branch \u0027ethanHuang-AboutUs\u0027","messageBody":"Merge ethanHuang-AboutUs branch to master\n","fileTypesAndContributionMap":{}}]},{"date":"2023-10-07","commitResults":[{"hash":"8ab578e1d646eca743b9e63a986c47d7e9b00e4a","isMergeCommit":false,"messageTitle":"Take in user input and spit it back out to user","messageBody":"","fileTypesAndContributionMap":{"functional-code":{"insertions":8,"deletions":1}}},{"hash":"446c18151b5fcf69cf4f402ce261d0a4f0d20e6f","isMergeCommit":false,"messageTitle":"Add FitNUS logo","messageBody":"","fileTypesAndContributionMap":{"functional-code":{"insertions":6,"deletions":6}}}]},{"date":"2023-10-08","commitResults":[{"hash":"90b9c9838da03a478bd8c2820c859a543bf58177","isMergeCommit":false,"messageTitle":"Ask user for name Create greetUser method","messageBody":"","fileTypesAndContributionMap":{"functional-code":{"insertions":20,"deletions":8}}},{"hash":"ca9d43fa3b4748ce181910b5a688633d9192c16c","isMergeCommit":false,"messageTitle":"Make user input case insensitive and strip any whitespace","messageBody":"","fileTypesAndContributionMap":{"functional-code":{"insertions":3,"deletions":6}}}]},{"date":"2023-10-12","commitResults":[{"hash":"8153fe15e48899f589484df59b507a85c8a288c9","isMergeCommit":true,"messageTitle":"Merge pull request #1 from kevinz420/kevinzhang-AboutUs","messageBody":"Add About Us","fileTypesAndContributionMap":{}},{"hash":"da19d11346e8cd6bd2f34c247c9fa3243db69de8","isMergeCommit":true,"messageTitle":"Merge branch \u0027master\u0027 into master","messageBody":"","fileTypesAndContributionMap":{}},{"hash":"1a19a244189698cd2a7e1c318cbd977067c84c7c","isMergeCommit":true,"messageTitle":"Merge pull request #3 from Remy9926/master","messageBody":"Add Ethan to docs/AboutUs.md","fileTypesAndContributionMap":{}},{"hash":"abe5ecb3237d9ded49175c774128e1b874492ad4","isMergeCommit":true,"messageTitle":"Merge pull request #5 from Remy9926/take-user-input","messageBody":"Take user input and spit it back to user","fileTypesAndContributionMap":{}},{"hash":"bc396c118e9625114a04bd1c71587555080741ae","isMergeCommit":true,"messageTitle":"Update input.txt and EXPECTED.txt","messageBody":"","fileTypesAndContributionMap":{}},{"hash":"00f9e7920cd6bd98575d8c88417d6c8b4813b9bc","isMergeCommit":true,"messageTitle":"Merge branch \u0027master\u0027 of https://github.com/AY2324S1-CS2113-F11-1/tp","messageBody":"","fileTypesAndContributionMap":{}}]},{"date":"2023-10-15","commitResults":[{"hash":"a1ad53f518ee683ce633886d89a218ef0c33434e","isMergeCommit":true,"messageTitle":"Merge pull request #10 from kevinz420/feature-project-setup","messageBody":"Implement initial project setup and core functionalities","fileTypesAndContributionMap":{}}]}]},"authorFileTypeContributionMap":{"J-Y-Yan":{"docs":0,"functional-code":0,"test-code":0},"kevinz420":{"docs":2,"functional-code":597,"test-code":78},"MrOPPA1":{"docs":2,"functional-code":0,"test-code":0,"other":11},"Remy9926":{"docs":1,"functional-code":6,"test-code":0}},"authorContributionVariance":{"J-Y-Yan":0.0,"kevinz420":20845.541,"MrOPPA1":0.15972221,"Remy9926":74.583336},"authorDisplayNameMap":{"J-Y-Yan":"CS2113-F11-1 TIAN..AYAN","kevinz420":"CS2113-F11-1 ZHAN..EVIN","MrOPPA1":"CS2113-F11-1 FENG..GYAO","Remy9926":"CS2113-F11-1 HUAN..AMES"}}
