{"authorDailyContributionsMap":{"kaijie0102":[{"date":"2023-10-17","commitResults":[{"hash":"1801a4716290f9e5bca33037ef07a1a3cf499655","isMergeCommit":true,"messageTitle":"Merge pull request #18 from Haoyuli2002/RecipeStepBranch","messageBody":"Recipe step branch","fileTypesAndContributionMap":{}},{"hash":"5a3d7f322e8b5bbbcf1be7d1f0f10d968e67954e","isMergeCommit":true,"messageTitle":"Merge pull request #19 from charkty/feature/addIngredient","messageBody":"Add Ingredient and IngredientList class","fileTypesAndContributionMap":{}},{"hash":"872e6fd20ad09bd7823e87bcb5de1906339a9d51","isMergeCommit":true,"messageTitle":"Merge pull request #21 from charkty/feature/addIngredient","messageBody":"Add exception and IngredientListTest","fileTypesAndContributionMap":{}}]},{"date":"2023-10-18","commitResults":[{"hash":"958010ae127af64874f2d5da5852dc1a87c93e9b","isMergeCommit":false,"messageTitle":"Create ui class to enable user interaction","messageBody":"","fileTypesAndContributionMap":{"functional-code":{"insertions":131,"deletions":17}}},{"hash":"d828b715dd9e52b1365b19547f381ced4a208c8c","isMergeCommit":false,"messageTitle":"Small bug fix","messageBody":"","fileTypesAndContributionMap":{"functional-code":{"insertions":1,"deletions":1}}},{"hash":"2b3c01d0a09d35ce6551f7c7a60aeee809b0f008","isMergeCommit":false,"messageTitle":"Fix minor bug","messageBody":"","fileTypesAndContributionMap":{"functional-code":{"insertions":1,"deletions":1}}},{"hash":"308bc065f802679c73cbe0261befae64628d2e33","isMergeCommit":false,"messageTitle":"Standardise method naming, parameters and behaviours","messageBody":"","fileTypesAndContributionMap":{"functional-code":{"insertions":24,"deletions":18}}},{"hash":"fcb0b569414b36c476e00058a077c0ff47ffe159","isMergeCommit":false,"messageTitle":"Fix GitHub CI checks","messageBody":"","fileTypesAndContributionMap":{"functional-code":{"insertions":4,"deletions":2}}},{"hash":"85ba159f3990a6f1b91390c94740c9ff4430e848","isMergeCommit":false,"messageTitle":"Fix missing input bug","messageBody":"","fileTypesAndContributionMap":{"functional-code":{"insertions":3,"deletions":3}}},{"hash":"4368146baf4ceedaf3f24b5fd914e1b48e81fafc","isMergeCommit":false,"messageTitle":"Attempt to fix input bug","messageBody":"","fileTypesAndContributionMap":{"functional-code":{"insertions":11,"deletions":2}}},{"hash":"c5625386eb421d90cb4b1158c67166eae82d5657","isMergeCommit":false,"messageTitle":"Attempt to fix bug","messageBody":"","fileTypesAndContributionMap":{"functional-code":{"insertions":3,"deletions":3}}},{"hash":"1dff123f5521cb2e34b51bdc27ab0235e4927144","isMergeCommit":true,"messageTitle":"Fix merge conflicts","messageBody":"","fileTypesAndContributionMap":{}},{"hash":"bb822b9e0f6598a03169088cf0901625813c9e6b","isMergeCommit":false,"messageTitle":"Enhance test case","messageBody":"","fileTypesAndContributionMap":{"test-code":{"insertions":5,"deletions":0}}}]},{"date":"2023-10-19","commitResults":[{"hash":"dd8a95e34f726ec05ae6c7762cd7d0dac3e7d1bd","isMergeCommit":false,"messageTitle":"Add RecipeParser to partse details related to recipes","messageBody":"","fileTypesAndContributionMap":{"functional-code":{"insertions":35,"deletions":28},"test-code":{"insertions":31,"deletions":0}}},{"hash":"ef7a08cf0dca373d82aa22cef9d174a86e8875c3","isMergeCommit":true,"messageTitle":"Fix merge conflicts","messageBody":"","fileTypesAndContributionMap":{}},{"hash":"37cc4905bd1a76fed4c8be95eeafcf70ae0b292c","isMergeCommit":false,"messageTitle":"Add exception class for our program","messageBody":"","fileTypesAndContributionMap":{"functional-code":{"insertions":10,"deletions":1}}},{"hash":"a9f9a12bf02a0da03ecf1b66f6060102ae617235","isMergeCommit":false,"messageTitle":"Update RecipeParser to fix merge conflicts","messageBody":"","fileTypesAndContributionMap":{"functional-code":{"insertions":4,"deletions":1}}},{"hash":"caa16ccd00aca634840787e86e80704805468285","isMergeCommit":false,"messageTitle":"Fix checkstyle error","messageBody":"","fileTypesAndContributionMap":{"functional-code":{"insertions":2,"deletions":2}}},{"hash":"75ddb64e4621b4b7d81ba5b9d4608172ca916c13","isMergeCommit":false,"messageTitle":"Make test more realistic and readable","messageBody":"","fileTypesAndContributionMap":{"test-code":{"insertions":3,"deletions":1}}},{"hash":"5edd5795c389b9d6e746797a3e2a59879bad5462","isMergeCommit":false,"messageTitle":"Make code more defensive and increase SRP of UI","messageBody":"","fileTypesAndContributionMap":{"functional-code":{"insertions":14,"deletions":3}}},{"hash":"cb0405d82bf5ed86c7bac3f150dd83e2fa72cd97","isMergeCommit":false,"messageTitle":"Improve code quality","messageBody":"","fileTypesAndContributionMap":{"functional-code":{"insertions":0,"deletions":1}}},{"hash":"a26a138e088ad8c12e5f6710a974539f0513e8af","isMergeCommit":true,"messageTitle":"Merge pull request #46 from kaijie0102/master","messageBody":"Make code more defensive and increase SRP of UI","fileTypesAndContributionMap":{}},{"hash":"69f66bad39932e899e22452a26ea98933ee83290","isMergeCommit":true,"messageTitle":"Merge pull request #44 from StanleyW00/revamp-main","messageBody":"Revamp main","tags":["v1.0"],"fileTypesAndContributionMap":{}}]},{"date":"2023-10-25","commitResults":[{"hash":"94035ee43f93ce3256ad539b09c533ba00b4b94f","isMergeCommit":false,"messageTitle":"Integration of general to ingredient parsers and tracking quantity of ingredients","messageBody":"","fileTypesAndContributionMap":{"functional-code":{"insertions":139,"deletions":48},"other":{"insertions":1,"deletions":1},"test-code":{"insertions":1,"deletions":2}}},{"hash":"a2ce8094d67c5545ead4326c3f4b12b0d56e445f","isMergeCommit":false,"messageTitle":"Fix Junit tests","messageBody":"","fileTypesAndContributionMap":{"functional-code":{"insertions":8,"deletions":0},"test-code":{"insertions":4,"deletions":10}}}]}],"Haoyuli2002":[{"date":"2023-10-14","commitResults":[{"hash":"533cbebde967558dc1f78c67408189b08951af45","isMergeCommit":false,"messageTitle":"First Increment by Recipe","messageBody":"","fileTypesAndContributionMap":{"functional-code":{"insertions":54,"deletions":2}}},{"hash":"b6ee03e3c0e9b49dc6e6833650a230efa0d41273","isMergeCommit":false,"messageTitle":"First Increment by Recipe(modified","messageBody":"","fileTypesAndContributionMap":{"functional-code":{"insertions":0,"deletions":7}}}]},{"date":"2023-10-16","commitResults":[{"hash":"6eed0ddb76ed9d56e4df3b2d6cf89ad5df5e4a4d","isMergeCommit":false,"messageTitle":"no message","messageBody":"","fileTypesAndContributionMap":{"functional-code":{"insertions":10,"deletions":0}}},{"hash":"a2d197b2fe9eb0b3b12711e1bafa128ca5c57e8e","isMergeCommit":false,"messageTitle":"First Increment by Recipe(modified","messageBody":"","fileTypesAndContributionMap":{"functional-code":{"insertions":0,"deletions":1}}}]},{"date":"2023-10-17","commitResults":[{"hash":"db489f25f2a65900e189ec541d350ab5e5155783","isMergeCommit":false,"messageTitle":"Modified Increment by RecipeList( viewAllRecipes","messageBody":"","fileTypesAndContributionMap":{"functional-code":{"insertions":2,"deletions":2}}}]},{"date":"2023-10-18","commitResults":[{"hash":"9d3dc82819f8791241668a56e554763f787de6e2","isMergeCommit":false,"messageTitle":"Change the name of viewAllRecipes to listRecipes","messageBody":"","fileTypesAndContributionMap":{"functional-code":{"insertions":1,"deletions":1}}},{"hash":"e9d7d94d2eebbe8f8765c8fe757de5aafbb13cb4","isMergeCommit":true,"messageTitle":"Merge branch \u0027master\u0027 into RecipeStepBranch","messageBody":"","fileTypesAndContributionMap":{}}]},{"date":"2023-10-19","commitResults":[{"hash":"868d4e3da30a8294519ceb9bf534f6e0ec50df41","isMergeCommit":true,"messageTitle":"Merge branch \u0027master\u0027 into RecipeStepBranch","messageBody":"","fileTypesAndContributionMap":{}},{"hash":"e3d71f57d49b00ccfbed0a923f38e29bc0cc4476","isMergeCommit":true,"messageTitle":"resolve naming Conflict","messageBody":"","fileTypesAndContributionMap":{}},{"hash":"28b7d1360b6f549c75396ba48720d5b5cae8c531","isMergeCommit":true,"messageTitle":"Merge remote-tracking branch \u0027origin/RecipeStepBranch\u0027 into RecipeStepBranch","messageBody":"# Conflicts:\n#\tsrc/main/java/essenmakanan/recipe/RecipeList.java\n","fileTypesAndContributionMap":{}},{"hash":"b7afbb13e68f443d2f2d29b5a8deba6c06548979","isMergeCommit":false,"messageTitle":"resolve naming Conflict","messageBody":"","fileTypesAndContributionMap":{"functional-code":{"insertions":17,"deletions":14}}},{"hash":"805d85a6a44b629562868b9f67e287ab20bd07ec","isMergeCommit":false,"messageTitle":"add assertion to the method getRecipe","messageBody":"","fileTypesAndContributionMap":{"functional-code":{"insertions":1,"deletions":0}}},{"hash":"1269136ca5921cbb5e1c20a092ad44b4c3e2a823","isMergeCommit":true,"messageTitle":"Merge branch \u0027master\u0027 into get-specific-recipe-branch","messageBody":"","fileTypesAndContributionMap":{}},{"hash":"8bf08c1eda79b465ea4f7cee39315369cb60ad14","isMergeCommit":true,"messageTitle":"Merge pull request #35 from Haoyuli2002/get-specific-recipe-branch","messageBody":"Assertions in the method getRecipe, merge the conflict","fileTypesAndContributionMap":{}}]}],"StanleyW00":[{"date":"2023-10-11","commitResults":[{"hash":"4447268e6ccb1338f632b53165b4bb21c99fdd58","isMergeCommit":true,"messageTitle":"Merge pull request #1 from StanleyW00/master","messageBody":"Add config.yml","fileTypesAndContributionMap":{}}]},{"date":"2023-10-14","commitResults":[{"hash":"8b3c2439f5d1cf825828243014eb49c950d2c752","isMergeCommit":true,"messageTitle":"Merge pull request #13 from Haoyuli2002/RecipeStepBranch","messageBody":"Recipe step branch","fileTypesAndContributionMap":{}}]},{"date":"2023-10-15","commitResults":[{"hash":"6035944c21b046f8cd088fff639b3323a0d74cfb","isMergeCommit":false,"messageTitle":"Add create recipe feature","messageBody":"","fileTypesAndContributionMap":{"functional-code":{"insertions":64,"deletions":13}}},{"hash":"0c64219809d5cb7b43af8066da20547702877eea","isMergeCommit":false,"messageTitle":"Add testing for adding recipes","messageBody":"","fileTypesAndContributionMap":{"functional-code":{"insertions":32,"deletions":0},"test-code":{"insertions":35,"deletions":0}}},{"hash":"20b6f77610183ea67e3604b052000c190bb0414e","isMergeCommit":false,"messageTitle":"Add system exit","messageBody":"","fileTypesAndContributionMap":{"functional-code":{"insertions":1,"deletions":0}}}]},{"date":"2023-10-16","commitResults":[{"hash":"da5360045784c465988318559c89d321b52db980","isMergeCommit":true,"messageTitle":"Merge pull request #14 from StanleyW00/addRecipes","messageBody":"Add creating recipes","fileTypesAndContributionMap":{}}]},{"date":"2023-10-18","commitResults":[{"hash":"7959531690b3e7ddc94364fe4069b6e409951068","isMergeCommit":true,"messageTitle":"Merge pull request #24 from kaijie0102/master","messageBody":"Create ui class to handle user interaction","fileTypesAndContributionMap":{}},{"hash":"b405e606c842c9f4b92dcb0bb803f45779eb2958","isMergeCommit":true,"messageTitle":"Merge pull request #27 from kaijie0102/master","messageBody":"Fix minor bug","fileTypesAndContributionMap":{}},{"hash":"8eb5ee1e1256bd6dd9bae39af2aa2eb5e7cdb2d4","isMergeCommit":false,"messageTitle":"Enable assertions","messageBody":"","fileTypesAndContributionMap":{"other":{"insertions":1,"deletions":0}}},{"hash":"e1950bf2749c44d2852c5fc3d189ed4618cfa9cb","isMergeCommit":false,"messageTitle":"Standerdise recipe related methods","messageBody":"","fileTypesAndContributionMap":{"functional-code":{"insertions":5,"deletions":4}}},{"hash":"b7c148fca9ffde787c876a6b61b63367f4e03a65","isMergeCommit":false,"messageTitle":"Add get specific recipe method","messageBody":"","fileTypesAndContributionMap":{"functional-code":{"insertions":4,"deletions":0}}},{"hash":"f469c2de2df52ed8b537ac0e9224939feedcf3b0","isMergeCommit":false,"messageTitle":"Modify add recipe test","messageBody":"","fileTypesAndContributionMap":{"test-code":{"insertions":12,"deletions":13}}},{"hash":"f1326a5314e2209d0ace69c424ea49ff7b05d5c6","isMergeCommit":false,"messageTitle":"Delete whitespace","messageBody":"","fileTypesAndContributionMap":{"functional-code":{"insertions":0,"deletions":1}}},{"hash":"32eac014ebdfa5d74c95888e1f615aac4bb39dcb","isMergeCommit":false,"messageTitle":"Rename add recipe test method","messageBody":"","fileTypesAndContributionMap":{"test-code":{"insertions":1,"deletions":1}}},{"hash":"6d90533ce88e5f6d8192158159232cc52b5e19f2","isMergeCommit":false,"messageTitle":"Add assertions to RecipeList class","messageBody":"","fileTypesAndContributionMap":{"functional-code":{"insertions":6,"deletions":9}}},{"hash":"43d05f869b2577aa17c35e23966d728015a4a1b5","isMergeCommit":false,"messageTitle":"Edit text ui test","messageBody":"","fileTypesAndContributionMap":{"functional-code":{"insertions":3,"deletions":2}}},{"hash":"5534fe721164591172c0fa0dce02704a49113be2","isMergeCommit":false,"messageTitle":"Fix bug related to ui test","messageBody":"","fileTypesAndContributionMap":{"functional-code":{"insertions":5,"deletions":5}}},{"hash":"6783f26062c4cc6302aecc2aa19b9edfa7b8d078","isMergeCommit":false,"messageTitle":"Create add recipe command class","messageBody":"","fileTypesAndContributionMap":{"functional-code":{"insertions":58,"deletions":5}}},{"hash":"a1f5fa5023d530ae517d097329282f18fbe9b153","isMergeCommit":false,"messageTitle":"Create add ingredient command class","messageBody":"","fileTypesAndContributionMap":{"functional-code":{"insertions":44,"deletions":0}}},{"hash":"b3fdb4626da86913fea35d5b5f5c183bf164dc9f","isMergeCommit":false,"messageTitle":"Modify main function","messageBody":"","fileTypesAndContributionMap":{"functional-code":{"insertions":27,"deletions":19}}},{"hash":"c8ed1dd8157c61235f14e682376c8b8180b4e918","isMergeCommit":false,"messageTitle":"Fix some style errors","messageBody":"","fileTypesAndContributionMap":{"functional-code":{"insertions":3,"deletions":2}}}]},{"date":"2023-10-19","commitResults":[{"hash":"f0afcf37a3cbdc09d3a4655c92cd2dd39abad24f","isMergeCommit":false,"messageTitle":"Modify command classes","messageBody":"","fileTypesAndContributionMap":{"functional-code":{"insertions":27,"deletions":47}}},{"hash":"d982bca0df68a7dba2767e94e51a701a3c42e5fa","isMergeCommit":false,"messageTitle":"Add view recipes and ingredients class","messageBody":"","fileTypesAndContributionMap":{"functional-code":{"insertions":69,"deletions":15}}},{"hash":"e2bbcb06de5faee78a55a181a18b61c5cfceff53","isMergeCommit":false,"messageTitle":"Modify ingredient list test","messageBody":"","fileTypesAndContributionMap":{"test-code":{"insertions":2,"deletions":1}}},{"hash":"489c6901eb18e5e5ec5a1eec8ef1fd567ca55305","isMergeCommit":false,"messageTitle":"Remame print recipes method","messageBody":"","fileTypesAndContributionMap":{"functional-code":{"insertions":7,"deletions":3}}},{"hash":"94629b58743f88735a57da32299da95c2e3412a7","isMergeCommit":true,"messageTitle":"Merge pull request #34 from StanleyW00/17-add-Command","messageBody":"Add command classes","fileTypesAndContributionMap":{}},{"hash":"467e71ae6979505fc6e44a951f3d88e2fe616c9d","isMergeCommit":false,"messageTitle":"Modify the flow of main class","messageBody":"","fileTypesAndContributionMap":{"functional-code":{"insertions":92,"deletions":93}}},{"hash":"b34a3ba4e0082f8351c230d202aa8a7949a86c11","isMergeCommit":false,"messageTitle":"Create exit command class","messageBody":"","fileTypesAndContributionMap":{"functional-code":{"insertions":27,"deletions":3}}},{"hash":"e9c7037ac8588d82df8817e5d973af90a35c81a8","isMergeCommit":false,"messageTitle":"Add help command class","messageBody":"","fileTypesAndContributionMap":{"functional-code":{"insertions":25,"deletions":6}}},{"hash":"dc51db2062b67b71277e6434a373e8400b17aefc","isMergeCommit":false,"messageTitle":"Add format exception","messageBody":"","fileTypesAndContributionMap":{"functional-code":{"insertions":11,"deletions":3}}},{"hash":"476857f5b3edccf28a664678e369c8da45ce587c","isMergeCommit":false,"messageTitle":"Fix exception bug","messageBody":"","fileTypesAndContributionMap":{"functional-code":{"insertions":2,"deletions":3}}},{"hash":"f9f4ac53caea4bc335f07bcba34023ac4665163a","isMergeCommit":false,"messageTitle":"Fix style error in parser","messageBody":"","fileTypesAndContributionMap":{"functional-code":{"insertions":7,"deletions":1}}},{"hash":"a29fed49e4a1ff83c871627578fa971fdca44d55","isMergeCommit":false,"messageTitle":"Add logs in main","messageBody":"","fileTypesAndContributionMap":{"functional-code":{"insertions":12,"deletions":0}}},{"hash":"8694442c12f02d05c307ad928c9d18eab61a8c3a","isMergeCommit":true,"messageTitle":"Merge branch \u0027master\u0027 of https://github.com/AY2324S1-CS2113-F11-2/tp into revamp-main","messageBody":"# Conflicts:\n#\tsrc/main/java/essenmakanan/EssenMakanan.java\n#\tsrc/main/java/essenmakanan/command/ViewIngredientsCommand.java\n#\tsrc/main/java/essenmakanan/command/ViewRecipesCommand.java\n#\tsrc/main/java/essenmakanan/ui/Ui.java\n","fileTypesAndContributionMap":{}},{"hash":"ddb8ed79228787717d3717a27c8c7d2856a9c463","isMergeCommit":false,"messageTitle":"Fix checkstyle error","messageBody":"","fileTypesAndContributionMap":{"functional-code":{"insertions":2,"deletions":4}}},{"hash":"49886a9af346d347beb591f9d141d7ddec4b2e2e","isMergeCommit":false,"messageTitle":"Disable log","messageBody":"","fileTypesAndContributionMap":{"functional-code":{"insertions":5,"deletions":5}}},{"hash":"f2b66ff03c70e87e285dd6e36136af284177fc18","isMergeCommit":false,"messageTitle":"Fix checkstyle issue in main","messageBody":"","fileTypesAndContributionMap":{"functional-code":{"insertions":1,"deletions":1}}}]},{"date":"2023-10-20","commitResults":[{"hash":"d37387f4af5bf7381b8632d26ae0efcd4df85658","isMergeCommit":false,"messageTitle":"Change the way to check exit command","messageBody":"","fileTypesAndContributionMap":{"functional-code":{"insertions":15,"deletions":24}}},{"hash":"34d5a1a7d84ef36ed9962c923d7a50cb561045df","isMergeCommit":false,"messageTitle":"Modify execute command classes","messageBody":"","fileTypesAndContributionMap":{"functional-code":{"insertions":31,"deletions":30}}}]},{"date":"2023-10-21","commitResults":[{"hash":"81d3738bff91e93398d9056fa244cb1ed7aae8b7","isMergeCommit":false,"messageTitle":"Move parser specific methods to their own classes","messageBody":"","fileTypesAndContributionMap":{"functional-code":{"insertions":13,"deletions":11}}}]},{"date":"2023-10-24","commitResults":[{"hash":"94cada6dda2861b0c319c1effd9a5d6593369052","isMergeCommit":true,"messageTitle":"Merge pull request #53 from charkty/documentation/developerGuide","messageBody":"Add template for Developer and User Guide","fileTypesAndContributionMap":{}},{"hash":"0bbf94674e19f6a4ebd80fd6b01cf4e901ed61ec","isMergeCommit":false,"messageTitle":"Modify and add new styles","messageBody":"","fileTypesAndContributionMap":{"docs":{"insertions":14,"deletions":2}}},{"hash":"48d451c5ba280939efe8652a24521e1e6ed1682d","isMergeCommit":false,"messageTitle":"Create sequence diagram","messageBody":"","fileTypesAndContributionMap":{"docs":{"insertions":55,"deletions":0}}}]},{"date":"2023-10-25","commitResults":[{"hash":"2d6a4537881e071fdb6420d300a07edb0600fbe6","isMergeCommit":false,"messageTitle":"Update developer guide","messageBody":"","fileTypesAndContributionMap":{"docs":{"insertions":25,"deletions":1}}},{"hash":"0ac6f0d05422dc59f40d49ba89545ec322f7f539","isMergeCommit":false,"messageTitle":"Change diagram","messageBody":"","fileTypesAndContributionMap":{"docs":{"insertions":0,"deletions":1}}}]}],"charkty":[{"date":"2023-09-29","commitResults":[{"hash":"cc8c5bbae9ff17889a536d59a1fe4dc527a67271","isMergeCommit":false,"messageTitle":"Inital Commit","messageBody":"","fileTypesAndContributionMap":{"functional-code":{"insertions":28,"deletions":0},"other":{"insertions":2,"deletions":5}}},{"hash":"dd6b60ad98d01c3e27a8a136d064cab3c7a2f223","isMergeCommit":false,"messageTitle":"Rename main class","messageBody":"","fileTypesAndContributionMap":{"other":{"insertions":2,"deletions":2}}},{"hash":"6e53e38d3d90145bb549a942ff3ddcbaf0b00f26","isMergeCommit":false,"messageTitle":"Change directory in build.gradle","messageBody":"","fileTypesAndContributionMap":{"other":{"insertions":2,"deletions":2}}},{"hash":"cc19609329761b12f39ea60a3852c6d2383a28ed","isMergeCommit":true,"messageTitle":"Merge pull request #1 from charkty/master","messageBody":"Inital Commit","fileTypesAndContributionMap":{}}]},{"date":"2023-10-17","commitResults":[{"hash":"9ee9475bcea3849656b21a218ce39af821019a92","isMergeCommit":false,"messageTitle":"Add Ingredient and IngredientList class","messageBody":"","fileTypesAndContributionMap":{"functional-code":{"insertions":49,"deletions":0}}},{"hash":"e62273d8150c1d3fd87c76a033f26ba44238f9d7","isMergeCommit":false,"messageTitle":"Simplify listIngredient\u0027s for loop","messageBody":"","fileTypesAndContributionMap":{"functional-code":{"insertions":2,"deletions":4}}},{"hash":"60d2a78737c00ba51fa302016588b02ed1801610","isMergeCommit":false,"messageTitle":"Change \u0027qty\u0027 naming and addIngredient() function","messageBody":"","fileTypesAndContributionMap":{"functional-code":{"insertions":8,"deletions":8}}},{"hash":"06a8fc3adcbd4ecdb262d813b07285b18d470a95","isMergeCommit":false,"messageTitle":"Add exception and IngredientListTest","messageBody":"","fileTypesAndContributionMap":{"functional-code":{"insertions":14,"deletions":0},"test-code":{"insertions":31,"deletions":0}}},{"hash":"3aa7bf85c7604d1b0927edad2f87672f09c841f7","isMergeCommit":false,"messageTitle":"Remove unused imports","messageBody":"","fileTypesAndContributionMap":{"functional-code":{"insertions":0,"deletions":2},"test-code":{"insertions":0,"deletions":3}}},{"hash":"25c4d225243f0b7571e39e74aeefdf87fdce6bc3","isMergeCommit":false,"messageTitle":"Change import to correct format","messageBody":"","fileTypesAndContributionMap":{"test-code":{"insertions":1,"deletions":1}}}]},{"date":"2023-10-18","commitResults":[{"hash":"ddfb2b196a0f5380863af3f10f9a689d30e96d93","isMergeCommit":true,"messageTitle":"Merge pull request #31 from StanleyW00/refactorAddRecipes","messageBody":"Refactor add recipes","fileTypesAndContributionMap":{}}]},{"date":"2023-10-19","commitResults":[{"hash":"e7832c36ff1c6607371a6d41b1200997bfcb3854","isMergeCommit":true,"messageTitle":"Merge pull request #33 from kaijie0102/master","messageBody":"Fix bugs and merge conflicts","fileTypesAndContributionMap":{}},{"hash":"57096d1886b6e74cde0786059ef4ef25b03fd0d9","isMergeCommit":false,"messageTitle":"Add ingredient parser","messageBody":"","fileTypesAndContributionMap":{"functional-code":{"insertions":75,"deletions":46},"other":{"insertions":6,"deletions":9},"test-code":{"insertions":29,"deletions":2}}},{"hash":"af8dbd445b5bda4920c82164f168434903354368","isMergeCommit":false,"messageTitle":"Remove unused imports","messageBody":"","fileTypesAndContributionMap":{"functional-code":{"insertions":0,"deletions":4}}},{"hash":"feb3b6b8dad2cd21dfe94cf79972429da0428065","isMergeCommit":false,"messageTitle":"Resolve checkstyle problems","messageBody":"","fileTypesAndContributionMap":{"functional-code":{"insertions":3,"deletions":6}}},{"hash":"754f337d20268d2b308c99f77c8cc954c7c755a0","isMergeCommit":true,"messageTitle":"Merge pull request #42 from charkty/parser/Ingredient","messageBody":"Add ingredient parser and edit Ui","fileTypesAndContributionMap":{}}]},{"date":"2023-10-21","commitResults":[{"hash":"934e0093cb12c72ed4f0abf069808da5067d9c56","isMergeCommit":true,"messageTitle":"Merge pull request #51 from StanleyW00/modify-logic-command","messageBody":"[Enhancement] Modify logic command","fileTypesAndContributionMap":{}}]},{"date":"2023-10-24","commitResults":[{"hash":"9eda75c9cc09a7191362d46958b0e8fdf337df70","isMergeCommit":false,"messageTitle":"Add template for Developer and User Guide","messageBody":"","fileTypesAndContributionMap":{"docs":{"insertions":201,"deletions":12}}},{"hash":"0575003df7a547e9d30f1b6bd28ae33010d0c49c","isMergeCommit":true,"messageTitle":"Merge pull request #52 from StanleyW00/refactor-parser","messageBody":"Refactor parser","fileTypesAndContributionMap":{}}]},{"date":"2023-10-25","commitResults":[{"hash":"1a83a29c35a2908d5d0e3fd93c8dfcd3ae13471b","isMergeCommit":true,"messageTitle":"Merge pull request #59 from kaijie0102/master","messageBody":"Parser integration and enhancement of Ingredient class","fileTypesAndContributionMap":{}}]},{"date":"2023-10-26","commitResults":[{"hash":"9e34856934552e225df6b8c96ad062d015c914ef","isMergeCommit":true,"messageTitle":"Merge pull request #64 from StanleyW00/add-new-recipe-diagram","messageBody":"Add new recipe diagram","fileTypesAndContributionMap":{}}]}]},"authorFileTypeContributionMap":{"kaijie0102":{"docs":0,"functional-code":216,"test-code":32},"Haoyuli2002":{"docs":0,"functional-code":48,"test-code":0},"StanleyW00":{"docs":93,"functional-code":355,"test-code":35,"other":1},"charkty":{"docs":197,"functional-code":103,"test-code":56,"other":2}},"authorContributionVariance":{"kaijie0102":3073.7302,"Haoyuli2002":136.44576,"StanleyW00":8062.1274,"charkty":2451.9702},"authorDisplayNameMap":{"kaijie0102":"CS2113-F11-2 LEOW.. JIE","Haoyuli2002":"CS2113-F11-2 LI H..AOYU","StanleyW00":"CS2113-F11-2 STAN..JAYA","charkty":"CS2113-F11-2 CHAR..G YU"}}
