{"authorDailyContributionsMap":{"kaijie0102":[{"date":"2023-10-17","commitResults":[{"hash":"1801a4716290f9e5bca33037ef07a1a3cf499655","isMergeCommit":true,"messageTitle":"Merge pull request #18 from Haoyuli2002/RecipeStepBranch","messageBody":"Recipe step branch","fileTypesAndContributionMap":{}},{"hash":"5a3d7f322e8b5bbbcf1be7d1f0f10d968e67954e","isMergeCommit":true,"messageTitle":"Merge pull request #19 from charkty/feature/addIngredient","messageBody":"Add Ingredient and IngredientList class","fileTypesAndContributionMap":{}},{"hash":"872e6fd20ad09bd7823e87bcb5de1906339a9d51","isMergeCommit":true,"messageTitle":"Merge pull request #21 from charkty/feature/addIngredient","messageBody":"Add exception and IngredientListTest","fileTypesAndContributionMap":{}}]},{"date":"2023-10-18","commitResults":[{"hash":"958010ae127af64874f2d5da5852dc1a87c93e9b","isMergeCommit":false,"messageTitle":"Create ui class to enable user interaction","messageBody":"","fileTypesAndContributionMap":{"functional-code":{"insertions":131,"deletions":17}}},{"hash":"d828b715dd9e52b1365b19547f381ced4a208c8c","isMergeCommit":false,"messageTitle":"Small bug fix","messageBody":"","fileTypesAndContributionMap":{"functional-code":{"insertions":1,"deletions":1}}},{"hash":"2b3c01d0a09d35ce6551f7c7a60aeee809b0f008","isMergeCommit":false,"messageTitle":"Fix minor bug","messageBody":"","fileTypesAndContributionMap":{"functional-code":{"insertions":1,"deletions":1}}},{"hash":"308bc065f802679c73cbe0261befae64628d2e33","isMergeCommit":false,"messageTitle":"Standardise method naming, parameters and behaviours","messageBody":"","fileTypesAndContributionMap":{"functional-code":{"insertions":24,"deletions":18}}},{"hash":"fcb0b569414b36c476e00058a077c0ff47ffe159","isMergeCommit":false,"messageTitle":"Fix GitHub CI checks","messageBody":"","fileTypesAndContributionMap":{"functional-code":{"insertions":4,"deletions":2}}},{"hash":"85ba159f3990a6f1b91390c94740c9ff4430e848","isMergeCommit":false,"messageTitle":"Fix missing input bug","messageBody":"","fileTypesAndContributionMap":{"functional-code":{"insertions":3,"deletions":3}}},{"hash":"4368146baf4ceedaf3f24b5fd914e1b48e81fafc","isMergeCommit":false,"messageTitle":"Attempt to fix input bug","messageBody":"","fileTypesAndContributionMap":{"functional-code":{"insertions":11,"deletions":2}}},{"hash":"c5625386eb421d90cb4b1158c67166eae82d5657","isMergeCommit":false,"messageTitle":"Attempt to fix bug","messageBody":"","fileTypesAndContributionMap":{"functional-code":{"insertions":3,"deletions":3}}},{"hash":"1dff123f5521cb2e34b51bdc27ab0235e4927144","isMergeCommit":true,"messageTitle":"Fix merge conflicts","messageBody":"","fileTypesAndContributionMap":{}},{"hash":"bb822b9e0f6598a03169088cf0901625813c9e6b","isMergeCommit":false,"messageTitle":"Enhance test case","messageBody":"","fileTypesAndContributionMap":{"test-code":{"insertions":5,"deletions":0}}}]},{"date":"2023-10-19","commitResults":[{"hash":"dd8a95e34f726ec05ae6c7762cd7d0dac3e7d1bd","isMergeCommit":false,"messageTitle":"Add RecipeParser to partse details related to recipes","messageBody":"","fileTypesAndContributionMap":{"functional-code":{"insertions":35,"deletions":28},"test-code":{"insertions":31,"deletions":0}}},{"hash":"ef7a08cf0dca373d82aa22cef9d174a86e8875c3","isMergeCommit":true,"messageTitle":"Fix merge conflicts","messageBody":"","fileTypesAndContributionMap":{}},{"hash":"37cc4905bd1a76fed4c8be95eeafcf70ae0b292c","isMergeCommit":false,"messageTitle":"Add exception class for our program","messageBody":"","fileTypesAndContributionMap":{"functional-code":{"insertions":10,"deletions":1}}},{"hash":"a9f9a12bf02a0da03ecf1b66f6060102ae617235","isMergeCommit":false,"messageTitle":"Update RecipeParser to fix merge conflicts","messageBody":"","fileTypesAndContributionMap":{"functional-code":{"insertions":4,"deletions":1}}},{"hash":"caa16ccd00aca634840787e86e80704805468285","isMergeCommit":false,"messageTitle":"Fix checkstyle error","messageBody":"","fileTypesAndContributionMap":{"functional-code":{"insertions":2,"deletions":2}}},{"hash":"75ddb64e4621b4b7d81ba5b9d4608172ca916c13","isMergeCommit":false,"messageTitle":"Make test more realistic and readable","messageBody":"","fileTypesAndContributionMap":{"test-code":{"insertions":3,"deletions":1}}},{"hash":"5edd5795c389b9d6e746797a3e2a59879bad5462","isMergeCommit":false,"messageTitle":"Make code more defensive and increase SRP of UI","messageBody":"","fileTypesAndContributionMap":{"functional-code":{"insertions":14,"deletions":3}}},{"hash":"cb0405d82bf5ed86c7bac3f150dd83e2fa72cd97","isMergeCommit":false,"messageTitle":"Improve code quality","messageBody":"","fileTypesAndContributionMap":{"functional-code":{"insertions":0,"deletions":1}}},{"hash":"a26a138e088ad8c12e5f6710a974539f0513e8af","isMergeCommit":true,"messageTitle":"Merge pull request #46 from kaijie0102/master","messageBody":"Make code more defensive and increase SRP of UI","fileTypesAndContributionMap":{}},{"hash":"69f66bad39932e899e22452a26ea98933ee83290","isMergeCommit":true,"messageTitle":"Merge pull request #44 from StanleyW00/revamp-main","messageBody":"Revamp main","tags":["v1.0"],"fileTypesAndContributionMap":{}}]},{"date":"2023-10-25","commitResults":[{"hash":"94035ee43f93ce3256ad539b09c533ba00b4b94f","isMergeCommit":false,"messageTitle":"Integration of general to ingredient parsers and tracking quantity of ingredients","messageBody":"","fileTypesAndContributionMap":{"functional-code":{"insertions":139,"deletions":48},"other":{"insertions":1,"deletions":1},"test-code":{"insertions":1,"deletions":2}}},{"hash":"a2ce8094d67c5545ead4326c3f4b12b0d56e445f","isMergeCommit":false,"messageTitle":"Fix Junit tests","messageBody":"","fileTypesAndContributionMap":{"functional-code":{"insertions":8,"deletions":0},"test-code":{"insertions":4,"deletions":10}}},{"hash":"2437c60cd3aea233234d7309bdc98b0475c7bfc2","isMergeCommit":false,"messageTitle":"Edit ingredient functionality","messageBody":"","fileTypesAndContributionMap":{"functional-code":{"insertions":113,"deletions":7},"test-code":{"insertions":2,"deletions":2}}},{"hash":"8ca1bbe8f763d951b0ffe156460550ba17a36b67","isMergeCommit":false,"messageTitle":"Fix checkstyle","messageBody":"","fileTypesAndContributionMap":{"functional-code":{"insertions":0,"deletions":2}}}]},{"date":"2023-10-26","commitResults":[{"hash":"6a05f8e3eb202a026fc6f5a0cd1ee80042ee8fa5","isMergeCommit":false,"messageTitle":"Improve ingredient functionality","messageBody":"","fileTypesAndContributionMap":{"functional-code":{"insertions":47,"deletions":40}}},{"hash":"bc0f81ac42b40c9f8056607cf5ab85912fda920e","isMergeCommit":true,"messageTitle":"Merge pull request #60 from kaijie0102/branch-edit-ingredient","messageBody":"Edit ingredient objects","fileTypesAndContributionMap":{}},{"hash":"ceacd10e114138782c64a4b1602e66429b4a0e0b","isMergeCommit":true,"messageTitle":"Merge pull request #66 from charkty/documentation/developerGuide","messageBody":"Add features for user guide and help function for developer guide","fileTypesAndContributionMap":{}},{"hash":"e96abe8b5df2966f02e294393fe55f9d2bdb8858","isMergeCommit":false,"messageTitle":"Junit tests and exceptions for editing ingredients","messageBody":"","fileTypesAndContributionMap":{"functional-code":{"insertions":8,"deletions":3},"other":{"insertions":1,"deletions":3},"test-code":{"insertions":73,"deletions":0}}},{"hash":"3a3043a328c6fafef882b910ac114939a88658ba","isMergeCommit":false,"messageTitle":"Add test edit multiple fields","messageBody":"","fileTypesAndContributionMap":{"test-code":{"insertions":27,"deletions":9}}},{"hash":"1d10e8b712de2919378468172ae6cb9052329081","isMergeCommit":false,"messageTitle":"Junit test to add multiple ingredients in one line","messageBody":"","fileTypesAndContributionMap":{"test-code":{"insertions":61,"deletions":1}}},{"hash":"7a507fba6261a5477c478847986f54b2a5157c36","isMergeCommit":true,"messageTitle":"Merge pull request #67 from kaijie0102/branch-edit-ingredient","messageBody":"Junit tests and exceptions for editing ingredients","fileTypesAndContributionMap":{}},{"hash":"7e8eb77965f25a706b0d94cccd877d1b5985721a","isMergeCommit":true,"messageTitle":"Merge branch \u0027master\u0027 into branch-ingredient-qty-unit","messageBody":"","fileTypesAndContributionMap":{}},{"hash":"068dd7ad843060a670a7c1eb6ecece07273e5edc","isMergeCommit":false,"messageTitle":"Simplify sequence diagram","messageBody":"","fileTypesAndContributionMap":{"docs":{"insertions":9,"deletions":9}}},{"hash":"fd7246a8165e8eb02bbd2ca88abffa61464ac43a","isMergeCommit":false,"messageTitle":"Update developer guide including a sequence diagram","messageBody":"","fileTypesAndContributionMap":{"docs":{"insertions":118,"deletions":17}}},{"hash":"e9f666d5bdb3ef55b7819fbcf55d9aacb2c5492c","isMergeCommit":true,"messageTitle":"Merge branch \u0027master\u0027 of https://github.com/AY2324S1-CS2113-F11-2/tp","messageBody":"","fileTypesAndContributionMap":{}},{"hash":"460eee6ce4ec2e0a87e87301f8f66a6aff8921a6","isMergeCommit":false,"messageTitle":"Revert \"Update developer guide including a sequence diagram\"","messageBody":"This reverts commit fd7246a8165e8eb02bbd2ca88abffa61464ac43a.\n","fileTypesAndContributionMap":{"docs":{"insertions":17,"deletions":118}}},{"hash":"a39f31e112b69867ac5c07b0cb6afdcdd0502ab1","isMergeCommit":true,"messageTitle":"Merge pull request #73 from Haoyuli2002/AddNewIngredientSequenceDiagram","messageBody":"Add new ingredient sequence diagram and modified other changes","fileTypesAndContributionMap":{}},{"hash":"f96f1d538fe59022ab0d8b12b2efbd89fd0f1f38","isMergeCommit":true,"messageTitle":"Merge pull request #74 from charkty/feature/deleteIngredient","messageBody":"Add feature for deleting ingredient and recipe","fileTypesAndContributionMap":{}},{"hash":"774d5c426cefdcfcb7ba3d1e83bdecadb41ba589","isMergeCommit":false,"messageTitle":"Add sequence diagram for viewing all ingredients","messageBody":"","fileTypesAndContributionMap":{"docs":{"insertions":51,"deletions":0}}},{"hash":"c963317a51065308b9b4d4e9cf1aa63571d23e6c","isMergeCommit":false,"messageTitle":"Add implementation of view all ingredients","messageBody":"","fileTypesAndContributionMap":{"docs":{"insertions":23,"deletions":0}}},{"hash":"4779abfada4b4a57112948008faeabfd4b15b1af","isMergeCommit":false,"messageTitle":"Improve sequence diagram","messageBody":"","fileTypesAndContributionMap":{"docs":{"insertions":18,"deletions":6}}},{"hash":"9518ae4337ba3045e2116aa47b8e9de825fbce8c","isMergeCommit":true,"messageTitle":"Fix merge conflicts","messageBody":"","fileTypesAndContributionMap":{}},{"hash":"2cab44b4c2d9ef2ebbc7763608710427e641752b","isMergeCommit":false,"messageTitle":"Omit trivial details","messageBody":"","fileTypesAndContributionMap":{"docs":{"insertions":0,"deletions":4}}},{"hash":"c9bb1b9e1d78569238d9cf686bcbdb08ba03c09c","isMergeCommit":false,"messageTitle":"Add sequence diagram for viewing all recipes and updating DG","messageBody":"","fileTypesAndContributionMap":{"docs":{"insertions":72,"deletions":1}}},{"hash":"4cdad2e9030c3fb3910c9bf576567c79ac407471","isMergeCommit":false,"messageTitle":"Improve View Ingredient documentation","messageBody":"","fileTypesAndContributionMap":{"docs":{"insertions":13,"deletions":2}}},{"hash":"cad653a453f43f732cf61debbec231147dc6debe","isMergeCommit":true,"messageTitle":"Merge branch \u0027master\u0027 of https://github.com/AY2324S1-CS2113-F11-2/tp","messageBody":"","fileTypesAndContributionMap":{}},{"hash":"55f431013aeb5592a772128d46120ccbb18b5c1f","isMergeCommit":true,"messageTitle":"Merge pull request #78 from charkty/documentation/developerGuide","messageBody":"Exit and Help function in DG","fileTypesAndContributionMap":{}},{"hash":"54c50a5ffa7c5d6f9c81d5fe4ce9968cfa9ca5b1","isMergeCommit":true,"messageTitle":"Merge branch \u0027master\u0027 of https://github.com/AY2324S1-CS2113-F11-2/tp","messageBody":"","fileTypesAndContributionMap":{}}]},{"date":"2023-10-27","commitResults":[{"hash":"adcae8a4f5f77a3e8cfc1371d87ffcc317de5a12","isMergeCommit":true,"messageTitle":"Merge pull request #87 from StanleyW00/assert-add-recipe","messageBody":"Add assert for add recipe","fileTypesAndContributionMap":{}}]}],"Haoyuli2002":[{"date":"2023-10-14","commitResults":[{"hash":"533cbebde967558dc1f78c67408189b08951af45","isMergeCommit":false,"messageTitle":"First Increment by Recipe","messageBody":"","fileTypesAndContributionMap":{"functional-code":{"insertions":54,"deletions":2}}},{"hash":"b6ee03e3c0e9b49dc6e6833650a230efa0d41273","isMergeCommit":false,"messageTitle":"First Increment by Recipe(modified","messageBody":"","fileTypesAndContributionMap":{"functional-code":{"insertions":0,"deletions":7}}}]},{"date":"2023-10-16","commitResults":[{"hash":"6eed0ddb76ed9d56e4df3b2d6cf89ad5df5e4a4d","isMergeCommit":false,"messageTitle":"no message","messageBody":"","fileTypesAndContributionMap":{"functional-code":{"insertions":10,"deletions":0}}},{"hash":"a2d197b2fe9eb0b3b12711e1bafa128ca5c57e8e","isMergeCommit":false,"messageTitle":"First Increment by Recipe(modified","messageBody":"","fileTypesAndContributionMap":{"functional-code":{"insertions":0,"deletions":1}}}]},{"date":"2023-10-17","commitResults":[{"hash":"db489f25f2a65900e189ec541d350ab5e5155783","isMergeCommit":false,"messageTitle":"Modified Increment by RecipeList( viewAllRecipes","messageBody":"","fileTypesAndContributionMap":{"functional-code":{"insertions":2,"deletions":2}}}]},{"date":"2023-10-18","commitResults":[{"hash":"9d3dc82819f8791241668a56e554763f787de6e2","isMergeCommit":false,"messageTitle":"Change the name of viewAllRecipes to listRecipes","messageBody":"","fileTypesAndContributionMap":{"functional-code":{"insertions":1,"deletions":1}}},{"hash":"e9d7d94d2eebbe8f8765c8fe757de5aafbb13cb4","isMergeCommit":true,"messageTitle":"Merge branch \u0027master\u0027 into RecipeStepBranch","messageBody":"","fileTypesAndContributionMap":{}}]},{"date":"2023-10-19","commitResults":[{"hash":"868d4e3da30a8294519ceb9bf534f6e0ec50df41","isMergeCommit":true,"messageTitle":"Merge branch \u0027master\u0027 into RecipeStepBranch","messageBody":"","fileTypesAndContributionMap":{}},{"hash":"e3d71f57d49b00ccfbed0a923f38e29bc0cc4476","isMergeCommit":true,"messageTitle":"resolve naming Conflict","messageBody":"","fileTypesAndContributionMap":{}},{"hash":"28b7d1360b6f549c75396ba48720d5b5cae8c531","isMergeCommit":true,"messageTitle":"Merge remote-tracking branch \u0027origin/RecipeStepBranch\u0027 into RecipeStepBranch","messageBody":"# Conflicts:\n#\tsrc/main/java/essenmakanan/recipe/RecipeList.java\n","fileTypesAndContributionMap":{}},{"hash":"b7afbb13e68f443d2f2d29b5a8deba6c06548979","isMergeCommit":false,"messageTitle":"resolve naming Conflict","messageBody":"","fileTypesAndContributionMap":{"functional-code":{"insertions":17,"deletions":14}}},{"hash":"805d85a6a44b629562868b9f67e287ab20bd07ec","isMergeCommit":false,"messageTitle":"add assertion to the method getRecipe","messageBody":"","fileTypesAndContributionMap":{"functional-code":{"insertions":1,"deletions":0}}},{"hash":"1269136ca5921cbb5e1c20a092ad44b4c3e2a823","isMergeCommit":true,"messageTitle":"Merge branch \u0027master\u0027 into get-specific-recipe-branch","messageBody":"","fileTypesAndContributionMap":{}},{"hash":"8bf08c1eda79b465ea4f7cee39315369cb60ad14","isMergeCommit":true,"messageTitle":"Merge pull request #35 from Haoyuli2002/get-specific-recipe-branch","messageBody":"Assertions in the method getRecipe, merge the conflict","fileTypesAndContributionMap":{}}]},{"date":"2023-10-25","commitResults":[{"hash":"7a2487684b5f4d40f384838b90d377b3d6e72f00","isMergeCommit":false,"messageTitle":"AddingStepsAsFasterTypers","messageBody":"","fileTypesAndContributionMap":{"functional-code":{"insertions":42,"deletions":11}}},{"hash":"c4d994477ba071a7db9db6905b6c9986efa5b178","isMergeCommit":false,"messageTitle":"AddingStepsAsFasterTypers(Modified)","messageBody":"","fileTypesAndContributionMap":{"functional-code":{"insertions":6,"deletions":4}}},{"hash":"e5db90bdb0ded64e8af8082bff32654c842ac95d","isMergeCommit":false,"messageTitle":"AddingStepsAsFasterTypers(Modified)","messageBody":"","fileTypesAndContributionMap":{"functional-code":{"insertions":29,"deletions":33},"test-code":{"insertions":35,"deletions":0}}}]},{"date":"2023-10-26","commitResults":[{"hash":"ce37a2fa244a8a7d3553257b00daaddd000e31ba","isMergeCommit":false,"messageTitle":"View Specific Recipe","messageBody":"","fileTypesAndContributionMap":{"functional-code":{"insertions":37,"deletions":0}}},{"hash":"882f088a28caeca9ed673b7a34ef6d7be24353b5","isMergeCommit":true,"messageTitle":"Merge branch \u0027master\u0027 of https://github.com/AY2324S1-CS2113-F11-2/tp into ViewSpecificRecipe","messageBody":"","fileTypesAndContributionMap":{}},{"hash":"4cdc3f3334235e47abb9cd01ed97aecfa51faea1","isMergeCommit":false,"messageTitle":"View Specific Recipe(Modified)","messageBody":"","fileTypesAndContributionMap":{"functional-code":{"insertions":6,"deletions":3}}},{"hash":"682761263dd78bb3f55c650e9dd06e10432868f8","isMergeCommit":false,"messageTitle":"DG(Add_Ingredient Sequence Diagram)","messageBody":"","fileTypesAndContributionMap":{"docs":{"insertions":83,"deletions":0}}},{"hash":"a8f627360dd32815f2645c113d9a9e282483571c","isMergeCommit":true,"messageTitle":"Merge pull request #63 from Haoyuli2002/version2","messageBody":"AddingStepsAsFasterTypers","fileTypesAndContributionMap":{}},{"hash":"511faccdb60dcf4009cd0f57ec4c2373cc78c5bf","isMergeCommit":true,"messageTitle":"Merge branch \u0027master\u0027 into AddNewIngredientSequenceDiagram","messageBody":"","fileTypesAndContributionMap":{}}]}],"StanleyW00":[{"date":"2023-10-11","commitResults":[{"hash":"4447268e6ccb1338f632b53165b4bb21c99fdd58","isMergeCommit":true,"messageTitle":"Merge pull request #1 from StanleyW00/master","messageBody":"Add config.yml","fileTypesAndContributionMap":{}}]},{"date":"2023-10-14","commitResults":[{"hash":"8b3c2439f5d1cf825828243014eb49c950d2c752","isMergeCommit":true,"messageTitle":"Merge pull request #13 from Haoyuli2002/RecipeStepBranch","messageBody":"Recipe step branch","fileTypesAndContributionMap":{}}]},{"date":"2023-10-15","commitResults":[{"hash":"6035944c21b046f8cd088fff639b3323a0d74cfb","isMergeCommit":false,"messageTitle":"Add create recipe feature","messageBody":"","fileTypesAndContributionMap":{"functional-code":{"insertions":64,"deletions":13}}},{"hash":"0c64219809d5cb7b43af8066da20547702877eea","isMergeCommit":false,"messageTitle":"Add testing for adding recipes","messageBody":"","fileTypesAndContributionMap":{"functional-code":{"insertions":32,"deletions":0},"test-code":{"insertions":35,"deletions":0}}},{"hash":"20b6f77610183ea67e3604b052000c190bb0414e","isMergeCommit":false,"messageTitle":"Add system exit","messageBody":"","fileTypesAndContributionMap":{"functional-code":{"insertions":1,"deletions":0}}}]},{"date":"2023-10-16","commitResults":[{"hash":"da5360045784c465988318559c89d321b52db980","isMergeCommit":true,"messageTitle":"Merge pull request #14 from StanleyW00/addRecipes","messageBody":"Add creating recipes","fileTypesAndContributionMap":{}}]},{"date":"2023-10-18","commitResults":[{"hash":"7959531690b3e7ddc94364fe4069b6e409951068","isMergeCommit":true,"messageTitle":"Merge pull request #24 from kaijie0102/master","messageBody":"Create ui class to handle user interaction","fileTypesAndContributionMap":{}},{"hash":"b405e606c842c9f4b92dcb0bb803f45779eb2958","isMergeCommit":true,"messageTitle":"Merge pull request #27 from kaijie0102/master","messageBody":"Fix minor bug","fileTypesAndContributionMap":{}},{"hash":"8eb5ee1e1256bd6dd9bae39af2aa2eb5e7cdb2d4","isMergeCommit":false,"messageTitle":"Enable assertions","messageBody":"","fileTypesAndContributionMap":{"other":{"insertions":1,"deletions":0}}},{"hash":"e1950bf2749c44d2852c5fc3d189ed4618cfa9cb","isMergeCommit":false,"messageTitle":"Standerdise recipe related methods","messageBody":"","fileTypesAndContributionMap":{"functional-code":{"insertions":5,"deletions":4}}},{"hash":"b7c148fca9ffde787c876a6b61b63367f4e03a65","isMergeCommit":false,"messageTitle":"Add get specific recipe method","messageBody":"","fileTypesAndContributionMap":{"functional-code":{"insertions":4,"deletions":0}}},{"hash":"f469c2de2df52ed8b537ac0e9224939feedcf3b0","isMergeCommit":false,"messageTitle":"Modify add recipe test","messageBody":"","fileTypesAndContributionMap":{"test-code":{"insertions":12,"deletions":13}}},{"hash":"f1326a5314e2209d0ace69c424ea49ff7b05d5c6","isMergeCommit":false,"messageTitle":"Delete whitespace","messageBody":"","fileTypesAndContributionMap":{"functional-code":{"insertions":0,"deletions":1}}},{"hash":"32eac014ebdfa5d74c95888e1f615aac4bb39dcb","isMergeCommit":false,"messageTitle":"Rename add recipe test method","messageBody":"","fileTypesAndContributionMap":{"test-code":{"insertions":1,"deletions":1}}},{"hash":"6d90533ce88e5f6d8192158159232cc52b5e19f2","isMergeCommit":false,"messageTitle":"Add assertions to RecipeList class","messageBody":"","fileTypesAndContributionMap":{"functional-code":{"insertions":6,"deletions":9}}},{"hash":"43d05f869b2577aa17c35e23966d728015a4a1b5","isMergeCommit":false,"messageTitle":"Edit text ui test","messageBody":"","fileTypesAndContributionMap":{"functional-code":{"insertions":3,"deletions":2}}},{"hash":"5534fe721164591172c0fa0dce02704a49113be2","isMergeCommit":false,"messageTitle":"Fix bug related to ui test","messageBody":"","fileTypesAndContributionMap":{"functional-code":{"insertions":5,"deletions":5}}},{"hash":"6783f26062c4cc6302aecc2aa19b9edfa7b8d078","isMergeCommit":false,"messageTitle":"Create add recipe command class","messageBody":"","fileTypesAndContributionMap":{"functional-code":{"insertions":58,"deletions":5}}},{"hash":"a1f5fa5023d530ae517d097329282f18fbe9b153","isMergeCommit":false,"messageTitle":"Create add ingredient command class","messageBody":"","fileTypesAndContributionMap":{"functional-code":{"insertions":44,"deletions":0}}},{"hash":"b3fdb4626da86913fea35d5b5f5c183bf164dc9f","isMergeCommit":false,"messageTitle":"Modify main function","messageBody":"","fileTypesAndContributionMap":{"functional-code":{"insertions":27,"deletions":19}}},{"hash":"c8ed1dd8157c61235f14e682376c8b8180b4e918","isMergeCommit":false,"messageTitle":"Fix some style errors","messageBody":"","fileTypesAndContributionMap":{"functional-code":{"insertions":3,"deletions":2}}}]},{"date":"2023-10-19","commitResults":[{"hash":"f0afcf37a3cbdc09d3a4655c92cd2dd39abad24f","isMergeCommit":false,"messageTitle":"Modify command classes","messageBody":"","fileTypesAndContributionMap":{"functional-code":{"insertions":27,"deletions":47}}},{"hash":"d982bca0df68a7dba2767e94e51a701a3c42e5fa","isMergeCommit":false,"messageTitle":"Add view recipes and ingredients class","messageBody":"","fileTypesAndContributionMap":{"functional-code":{"insertions":69,"deletions":15}}},{"hash":"e2bbcb06de5faee78a55a181a18b61c5cfceff53","isMergeCommit":false,"messageTitle":"Modify ingredient list test","messageBody":"","fileTypesAndContributionMap":{"test-code":{"insertions":2,"deletions":1}}},{"hash":"489c6901eb18e5e5ec5a1eec8ef1fd567ca55305","isMergeCommit":false,"messageTitle":"Remame print recipes method","messageBody":"","fileTypesAndContributionMap":{"functional-code":{"insertions":7,"deletions":3}}},{"hash":"94629b58743f88735a57da32299da95c2e3412a7","isMergeCommit":true,"messageTitle":"Merge pull request #34 from StanleyW00/17-add-Command","messageBody":"Add command classes","fileTypesAndContributionMap":{}},{"hash":"467e71ae6979505fc6e44a951f3d88e2fe616c9d","isMergeCommit":false,"messageTitle":"Modify the flow of main class","messageBody":"","fileTypesAndContributionMap":{"functional-code":{"insertions":92,"deletions":93}}},{"hash":"b34a3ba4e0082f8351c230d202aa8a7949a86c11","isMergeCommit":false,"messageTitle":"Create exit command class","messageBody":"","fileTypesAndContributionMap":{"functional-code":{"insertions":27,"deletions":3}}},{"hash":"e9c7037ac8588d82df8817e5d973af90a35c81a8","isMergeCommit":false,"messageTitle":"Add help command class","messageBody":"","fileTypesAndContributionMap":{"functional-code":{"insertions":25,"deletions":6}}},{"hash":"dc51db2062b67b71277e6434a373e8400b17aefc","isMergeCommit":false,"messageTitle":"Add format exception","messageBody":"","fileTypesAndContributionMap":{"functional-code":{"insertions":11,"deletions":3}}},{"hash":"476857f5b3edccf28a664678e369c8da45ce587c","isMergeCommit":false,"messageTitle":"Fix exception bug","messageBody":"","fileTypesAndContributionMap":{"functional-code":{"insertions":2,"deletions":3}}},{"hash":"f9f4ac53caea4bc335f07bcba34023ac4665163a","isMergeCommit":false,"messageTitle":"Fix style error in parser","messageBody":"","fileTypesAndContributionMap":{"functional-code":{"insertions":7,"deletions":1}}},{"hash":"a29fed49e4a1ff83c871627578fa971fdca44d55","isMergeCommit":false,"messageTitle":"Add logs in main","messageBody":"","fileTypesAndContributionMap":{"functional-code":{"insertions":12,"deletions":0}}},{"hash":"8694442c12f02d05c307ad928c9d18eab61a8c3a","isMergeCommit":true,"messageTitle":"Merge branch \u0027master\u0027 of https://github.com/AY2324S1-CS2113-F11-2/tp into revamp-main","messageBody":"# Conflicts:\n#\tsrc/main/java/essenmakanan/EssenMakanan.java\n#\tsrc/main/java/essenmakanan/command/ViewIngredientsCommand.java\n#\tsrc/main/java/essenmakanan/command/ViewRecipesCommand.java\n#\tsrc/main/java/essenmakanan/ui/Ui.java\n","fileTypesAndContributionMap":{}},{"hash":"ddb8ed79228787717d3717a27c8c7d2856a9c463","isMergeCommit":false,"messageTitle":"Fix checkstyle error","messageBody":"","fileTypesAndContributionMap":{"functional-code":{"insertions":2,"deletions":4}}},{"hash":"49886a9af346d347beb591f9d141d7ddec4b2e2e","isMergeCommit":false,"messageTitle":"Disable log","messageBody":"","fileTypesAndContributionMap":{"functional-code":{"insertions":5,"deletions":5}}},{"hash":"f2b66ff03c70e87e285dd6e36136af284177fc18","isMergeCommit":false,"messageTitle":"Fix checkstyle issue in main","messageBody":"","fileTypesAndContributionMap":{"functional-code":{"insertions":1,"deletions":1}}}]},{"date":"2023-10-20","commitResults":[{"hash":"d37387f4af5bf7381b8632d26ae0efcd4df85658","isMergeCommit":false,"messageTitle":"Change the way to check exit command","messageBody":"","fileTypesAndContributionMap":{"functional-code":{"insertions":15,"deletions":24}}},{"hash":"34d5a1a7d84ef36ed9962c923d7a50cb561045df","isMergeCommit":false,"messageTitle":"Modify execute command classes","messageBody":"","fileTypesAndContributionMap":{"functional-code":{"insertions":31,"deletions":30}}}]},{"date":"2023-10-21","commitResults":[{"hash":"81d3738bff91e93398d9056fa244cb1ed7aae8b7","isMergeCommit":false,"messageTitle":"Move parser specific methods to their own classes","messageBody":"","fileTypesAndContributionMap":{"functional-code":{"insertions":13,"deletions":11}}}]},{"date":"2023-10-24","commitResults":[{"hash":"94cada6dda2861b0c319c1effd9a5d6593369052","isMergeCommit":true,"messageTitle":"Merge pull request #53 from charkty/documentation/developerGuide","messageBody":"Add template for Developer and User Guide","fileTypesAndContributionMap":{}},{"hash":"0bbf94674e19f6a4ebd80fd6b01cf4e901ed61ec","isMergeCommit":false,"messageTitle":"Modify and add new styles","messageBody":"","fileTypesAndContributionMap":{"docs":{"insertions":14,"deletions":2}}},{"hash":"48d451c5ba280939efe8652a24521e1e6ed1682d","isMergeCommit":false,"messageTitle":"Create sequence diagram","messageBody":"","fileTypesAndContributionMap":{"docs":{"insertions":55,"deletions":0}}}]},{"date":"2023-10-25","commitResults":[{"hash":"2d6a4537881e071fdb6420d300a07edb0600fbe6","isMergeCommit":false,"messageTitle":"Update developer guide","messageBody":"","fileTypesAndContributionMap":{"docs":{"insertions":25,"deletions":1}}},{"hash":"0ac6f0d05422dc59f40d49ba89545ec322f7f539","isMergeCommit":false,"messageTitle":"Change diagram","messageBody":"","fileTypesAndContributionMap":{"docs":{"insertions":0,"deletions":1}}}]},{"date":"2023-10-27","commitResults":[{"hash":"899594b944fd0038b62e06e42a32ffc9b4d4a2da","isMergeCommit":false,"messageTitle":"Improve readibility for ingredient","messageBody":"","fileTypesAndContributionMap":{"functional-code":{"insertions":6,"deletions":1}}},{"hash":"71520876d450c54d8b01d1f08c050edfebfcd16d","isMergeCommit":false,"messageTitle":"Update user guide related to ingredients","messageBody":"","fileTypesAndContributionMap":{"functional-code":{"insertions":0,"deletions":2},"docs":{"insertions":43,"deletions":12}}},{"hash":"d89ddc269fecbfe5bd2931a7e9c428e7bede8f65","isMergeCommit":false,"messageTitle":"Add assert for add recipe","messageBody":"","fileTypesAndContributionMap":{"functional-code":{"insertions":1,"deletions":0}}},{"hash":"4409f78f14c470c7f6ed8d0f92e0d2a62b28e130","isMergeCommit":false,"messageTitle":"Add assert in adding recipe","messageBody":"","fileTypesAndContributionMap":{"functional-code":{"insertions":4,"deletions":4}}},{"hash":"96f06972f875cf2afdbc1a41ac420e002ff55541","isMergeCommit":true,"messageTitle":"Merge pull request #90 from StanleyW00/assert-add-recipe","messageBody":"Add assert in adding recipe","fileTypesAndContributionMap":{}}]}],"charkty":[{"date":"2023-09-29","commitResults":[{"hash":"cc8c5bbae9ff17889a536d59a1fe4dc527a67271","isMergeCommit":false,"messageTitle":"Inital Commit","messageBody":"","fileTypesAndContributionMap":{"functional-code":{"insertions":28,"deletions":0},"other":{"insertions":2,"deletions":5}}},{"hash":"dd6b60ad98d01c3e27a8a136d064cab3c7a2f223","isMergeCommit":false,"messageTitle":"Rename main class","messageBody":"","fileTypesAndContributionMap":{"other":{"insertions":2,"deletions":2}}},{"hash":"6e53e38d3d90145bb549a942ff3ddcbaf0b00f26","isMergeCommit":false,"messageTitle":"Change directory in build.gradle","messageBody":"","fileTypesAndContributionMap":{"other":{"insertions":2,"deletions":2}}},{"hash":"cc19609329761b12f39ea60a3852c6d2383a28ed","isMergeCommit":true,"messageTitle":"Merge pull request #1 from charkty/master","messageBody":"Inital Commit","fileTypesAndContributionMap":{}}]},{"date":"2023-10-17","commitResults":[{"hash":"9ee9475bcea3849656b21a218ce39af821019a92","isMergeCommit":false,"messageTitle":"Add Ingredient and IngredientList class","messageBody":"","fileTypesAndContributionMap":{"functional-code":{"insertions":49,"deletions":0}}},{"hash":"e62273d8150c1d3fd87c76a033f26ba44238f9d7","isMergeCommit":false,"messageTitle":"Simplify listIngredient\u0027s for loop","messageBody":"","fileTypesAndContributionMap":{"functional-code":{"insertions":2,"deletions":4}}},{"hash":"60d2a78737c00ba51fa302016588b02ed1801610","isMergeCommit":false,"messageTitle":"Change \u0027qty\u0027 naming and addIngredient() function","messageBody":"","fileTypesAndContributionMap":{"functional-code":{"insertions":8,"deletions":8}}},{"hash":"06a8fc3adcbd4ecdb262d813b07285b18d470a95","isMergeCommit":false,"messageTitle":"Add exception and IngredientListTest","messageBody":"","fileTypesAndContributionMap":{"functional-code":{"insertions":14,"deletions":0},"test-code":{"insertions":31,"deletions":0}}},{"hash":"3aa7bf85c7604d1b0927edad2f87672f09c841f7","isMergeCommit":false,"messageTitle":"Remove unused imports","messageBody":"","fileTypesAndContributionMap":{"functional-code":{"insertions":0,"deletions":2},"test-code":{"insertions":0,"deletions":3}}},{"hash":"25c4d225243f0b7571e39e74aeefdf87fdce6bc3","isMergeCommit":false,"messageTitle":"Change import to correct format","messageBody":"","fileTypesAndContributionMap":{"test-code":{"insertions":1,"deletions":1}}}]},{"date":"2023-10-18","commitResults":[{"hash":"ddfb2b196a0f5380863af3f10f9a689d30e96d93","isMergeCommit":true,"messageTitle":"Merge pull request #31 from StanleyW00/refactorAddRecipes","messageBody":"Refactor add recipes","fileTypesAndContributionMap":{}}]},{"date":"2023-10-19","commitResults":[{"hash":"e7832c36ff1c6607371a6d41b1200997bfcb3854","isMergeCommit":true,"messageTitle":"Merge pull request #33 from kaijie0102/master","messageBody":"Fix bugs and merge conflicts","fileTypesAndContributionMap":{}},{"hash":"57096d1886b6e74cde0786059ef4ef25b03fd0d9","isMergeCommit":false,"messageTitle":"Add ingredient parser","messageBody":"","fileTypesAndContributionMap":{"functional-code":{"insertions":75,"deletions":46},"other":{"insertions":6,"deletions":9},"test-code":{"insertions":29,"deletions":2}}},{"hash":"af8dbd445b5bda4920c82164f168434903354368","isMergeCommit":false,"messageTitle":"Remove unused imports","messageBody":"","fileTypesAndContributionMap":{"functional-code":{"insertions":0,"deletions":4}}},{"hash":"feb3b6b8dad2cd21dfe94cf79972429da0428065","isMergeCommit":false,"messageTitle":"Resolve checkstyle problems","messageBody":"","fileTypesAndContributionMap":{"functional-code":{"insertions":3,"deletions":6}}},{"hash":"754f337d20268d2b308c99f77c8cc954c7c755a0","isMergeCommit":true,"messageTitle":"Merge pull request #42 from charkty/parser/Ingredient","messageBody":"Add ingredient parser and edit Ui","fileTypesAndContributionMap":{}}]},{"date":"2023-10-21","commitResults":[{"hash":"934e0093cb12c72ed4f0abf069808da5067d9c56","isMergeCommit":true,"messageTitle":"Merge pull request #51 from StanleyW00/modify-logic-command","messageBody":"[Enhancement] Modify logic command","fileTypesAndContributionMap":{}}]},{"date":"2023-10-24","commitResults":[{"hash":"9eda75c9cc09a7191362d46958b0e8fdf337df70","isMergeCommit":false,"messageTitle":"Add template for Developer and User Guide","messageBody":"","fileTypesAndContributionMap":{"docs":{"insertions":201,"deletions":12}}},{"hash":"0575003df7a547e9d30f1b6bd28ae33010d0c49c","isMergeCommit":true,"messageTitle":"Merge pull request #52 from StanleyW00/refactor-parser","messageBody":"Refactor parser","fileTypesAndContributionMap":{}}]},{"date":"2023-10-25","commitResults":[{"hash":"1a83a29c35a2908d5d0e3fd93c8dfcd3ae13471b","isMergeCommit":true,"messageTitle":"Merge pull request #59 from kaijie0102/master","messageBody":"Parser integration and enhancement of Ingredient class","fileTypesAndContributionMap":{}},{"hash":"f5866525c5ca4365951cdd89e71e9c15d3950432","isMergeCommit":false,"messageTitle":"Update features for user guide","messageBody":"","fileTypesAndContributionMap":{"docs":{"insertions":74,"deletions":3}}}]},{"date":"2023-10-26","commitResults":[{"hash":"21f2f24a20d8e185260f18739bc298516fd64b12","isMergeCommit":false,"messageTitle":"Create sequence diagram for help function","messageBody":"","fileTypesAndContributionMap":{"docs":{"insertions":43,"deletions":0}}},{"hash":"68e79d8aaef5b66167526bf612879c8b4e7ddc70","isMergeCommit":false,"messageTitle":"Reformat","messageBody":"","fileTypesAndContributionMap":{"docs":{"insertions":1,"deletions":6}}},{"hash":"9e34856934552e225df6b8c96ad062d015c914ef","isMergeCommit":true,"messageTitle":"Merge pull request #64 from StanleyW00/add-new-recipe-diagram","messageBody":"Add new recipe diagram","fileTypesAndContributionMap":{}},{"hash":"65bf693b5b916e63b184ffd9302a2683e1b20928","isMergeCommit":false,"messageTitle":"Add showCommands() to sequence diagram","messageBody":"","fileTypesAndContributionMap":{"docs":{"insertions":1,"deletions":1}}},{"hash":"cf9a6619ca7afd707f5cf28f4bfe1a3082550f8f","isMergeCommit":true,"messageTitle":"Merge branch \u0027master\u0027 into documentation/developerGuide","messageBody":"","fileTypesAndContributionMap":{}},{"hash":"034c51e5b6852c41948861da715aaa064fa49f78","isMergeCommit":false,"messageTitle":"Create developer guide\u0027s help feature implementation","messageBody":"","fileTypesAndContributionMap":{"docs":{"insertions":12,"deletions":7}}},{"hash":"c21aa1564aef1125063a3320fcb3a52f12342d85","isMergeCommit":false,"messageTitle":"Add Delete command in Parser","messageBody":"","fileTypesAndContributionMap":{"functional-code":{"insertions":48,"deletions":2}}},{"hash":"aff6c22bbae4029740f693e6c50bcbec03923f09","isMergeCommit":true,"messageTitle":"Solve merge conflicts","messageBody":"","fileTypesAndContributionMap":{}},{"hash":"b6436b9f03fec96ec7c9259361bb694edd498aad","isMergeCommit":false,"messageTitle":"Create delete ingredient function","messageBody":"","fileTypesAndContributionMap":{"functional-code":{"insertions":106,"deletions":25},"test-code":{"insertions":2,"deletions":2}}},{"hash":"4de8da08513a047f4762b0ee493a99e489091ca3","isMergeCommit":false,"messageTitle":"Handle exceptions for delete command","messageBody":"","fileTypesAndContributionMap":{"functional-code":{"insertions":55,"deletions":11}}},{"hash":"856a27fb0cfc917708e3701d659a41c2ace94622","isMergeCommit":false,"messageTitle":"Solve issues in delete command","messageBody":"","fileTypesAndContributionMap":{"functional-code":{"insertions":50,"deletions":40},"test-code":{"insertions":133,"deletions":0}}},{"hash":"f3d8ca29c8e5a7f88e3169d024043545c633632f","isMergeCommit":false,"messageTitle":"Clean up delete command","messageBody":"","fileTypesAndContributionMap":{"functional-code":{"insertions":4,"deletions":3},"test-code":{"insertions":0,"deletions":133}}},{"hash":"e7ce1eed6ccd66d9e17951ba37a3599b9d45a8cb","isMergeCommit":false,"messageTitle":"Add relevant imports","messageBody":"","fileTypesAndContributionMap":{"functional-code":{"insertions":15,"deletions":4}}},{"hash":"3f19c22122db10d4d155e722a6f469f5c510f2c7","isMergeCommit":false,"messageTitle":"Correct checkstyle error","messageBody":"","fileTypesAndContributionMap":{"functional-code":{"insertions":0,"deletions":1}}},{"hash":"0c4ecb8292c37c0551281a6a812dab75ad6d0207","isMergeCommit":true,"messageTitle":"Merge branch \u0027master\u0027 into feature/deleteIngredient","messageBody":"","fileTypesAndContributionMap":{}},{"hash":"3d10cafeea3ec35ff2b1d074822f196ae91a4428","isMergeCommit":false,"messageTitle":"Change checkstyle errors","messageBody":"","fileTypesAndContributionMap":{"test-code":{"insertions":5,"deletions":5}}},{"hash":"bbfd1d36d9e0a40a3002304d9c381f96f9da804b","isMergeCommit":false,"messageTitle":"Add delete command to start message","messageBody":"","fileTypesAndContributionMap":{"functional-code":{"insertions":16,"deletions":12}}},{"hash":"d2704f80e2a20a8035dafb3c1fe641748a5612e6","isMergeCommit":false,"messageTitle":"Rectify long sentence","messageBody":"","fileTypesAndContributionMap":{"functional-code":{"insertions":3,"deletions":2}}},{"hash":"1726122f2f2cb3839caf48c407d2308ec539bc00","isMergeCommit":true,"messageTitle":"Merge pull request #68 from kaijie0102/branch-ingredient-qty-unit","messageBody":"Junit test to add multiple ingredients in one line","fileTypesAndContributionMap":{}},{"hash":"065b6372cc43931899da1f312369130313c21e22","isMergeCommit":false,"messageTitle":"Tidy showCommands() in Ui","messageBody":"","fileTypesAndContributionMap":{"functional-code":{"insertions":26,"deletions":14}}},{"hash":"dc706dd319c03cb51b0343244e76552fa3b6dee8","isMergeCommit":false,"messageTitle":"Standardise everything to index","messageBody":"","fileTypesAndContributionMap":{"functional-code":{"insertions":28,"deletions":31}}},{"hash":"6c8ae679dc55ad19b0738416da300b09d0987f68","isMergeCommit":true,"messageTitle":"Resolve merge conflict","messageBody":"","fileTypesAndContributionMap":{}},{"hash":"0dedaf9ea6c7781cb66e89696e5f4a1a3e2981c1","isMergeCommit":true,"messageTitle":"Merge pull request #76 from kaijie0102/master","messageBody":"Update developer guide for viewing ingredients","fileTypesAndContributionMap":{}},{"hash":"a8908ee81fd9023042048bd8fc4e084379345bbb","isMergeCommit":false,"messageTitle":"Create exit sequence diagram","messageBody":"","fileTypesAndContributionMap":{"docs":{"insertions":41,"deletions":0}}},{"hash":"957260f4262da7513f655e8ac7587c65bd7b8529","isMergeCommit":false,"messageTitle":"Add steps for help feature","messageBody":"","fileTypesAndContributionMap":{"docs":{"insertions":25,"deletions":2}}},{"hash":"1763b6788b0ea138d9a178dfd7def1ec8bb366a6","isMergeCommit":false,"messageTitle":"Add steps for exit command","messageBody":"","fileTypesAndContributionMap":{"docs":{"insertions":28,"deletions":0}}},{"hash":"03ae637bf4eba4c7ed3f500547ca3cfa5f88cf37","isMergeCommit":true,"messageTitle":"Merge pull request #77 from kaijie0102/master","messageBody":"Add sequence diagram for viewing all recipes and updating DG","fileTypesAndContributionMap":{}},{"hash":"d5f9312405b523e3e00a0f16cf247b11e4175bc9","isMergeCommit":true,"messageTitle":"Resolve merge conflict","messageBody":"","fileTypesAndContributionMap":{}}]},{"date":"2023-10-27","commitResults":[{"hash":"74a474c6cf47c27fdbf1464e7d98e3200c8e9a02","isMergeCommit":true,"messageTitle":"Merge pull request #79 from kaijie0102/master","messageBody":"Improve view ingredients documentation","fileTypesAndContributionMap":{}},{"hash":"0e122d5253e5901139feb79b7d61c38786ccb88e","isMergeCommit":true,"messageTitle":"Merge pull request #83 from StanleyW00/second-half-ug","messageBody":"Update ingredient UG","fileTypesAndContributionMap":{}}]}]},"authorFileTypeContributionMap":{"kaijie0102":{"docs":192,"functional-code":319,"test-code":187},"Haoyuli2002":{"docs":82,"functional-code":104,"test-code":30},"StanleyW00":{"docs":120,"functional-code":318,"test-code":33,"other":1},"charkty":{"docs":379,"functional-code":365,"test-code":57,"other":2}},"authorContributionVariance":{"kaijie0102":19223.025,"Haoyuli2002":1191.8975,"StanleyW00":7886.7275,"charkty":25574.121},"authorDisplayNameMap":{"kaijie0102":"CS2113-F11-2 LEOW.. JIE","Haoyuli2002":"CS2113-F11-2 LI H..AOYU","StanleyW00":"CS2113-F11-2 STAN..JAYA","charkty":"CS2113-F11-2 CHAR..G YU"}}
