{"authorDailyContributionsMap":{"kaijie0102":[{"date":"2023-10-17","commitResults":[{"hash":"1801a4716290f9e5bca33037ef07a1a3cf499655","isMergeCommit":true,"messageTitle":"Merge pull request #18 from Haoyuli2002/RecipeStepBranch","messageBody":"Recipe step branch","fileTypesAndContributionMap":{}},{"hash":"5a3d7f322e8b5bbbcf1be7d1f0f10d968e67954e","isMergeCommit":true,"messageTitle":"Merge pull request #19 from charkty/feature/addIngredient","messageBody":"Add Ingredient and IngredientList class","fileTypesAndContributionMap":{}},{"hash":"872e6fd20ad09bd7823e87bcb5de1906339a9d51","isMergeCommit":true,"messageTitle":"Merge pull request #21 from charkty/feature/addIngredient","messageBody":"Add exception and IngredientListTest","fileTypesAndContributionMap":{}}]},{"date":"2023-10-18","commitResults":[{"hash":"958010ae127af64874f2d5da5852dc1a87c93e9b","isMergeCommit":false,"messageTitle":"Create ui class to enable user interaction","messageBody":"","fileTypesAndContributionMap":{"functional-code":{"insertions":131,"deletions":17}}},{"hash":"d828b715dd9e52b1365b19547f381ced4a208c8c","isMergeCommit":false,"messageTitle":"Small bug fix","messageBody":"","fileTypesAndContributionMap":{"functional-code":{"insertions":1,"deletions":1}}},{"hash":"2b3c01d0a09d35ce6551f7c7a60aeee809b0f008","isMergeCommit":false,"messageTitle":"Fix minor bug","messageBody":"","fileTypesAndContributionMap":{"functional-code":{"insertions":1,"deletions":1}}},{"hash":"308bc065f802679c73cbe0261befae64628d2e33","isMergeCommit":false,"messageTitle":"Standardise method naming, parameters and behaviours","messageBody":"","fileTypesAndContributionMap":{"functional-code":{"insertions":24,"deletions":18}}},{"hash":"fcb0b569414b36c476e00058a077c0ff47ffe159","isMergeCommit":false,"messageTitle":"Fix GitHub CI checks","messageBody":"","fileTypesAndContributionMap":{"functional-code":{"insertions":4,"deletions":2}}},{"hash":"85ba159f3990a6f1b91390c94740c9ff4430e848","isMergeCommit":false,"messageTitle":"Fix missing input bug","messageBody":"","fileTypesAndContributionMap":{"functional-code":{"insertions":3,"deletions":3}}},{"hash":"4368146baf4ceedaf3f24b5fd914e1b48e81fafc","isMergeCommit":false,"messageTitle":"Attempt to fix input bug","messageBody":"","fileTypesAndContributionMap":{"functional-code":{"insertions":11,"deletions":2}}},{"hash":"c5625386eb421d90cb4b1158c67166eae82d5657","isMergeCommit":false,"messageTitle":"Attempt to fix bug","messageBody":"","fileTypesAndContributionMap":{"functional-code":{"insertions":3,"deletions":3}}},{"hash":"1dff123f5521cb2e34b51bdc27ab0235e4927144","isMergeCommit":true,"messageTitle":"Fix merge conflicts","messageBody":"","fileTypesAndContributionMap":{}},{"hash":"bb822b9e0f6598a03169088cf0901625813c9e6b","isMergeCommit":false,"messageTitle":"Enhance test case","messageBody":"","fileTypesAndContributionMap":{"test-code":{"insertions":5,"deletions":0}}}]},{"date":"2023-10-19","commitResults":[{"hash":"dd8a95e34f726ec05ae6c7762cd7d0dac3e7d1bd","isMergeCommit":false,"messageTitle":"Add RecipeParser to partse details related to recipes","messageBody":"","fileTypesAndContributionMap":{"functional-code":{"insertions":35,"deletions":28},"test-code":{"insertions":31,"deletions":0}}},{"hash":"ef7a08cf0dca373d82aa22cef9d174a86e8875c3","isMergeCommit":true,"messageTitle":"Fix merge conflicts","messageBody":"","fileTypesAndContributionMap":{}},{"hash":"37cc4905bd1a76fed4c8be95eeafcf70ae0b292c","isMergeCommit":false,"messageTitle":"Add exception class for our program","messageBody":"","fileTypesAndContributionMap":{"functional-code":{"insertions":10,"deletions":1}}},{"hash":"a9f9a12bf02a0da03ecf1b66f6060102ae617235","isMergeCommit":false,"messageTitle":"Update RecipeParser to fix merge conflicts","messageBody":"","fileTypesAndContributionMap":{"functional-code":{"insertions":4,"deletions":1}}},{"hash":"caa16ccd00aca634840787e86e80704805468285","isMergeCommit":false,"messageTitle":"Fix checkstyle error","messageBody":"","fileTypesAndContributionMap":{"functional-code":{"insertions":2,"deletions":2}}},{"hash":"75ddb64e4621b4b7d81ba5b9d4608172ca916c13","isMergeCommit":false,"messageTitle":"Make test more realistic and readable","messageBody":"","fileTypesAndContributionMap":{"test-code":{"insertions":3,"deletions":1}}},{"hash":"5edd5795c389b9d6e746797a3e2a59879bad5462","isMergeCommit":false,"messageTitle":"Make code more defensive and increase SRP of UI","messageBody":"","fileTypesAndContributionMap":{"functional-code":{"insertions":14,"deletions":3}}},{"hash":"cb0405d82bf5ed86c7bac3f150dd83e2fa72cd97","isMergeCommit":false,"messageTitle":"Improve code quality","messageBody":"","fileTypesAndContributionMap":{"functional-code":{"insertions":0,"deletions":1}}},{"hash":"a26a138e088ad8c12e5f6710a974539f0513e8af","isMergeCommit":true,"messageTitle":"Merge pull request #46 from kaijie0102/master","messageBody":"Make code more defensive and increase SRP of UI","fileTypesAndContributionMap":{}},{"hash":"69f66bad39932e899e22452a26ea98933ee83290","isMergeCommit":true,"messageTitle":"Merge pull request #44 from StanleyW00/revamp-main","messageBody":"Revamp main","tags":["v1.0"],"fileTypesAndContributionMap":{}}]},{"date":"2023-10-25","commitResults":[{"hash":"94035ee43f93ce3256ad539b09c533ba00b4b94f","isMergeCommit":false,"messageTitle":"Integration of general to ingredient parsers and tracking quantity of ingredients","messageBody":"","fileTypesAndContributionMap":{"functional-code":{"insertions":139,"deletions":48},"other":{"insertions":1,"deletions":1},"test-code":{"insertions":1,"deletions":2}}},{"hash":"a2ce8094d67c5545ead4326c3f4b12b0d56e445f","isMergeCommit":false,"messageTitle":"Fix Junit tests","messageBody":"","fileTypesAndContributionMap":{"functional-code":{"insertions":8,"deletions":0},"test-code":{"insertions":4,"deletions":10}}},{"hash":"2437c60cd3aea233234d7309bdc98b0475c7bfc2","isMergeCommit":false,"messageTitle":"Edit ingredient functionality","messageBody":"","fileTypesAndContributionMap":{"functional-code":{"insertions":113,"deletions":7},"test-code":{"insertions":2,"deletions":2}}},{"hash":"8ca1bbe8f763d951b0ffe156460550ba17a36b67","isMergeCommit":false,"messageTitle":"Fix checkstyle","messageBody":"","fileTypesAndContributionMap":{"functional-code":{"insertions":0,"deletions":2}}}]},{"date":"2023-10-26","commitResults":[{"hash":"6a05f8e3eb202a026fc6f5a0cd1ee80042ee8fa5","isMergeCommit":false,"messageTitle":"Improve ingredient functionality","messageBody":"","fileTypesAndContributionMap":{"functional-code":{"insertions":47,"deletions":40}}},{"hash":"bc0f81ac42b40c9f8056607cf5ab85912fda920e","isMergeCommit":true,"messageTitle":"Merge pull request #60 from kaijie0102/branch-edit-ingredient","messageBody":"Edit ingredient objects","fileTypesAndContributionMap":{}},{"hash":"ceacd10e114138782c64a4b1602e66429b4a0e0b","isMergeCommit":true,"messageTitle":"Merge pull request #66 from charkty/documentation/developerGuide","messageBody":"Add features for user guide and help function for developer guide","fileTypesAndContributionMap":{}},{"hash":"e96abe8b5df2966f02e294393fe55f9d2bdb8858","isMergeCommit":false,"messageTitle":"Junit tests and exceptions for editing ingredients","messageBody":"","fileTypesAndContributionMap":{"functional-code":{"insertions":8,"deletions":3},"other":{"insertions":1,"deletions":3},"test-code":{"insertions":73,"deletions":0}}},{"hash":"3a3043a328c6fafef882b910ac114939a88658ba","isMergeCommit":false,"messageTitle":"Add test edit multiple fields","messageBody":"","fileTypesAndContributionMap":{"test-code":{"insertions":27,"deletions":9}}},{"hash":"1d10e8b712de2919378468172ae6cb9052329081","isMergeCommit":false,"messageTitle":"Junit test to add multiple ingredients in one line","messageBody":"","fileTypesAndContributionMap":{"test-code":{"insertions":61,"deletions":1}}},{"hash":"7a507fba6261a5477c478847986f54b2a5157c36","isMergeCommit":true,"messageTitle":"Merge pull request #67 from kaijie0102/branch-edit-ingredient","messageBody":"Junit tests and exceptions for editing ingredients","fileTypesAndContributionMap":{}},{"hash":"7e8eb77965f25a706b0d94cccd877d1b5985721a","isMergeCommit":true,"messageTitle":"Merge branch \u0027master\u0027 into branch-ingredient-qty-unit","messageBody":"","fileTypesAndContributionMap":{}},{"hash":"068dd7ad843060a670a7c1eb6ecece07273e5edc","isMergeCommit":false,"messageTitle":"Simplify sequence diagram","messageBody":"","fileTypesAndContributionMap":{"docs":{"insertions":9,"deletions":9}}},{"hash":"fd7246a8165e8eb02bbd2ca88abffa61464ac43a","isMergeCommit":false,"messageTitle":"Update developer guide including a sequence diagram","messageBody":"","fileTypesAndContributionMap":{"docs":{"insertions":118,"deletions":17}}},{"hash":"e9f666d5bdb3ef55b7819fbcf55d9aacb2c5492c","isMergeCommit":true,"messageTitle":"Merge branch \u0027master\u0027 of https://github.com/AY2324S1-CS2113-F11-2/tp","messageBody":"","fileTypesAndContributionMap":{}},{"hash":"460eee6ce4ec2e0a87e87301f8f66a6aff8921a6","isMergeCommit":false,"messageTitle":"Revert \"Update developer guide including a sequence diagram\"","messageBody":"This reverts commit fd7246a8165e8eb02bbd2ca88abffa61464ac43a.\n","fileTypesAndContributionMap":{"docs":{"insertions":17,"deletions":118}}},{"hash":"a39f31e112b69867ac5c07b0cb6afdcdd0502ab1","isMergeCommit":true,"messageTitle":"Merge pull request #73 from Haoyuli2002/AddNewIngredientSequenceDiagram","messageBody":"Add new ingredient sequence diagram and modified other changes","fileTypesAndContributionMap":{}},{"hash":"f96f1d538fe59022ab0d8b12b2efbd89fd0f1f38","isMergeCommit":true,"messageTitle":"Merge pull request #74 from charkty/feature/deleteIngredient","messageBody":"Add feature for deleting ingredient and recipe","fileTypesAndContributionMap":{}},{"hash":"774d5c426cefdcfcb7ba3d1e83bdecadb41ba589","isMergeCommit":false,"messageTitle":"Add sequence diagram for viewing all ingredients","messageBody":"","fileTypesAndContributionMap":{"docs":{"insertions":51,"deletions":0}}},{"hash":"c963317a51065308b9b4d4e9cf1aa63571d23e6c","isMergeCommit":false,"messageTitle":"Add implementation of view all ingredients","messageBody":"","fileTypesAndContributionMap":{"docs":{"insertions":23,"deletions":0}}},{"hash":"4779abfada4b4a57112948008faeabfd4b15b1af","isMergeCommit":false,"messageTitle":"Improve sequence diagram","messageBody":"","fileTypesAndContributionMap":{"docs":{"insertions":18,"deletions":6}}},{"hash":"9518ae4337ba3045e2116aa47b8e9de825fbce8c","isMergeCommit":true,"messageTitle":"Fix merge conflicts","messageBody":"","fileTypesAndContributionMap":{}},{"hash":"2cab44b4c2d9ef2ebbc7763608710427e641752b","isMergeCommit":false,"messageTitle":"Omit trivial details","messageBody":"","fileTypesAndContributionMap":{"docs":{"insertions":0,"deletions":4}}},{"hash":"c9bb1b9e1d78569238d9cf686bcbdb08ba03c09c","isMergeCommit":false,"messageTitle":"Add sequence diagram for viewing all recipes and updating DG","messageBody":"","fileTypesAndContributionMap":{"docs":{"insertions":72,"deletions":1}}},{"hash":"4cdad2e9030c3fb3910c9bf576567c79ac407471","isMergeCommit":false,"messageTitle":"Improve View Ingredient documentation","messageBody":"","fileTypesAndContributionMap":{"docs":{"insertions":13,"deletions":2}}},{"hash":"cad653a453f43f732cf61debbec231147dc6debe","isMergeCommit":true,"messageTitle":"Merge branch \u0027master\u0027 of https://github.com/AY2324S1-CS2113-F11-2/tp","messageBody":"","fileTypesAndContributionMap":{}},{"hash":"55f431013aeb5592a772128d46120ccbb18b5c1f","isMergeCommit":true,"messageTitle":"Merge pull request #78 from charkty/documentation/developerGuide","messageBody":"Exit and Help function in DG","fileTypesAndContributionMap":{}},{"hash":"54c50a5ffa7c5d6f9c81d5fe4ce9968cfa9ca5b1","isMergeCommit":true,"messageTitle":"Merge branch \u0027master\u0027 of https://github.com/AY2324S1-CS2113-F11-2/tp","messageBody":"","fileTypesAndContributionMap":{}}]},{"date":"2023-10-27","commitResults":[{"hash":"adcae8a4f5f77a3e8cfc1371d87ffcc317de5a12","isMergeCommit":true,"messageTitle":"Merge pull request #87 from StanleyW00/assert-add-recipe","messageBody":"Add assert for add recipe","fileTypesAndContributionMap":{}}]},{"date":"2023-10-28","commitResults":[{"hash":"44f4cce9f0a3c2ba9aedb40c97ecf2f7f0a190e8","isMergeCommit":true,"messageTitle":"Merge pull request #80 from charkty/feature/delete","messageBody":"Add JU test for DeleteRecipeCommand and DeleteIngredientCommand","fileTypesAndContributionMap":{}},{"hash":"0606776ac4d2f9b6c5ff94125b62b8132c574abc","isMergeCommit":true,"messageTitle":"Merge pull request #91 from StanleyW00/assert-edit-ingredient","messageBody":"Add assertion to edit ingredient command","fileTypesAndContributionMap":{}},{"hash":"4cf66469c20b3aaf2cfcf3ce25d68519e40289a9","isMergeCommit":false,"messageTitle":"View specific recipe and edit recipe","messageBody":"","fileTypesAndContributionMap":{"functional-code":{"insertions":203,"deletions":43},"test-code":{"insertions":11,"deletions":10}}},{"hash":"f2706de9941171651928a87411504661f9d3c91b","isMergeCommit":true,"messageTitle":"Fix merge conflict","messageBody":"","fileTypesAndContributionMap":{}},{"hash":"ad0906d46a8bf51ca80091e31b8e451a01cf8070","isMergeCommit":false,"messageTitle":"Fix checkstyle","messageBody":"","fileTypesAndContributionMap":{"functional-code":{"insertions":12,"deletions":1}}},{"hash":"e58e1a9d95dd5a58f2ede8f3017392d0dc174077","isMergeCommit":false,"messageTitle":"Fix checkstyle","messageBody":"","fileTypesAndContributionMap":{"functional-code":{"insertions":2,"deletions":3}}},{"hash":"bbc395ace8a231e79bb519607d682f1e424f343c","isMergeCommit":false,"messageTitle":"Junit test for editing recipe name and steps","messageBody":"","fileTypesAndContributionMap":{"functional-code":{"insertions":2,"deletions":2},"other":{"insertions":3,"deletions":5},"test-code":{"insertions":63,"deletions":2}}},{"hash":"7e324ac97dbc9d1823cb74055c3efe86dce4dbe8","isMergeCommit":false,"messageTitle":"Add edit recipe tests and assertions","messageBody":"","fileTypesAndContributionMap":{"functional-code":{"insertions":6,"deletions":3},"test-code":{"insertions":11,"deletions":3}}}]},{"date":"2023-10-29","commitResults":[{"hash":"b8c090021ac75b94e1bba0dfe38c88e7626d900d","isMergeCommit":true,"messageTitle":"Merge pull request #92 from kaijie0102/branch-edit-recipe","messageBody":"Edit recipe","tags":["v1.5"],"fileTypesAndContributionMap":{}},{"hash":"973086604f7c6375c68439ec42d8aa877c14f97d","isMergeCommit":false,"messageTitle":"Add ingredient list into all recipes","messageBody":"","fileTypesAndContributionMap":{"functional-code":{"insertions":151,"deletions":18}}},{"hash":"1005a3416b270f65cb3377dce21b7b00d558aa01","isMergeCommit":false,"messageTitle":"Fix checkstyle","messageBody":"","fileTypesAndContributionMap":{"functional-code":{"insertions":0,"deletions":1}}},{"hash":"1a15745d59a31941f7d5c37e7d5ff64e8a955674","isMergeCommit":false,"messageTitle":"View specific recipe with step","messageBody":"","fileTypesAndContributionMap":{"functional-code":{"insertions":30,"deletions":1}}},{"hash":"f62c78293e38261a72ca481a3a99b365c751c693","isMergeCommit":false,"messageTitle":"Fix merge conflict","messageBody":"","fileTypesAndContributionMap":{"functional-code":{"insertions":2,"deletions":2},"test-code":{"insertions":1,"deletions":1}}},{"hash":"af9a4f60321a20ecce9383eeffedc81a4d1d56cd","isMergeCommit":true,"messageTitle":"Merge branch \u0027master\u0027 into branch-recipe-ingredient","messageBody":"","fileTypesAndContributionMap":{}},{"hash":"9f6133f5fe58bd15eb6f702bc5ae3307624f6220","isMergeCommit":false,"messageTitle":"Error handling when ingredient added to recipe is not valid","messageBody":"","fileTypesAndContributionMap":{"functional-code":{"insertions":37,"deletions":8}}},{"hash":"bcc4ed77fac08e9e6139c57c51e974e41954597e","isMergeCommit":false,"messageTitle":"Tests for adding recipe with ingredients","messageBody":"","fileTypesAndContributionMap":{"functional-code":{"insertions":13,"deletions":9},"test-code":{"insertions":68,"deletions":9}}},{"hash":"7c50708e42b36626142a4444934c887fcbb05d6d","isMergeCommit":false,"messageTitle":"Fix checkstyle","messageBody":"","fileTypesAndContributionMap":{"test-code":{"insertions":0,"deletions":4}}}]},{"date":"2023-10-31","commitResults":[{"hash":"6041a8b92f92e4867089c5861817aa903ab2ad05","isMergeCommit":true,"messageTitle":"Merge pull request #103 from charkty/documentation/userGuide","messageBody":"User guide documentation for filter and view commands","fileTypesAndContributionMap":{}}]},{"date":"2023-11-02","commitResults":[{"hash":"a3e01f2707e5421a8a61e0975b1a68060f9ab289","isMergeCommit":false,"messageTitle":"Fix bug that does not allow for steps with multiple words","messageBody":"","fileTypesAndContributionMap":{"functional-code":{"insertions":27,"deletions":18}}},{"hash":"20ab25ddf3b7e939ae06b330bb7e9d03505fb610","isMergeCommit":false,"messageTitle":"Fix bug where empty steps are not caught","messageBody":"","fileTypesAndContributionMap":{"functional-code":{"insertions":33,"deletions":3}}},{"hash":"8692c77aa4a8b939e0e1ef3cae3ef71a97e538cb","isMergeCommit":false,"messageTitle":"Fix add recipe with tag bug","messageBody":"","fileTypesAndContributionMap":{"functional-code":{"insertions":10,"deletions":5}}},{"hash":"1d1670a0248e7cee166105c5c357b18608107806","isMergeCommit":true,"messageTitle":"Merge branch \u0027master\u0027 of https://github.com/AY2324S1-CS2113-F11-2/tp","messageBody":"","fileTypesAndContributionMap":{}},{"hash":"8372c27ca414027cb1586bc8b2812ebd0b925d6d","isMergeCommit":true,"messageTitle":"Merge branch \u0027master\u0027 into branch-recipe-ingredient","messageBody":"","fileTypesAndContributionMap":{}}]},{"date":"2023-11-03","commitResults":[{"hash":"071614d8775eb5d1b5825380ebaf97a25a16725c","isMergeCommit":false,"messageTitle":"Reformat and added edit recipe","messageBody":"","fileTypesAndContributionMap":{"docs":{"insertions":83,"deletions":52}}},{"hash":"f19a79a67454d67823da95753bbc5111cdfdd41d","isMergeCommit":true,"messageTitle":"Fix merge conflicts","messageBody":"","fileTypesAndContributionMap":{}},{"hash":"29923741c6bfa86daaa144c467429837b19b911c","isMergeCommit":false,"messageTitle":"Added links to various sections","messageBody":"","fileTypesAndContributionMap":{"docs":{"insertions":70,"deletions":29}}},{"hash":"4080f21d742eb4583a85ce2f47fc02d9232b960a","isMergeCommit":true,"messageTitle":"Merge pull request #118 from charkty/documentation/developerGuide","messageBody":"Update help function and print statements","fileTypesAndContributionMap":{}},{"hash":"196a73815aaa5cbf4d078b9ac3a8e09965c7f478","isMergeCommit":false,"messageTitle":"Add tests to check for empty steps and jumbled order of tags","messageBody":"","fileTypesAndContributionMap":{"functional-code":{"insertions":3,"deletions":0},"test-code":{"insertions":26,"deletions":3}}},{"hash":"90d62ed9a1bc5be307c24fc08f06ed8d438e25da","isMergeCommit":false,"messageTitle":"Minor readability fix","messageBody":"","fileTypesAndContributionMap":{"functional-code":{"insertions":1,"deletions":2}}}]},{"date":"2023-11-07","commitResults":[{"hash":"bca324fad8d1cc19595317377a69f9a2905254b6","isMergeCommit":true,"messageTitle":"Merge branch \u0027master\u0027 of https://github.com/AY2324S1-CS2113-F11-2/tp","messageBody":"","fileTypesAndContributionMap":{}},{"hash":"e25c12f2d98d6b4573439930c80475abcf4a6c0c","isMergeCommit":false,"messageTitle":"Add recipe now uses only 1 method. Works for tags","messageBody":"","fileTypesAndContributionMap":{"functional-code":{"insertions":107,"deletions":38},"test-code":{"insertions":67,"deletions":23}}},{"hash":"20c98af776ec775cb774a9ad950cd65a98282dfe","isMergeCommit":false,"messageTitle":"Fix checkstyle","messageBody":"","fileTypesAndContributionMap":{"test-code":{"insertions":5,"deletions":1}}},{"hash":"3ac0b65523df160811ad467f2f830097986f4568","isMergeCommit":true,"messageTitle":"Merge branch \u0027master\u0027 of https://github.com/AY2324S1-CS2113-F11-2/tp","messageBody":"","fileTypesAndContributionMap":{}},{"hash":"3223004cf6dc45a5a5ed8730edebb74a3a521533","isMergeCommit":true,"messageTitle":"Merge branch \u0027master\u0027 into branch-add-recipe","messageBody":"","fileTypesAndContributionMap":{}},{"hash":"12a4d5366029c041a3689bcaf97d8a0df3ab3a91","isMergeCommit":false,"messageTitle":"Ensure only 1 recipe title allowed","messageBody":"","fileTypesAndContributionMap":{"functional-code":{"insertions":13,"deletions":6},"test-code":{"insertions":13,"deletions":3}}},{"hash":"204ea915193bf12a310dd6f1423cf6702ee79c12","isMergeCommit":false,"messageTitle":"Handle duplicated recipe names","messageBody":"","fileTypesAndContributionMap":{"functional-code":{"insertions":31,"deletions":1}}},{"hash":"3fea6321c24459c592e0b2c973d72e7048853043","isMergeCommit":true,"messageTitle":"Merge branch \u0027master\u0027 into branch-add-recipe","messageBody":"","fileTypesAndContributionMap":{}},{"hash":"0db302e307e80496e3fccb9ecff476eafc5e8649","isMergeCommit":true,"messageTitle":"Merge pull request #215 from kaijie0102/branch-add-recipe","messageBody":"Handle duplicated recipe names","fileTypesAndContributionMap":{}}]},{"date":"2023-11-09","commitResults":[{"hash":"0fea414f137109b21d94ee67be126eb7d1dfb2b9","isMergeCommit":false,"messageTitle":"Changed ingredient unit from string to double","messageBody":"","fileTypesAndContributionMap":{"functional-code":{"insertions":16,"deletions":28},"test-code":{"insertions":35,"deletions":37}}},{"hash":"754a6a8072cbad05d0ed70f35b2fcdd9b86a8e05","isMergeCommit":true,"messageTitle":"Merge pull request #226 from kaijie0102/branch-ingredient-qty-unit","messageBody":"Changed ingredient unit from string to double","fileTypesAndContributionMap":{}},{"hash":"b1338c9aa3ddc6c480c2a580e801f7faea5f6352","isMergeCommit":true,"messageTitle":"Merge pull request #225 from charkty/documentation/userGuide","messageBody":"Solve UG issues","fileTypesAndContributionMap":{}},{"hash":"bd73a46f30477b521a628490606d8b2d58dfd261","isMergeCommit":false,"messageTitle":"Output quantity to be integer if it ends with .0, else show as double","messageBody":"","fileTypesAndContributionMap":{"functional-code":{"insertions":7,"deletions":1}}},{"hash":"7c07928ca42d86919468d87055c7649ac18d9d66","isMergeCommit":false,"messageTitle":"No more duplicate ingredients","messageBody":"","fileTypesAndContributionMap":{"functional-code":{"insertions":35,"deletions":3}}},{"hash":"ecabae597d18b93921de85e20682701e97d065fe","isMergeCommit":false,"messageTitle":"Fix checkstyle error","messageBody":"","fileTypesAndContributionMap":{"functional-code":{"insertions":0,"deletions":1}}},{"hash":"e275076a3299a3ee9d7876c3230f8953958c9646","isMergeCommit":false,"messageTitle":"Decrease quantity of ingredient","messageBody":"","fileTypesAndContributionMap":{"functional-code":{"insertions":19,"deletions":8}}},{"hash":"e85315ac5d8656a2aa46e5bce99266d3d652c1d3","isMergeCommit":true,"messageTitle":"Merge pull request #228 from kaijie0102/branch-ingredient-qty-unit","messageBody":"No more duplicate ingredients","fileTypesAndContributionMap":{}},{"hash":"cc8faca9945b5aba8a5e534644a3adbc2357056a","isMergeCommit":false,"messageTitle":"Improve logic for updating quantity","messageBody":"","fileTypesAndContributionMap":{"functional-code":{"insertions":15,"deletions":15},"test-code":{"insertions":85,"deletions":0}}},{"hash":"6815c9dbfd246c5123377eae85bde02e29acb1da","isMergeCommit":false,"messageTitle":"Allow for adding multiple existing ingredient","messageBody":"","fileTypesAndContributionMap":{"test-code":{"insertions":3,"deletions":3}}},{"hash":"e148ebde37f5fa48c9d43cae430595dbc116a9ed","isMergeCommit":false,"messageTitle":"Handle adding ingredients of negative value","messageBody":"","fileTypesAndContributionMap":{"functional-code":{"insertions":14,"deletions":0},"test-code":{"insertions":32,"deletions":0}}},{"hash":"84861846b4680c3502148ab6327486767be8ad25","isMergeCommit":false,"messageTitle":"Fix checkstyle","messageBody":"","fileTypesAndContributionMap":{"functional-code":{"insertions":0,"deletions":1},"test-code":{"insertions":0,"deletions":2}}},{"hash":"d3203b270793abfd6598a776a7855a5d6e39a5a0","isMergeCommit":false,"messageTitle":"Implemented duration for steps","messageBody":"","fileTypesAndContributionMap":{"functional-code":{"insertions":62,"deletions":105},"test-code":{"insertions":8,"deletions":15}}}]},{"date":"2023-11-10","commitResults":[{"hash":"a5ac79603b0b9b1be163756b9132bd03a7fb60a8","isMergeCommit":false,"messageTitle":"Handle steps with multiple duration","messageBody":"","fileTypesAndContributionMap":{"functional-code":{"insertions":41,"deletions":4},"test-code":{"insertions":10,"deletions":0}}},{"hash":"156d922c5c66b4b6d8ab8a7972b997d45667d714","isMergeCommit":false,"messageTitle":"Test for view invalid recipe","messageBody":"","fileTypesAndContributionMap":{"test-code":{"insertions":18,"deletions":0}}},{"hash":"c41922bb396d2ef63ee952484b49ad7147a70d52","isMergeCommit":false,"messageTitle":"Fix checkstyle","messageBody":"","fileTypesAndContributionMap":{"test-code":{"insertions":0,"deletions":1}}},{"hash":"75039e071effa6da47349bb387f17b50cbc7f9ab","isMergeCommit":true,"messageTitle":"Merge pull request #244 from kaijie0102/branch-view-recipe","messageBody":"Test for view invalid recipe","fileTypesAndContributionMap":{}}]}],"Haoyuli2002":[{"date":"2023-10-14","commitResults":[{"hash":"533cbebde967558dc1f78c67408189b08951af45","isMergeCommit":false,"messageTitle":"First Increment by Recipe","messageBody":"","fileTypesAndContributionMap":{"functional-code":{"insertions":54,"deletions":2}}},{"hash":"b6ee03e3c0e9b49dc6e6833650a230efa0d41273","isMergeCommit":false,"messageTitle":"First Increment by Recipe(modified","messageBody":"","fileTypesAndContributionMap":{"functional-code":{"insertions":0,"deletions":7}}}]},{"date":"2023-10-16","commitResults":[{"hash":"6eed0ddb76ed9d56e4df3b2d6cf89ad5df5e4a4d","isMergeCommit":false,"messageTitle":"no message","messageBody":"","fileTypesAndContributionMap":{"functional-code":{"insertions":10,"deletions":0}}},{"hash":"a2d197b2fe9eb0b3b12711e1bafa128ca5c57e8e","isMergeCommit":false,"messageTitle":"First Increment by Recipe(modified","messageBody":"","fileTypesAndContributionMap":{"functional-code":{"insertions":0,"deletions":1}}}]},{"date":"2023-10-17","commitResults":[{"hash":"db489f25f2a65900e189ec541d350ab5e5155783","isMergeCommit":false,"messageTitle":"Modified Increment by RecipeList( viewAllRecipes","messageBody":"","fileTypesAndContributionMap":{"functional-code":{"insertions":2,"deletions":2}}}]},{"date":"2023-10-18","commitResults":[{"hash":"9d3dc82819f8791241668a56e554763f787de6e2","isMergeCommit":false,"messageTitle":"Change the name of viewAllRecipes to listRecipes","messageBody":"","fileTypesAndContributionMap":{"functional-code":{"insertions":1,"deletions":1}}},{"hash":"e9d7d94d2eebbe8f8765c8fe757de5aafbb13cb4","isMergeCommit":true,"messageTitle":"Merge branch \u0027master\u0027 into RecipeStepBranch","messageBody":"","fileTypesAndContributionMap":{}}]},{"date":"2023-10-19","commitResults":[{"hash":"868d4e3da30a8294519ceb9bf534f6e0ec50df41","isMergeCommit":true,"messageTitle":"Merge branch \u0027master\u0027 into RecipeStepBranch","messageBody":"","fileTypesAndContributionMap":{}},{"hash":"e3d71f57d49b00ccfbed0a923f38e29bc0cc4476","isMergeCommit":true,"messageTitle":"resolve naming Conflict","messageBody":"","fileTypesAndContributionMap":{}},{"hash":"28b7d1360b6f549c75396ba48720d5b5cae8c531","isMergeCommit":true,"messageTitle":"Merge remote-tracking branch \u0027origin/RecipeStepBranch\u0027 into RecipeStepBranch","messageBody":"# Conflicts:\n#\tsrc/main/java/essenmakanan/recipe/RecipeList.java\n","fileTypesAndContributionMap":{}},{"hash":"b7afbb13e68f443d2f2d29b5a8deba6c06548979","isMergeCommit":false,"messageTitle":"resolve naming Conflict","messageBody":"","fileTypesAndContributionMap":{"functional-code":{"insertions":17,"deletions":14}}},{"hash":"805d85a6a44b629562868b9f67e287ab20bd07ec","isMergeCommit":false,"messageTitle":"add assertion to the method getRecipe","messageBody":"","fileTypesAndContributionMap":{"functional-code":{"insertions":1,"deletions":0}}},{"hash":"1269136ca5921cbb5e1c20a092ad44b4c3e2a823","isMergeCommit":true,"messageTitle":"Merge branch \u0027master\u0027 into get-specific-recipe-branch","messageBody":"","fileTypesAndContributionMap":{}},{"hash":"8bf08c1eda79b465ea4f7cee39315369cb60ad14","isMergeCommit":true,"messageTitle":"Merge pull request #35 from Haoyuli2002/get-specific-recipe-branch","messageBody":"Assertions in the method getRecipe, merge the conflict","fileTypesAndContributionMap":{}}]},{"date":"2023-10-25","commitResults":[{"hash":"7a2487684b5f4d40f384838b90d377b3d6e72f00","isMergeCommit":false,"messageTitle":"AddingStepsAsFasterTypers","messageBody":"","fileTypesAndContributionMap":{"functional-code":{"insertions":42,"deletions":11}}},{"hash":"c4d994477ba071a7db9db6905b6c9986efa5b178","isMergeCommit":false,"messageTitle":"AddingStepsAsFasterTypers(Modified)","messageBody":"","fileTypesAndContributionMap":{"functional-code":{"insertions":6,"deletions":4}}},{"hash":"e5db90bdb0ded64e8af8082bff32654c842ac95d","isMergeCommit":false,"messageTitle":"AddingStepsAsFasterTypers(Modified)","messageBody":"","fileTypesAndContributionMap":{"functional-code":{"insertions":29,"deletions":33},"test-code":{"insertions":35,"deletions":0}}}]},{"date":"2023-10-26","commitResults":[{"hash":"ce37a2fa244a8a7d3553257b00daaddd000e31ba","isMergeCommit":false,"messageTitle":"View Specific Recipe","messageBody":"","fileTypesAndContributionMap":{"functional-code":{"insertions":37,"deletions":0}}},{"hash":"882f088a28caeca9ed673b7a34ef6d7be24353b5","isMergeCommit":true,"messageTitle":"Merge branch \u0027master\u0027 of https://github.com/AY2324S1-CS2113-F11-2/tp into ViewSpecificRecipe","messageBody":"","fileTypesAndContributionMap":{}},{"hash":"4cdc3f3334235e47abb9cd01ed97aecfa51faea1","isMergeCommit":false,"messageTitle":"View Specific Recipe(Modified)","messageBody":"","fileTypesAndContributionMap":{"functional-code":{"insertions":6,"deletions":3}}},{"hash":"682761263dd78bb3f55c650e9dd06e10432868f8","isMergeCommit":false,"messageTitle":"DG(Add_Ingredient Sequence Diagram)","messageBody":"","fileTypesAndContributionMap":{"docs":{"insertions":83,"deletions":0}}},{"hash":"08a1786131f89c99db1002a50e1b5504249cad38","isMergeCommit":true,"messageTitle":"Merge branch \u0027master\u0027 of https://github.com/AY2324S1-CS2113-F11-2/tp into AddNewIngredientSequenceDiagram","messageBody":"","fileTypesAndContributionMap":{}},{"hash":"a8f627360dd32815f2645c113d9a9e282483571c","isMergeCommit":true,"messageTitle":"Merge pull request #63 from Haoyuli2002/version2","messageBody":"AddingStepsAsFasterTypers","fileTypesAndContributionMap":{}},{"hash":"511faccdb60dcf4009cd0f57ec4c2373cc78c5bf","isMergeCommit":true,"messageTitle":"Merge branch \u0027master\u0027 into AddNewIngredientSequenceDiagram","messageBody":"","fileTypesAndContributionMap":{}},{"hash":"8059663626b4e36af61497263a542ebf70090bcc","isMergeCommit":false,"messageTitle":"DG(Add_Ingredient Sequence Diagram)(Modified)","messageBody":"","fileTypesAndContributionMap":{"docs":{"insertions":29,"deletions":11}}},{"hash":"d72a1ae960e731e2f1e1e9da0c457d0e5fb751b4","isMergeCommit":true,"messageTitle":"Merge remote-tracking branch \u0027origin/AddNewIngredientSequenceDiagram\u0027 into AddNewIngredientSequenceDiagram","messageBody":"","fileTypesAndContributionMap":{}},{"hash":"33916306495b337acbe028f7c3cf5311d36de787","isMergeCommit":true,"messageTitle":"Merge branch \u0027master\u0027 of https://github.com/AY2324S1-CS2113-F11-2/tp into AddNewIngredientSequenceDiagram","messageBody":"","fileTypesAndContributionMap":{}}]},{"date":"2023-10-28","commitResults":[{"hash":"861e042044d671eab4e754641762772f10aa8edf","isMergeCommit":false,"messageTitle":"DG(Add_Ingredient Sequence Diagram)(Modified)","messageBody":"","fileTypesAndContributionMap":{"functional-code":{"insertions":3,"deletions":5},"docs":{"insertions":1,"deletions":1}}},{"hash":"544f30c4c0ff6ffd94f14526e9d6fdf8f57f8433","isMergeCommit":true,"messageTitle":"Merge branch \u0027master\u0027 of https://github.com/AY2324S1-CS2113-F11-2/tp into AddNewIngredientSequenceDiagram","messageBody":"","fileTypesAndContributionMap":{}}]},{"date":"2023-10-30","commitResults":[{"hash":"5fb028f48d289afab46a48bd73317e4ae7a1797d","isMergeCommit":false,"messageTitle":"Steps","messageBody":"","fileTypesAndContributionMap":{"functional-code":{"insertions":81,"deletions":4}}}]},{"date":"2023-10-31","commitResults":[{"hash":"262d90059b69bf894a587c84852d6cad7c4beba9","isMergeCommit":true,"messageTitle":"changes","messageBody":"","fileTypesAndContributionMap":{}}]},{"date":"2023-11-01","commitResults":[{"hash":"b88a86e856acb7bfa74ba2f90cc717116f5f6946","isMergeCommit":false,"messageTitle":"Steps","messageBody":"","fileTypesAndContributionMap":{"functional-code":{"insertions":192,"deletions":53},"test-code":{"insertions":27,"deletions":35}}},{"hash":"4c68e7497a7eb80875b74639eec4604c74c14643","isMergeCommit":false,"messageTitle":"Steps","messageBody":"","fileTypesAndContributionMap":{"functional-code":{"insertions":8,"deletions":5},"test-code":{"insertions":2,"deletions":1}}},{"hash":"78f6a308ca19808ae6d48c374b5b93a022b62330","isMergeCommit":false,"messageTitle":"Steps","messageBody":"","fileTypesAndContributionMap":{"test-code":{"insertions":12,"deletions":6}}},{"hash":"43d5597fc506b68c984a6ec865db40cf415010ff","isMergeCommit":false,"messageTitle":"Steps","messageBody":"","fileTypesAndContributionMap":{"test-code":{"insertions":13,"deletions":10}}},{"hash":"8c729f85e642b6698b1e3a09b16c71e7a2d92a3d","isMergeCommit":false,"messageTitle":"Steps","messageBody":"","fileTypesAndContributionMap":{"test-code":{"insertions":2,"deletions":4}}},{"hash":"93c3f8d4995831172f9c5a5493fc76828b07badc","isMergeCommit":false,"messageTitle":"Steps","messageBody":"","fileTypesAndContributionMap":{"test-code":{"insertions":10,"deletions":12}}},{"hash":"e3fb2313de30cdc538cfad1979fe17f14461454d","isMergeCommit":false,"messageTitle":"Steps","messageBody":"","fileTypesAndContributionMap":{"test-code":{"insertions":15,"deletions":12}}},{"hash":"c95e7a8d0978fc68029d1873e2c31d65d4df44df","isMergeCommit":false,"messageTitle":"Steps","messageBody":"","fileTypesAndContributionMap":{"test-code":{"insertions":0,"deletions":34}}},{"hash":"3c9d09c28dba8cb5f91ff847fa798d1e19f010dc","isMergeCommit":false,"messageTitle":"Steps","messageBody":"","fileTypesAndContributionMap":{"test-code":{"insertions":30,"deletions":0}}},{"hash":"9d4c95009bacdbbff7445e829c66d55ae767f081","isMergeCommit":false,"messageTitle":"Steps","messageBody":"","fileTypesAndContributionMap":{"test-code":{"insertions":0,"deletions":30}}},{"hash":"f16c1d1f9744286f522697a5d56dc7d87169676c","isMergeCommit":false,"messageTitle":"Steps","messageBody":"","fileTypesAndContributionMap":{"test-code":{"insertions":29,"deletions":0}}}]},{"date":"2023-11-02","commitResults":[{"hash":"ec6ce6ef0c488d446117f9f2a5a4d3432f28e5cb","isMergeCommit":false,"messageTitle":"Steps without Time attribute","messageBody":"","fileTypesAndContributionMap":{"functional-code":{"insertions":47,"deletions":54},"test-code":{"insertions":30,"deletions":55}}},{"hash":"661106cfe3ebb14a2bf46c7a85ffef2297c113f1","isMergeCommit":false,"messageTitle":"Steps without Time attribute(modified)","messageBody":"","fileTypesAndContributionMap":{"functional-code":{"insertions":1,"deletions":10},"test-code":{"insertions":0,"deletions":2}}}]}],"StanleyW00":[{"date":"2023-10-11","commitResults":[{"hash":"4447268e6ccb1338f632b53165b4bb21c99fdd58","isMergeCommit":true,"messageTitle":"Merge pull request #1 from StanleyW00/master","messageBody":"Add config.yml","fileTypesAndContributionMap":{}}]},{"date":"2023-10-14","commitResults":[{"hash":"8b3c2439f5d1cf825828243014eb49c950d2c752","isMergeCommit":true,"messageTitle":"Merge pull request #13 from Haoyuli2002/RecipeStepBranch","messageBody":"Recipe step branch","fileTypesAndContributionMap":{}}]},{"date":"2023-10-15","commitResults":[{"hash":"6035944c21b046f8cd088fff639b3323a0d74cfb","isMergeCommit":false,"messageTitle":"Add create recipe feature","messageBody":"","fileTypesAndContributionMap":{"functional-code":{"insertions":64,"deletions":13}}},{"hash":"0c64219809d5cb7b43af8066da20547702877eea","isMergeCommit":false,"messageTitle":"Add testing for adding recipes","messageBody":"","fileTypesAndContributionMap":{"functional-code":{"insertions":32,"deletions":0},"test-code":{"insertions":35,"deletions":0}}},{"hash":"20b6f77610183ea67e3604b052000c190bb0414e","isMergeCommit":false,"messageTitle":"Add system exit","messageBody":"","fileTypesAndContributionMap":{"functional-code":{"insertions":1,"deletions":0}}}]},{"date":"2023-10-16","commitResults":[{"hash":"da5360045784c465988318559c89d321b52db980","isMergeCommit":true,"messageTitle":"Merge pull request #14 from StanleyW00/addRecipes","messageBody":"Add creating recipes","fileTypesAndContributionMap":{}}]},{"date":"2023-10-18","commitResults":[{"hash":"7959531690b3e7ddc94364fe4069b6e409951068","isMergeCommit":true,"messageTitle":"Merge pull request #24 from kaijie0102/master","messageBody":"Create ui class to handle user interaction","fileTypesAndContributionMap":{}},{"hash":"b405e606c842c9f4b92dcb0bb803f45779eb2958","isMergeCommit":true,"messageTitle":"Merge pull request #27 from kaijie0102/master","messageBody":"Fix minor bug","fileTypesAndContributionMap":{}},{"hash":"8eb5ee1e1256bd6dd9bae39af2aa2eb5e7cdb2d4","isMergeCommit":false,"messageTitle":"Enable assertions","messageBody":"","fileTypesAndContributionMap":{"other":{"insertions":1,"deletions":0}}},{"hash":"e1950bf2749c44d2852c5fc3d189ed4618cfa9cb","isMergeCommit":false,"messageTitle":"Standerdise recipe related methods","messageBody":"","fileTypesAndContributionMap":{"functional-code":{"insertions":5,"deletions":4}}},{"hash":"b7c148fca9ffde787c876a6b61b63367f4e03a65","isMergeCommit":false,"messageTitle":"Add get specific recipe method","messageBody":"","fileTypesAndContributionMap":{"functional-code":{"insertions":4,"deletions":0}}},{"hash":"f469c2de2df52ed8b537ac0e9224939feedcf3b0","isMergeCommit":false,"messageTitle":"Modify add recipe test","messageBody":"","fileTypesAndContributionMap":{"test-code":{"insertions":12,"deletions":13}}},{"hash":"f1326a5314e2209d0ace69c424ea49ff7b05d5c6","isMergeCommit":false,"messageTitle":"Delete whitespace","messageBody":"","fileTypesAndContributionMap":{"functional-code":{"insertions":0,"deletions":1}}},{"hash":"32eac014ebdfa5d74c95888e1f615aac4bb39dcb","isMergeCommit":false,"messageTitle":"Rename add recipe test method","messageBody":"","fileTypesAndContributionMap":{"test-code":{"insertions":1,"deletions":1}}},{"hash":"6d90533ce88e5f6d8192158159232cc52b5e19f2","isMergeCommit":false,"messageTitle":"Add assertions to RecipeList class","messageBody":"","fileTypesAndContributionMap":{"functional-code":{"insertions":6,"deletions":9}}},{"hash":"43d05f869b2577aa17c35e23966d728015a4a1b5","isMergeCommit":false,"messageTitle":"Edit text ui test","messageBody":"","fileTypesAndContributionMap":{"functional-code":{"insertions":3,"deletions":2}}},{"hash":"5534fe721164591172c0fa0dce02704a49113be2","isMergeCommit":false,"messageTitle":"Fix bug related to ui test","messageBody":"","fileTypesAndContributionMap":{"functional-code":{"insertions":5,"deletions":5}}},{"hash":"6783f26062c4cc6302aecc2aa19b9edfa7b8d078","isMergeCommit":false,"messageTitle":"Create add recipe command class","messageBody":"","fileTypesAndContributionMap":{"functional-code":{"insertions":58,"deletions":5}}},{"hash":"a1f5fa5023d530ae517d097329282f18fbe9b153","isMergeCommit":false,"messageTitle":"Create add ingredient command class","messageBody":"","fileTypesAndContributionMap":{"functional-code":{"insertions":44,"deletions":0}}},{"hash":"b3fdb4626da86913fea35d5b5f5c183bf164dc9f","isMergeCommit":false,"messageTitle":"Modify main function","messageBody":"","fileTypesAndContributionMap":{"functional-code":{"insertions":27,"deletions":19}}},{"hash":"c8ed1dd8157c61235f14e682376c8b8180b4e918","isMergeCommit":false,"messageTitle":"Fix some style errors","messageBody":"","fileTypesAndContributionMap":{"functional-code":{"insertions":3,"deletions":2}}}]},{"date":"2023-10-19","commitResults":[{"hash":"f0afcf37a3cbdc09d3a4655c92cd2dd39abad24f","isMergeCommit":false,"messageTitle":"Modify command classes","messageBody":"","fileTypesAndContributionMap":{"functional-code":{"insertions":27,"deletions":47}}},{"hash":"d982bca0df68a7dba2767e94e51a701a3c42e5fa","isMergeCommit":false,"messageTitle":"Add view recipes and ingredients class","messageBody":"","fileTypesAndContributionMap":{"functional-code":{"insertions":69,"deletions":15}}},{"hash":"e2bbcb06de5faee78a55a181a18b61c5cfceff53","isMergeCommit":false,"messageTitle":"Modify ingredient list test","messageBody":"","fileTypesAndContributionMap":{"test-code":{"insertions":2,"deletions":1}}},{"hash":"489c6901eb18e5e5ec5a1eec8ef1fd567ca55305","isMergeCommit":false,"messageTitle":"Remame print recipes method","messageBody":"","fileTypesAndContributionMap":{"functional-code":{"insertions":7,"deletions":3}}},{"hash":"94629b58743f88735a57da32299da95c2e3412a7","isMergeCommit":true,"messageTitle":"Merge pull request #34 from StanleyW00/17-add-Command","messageBody":"Add command classes","fileTypesAndContributionMap":{}},{"hash":"467e71ae6979505fc6e44a951f3d88e2fe616c9d","isMergeCommit":false,"messageTitle":"Modify the flow of main class","messageBody":"","fileTypesAndContributionMap":{"functional-code":{"insertions":92,"deletions":93}}},{"hash":"b34a3ba4e0082f8351c230d202aa8a7949a86c11","isMergeCommit":false,"messageTitle":"Create exit command class","messageBody":"","fileTypesAndContributionMap":{"functional-code":{"insertions":27,"deletions":3}}},{"hash":"e9c7037ac8588d82df8817e5d973af90a35c81a8","isMergeCommit":false,"messageTitle":"Add help command class","messageBody":"","fileTypesAndContributionMap":{"functional-code":{"insertions":25,"deletions":6}}},{"hash":"dc51db2062b67b71277e6434a373e8400b17aefc","isMergeCommit":false,"messageTitle":"Add format exception","messageBody":"","fileTypesAndContributionMap":{"functional-code":{"insertions":11,"deletions":3}}},{"hash":"476857f5b3edccf28a664678e369c8da45ce587c","isMergeCommit":false,"messageTitle":"Fix exception bug","messageBody":"","fileTypesAndContributionMap":{"functional-code":{"insertions":2,"deletions":3}}},{"hash":"f9f4ac53caea4bc335f07bcba34023ac4665163a","isMergeCommit":false,"messageTitle":"Fix style error in parser","messageBody":"","fileTypesAndContributionMap":{"functional-code":{"insertions":7,"deletions":1}}},{"hash":"a29fed49e4a1ff83c871627578fa971fdca44d55","isMergeCommit":false,"messageTitle":"Add logs in main","messageBody":"","fileTypesAndContributionMap":{"functional-code":{"insertions":12,"deletions":0}}},{"hash":"8694442c12f02d05c307ad928c9d18eab61a8c3a","isMergeCommit":true,"messageTitle":"Merge branch \u0027master\u0027 of https://github.com/AY2324S1-CS2113-F11-2/tp into revamp-main","messageBody":"# Conflicts:\n#\tsrc/main/java/essenmakanan/EssenMakanan.java\n#\tsrc/main/java/essenmakanan/command/ViewIngredientsCommand.java\n#\tsrc/main/java/essenmakanan/command/ViewRecipesCommand.java\n#\tsrc/main/java/essenmakanan/ui/Ui.java\n","fileTypesAndContributionMap":{}},{"hash":"ddb8ed79228787717d3717a27c8c7d2856a9c463","isMergeCommit":false,"messageTitle":"Fix checkstyle error","messageBody":"","fileTypesAndContributionMap":{"functional-code":{"insertions":2,"deletions":4}}},{"hash":"49886a9af346d347beb591f9d141d7ddec4b2e2e","isMergeCommit":false,"messageTitle":"Disable log","messageBody":"","fileTypesAndContributionMap":{"functional-code":{"insertions":5,"deletions":5}}},{"hash":"f2b66ff03c70e87e285dd6e36136af284177fc18","isMergeCommit":false,"messageTitle":"Fix checkstyle issue in main","messageBody":"","fileTypesAndContributionMap":{"functional-code":{"insertions":1,"deletions":1}}}]},{"date":"2023-10-20","commitResults":[{"hash":"d37387f4af5bf7381b8632d26ae0efcd4df85658","isMergeCommit":false,"messageTitle":"Change the way to check exit command","messageBody":"","fileTypesAndContributionMap":{"functional-code":{"insertions":15,"deletions":24}}},{"hash":"34d5a1a7d84ef36ed9962c923d7a50cb561045df","isMergeCommit":false,"messageTitle":"Modify execute command classes","messageBody":"","fileTypesAndContributionMap":{"functional-code":{"insertions":31,"deletions":30}}}]},{"date":"2023-10-21","commitResults":[{"hash":"81d3738bff91e93398d9056fa244cb1ed7aae8b7","isMergeCommit":false,"messageTitle":"Move parser specific methods to their own classes","messageBody":"","fileTypesAndContributionMap":{"functional-code":{"insertions":13,"deletions":11}}}]},{"date":"2023-10-24","commitResults":[{"hash":"94cada6dda2861b0c319c1effd9a5d6593369052","isMergeCommit":true,"messageTitle":"Merge pull request #53 from charkty/documentation/developerGuide","messageBody":"Add template for Developer and User Guide","fileTypesAndContributionMap":{}},{"hash":"0bbf94674e19f6a4ebd80fd6b01cf4e901ed61ec","isMergeCommit":false,"messageTitle":"Modify and add new styles","messageBody":"","fileTypesAndContributionMap":{"docs":{"insertions":14,"deletions":2}}},{"hash":"48d451c5ba280939efe8652a24521e1e6ed1682d","isMergeCommit":false,"messageTitle":"Create sequence diagram","messageBody":"","fileTypesAndContributionMap":{"docs":{"insertions":55,"deletions":0}}}]},{"date":"2023-10-25","commitResults":[{"hash":"2d6a4537881e071fdb6420d300a07edb0600fbe6","isMergeCommit":false,"messageTitle":"Update developer guide","messageBody":"","fileTypesAndContributionMap":{"docs":{"insertions":25,"deletions":1}}},{"hash":"0ac6f0d05422dc59f40d49ba89545ec322f7f539","isMergeCommit":false,"messageTitle":"Change diagram","messageBody":"","fileTypesAndContributionMap":{"docs":{"insertions":0,"deletions":1}}}]},{"date":"2023-10-27","commitResults":[{"hash":"899594b944fd0038b62e06e42a32ffc9b4d4a2da","isMergeCommit":false,"messageTitle":"Improve readibility for ingredient","messageBody":"","fileTypesAndContributionMap":{"functional-code":{"insertions":6,"deletions":1}}},{"hash":"71520876d450c54d8b01d1f08c050edfebfcd16d","isMergeCommit":false,"messageTitle":"Update user guide related to ingredients","messageBody":"","fileTypesAndContributionMap":{"functional-code":{"insertions":0,"deletions":2},"docs":{"insertions":43,"deletions":12}}},{"hash":"d89ddc269fecbfe5bd2931a7e9c428e7bede8f65","isMergeCommit":false,"messageTitle":"Add assert for add recipe","messageBody":"","fileTypesAndContributionMap":{"functional-code":{"insertions":1,"deletions":0}}},{"hash":"937a4b778a71d877de13fa303ad0788a8a3bbd63","isMergeCommit":false,"messageTitle":"Change layout","messageBody":"","fileTypesAndContributionMap":{"docs":{"insertions":1,"deletions":1}}},{"hash":"de236dc74f163fa785877243589856c55401c402","isMergeCommit":false,"messageTitle":"Rename README.md to index.md","messageBody":"","fileTypesAndContributionMap":{"docs":{"insertions":0,"deletions":0}}},{"hash":"368e1955f646818ad118b1bc0bb6cdfb67222e08","isMergeCommit":false,"messageTitle":"Change layout to default","messageBody":"","fileTypesAndContributionMap":{"docs":{"insertions":1,"deletions":1}}},{"hash":"4409f78f14c470c7f6ed8d0f92e0d2a62b28e130","isMergeCommit":false,"messageTitle":"Add assert in adding recipe","messageBody":"","fileTypesAndContributionMap":{"functional-code":{"insertions":4,"deletions":4}}},{"hash":"96f06972f875cf2afdbc1a41ac420e002ff55541","isMergeCommit":true,"messageTitle":"Merge pull request #90 from StanleyW00/assert-add-recipe","messageBody":"Add assert in adding recipe","fileTypesAndContributionMap":{}},{"hash":"8002891ad48a8876ba16db1c8fa8a4eb3e64bea7","isMergeCommit":false,"messageTitle":"Add assertion to edit ingredient command","messageBody":"","fileTypesAndContributionMap":{"functional-code":{"insertions":3,"deletions":0}}}]},{"date":"2023-10-31","commitResults":[{"hash":"5feb2d5d1009f5ce51188c285b685b054b9517e2","isMergeCommit":false,"messageTitle":"Create storage class for ingredients","messageBody":"","fileTypesAndContributionMap":{"functional-code":{"insertions":133,"deletions":2}}},{"hash":"dabf8afe51bfa247dcde389c244e539e7e2eecaa","isMergeCommit":false,"messageTitle":"Fix bug related to units","messageBody":"","fileTypesAndContributionMap":{"functional-code":{"insertions":1,"deletions":9}}},{"hash":"96037a09fb6c0503ce0eeb33b7a7aece5b61bcc3","isMergeCommit":false,"messageTitle":"Fix bug regarding appending data","messageBody":"","fileTypesAndContributionMap":{"functional-code":{"insertions":1,"deletions":1}}},{"hash":"9bd868de1ebb529486ba75caaa07999996087916","isMergeCommit":false,"messageTitle":"Fix bug related to text-ui-test","messageBody":"","fileTypesAndContributionMap":{"functional-code":{"insertions":1,"deletions":1}}},{"hash":"df9a9f11177863136a5ea2b0d087c0129ea96974","isMergeCommit":false,"messageTitle":"Move convert string method to parser","messageBody":"","fileTypesAndContributionMap":{"functional-code":{"insertions":6,"deletions":5}}}]},{"date":"2023-11-01","commitResults":[{"hash":"3c4a7e73fd7e78220712a78336b9cc4e7fa1f400","isMergeCommit":false,"messageTitle":"Create storage class for recipes","messageBody":"","fileTypesAndContributionMap":{"functional-code":{"insertions":166,"deletions":5}}},{"hash":"204bf3279355cbe5abbc8e5e627eafa85906e378","isMergeCommit":false,"messageTitle":"Create file related exception class","messageBody":"","fileTypesAndContributionMap":{"functional-code":{"insertions":44,"deletions":67}}},{"hash":"19e2a1008d9babac87031eda5743fcf6f7d51eae","isMergeCommit":false,"messageTitle":"Reformat parse related methods","messageBody":"","fileTypesAndContributionMap":{"functional-code":{"insertions":56,"deletions":49}}},{"hash":"072852eaef6492e2fb655836f48ab4af6f16a1c4","isMergeCommit":true,"messageTitle":"Merge branch \u0027master\u0027 into 100-implement-storage","messageBody":"# Conflicts:\n#\tsrc/main/java/essenmakanan/parser/RecipeParser.java\n","fileTypesAndContributionMap":{}},{"hash":"917ffba54a8beafeb0b4fc3d623cbeee9a90b8d0","isMergeCommit":false,"messageTitle":"Fix style issue in ingredient parser","messageBody":"","fileTypesAndContributionMap":{"functional-code":{"insertions":0,"deletions":4}}},{"hash":"b52fb8e42538a35c6b500fe5397895a4c47a835f","isMergeCommit":true,"messageTitle":"Merge pull request #106 from Haoyuli2002/AddNewIngredientSequenceDiagram","messageBody":"Steps, Tag, ViewTimeLine, getTotalDuration","fileTypesAndContributionMap":{}},{"hash":"5530ee30f6a0ca6c9751f0dcafb428fade92f603","isMergeCommit":true,"messageTitle":"Merge branch \u0027master\u0027 into 100-implement-storage","messageBody":"","fileTypesAndContributionMap":{}},{"hash":"2de8601028a8fc8f1c10af3b79dc6179135f7f6e","isMergeCommit":false,"messageTitle":"Modify constructor of storage class","messageBody":"","fileTypesAndContributionMap":{"functional-code":{"insertions":22,"deletions":19}}},{"hash":"d6639c9554bf25cc8496f7ce3432c020e9fdf1ae","isMergeCommit":false,"messageTitle":"Modify attribute definitions","messageBody":"","fileTypesAndContributionMap":{"functional-code":{"insertions":4,"deletions":4}}},{"hash":"15b2709ea5dc27f8e0c4e1bc6390c3ad068d6b7a","isMergeCommit":false,"messageTitle":"Modify exception handling for storage","messageBody":"","fileTypesAndContributionMap":{"functional-code":{"insertions":25,"deletions":21}}},{"hash":"db20d7ddccfc4b866ec9425b4a6f77e3c450bb3b","isMergeCommit":false,"messageTitle":"Add tests for storage","messageBody":"","fileTypesAndContributionMap":{"functional-code":{"insertions":0,"deletions":2},"test-code":{"insertions":90,"deletions":0}}},{"hash":"d0a5105cc65b044617eb12d8703789c193b991b1","isMergeCommit":false,"messageTitle":"Update DG for storage","messageBody":"","fileTypesAndContributionMap":{"docs":{"insertions":191,"deletions":21}}},{"hash":"3d82692a94cb4a3acd224384af5446efa9813051","isMergeCommit":false,"messageTitle":"Delete unused attribute","messageBody":"","fileTypesAndContributionMap":{"functional-code":{"insertions":4,"deletions":8},"test-code":{"insertions":4,"deletions":8}}},{"hash":"12632c3594109b8803b79bf260b9f9f62fa4f154","isMergeCommit":false,"messageTitle":"Change color in diagram","messageBody":"","fileTypesAndContributionMap":{"docs":{"insertions":1,"deletions":1}}}]},{"date":"2023-11-02","commitResults":[{"hash":"05e5a52c1e217af02cf75d378bc569d817acae04","isMergeCommit":false,"messageTitle":"Modify exception handling in restore data","messageBody":"","fileTypesAndContributionMap":{"functional-code":{"insertions":24,"deletions":17},"test-code":{"insertions":3,"deletions":4}}},{"hash":"a78e070528cee013c917828986b752cb190fa037","isMergeCommit":true,"messageTitle":"Merge pull request #104 from StanleyW00/100-implement-storage","messageBody":"Create storage for recipes","fileTypesAndContributionMap":{}},{"hash":"11f30bbf7cf68b6e989174bd9929537a29b30093","isMergeCommit":true,"messageTitle":"Merge pull request #107 from Haoyuli2002/AddNewIngredientSequenceDiagram","messageBody":"Steps without Time attribute","fileTypesAndContributionMap":{}},{"hash":"1f4de3c9bdb6200751fc617cb0c20a5d5aa32f36","isMergeCommit":true,"messageTitle":"Merge branch \u0027master\u0027 into 100-implement-storage","messageBody":"","fileTypesAndContributionMap":{}},{"hash":"90412de49cb0441c1ab4485668b5c4fdd3345a67","isMergeCommit":false,"messageTitle":"Add saving for tags and duration","messageBody":"","fileTypesAndContributionMap":{"functional-code":{"insertions":58,"deletions":13}}},{"hash":"c4b6625a9e990680b83e74bfabdb4d2950c9160a","isMergeCommit":false,"messageTitle":"Modify and add test for storage","messageBody":"","fileTypesAndContributionMap":{"functional-code":{"insertions":0,"deletions":2},"test-code":{"insertions":18,"deletions":18}}},{"hash":"2885737807dc77795620d1ac735e9dada8dc9a60","isMergeCommit":false,"messageTitle":"Add format checker for ingredient storage","messageBody":"","fileTypesAndContributionMap":{"functional-code":{"insertions":37,"deletions":7}}},{"hash":"71981014b92f3b7a66b3dbce88a753b0cd8c6be7","isMergeCommit":false,"messageTitle":"Add format handling for recipe storage","messageBody":"","fileTypesAndContributionMap":{"functional-code":{"insertions":55,"deletions":30}}},{"hash":"fa6725763979ccccb73c369156bd96f308e61509","isMergeCommit":true,"messageTitle":"Merge pull request #114 from kaijie0102/branch-recipe-ingredient","messageBody":"Fix bug where empty steps are not caught","fileTypesAndContributionMap":{}},{"hash":"82a9a319381032c5ccce8499cd9b0d0b08bdcd61","isMergeCommit":true,"messageTitle":"Merge pull request #116 from charkty/documentation/developerGuide","messageBody":"Documentation for view and filter recipes and inrgedients","fileTypesAndContributionMap":{}},{"hash":"b80b20fe879773bb49b569d47872f447f3abdbb7","isMergeCommit":false,"messageTitle":"Fix typo in ug","messageBody":"","fileTypesAndContributionMap":{"functional-code":{"insertions":1,"deletions":1},"docs":{"insertions":1,"deletions":1}}}]},{"date":"2023-11-03","commitResults":[{"hash":"30ba4b10133f49b9d348bed7ffb7abb72760b9ac","isMergeCommit":true,"messageTitle":"Merge pull request #117 from StanleyW00/fix-typo-ug","messageBody":"Fix typo in ug","fileTypesAndContributionMap":{}},{"hash":"804bf8ab9d8e7ae2251a3dbc6e156934f268552e","isMergeCommit":false,"messageTitle":"Add duplicate recipe command","messageBody":"","fileTypesAndContributionMap":{"functional-code":{"insertions":43,"deletions":15}}},{"hash":"1e64d837235e2f728531343e61a7f84ec7c013f1","isMergeCommit":false,"messageTitle":"Add duplicate recipe test","messageBody":"","fileTypesAndContributionMap":{"test-code":{"insertions":83,"deletions":5}}},{"hash":"58d0a17822d0e8e9c627881af3040aa266db0e89","isMergeCommit":false,"messageTitle":"Update UG","messageBody":"","fileTypesAndContributionMap":{"docs":{"insertions":23,"deletions":11}}},{"hash":"d70a0cb1edec4190279cce4fc9b985e9bd2a7a31","isMergeCommit":false,"messageTitle":"Update DG","messageBody":"","fileTypesAndContributionMap":{"docs":{"insertions":84,"deletions":0}}},{"hash":"ec5f4553a5700a301d409651fbb0253d787979e7","isMergeCommit":true,"messageTitle":"Merge branch \u0027master\u0027 into 124-duplicate-recipe","messageBody":"# Conflicts:\n#\tdocs/UserGuide.md\n","fileTypesAndContributionMap":{}},{"hash":"3a2c2437c611924ea6ed80ecd90fe61d5bbea388","isMergeCommit":true,"messageTitle":"Merge pull request #121 from kaijie0102/documentation","messageBody":"[Documentation] Added links to various sections","fileTypesAndContributionMap":{}},{"hash":"d2b5e51725af6b64fd301129ef9ab2a2b26e81a5","isMergeCommit":false,"messageTitle":"Fix code style","messageBody":"","fileTypesAndContributionMap":{"functional-code":{"insertions":16,"deletions":1}}},{"hash":"339ed69b0a8efdc84a8c207c0fba981d7aeda5dd","isMergeCommit":true,"messageTitle":"Merge pull request #122 from kaijie0102/master","messageBody":"[Test] Add tests to check for empty steps and jumbled order of tags","fileTypesAndContributionMap":{}},{"hash":"d194b4785b5839a28e3757dcb3df40b1583f4bed","isMergeCommit":true,"messageTitle":"Merge branch \u0027master\u0027 into 124-duplicate-recipe","messageBody":"# Conflicts:\n#\tdocs/UserGuide.md\n","fileTypesAndContributionMap":{}},{"hash":"40e8e7614c9970768ce4d89d1e3a76f87c9cf54c","isMergeCommit":false,"messageTitle":"Fix build error","messageBody":"","fileTypesAndContributionMap":{"functional-code":{"insertions":0,"deletions":1}}}]},{"date":"2023-11-07","commitResults":[{"hash":"17531a00e99946d6e210daec45775072b4340439","isMergeCommit":false,"messageTitle":"Move duplicate recipe test","messageBody":"","fileTypesAndContributionMap":{"other":{"insertions":4,"deletions":3}}},{"hash":"25e25f49ed4158c4d7cdd0d3d5330d3b32b543d1","isMergeCommit":true,"messageTitle":"Merge pull request #127 from StanleyW00/124-duplicate-recipe","messageBody":"Duplicate recipe","fileTypesAndContributionMap":{}},{"hash":"34d2aded1a056dffb01a2695a21878883935bbe5","isMergeCommit":false,"messageTitle":"Modify storage behaviour","messageBody":"","fileTypesAndContributionMap":{"functional-code":{"insertions":7,"deletions":8},"test-code":{"insertions":1,"deletions":1}}},{"hash":"69326658c3e92a92deb997262b5027f258cb6397","isMergeCommit":true,"messageTitle":"Merge pull request #214 from StanleyW00/169-storage-update-bug","messageBody":"Fix storage bug","fileTypesAndContributionMap":{}},{"hash":"4647ca5e96c1ce8685027a5106de5a15dcb8d8ba","isMergeCommit":false,"messageTitle":"Modify dg and ug","messageBody":"","fileTypesAndContributionMap":{"docs":{"insertions":5,"deletions":11}}},{"hash":"d7a5db0001a5e18ac4f69be8991b4cf7a71392d5","isMergeCommit":false,"messageTitle":"Add logger setup class","messageBody":"","fileTypesAndContributionMap":{"functional-code":{"insertions":43,"deletions":1}}}]},{"date":"2023-11-08","commitResults":[{"hash":"a133e90e0addfde9256ac8730b7cc7ba21fb7bbe","isMergeCommit":false,"messageTitle":"Add logging to storage classes","messageBody":"","fileTypesAndContributionMap":{"functional-code":{"insertions":64,"deletions":35}}},{"hash":"bc36332bc46cfb492b6a04132f953dac34d3bc7d","isMergeCommit":false,"messageTitle":"Modify logger class","messageBody":"","fileTypesAndContributionMap":{"functional-code":{"insertions":30,"deletions":27}}},{"hash":"04b6a267784f6efc72c45b9a22bee4e1a7d463ff","isMergeCommit":false,"messageTitle":"Fix checkstyle error","messageBody":"","fileTypesAndContributionMap":{"functional-code":{"insertions":0,"deletions":2}}}]},{"date":"2023-11-09","commitResults":[{"hash":"b90335075928d99be21054126caa1bc8b8f2fbe2","isMergeCommit":true,"messageTitle":"Merge pull request #219 from StanleyW00/implement-logging","messageBody":"Implement logging","fileTypesAndContributionMap":{}},{"hash":"9810d773067ed36b3d4f3cec71758b63dfae92aa","isMergeCommit":true,"messageTitle":"Merge pull request #231 from kaijie0102/branch-ingredient-qty-unit","messageBody":"Improve logic for updating quantity","fileTypesAndContributionMap":{}}]},{"date":"2023-11-10","commitResults":[{"hash":"67200b49b387a23665083e94969b9ddc7349d857","isMergeCommit":false,"messageTitle":"Add shortcut classes and add shortcut command","messageBody":"","fileTypesAndContributionMap":{"functional-code":{"insertions":116,"deletions":18}}},{"hash":"50a0c67ebc6daa4126093418e4749f61d27135dd","isMergeCommit":false,"messageTitle":"Move shortcut classes to a package","messageBody":"","fileTypesAndContributionMap":{"functional-code":{"insertions":5,"deletions":5},"other":{"insertions":2,"deletions":2}}},{"hash":"38af54bda0e053780277c04d42f458f1d40ef651","isMergeCommit":false,"messageTitle":"Add create shortcut test","messageBody":"","fileTypesAndContributionMap":{"functional-code":{"insertions":16,"deletions":3},"test-code":{"insertions":38,"deletions":0}}},{"hash":"2c2eefbd8c921ab107504ce22dee2184567e9847","isMergeCommit":false,"messageTitle":"Update exception message","messageBody":"","fileTypesAndContributionMap":{"functional-code":{"insertions":2,"deletions":2},"test-code":{"insertions":0,"deletions":12}}},{"hash":"5710849584d6dd6499ff7b61d2f52ebbb37ad2ea","isMergeCommit":false,"messageTitle":"Add view shortcuts command","messageBody":"","fileTypesAndContributionMap":{"functional-code":{"insertions":50,"deletions":0}}},{"hash":"5e1f8c758aaf3545b2cde919c74af1dc5e98a3d9","isMergeCommit":false,"messageTitle":"Add print statement for adding shortcut","messageBody":"","fileTypesAndContributionMap":{"functional-code":{"insertions":9,"deletions":0}}},{"hash":"67725e68b9de2e3e9a93acccb92f5f9b81ef58c9","isMergeCommit":false,"messageTitle":"Update UI exception","messageBody":"","fileTypesAndContributionMap":{"functional-code":{"insertions":8,"deletions":0}}},{"hash":"10c432cb9247630df0565ef250bf9d90f66f9ce4","isMergeCommit":false,"messageTitle":"Change type into primitive type","messageBody":"","fileTypesAndContributionMap":{"functional-code":{"insertions":8,"deletions":4}}},{"hash":"f62f073de577df06c0e04fa7c904fa52dd22318d","isMergeCommit":false,"messageTitle":"Add use shortcut command","messageBody":"","fileTypesAndContributionMap":{"functional-code":{"insertions":106,"deletions":2},"test-code":{"insertions":2,"deletions":1}}},{"hash":"d8d3f30b85a69d09d7453c83f3ae263fff93d807","isMergeCommit":false,"messageTitle":"Modify use shortcut command","messageBody":"","fileTypesAndContributionMap":{"functional-code":{"insertions":5,"deletions":3}}},{"hash":"8fb355866dc3876c03f4e8e0713f5d193419633a","isMergeCommit":false,"messageTitle":"Add delete shortcut command","messageBody":"","fileTypesAndContributionMap":{"functional-code":{"insertions":47,"deletions":12}}},{"hash":"464d81d6cf434af17edb02dcb9c286b1f7bf0537","isMergeCommit":false,"messageTitle":"Add edit shortcut command","messageBody":"","fileTypesAndContributionMap":{"functional-code":{"insertions":158,"deletions":0}}},{"hash":"87eb06e6f3890676d9aef6a1ebe949ec0d294b2a","isMergeCommit":false,"messageTitle":"Add checker of the exsiting shortcut","messageBody":"","fileTypesAndContributionMap":{"functional-code":{"insertions":17,"deletions":1}}},{"hash":"8306afa504d5a3093915d4a49a0949ee329d0f8a","isMergeCommit":false,"messageTitle":"Update exception text","messageBody":"","fileTypesAndContributionMap":{"functional-code":{"insertions":1,"deletions":1}}},{"hash":"ee9f26c4ce38b2cf350e2faa67ed0a4f52fc609e","isMergeCommit":false,"messageTitle":"Update add shortcut test","messageBody":"","fileTypesAndContributionMap":{"test-code":{"insertions":3,"deletions":3}}},{"hash":"69b6620e7c917a11d927b74174129c13ca8cb414","isMergeCommit":false,"messageTitle":"Removed unused line","messageBody":"","fileTypesAndContributionMap":{"test-code":{"insertions":0,"deletions":1}}},{"hash":"255bcbbe2257b17432f2c4707c0e4b1b644c7de2","isMergeCommit":false,"messageTitle":"Fix checkstyle issue","messageBody":"","fileTypesAndContributionMap":{"functional-code":{"insertions":22,"deletions":1}}},{"hash":"d33957be525d11b1d755dacb13b1d1544ed87724","isMergeCommit":false,"messageTitle":"Update logger","messageBody":"","fileTypesAndContributionMap":{"functional-code":{"insertions":20,"deletions":8}}},{"hash":"aae8c786a999ca8f09ba9658bf12997ccc4a10ba","isMergeCommit":false,"messageTitle":"Add shortcut storage","messageBody":"","fileTypesAndContributionMap":{"functional-code":{"insertions":135,"deletions":2}}},{"hash":"00877c31b7cb60ed6d4c13375a150bc623d7eb12","isMergeCommit":false,"messageTitle":"Modify text ui test","messageBody":"","fileTypesAndContributionMap":{"functional-code":{"insertions":0,"deletions":5}}},{"hash":"dedd461b60b8008a1c2ac4778d499f537b7e2b98","isMergeCommit":false,"messageTitle":"Add more checker in shortcut storage","messageBody":"","fileTypesAndContributionMap":{"functional-code":{"insertions":53,"deletions":7}}},{"hash":"1ca5ba81af1d8bea52035e3cf0c6cf2f18584486","isMergeCommit":false,"messageTitle":"Fix checkstyle error","messageBody":"","fileTypesAndContributionMap":{"functional-code":{"insertions":6,"deletions":1}}}]},{"date":"2023-11-11","commitResults":[{"hash":"e2004c65806c58e49ae8867784f89708358c374f","isMergeCommit":false,"messageTitle":"Update help ui","messageBody":"","fileTypesAndContributionMap":{"functional-code":{"insertions":11,"deletions":1}}},{"hash":"2971872a9f2505caef46f64dfe29565910e5f383","isMergeCommit":true,"messageTitle":"Merge branch \u0027master\u0027 into 240-shortcut-add-ingredients","messageBody":"# Conflicts:\n#\tsrc/main/java/essenmakanan/parser/Parser.java\n","fileTypesAndContributionMap":{}},{"hash":"8d6b09f731b98f8005c982b9d1d92f881a8e63f3","isMergeCommit":true,"messageTitle":"Merge pull request #249 from StanleyW00/240-shortcut-add-ingredients","messageBody":"Create shortcuts to add ingredients","fileTypesAndContributionMap":{}}]}],"charkty":[{"date":"2023-09-29","commitResults":[{"hash":"cc8c5bbae9ff17889a536d59a1fe4dc527a67271","isMergeCommit":false,"messageTitle":"Inital Commit","messageBody":"","fileTypesAndContributionMap":{"functional-code":{"insertions":28,"deletions":0},"other":{"insertions":2,"deletions":5}}},{"hash":"dd6b60ad98d01c3e27a8a136d064cab3c7a2f223","isMergeCommit":false,"messageTitle":"Rename main class","messageBody":"","fileTypesAndContributionMap":{"other":{"insertions":2,"deletions":2}}},{"hash":"6e53e38d3d90145bb549a942ff3ddcbaf0b00f26","isMergeCommit":false,"messageTitle":"Change directory in build.gradle","messageBody":"","fileTypesAndContributionMap":{"other":{"insertions":2,"deletions":2}}},{"hash":"cc19609329761b12f39ea60a3852c6d2383a28ed","isMergeCommit":true,"messageTitle":"Merge pull request #1 from charkty/master","messageBody":"Inital Commit","fileTypesAndContributionMap":{}}]},{"date":"2023-10-17","commitResults":[{"hash":"9ee9475bcea3849656b21a218ce39af821019a92","isMergeCommit":false,"messageTitle":"Add Ingredient and IngredientList class","messageBody":"","fileTypesAndContributionMap":{"functional-code":{"insertions":49,"deletions":0}}},{"hash":"e62273d8150c1d3fd87c76a033f26ba44238f9d7","isMergeCommit":false,"messageTitle":"Simplify listIngredient\u0027s for loop","messageBody":"","fileTypesAndContributionMap":{"functional-code":{"insertions":2,"deletions":4}}},{"hash":"60d2a78737c00ba51fa302016588b02ed1801610","isMergeCommit":false,"messageTitle":"Change \u0027qty\u0027 naming and addIngredient() function","messageBody":"","fileTypesAndContributionMap":{"functional-code":{"insertions":8,"deletions":8}}},{"hash":"06a8fc3adcbd4ecdb262d813b07285b18d470a95","isMergeCommit":false,"messageTitle":"Add exception and IngredientListTest","messageBody":"","fileTypesAndContributionMap":{"functional-code":{"insertions":14,"deletions":0},"test-code":{"insertions":31,"deletions":0}}},{"hash":"3aa7bf85c7604d1b0927edad2f87672f09c841f7","isMergeCommit":false,"messageTitle":"Remove unused imports","messageBody":"","fileTypesAndContributionMap":{"functional-code":{"insertions":0,"deletions":2},"test-code":{"insertions":0,"deletions":3}}},{"hash":"25c4d225243f0b7571e39e74aeefdf87fdce6bc3","isMergeCommit":false,"messageTitle":"Change import to correct format","messageBody":"","fileTypesAndContributionMap":{"test-code":{"insertions":1,"deletions":1}}}]},{"date":"2023-10-18","commitResults":[{"hash":"ddfb2b196a0f5380863af3f10f9a689d30e96d93","isMergeCommit":true,"messageTitle":"Merge pull request #31 from StanleyW00/refactorAddRecipes","messageBody":"Refactor add recipes","fileTypesAndContributionMap":{}}]},{"date":"2023-10-19","commitResults":[{"hash":"e7832c36ff1c6607371a6d41b1200997bfcb3854","isMergeCommit":true,"messageTitle":"Merge pull request #33 from kaijie0102/master","messageBody":"Fix bugs and merge conflicts","fileTypesAndContributionMap":{}},{"hash":"57096d1886b6e74cde0786059ef4ef25b03fd0d9","isMergeCommit":false,"messageTitle":"Add ingredient parser","messageBody":"","fileTypesAndContributionMap":{"functional-code":{"insertions":75,"deletions":46},"other":{"insertions":6,"deletions":9},"test-code":{"insertions":29,"deletions":2}}},{"hash":"af8dbd445b5bda4920c82164f168434903354368","isMergeCommit":false,"messageTitle":"Remove unused imports","messageBody":"","fileTypesAndContributionMap":{"functional-code":{"insertions":0,"deletions":4}}},{"hash":"feb3b6b8dad2cd21dfe94cf79972429da0428065","isMergeCommit":false,"messageTitle":"Resolve checkstyle problems","messageBody":"","fileTypesAndContributionMap":{"functional-code":{"insertions":3,"deletions":6}}},{"hash":"754f337d20268d2b308c99f77c8cc954c7c755a0","isMergeCommit":true,"messageTitle":"Merge pull request #42 from charkty/parser/Ingredient","messageBody":"Add ingredient parser and edit Ui","fileTypesAndContributionMap":{}}]},{"date":"2023-10-21","commitResults":[{"hash":"934e0093cb12c72ed4f0abf069808da5067d9c56","isMergeCommit":true,"messageTitle":"Merge pull request #51 from StanleyW00/modify-logic-command","messageBody":"[Enhancement] Modify logic command","fileTypesAndContributionMap":{}}]},{"date":"2023-10-24","commitResults":[{"hash":"9eda75c9cc09a7191362d46958b0e8fdf337df70","isMergeCommit":false,"messageTitle":"Add template for Developer and User Guide","messageBody":"","fileTypesAndContributionMap":{"docs":{"insertions":201,"deletions":12}}},{"hash":"0575003df7a547e9d30f1b6bd28ae33010d0c49c","isMergeCommit":true,"messageTitle":"Merge pull request #52 from StanleyW00/refactor-parser","messageBody":"Refactor parser","fileTypesAndContributionMap":{}}]},{"date":"2023-10-25","commitResults":[{"hash":"1a83a29c35a2908d5d0e3fd93c8dfcd3ae13471b","isMergeCommit":true,"messageTitle":"Merge pull request #59 from kaijie0102/master","messageBody":"Parser integration and enhancement of Ingredient class","fileTypesAndContributionMap":{}},{"hash":"f5866525c5ca4365951cdd89e71e9c15d3950432","isMergeCommit":false,"messageTitle":"Update features for user guide","messageBody":"","fileTypesAndContributionMap":{"docs":{"insertions":74,"deletions":3}}}]},{"date":"2023-10-26","commitResults":[{"hash":"21f2f24a20d8e185260f18739bc298516fd64b12","isMergeCommit":false,"messageTitle":"Create sequence diagram for help function","messageBody":"","fileTypesAndContributionMap":{"docs":{"insertions":43,"deletions":0}}},{"hash":"68e79d8aaef5b66167526bf612879c8b4e7ddc70","isMergeCommit":false,"messageTitle":"Reformat","messageBody":"","fileTypesAndContributionMap":{"docs":{"insertions":1,"deletions":6}}},{"hash":"9e34856934552e225df6b8c96ad062d015c914ef","isMergeCommit":true,"messageTitle":"Merge pull request #64 from StanleyW00/add-new-recipe-diagram","messageBody":"Add new recipe diagram","fileTypesAndContributionMap":{}},{"hash":"65bf693b5b916e63b184ffd9302a2683e1b20928","isMergeCommit":false,"messageTitle":"Add showCommands() to sequence diagram","messageBody":"","fileTypesAndContributionMap":{"docs":{"insertions":1,"deletions":1}}},{"hash":"cf9a6619ca7afd707f5cf28f4bfe1a3082550f8f","isMergeCommit":true,"messageTitle":"Merge branch \u0027master\u0027 into documentation/developerGuide","messageBody":"","fileTypesAndContributionMap":{}},{"hash":"034c51e5b6852c41948861da715aaa064fa49f78","isMergeCommit":false,"messageTitle":"Create developer guide\u0027s help feature implementation","messageBody":"","fileTypesAndContributionMap":{"docs":{"insertions":12,"deletions":7}}},{"hash":"c21aa1564aef1125063a3320fcb3a52f12342d85","isMergeCommit":false,"messageTitle":"Add Delete command in Parser","messageBody":"","fileTypesAndContributionMap":{"functional-code":{"insertions":48,"deletions":2}}},{"hash":"aff6c22bbae4029740f693e6c50bcbec03923f09","isMergeCommit":true,"messageTitle":"Solve merge conflicts","messageBody":"","fileTypesAndContributionMap":{}},{"hash":"b6436b9f03fec96ec7c9259361bb694edd498aad","isMergeCommit":false,"messageTitle":"Create delete ingredient function","messageBody":"","fileTypesAndContributionMap":{"functional-code":{"insertions":106,"deletions":25},"test-code":{"insertions":2,"deletions":2}}},{"hash":"4de8da08513a047f4762b0ee493a99e489091ca3","isMergeCommit":false,"messageTitle":"Handle exceptions for delete command","messageBody":"","fileTypesAndContributionMap":{"functional-code":{"insertions":55,"deletions":11}}},{"hash":"856a27fb0cfc917708e3701d659a41c2ace94622","isMergeCommit":false,"messageTitle":"Solve issues in delete command","messageBody":"","fileTypesAndContributionMap":{"functional-code":{"insertions":50,"deletions":40},"test-code":{"insertions":133,"deletions":0}}},{"hash":"f3d8ca29c8e5a7f88e3169d024043545c633632f","isMergeCommit":false,"messageTitle":"Clean up delete command","messageBody":"","fileTypesAndContributionMap":{"functional-code":{"insertions":4,"deletions":3},"test-code":{"insertions":0,"deletions":133}}},{"hash":"e7ce1eed6ccd66d9e17951ba37a3599b9d45a8cb","isMergeCommit":false,"messageTitle":"Add relevant imports","messageBody":"","fileTypesAndContributionMap":{"functional-code":{"insertions":15,"deletions":4}}},{"hash":"3f19c22122db10d4d155e722a6f469f5c510f2c7","isMergeCommit":false,"messageTitle":"Correct checkstyle error","messageBody":"","fileTypesAndContributionMap":{"functional-code":{"insertions":0,"deletions":1}}},{"hash":"0c4ecb8292c37c0551281a6a812dab75ad6d0207","isMergeCommit":true,"messageTitle":"Merge branch \u0027master\u0027 into feature/deleteIngredient","messageBody":"","fileTypesAndContributionMap":{}},{"hash":"3d10cafeea3ec35ff2b1d074822f196ae91a4428","isMergeCommit":false,"messageTitle":"Change checkstyle errors","messageBody":"","fileTypesAndContributionMap":{"test-code":{"insertions":5,"deletions":5}}},{"hash":"bbfd1d36d9e0a40a3002304d9c381f96f9da804b","isMergeCommit":false,"messageTitle":"Add delete command to start message","messageBody":"","fileTypesAndContributionMap":{"functional-code":{"insertions":16,"deletions":12}}},{"hash":"d2704f80e2a20a8035dafb3c1fe641748a5612e6","isMergeCommit":false,"messageTitle":"Rectify long sentence","messageBody":"","fileTypesAndContributionMap":{"functional-code":{"insertions":3,"deletions":2}}},{"hash":"1726122f2f2cb3839caf48c407d2308ec539bc00","isMergeCommit":true,"messageTitle":"Merge pull request #68 from kaijie0102/branch-ingredient-qty-unit","messageBody":"Junit test to add multiple ingredients in one line","fileTypesAndContributionMap":{}},{"hash":"065b6372cc43931899da1f312369130313c21e22","isMergeCommit":false,"messageTitle":"Tidy showCommands() in Ui","messageBody":"","fileTypesAndContributionMap":{"functional-code":{"insertions":26,"deletions":14}}},{"hash":"dc706dd319c03cb51b0343244e76552fa3b6dee8","isMergeCommit":false,"messageTitle":"Standardise everything to index","messageBody":"","fileTypesAndContributionMap":{"functional-code":{"insertions":28,"deletions":31}}},{"hash":"6c8ae679dc55ad19b0738416da300b09d0987f68","isMergeCommit":true,"messageTitle":"Resolve merge conflict","messageBody":"","fileTypesAndContributionMap":{}},{"hash":"0dedaf9ea6c7781cb66e89696e5f4a1a3e2981c1","isMergeCommit":true,"messageTitle":"Merge pull request #76 from kaijie0102/master","messageBody":"Update developer guide for viewing ingredients","fileTypesAndContributionMap":{}},{"hash":"a8908ee81fd9023042048bd8fc4e084379345bbb","isMergeCommit":false,"messageTitle":"Create exit sequence diagram","messageBody":"","fileTypesAndContributionMap":{"docs":{"insertions":41,"deletions":0}}},{"hash":"957260f4262da7513f655e8ac7587c65bd7b8529","isMergeCommit":false,"messageTitle":"Add steps for help feature","messageBody":"","fileTypesAndContributionMap":{"docs":{"insertions":25,"deletions":2}}},{"hash":"1763b6788b0ea138d9a178dfd7def1ec8bb366a6","isMergeCommit":false,"messageTitle":"Add steps for exit command","messageBody":"","fileTypesAndContributionMap":{"docs":{"insertions":28,"deletions":0}}},{"hash":"03ae637bf4eba4c7ed3f500547ca3cfa5f88cf37","isMergeCommit":true,"messageTitle":"Merge pull request #77 from kaijie0102/master","messageBody":"Add sequence diagram for viewing all recipes and updating DG","fileTypesAndContributionMap":{}},{"hash":"d5f9312405b523e3e00a0f16cf247b11e4175bc9","isMergeCommit":true,"messageTitle":"Resolve merge conflict","messageBody":"","fileTypesAndContributionMap":{}}]},{"date":"2023-10-27","commitResults":[{"hash":"74a474c6cf47c27fdbf1464e7d98e3200c8e9a02","isMergeCommit":true,"messageTitle":"Merge pull request #79 from kaijie0102/master","messageBody":"Improve view ingredients documentation","fileTypesAndContributionMap":{}},{"hash":"01589367b8bb1113cf91a8e40ca5ef0bf2ec534a","isMergeCommit":false,"messageTitle":"Add assertion and remove exception from RecipeList","messageBody":"","fileTypesAndContributionMap":{"functional-code":{"insertions":3,"deletions":8}}},{"hash":"feb16d869bbfe387268f35b7eeeda42e9c59a29b","isMergeCommit":false,"messageTitle":"Shorten names of exception classes","messageBody":"","fileTypesAndContributionMap":{"other":{"insertions":0,"deletions":0}}},{"hash":"8f5b7d64145348c06ca3194476e574047e457e7b","isMergeCommit":false,"messageTitle":"Refactor exception classes in other classes","messageBody":"","fileTypesAndContributionMap":{"functional-code":{"insertions":57,"deletions":57},"test-code":{"insertions":72,"deletions":10}}},{"hash":"63b1adeda242eb21b19e205228401e18b8ca7f65","isMergeCommit":false,"messageTitle":"Add JU test for delete ingredient command","messageBody":"","fileTypesAndContributionMap":{"functional-code":{"insertions":1,"deletions":1},"test-code":{"insertions":24,"deletions":10}}},{"hash":"60e7f9f00528effbe2697855eaea0b57af143f77","isMergeCommit":false,"messageTitle":"Add JU Test for IngredientParser and remove unused exception in delete function","messageBody":"","fileTypesAndContributionMap":{"functional-code":{"insertions":2,"deletions":12},"test-code":{"insertions":36,"deletions":5}}},{"hash":"e4eb6638051b73103aaa4b4e4ffb5f70b0c35961","isMergeCommit":false,"messageTitle":"Add JU test for Delete Recipe Command","messageBody":"","fileTypesAndContributionMap":{"functional-code":{"insertions":0,"deletions":2},"test-code":{"insertions":75,"deletions":0}}},{"hash":"7ac1c9f5cbd06e7bfd80a4ac02f08d6279f78d8c","isMergeCommit":true,"messageTitle":"Merge branch \u0027master\u0027 into feature/delete","messageBody":"","fileTypesAndContributionMap":{}},{"hash":"746d9b6022f007c11cb48cc35af633109e40aeff","isMergeCommit":false,"messageTitle":"Remove unused imports","messageBody":"","fileTypesAndContributionMap":{"functional-code":{"insertions":0,"deletions":1},"test-code":{"insertions":1,"deletions":5}}},{"hash":"0e122d5253e5901139feb79b7d61c38786ccb88e","isMergeCommit":true,"messageTitle":"Merge pull request #83 from StanleyW00/second-half-ug","messageBody":"Update ingredient UG","fileTypesAndContributionMap":{}}]},{"date":"2023-10-28","commitResults":[{"hash":"44950b10aa5f5b8412b618f68539bc446bb186bc","isMergeCommit":true,"messageTitle":"Merge pull request #89 from StanleyW00/bug-theme-pages","messageBody":"Fix pages bug","fileTypesAndContributionMap":{}}]},{"date":"2023-10-30","commitResults":[{"hash":"4b64feb8a374e7a1bea0d62c78f2d9ac9267e7f3","isMergeCommit":true,"messageTitle":"Merge pull request #96 from kaijie0102/branch-recipe-ingredient","messageBody":"Add ingredient list into all recipes","fileTypesAndContributionMap":{}},{"hash":"c4bee730e96e7d04b87e8ed0452154310029a3ce","isMergeCommit":false,"messageTitle":"Use method overloading and shorten method names","messageBody":"","fileTypesAndContributionMap":{"functional-code":{"insertions":16,"deletions":16},"test-code":{"insertions":37,"deletions":37}}},{"hash":"a26c2d01b7fcfd837ffa202b3fc19c3e637aa36c","isMergeCommit":false,"messageTitle":"Add view specific ingredient function","messageBody":"","fileTypesAndContributionMap":{"functional-code":{"insertions":31,"deletions":13}}},{"hash":"cddf207a4e77a6549940f73d798e30f9cd4f92aa","isMergeCommit":false,"messageTitle":"Add StartRecipeCommand function","messageBody":"","fileTypesAndContributionMap":{"functional-code":{"insertions":84,"deletions":12}}},{"hash":"0e23268d832b338c764f4ff7dc1763cf37f5c232","isMergeCommit":false,"messageTitle":"Add additional features to start command","messageBody":"","fileTypesAndContributionMap":{"functional-code":{"insertions":82,"deletions":9}}}]},{"date":"2023-10-31","commitResults":[{"hash":"05e7acf0740d8fc63097cbdf9aeba7e6301d1b7d","isMergeCommit":false,"messageTitle":"Add method to find additional amount of ingredient needed","messageBody":"","fileTypesAndContributionMap":{"functional-code":{"insertions":28,"deletions":12},"test-code":{"insertions":2,"deletions":2}}},{"hash":"eca8c866fef0139110fe15fdcd43af34625ca635","isMergeCommit":false,"messageTitle":"Make print statements cleaner","messageBody":"","fileTypesAndContributionMap":{"functional-code":{"insertions":9,"deletions":4}}},{"hash":"b1d06e656af998e919090f6a1b0daa22162032c7","isMergeCommit":false,"messageTitle":"Filter recipes based on ingredients","messageBody":"","fileTypesAndContributionMap":{"functional-code":{"insertions":91,"deletions":17}}},{"hash":"de1277d5008962b09c1bfda43ea1e2ad1aebdc4a","isMergeCommit":false,"messageTitle":"Remove unused imports","messageBody":"","fileTypesAndContributionMap":{"functional-code":{"insertions":15,"deletions":5}}},{"hash":"5fe335fb08bc577a838e5a5210638a652c8bb76b","isMergeCommit":false,"messageTitle":"Update start message","messageBody":"","fileTypesAndContributionMap":{"functional-code":{"insertions":6,"deletions":1}}},{"hash":"5e1af8635ad5b8800af2b1a4754f759865279444","isMergeCommit":false,"messageTitle":"Add documentation on filter recipe based by ingredients","messageBody":"","fileTypesAndContributionMap":{"docs":{"insertions":32,"deletions":10}}},{"hash":"b1ee1d06b829f202da31296060e2f68894402a4b","isMergeCommit":false,"messageTitle":"Add start recipe command","messageBody":"","fileTypesAndContributionMap":{"docs":{"insertions":21,"deletions":2}}},{"hash":"8371a57ae5ce9b13939f3022eada2d09f622a723","isMergeCommit":false,"messageTitle":"Add view specific ingredient command","messageBody":"","fileTypesAndContributionMap":{"docs":{"insertions":22,"deletions":10}}},{"hash":"05676d901acc5ea9c46e51285a2f41d29a4619d4","isMergeCommit":false,"messageTitle":"Fix table border issue","messageBody":"","fileTypesAndContributionMap":{"docs":{"insertions":9,"deletions":9}}},{"hash":"fd4ee651c0d47ee8b86f4363ca04851f4c7cdf1a","isMergeCommit":true,"messageTitle":"Merge pull request #101 from StanleyW00/100-implement-storage","messageBody":"Implement ingredient storage","fileTypesAndContributionMap":{}},{"hash":"ebe56000ba84ca11528eba8836095d6d2420a119","isMergeCommit":true,"messageTitle":"Resolve merge conflicts","messageBody":"","fileTypesAndContributionMap":{}},{"hash":"360072cea1eb41a7bfba6112f3ef0bd92eb89636","isMergeCommit":true,"messageTitle":"Merge pull request #102 from charkty/feature/viewIngredient","messageBody":"View and filter functions for ingredients","fileTypesAndContributionMap":{}}]},{"date":"2023-11-02","commitResults":[{"hash":"897dacacbaeaac6df86ff43d6ab225f97e6a1769","isMergeCommit":false,"messageTitle":"Format developer guide","messageBody":"","fileTypesAndContributionMap":{"docs":{"insertions":3,"deletions":0}}},{"hash":"aeca09f1e35e45a5ac929e4d712272b0c1cf9a3f","isMergeCommit":true,"messageTitle":"Merge branch \u0027master\u0027 into documentation/developerGuide","messageBody":"","fileTypesAndContributionMap":{}},{"hash":"381d670b518a090da72ed69a4ccb78ef5e952f49","isMergeCommit":false,"messageTitle":"Create sequence diagram for filter recipes","messageBody":"","fileTypesAndContributionMap":{"docs":{"insertions":49,"deletions":1}}},{"hash":"3872558818fa9c9761bcc926f6f85dd73c1b615a","isMergeCommit":false,"messageTitle":"Update filter recipe dg","messageBody":"","fileTypesAndContributionMap":{"docs":{"insertions":6,"deletions":6}}},{"hash":"4e096d9c3fd2ce0df42272f4aaaf1411d3417eef","isMergeCommit":false,"messageTitle":"Create dg for view specific ingredient command","messageBody":"","fileTypesAndContributionMap":{"docs":{"insertions":49,"deletions":8}}},{"hash":"b87d4c25d60e6a79698b7c9144feb88a09ba36b5","isMergeCommit":false,"messageTitle":"Create start recipe sequence diagram","messageBody":"","fileTypesAndContributionMap":{"docs":{"insertions":57,"deletions":2}}},{"hash":"65c96ab4dbcf33e9f0b7cf0f78a0700aeee88a83","isMergeCommit":false,"messageTitle":"Add recipe and ingredient parser to sequence diagrams","messageBody":"","fileTypesAndContributionMap":{"docs":{"insertions":15,"deletions":0}}},{"hash":"e8408839afa02aa87d3fdd69689ce2581db63afa","isMergeCommit":false,"messageTitle":"Add SD to DG","messageBody":"","fileTypesAndContributionMap":{"docs":{"insertions":12,"deletions":5}}},{"hash":"0d55e9e0de350563dc1506c7a88f725a1ec9956f","isMergeCommit":true,"messageTitle":"Merge pull request #109 from StanleyW00/100-implement-storage","messageBody":"Saving tags and duration","fileTypesAndContributionMap":{}},{"hash":"a1e4fbae95c507dc7fce1daf7d7b7955f44af41f","isMergeCommit":false,"messageTitle":"Add description to DG","messageBody":"","fileTypesAndContributionMap":{"docs":{"insertions":86,"deletions":5}}},{"hash":"739512ab25a3c59ce0dbd16ea7f4018c70e99814","isMergeCommit":true,"messageTitle":"Merge pull request #111 from kaijie0102/branch-recipe-ingredient","messageBody":"Fix bug that does not allow for steps with multiple words","fileTypesAndContributionMap":{}},{"hash":"e529545c54d34243507fe8a1b340e2dec292183d","isMergeCommit":false,"messageTitle":"Update add recipe table in UG","messageBody":"","fileTypesAndContributionMap":{"docs":{"insertions":20,"deletions":15}}},{"hash":"61bf723fefefbc7da890fef1cceef2b2e4dc5330","isMergeCommit":true,"messageTitle":"Merge branch \u0027master\u0027 of https://github.com/AY2324S1-CS2113-F11-2/tp","messageBody":"","fileTypesAndContributionMap":{}},{"hash":"d96aeb6ff0bd9fc411e591c428a0bcc4182d7703","isMergeCommit":true,"messageTitle":"Merge branch \u0027master\u0027 into documentation/developerGuide","messageBody":"","fileTypesAndContributionMap":{}},{"hash":"a61e255be89bdeae5d0b08409a80ff75ea3dd197","isMergeCommit":true,"messageTitle":"Merge pull request #112 from StanleyW00/110-format-checker-storage","messageBody":"Add format checking for storage","fileTypesAndContributionMap":{}},{"hash":"31b628b2b3c8dede2bc9e9ea1b0f857793ecafbe","isMergeCommit":true,"messageTitle":"Merge pull request #115 from kaijie0102/branch-recipe-ingredient","messageBody":"Fix add recipe with tag bug","tags":["v2.0"],"fileTypesAndContributionMap":{}},{"hash":"b623db472c9166ea662ffbe6eb3b03f0dd83cd8d","isMergeCommit":false,"messageTitle":"Add error message","messageBody":"","fileTypesAndContributionMap":{"functional-code":{"insertions":3,"deletions":1}}},{"hash":"3cd55e341ed1d1c4f8b194aa9bd064d625f3966e","isMergeCommit":true,"messageTitle":"Merge branch \u0027master\u0027 of https://github.com/AY2324S1-CS2113-F11-2/tp","messageBody":"","fileTypesAndContributionMap":{}},{"hash":"fa4dbe95d006a2ffbcecb853629000bdd5d374af","isMergeCommit":true,"messageTitle":"Merge branch \u0027master\u0027 into documentation/developerGuide","messageBody":"","fileTypesAndContributionMap":{}}]},{"date":"2023-11-03","commitResults":[{"hash":"94dcb291e04408ebbea26d80428dd24b4d31cb81","isMergeCommit":false,"messageTitle":"Update show recipe commands","messageBody":"","fileTypesAndContributionMap":{"functional-code":{"insertions":3,"deletions":1}}},{"hash":"c651a24e4c57aa9138451eec02516bbc0084ca0b","isMergeCommit":true,"messageTitle":"Merge branch \u0027master\u0027 of https://github.com/AY2324S1-CS2113-F11-2/tp","messageBody":"","fileTypesAndContributionMap":{}},{"hash":"08c0d61911e482c381f62e32a072c6f7ce9ccb1d","isMergeCommit":true,"messageTitle":"Resolve merge conflicts","messageBody":"","fileTypesAndContributionMap":{}},{"hash":"dc2184b069ed0a5127d9c5bf7fb6370a40748396","isMergeCommit":true,"messageTitle":"Merge pull request #120 from kaijie0102/documentation","messageBody":"Documentation on edit recipe and reformating","fileTypesAndContributionMap":{}},{"hash":"88e69ad6c3958df9f1d56e69fcc5d47459ce5475","isMergeCommit":false,"messageTitle":"Remove space from print statement","messageBody":"","fileTypesAndContributionMap":{"functional-code":{"insertions":4,"deletions":2}}}]},{"date":"2023-11-07","commitResults":[{"hash":"701012e16a35fbc4a6f27c514fdfc8ad4dbf8f60","isMergeCommit":false,"messageTitle":"Start recipe test","messageBody":"","fileTypesAndContributionMap":{"functional-code":{"insertions":43,"deletions":5},"test-code":{"insertions":77,"deletions":0}}},{"hash":"06b3b87bbce35e3a7ca7e92589fe24f1e51c4f6f","isMergeCommit":false,"messageTitle":"Add assert statement to test class","messageBody":"","fileTypesAndContributionMap":{"functional-code":{"insertions":0,"deletions":4},"test-code":{"insertions":13,"deletions":20}}},{"hash":"2f9afb748f602f71ede432411130589be8322205","isMergeCommit":false,"messageTitle":"Resolce conflicting start recipe message bug","messageBody":"","fileTypesAndContributionMap":{"functional-code":{"insertions":1,"deletions":1}}},{"hash":"b69ff268a051857a6b452dfb78c1855b2e1ffca7","isMergeCommit":false,"messageTitle":"Solve checkstyle errors","messageBody":"","fileTypesAndContributionMap":{"functional-code":{"insertions":4,"deletions":3},"test-code":{"insertions":6,"deletions":3}}},{"hash":"5609c990cd74f338039eea1d0b137ce8d7cc1a2c","isMergeCommit":true,"messageTitle":"Merge pull request #212 from charkty/feature/viewIngredient","messageBody":"JU Test for start recipe and solve start recipe print statement bug","fileTypesAndContributionMap":{}},{"hash":"702581f46fdc096191be8bca2be9bbf25b68914c","isMergeCommit":true,"messageTitle":"Merge pull request #213 from kaijie0102/branch-add-recipe","messageBody":"Add recipe now only uses 1 integrated method. Tags working","fileTypesAndContributionMap":{}},{"hash":"3efa1ae5f8117a4509cc9fa24421469d427a12ee","isMergeCommit":false,"messageTitle":"Solve bugs in DG","messageBody":"","fileTypesAndContributionMap":{"docs":{"insertions":102,"deletions":106}}}]},{"date":"2023-11-09","commitResults":[{"hash":"c9b2ad581e2a4d5888a4f6876e658172d4c19a45","isMergeCommit":true,"messageTitle":"Merge pull request #218 from StanleyW00/modify-ug-dg","messageBody":"Modify dg and ug","fileTypesAndContributionMap":{}},{"hash":"02900006e77f71fd21062f931b5b67ed6482b3a2","isMergeCommit":true,"messageTitle":"Reformat user doc","messageBody":"","fileTypesAndContributionMap":{}},{"hash":"be5dfc38b61cbd68447df46432916f1d56c23afd","isMergeCommit":true,"messageTitle":"Merge branch \u0027master\u0027 of https://github.com/AY2324S1-CS2113-F11-2/tp","messageBody":"","fileTypesAndContributionMap":{}},{"hash":"101e7941901664eaf1217c48776eef15448868ee","isMergeCommit":false,"messageTitle":"Add parser for plan command","messageBody":"","fileTypesAndContributionMap":{"functional-code":{"insertions":176,"deletions":16}}},{"hash":"c8ac7dcfb0b527bec12907dcc35cc842b2f95938","isMergeCommit":false,"messageTitle":"Add to plan command executeCommand() method","messageBody":"","fileTypesAndContributionMap":{"functional-code":{"insertions":56,"deletions":8}}},{"hash":"651fdd4ef7d1453df2fc689680b2c44bf7909fe1","isMergeCommit":true,"messageTitle":"Merge branch \u0027master\u0027 of https://github.com/AY2324S1-CS2113-F11-2/tp","messageBody":"","fileTypesAndContributionMap":{}},{"hash":"4f017d2c65b3f09728f510abf58320969e9e5246","isMergeCommit":true,"messageTitle":"Merge branch \u0027master\u0027 into feature/plan","messageBody":"","fileTypesAndContributionMap":{}},{"hash":"cfb6dfbf35a8b75c897e5f8ab98a4883c82bcd12","isMergeCommit":false,"messageTitle":"Resolve checkstyle errors","messageBody":"","fileTypesAndContributionMap":{"functional-code":{"insertions":27,"deletions":9}}},{"hash":"2ca89098adcd06a63d2ee80c3b7a8d5b51dc168b","isMergeCommit":false,"messageTitle":"Add java docs","messageBody":"","fileTypesAndContributionMap":{"functional-code":{"insertions":11,"deletions":12}}},{"hash":"312456bebf07c932ea1319f240595634b02be4b0","isMergeCommit":false,"messageTitle":"Resolve comments from kj","messageBody":"","fileTypesAndContributionMap":{"functional-code":{"insertions":2,"deletions":5}}},{"hash":"dceaeb72be338b4d34e7af8696d3cdf1ccb12ea0","isMergeCommit":true,"messageTitle":"Merge pull request #227 from charkty/feature/plan","messageBody":"Plan feature","fileTypesAndContributionMap":{}},{"hash":"181d060125ff1648c7fbf9210199c52931c1efa9","isMergeCommit":false,"messageTitle":"Update UG for plan command","messageBody":"","fileTypesAndContributionMap":{"docs":{"insertions":20,"deletions":0}}},{"hash":"05562bd1897fd779315da007a80ce2db45cc68c7","isMergeCommit":true,"messageTitle":"Merge branch \u0027master\u0027 into feature/plan","messageBody":"","fileTypesAndContributionMap":{}},{"hash":"2d7b41b01dcb6faaa6c5cc6966c0be1dba96c7f9","isMergeCommit":false,"messageTitle":"Add output of recipes filtered out","messageBody":"","fileTypesAndContributionMap":{"functional-code":{"insertions":6,"deletions":5}}},{"hash":"e342758f4d499b073b950c70d78ec497c8b5a8a2","isMergeCommit":false,"messageTitle":"Update DG","messageBody":"","fileTypesAndContributionMap":{"docs":{"insertions":1,"deletions":2}}},{"hash":"d657d5f65608f038d37e9f11871a11b3b59fd6e5","isMergeCommit":true,"messageTitle":"Merge pull request #233 from kaijie0102/branch-ingredient-qty-unit","messageBody":"Handle adding of ingredient with negative value","fileTypesAndContributionMap":{}},{"hash":"1c66c15d1d365501c61e26676f934659af8b4b9f","isMergeCommit":false,"messageTitle":"Add class diagram for RecipeList","messageBody":"","fileTypesAndContributionMap":{"functional-code":{"insertions":1,"deletions":1},"docs":{"insertions":24,"deletions":0}}},{"hash":"e1b0081429fafb237f6dbce7eecb7be5fa3a1dee","isMergeCommit":false,"messageTitle":"Update DG colors","messageBody":"","fileTypesAndContributionMap":{"docs":{"insertions":5,"deletions":2}}}]},{"date":"2023-11-10","commitResults":[{"hash":"69909350f54335d989610dbc9b821c0fc1db448b","isMergeCommit":false,"messageTitle":"Add recipe componenet class diagram to DG","messageBody":"","fileTypesAndContributionMap":{"docs":{"insertions":16,"deletions":0}}},{"hash":"78681146809c0196fed8db7249c4ca17fee71131","isMergeCommit":false,"messageTitle":"Create default template for IngredientListClassDiagram.puml","messageBody":"","fileTypesAndContributionMap":{"docs":{"insertions":12,"deletions":0}}},{"hash":"c34d4654b705ed3f018a97f3e7d700a19a83e3e7","isMergeCommit":true,"messageTitle":"Resolve merge conflicts","messageBody":"","fileTypesAndContributionMap":{}},{"hash":"71c912793fb3998adee0c95c2164d1fe7a678566","isMergeCommit":true,"messageTitle":"Merge pull request #235 from kaijie0102/branch-add-recipe","messageBody":"Implemented duration for steps","fileTypesAndContributionMap":{}},{"hash":"1f06c56db709a7cfe2c3f95139dfd17e53c8dbf1","isMergeCommit":true,"messageTitle":"Merge branch \u0027master\u0027 into test","messageBody":"","fileTypesAndContributionMap":{}},{"hash":"916bcb699ed9566925bc1e8d894877898a58b0f4","isMergeCommit":true,"messageTitle":"Merge pull request #238 from charkty/feature/plan","messageBody":"UG update for Plan Command and DG update for RecipeList component","fileTypesAndContributionMap":{}},{"hash":"a42f5b62f53126ab3ca9f8fca4b15a8f3cf57375","isMergeCommit":false,"messageTitle":"Add JU test for plan recipes command","messageBody":"","fileTypesAndContributionMap":{"functional-code":{"insertions":15,"deletions":2},"other":{"insertions":14,"deletions":6},"test-code":{"insertions":119,"deletions":1}}},{"hash":"667236f2a5ef1a4f34501be35b82c09648c9b059","isMergeCommit":false,"messageTitle":"Resolve checkstyle error","messageBody":"","fileTypesAndContributionMap":{"test-code":{"insertions":6,"deletions":6}}},{"hash":"0f0d90668002448f4ceeb2587682c53c4b1a0632","isMergeCommit":false,"messageTitle":"Rename start command to check command","messageBody":"","fileTypesAndContributionMap":{"functional-code":{"insertions":3,"deletions":3},"other":{"insertions":4,"deletions":4},"docs":{"insertions":36,"deletions":29}}},{"hash":"a270ace20ba2e2295f2245218d35c28abac44da9","isMergeCommit":false,"messageTitle":"Update CheckRecipe sequence diagram","messageBody":"","fileTypesAndContributionMap":{"docs":{"insertions":1,"deletions":1}}},{"hash":"9ba521059bbe11198a1271e2fa6d7004f5f6e6e7","isMergeCommit":true,"messageTitle":"Merge branch \u0027master\u0027 into test","messageBody":"","fileTypesAndContributionMap":{}},{"hash":"49a62a49b7499e1b81ed0756be2b12c525fe336a","isMergeCommit":true,"messageTitle":"Merge pull request #242 from charkty/test","messageBody":"JU Test for plan recipe command","fileTypesAndContributionMap":{}},{"hash":"5856b91798a2aa93b20f49f5bba6aa289c509c0f","isMergeCommit":true,"messageTitle":"Merge pull request #245 from charkty/feature/start","messageBody":"Change start command to check command","fileTypesAndContributionMap":{}}]}]},"authorFileTypeContributionMap":{"kaijie0102":{"docs":267,"functional-code":949,"test-code":570},"Haoyuli2002":{"docs":92,"functional-code":213,"test-code":59},"StanleyW00":{"docs":394,"functional-code":1514,"test-code":216,"other":1},"charkty":{"docs":791,"functional-code":905,"test-code":427,"other":2}},"authorContributionVariance":{"kaijie0102":24907.656,"Haoyuli2002":7215.8823,"StanleyW00":34626.35,"charkty":29897.975},"authorDisplayNameMap":{"kaijie0102":"CS2113-F11-2 LEOW.. JIE","Haoyuli2002":"CS2113-F11-2 LI H..AOYU","StanleyW00":"CS2113-F11-2 STAN..JAYA","charkty":"CS2113-F11-2 CHAR..G YU"}}
