{"authorDailyContributionsMap":{"kaijie0102":[],"Haoyuli2002":[{"date":"2023-10-14","commitResults":[{"hash":"533cbebde967558dc1f78c67408189b08951af45","isMergeCommit":false,"messageTitle":"First Increment by Recipe","messageBody":"","fileTypesAndContributionMap":{"functional-code":{"insertions":54,"deletions":2}}},{"hash":"b6ee03e3c0e9b49dc6e6833650a230efa0d41273","isMergeCommit":false,"messageTitle":"First Increment by Recipe(modified","messageBody":"","fileTypesAndContributionMap":{"functional-code":{"insertions":0,"deletions":7}}}]}],"StanleyW00":[{"date":"2023-10-11","commitResults":[{"hash":"4447268e6ccb1338f632b53165b4bb21c99fdd58","isMergeCommit":true,"messageTitle":"Merge pull request #1 from StanleyW00/master","messageBody":"Add config.yml","fileTypesAndContributionMap":{}}]},{"date":"2023-10-14","commitResults":[{"hash":"8b3c2439f5d1cf825828243014eb49c950d2c752","isMergeCommit":true,"messageTitle":"Merge pull request #13 from Haoyuli2002/RecipeStepBranch","messageBody":"Recipe step branch","fileTypesAndContributionMap":{}}]}],"charkty":[{"date":"2023-09-29","commitResults":[{"hash":"cc8c5bbae9ff17889a536d59a1fe4dc527a67271","isMergeCommit":false,"messageTitle":"Inital Commit","messageBody":"","fileTypesAndContributionMap":{"functional-code":{"insertions":28,"deletions":0},"other":{"insertions":2,"deletions":5}}},{"hash":"dd6b60ad98d01c3e27a8a136d064cab3c7a2f223","isMergeCommit":false,"messageTitle":"Rename main class","messageBody":"","fileTypesAndContributionMap":{"other":{"insertions":2,"deletions":2}}},{"hash":"6e53e38d3d90145bb549a942ff3ddcbaf0b00f26","isMergeCommit":false,"messageTitle":"Change directory in build.gradle","messageBody":"","fileTypesAndContributionMap":{"other":{"insertions":2,"deletions":2}}},{"hash":"cc19609329761b12f39ea60a3852c6d2383a28ed","isMergeCommit":true,"messageTitle":"Merge pull request #1 from charkty/master","messageBody":"Inital Commit","fileTypesAndContributionMap":{}}]}]},"authorFileTypeContributionMap":{"kaijie0102":{"docs":0,"functional-code":0,"test-code":0},"Haoyuli2002":{"docs":0,"functional-code":47,"test-code":0},"StanleyW00":{"docs":0,"functional-code":0,"test-code":0},"charkty":{"docs":0,"functional-code":28,"test-code":2,"other":2}},"authorContributionVariance":{"kaijie0102":0.0,"Haoyuli2002":165.06238,"StanleyW00":0.0,"charkty":76.89601},"authorDisplayNameMap":{"kaijie0102":"CS2113-F11-2 LEOW.. JIE","Haoyuli2002":"CS2113-F11-2 LI H..AOYU","StanleyW00":"CS2113-F11-2 STAN..JAYA","charkty":"CS2113-F11-2 CHAR..G YU"}}
