{"authorDailyContributionsMap":{"kaijie0102":[{"date":"2023-10-17","commitResults":[{"hash":"1801a4716290f9e5bca33037ef07a1a3cf499655","isMergeCommit":true,"messageTitle":"Merge pull request #18 from Haoyuli2002/RecipeStepBranch","messageBody":"Recipe step branch","fileTypesAndContributionMap":{}},{"hash":"5a3d7f322e8b5bbbcf1be7d1f0f10d968e67954e","isMergeCommit":true,"messageTitle":"Merge pull request #19 from charkty/feature/addIngredient","messageBody":"Add Ingredient and IngredientList class","fileTypesAndContributionMap":{}},{"hash":"872e6fd20ad09bd7823e87bcb5de1906339a9d51","isMergeCommit":true,"messageTitle":"Merge pull request #21 from charkty/feature/addIngredient","messageBody":"Add exception and IngredientListTest","fileTypesAndContributionMap":{}}]}],"Haoyuli2002":[{"date":"2023-10-14","commitResults":[{"hash":"533cbebde967558dc1f78c67408189b08951af45","isMergeCommit":false,"messageTitle":"First Increment by Recipe","messageBody":"","fileTypesAndContributionMap":{"functional-code":{"insertions":54,"deletions":2}}},{"hash":"b6ee03e3c0e9b49dc6e6833650a230efa0d41273","isMergeCommit":false,"messageTitle":"First Increment by Recipe(modified","messageBody":"","fileTypesAndContributionMap":{"functional-code":{"insertions":0,"deletions":7}}}]},{"date":"2023-10-16","commitResults":[{"hash":"6eed0ddb76ed9d56e4df3b2d6cf89ad5df5e4a4d","isMergeCommit":false,"messageTitle":"no message","messageBody":"","fileTypesAndContributionMap":{"functional-code":{"insertions":10,"deletions":0}}},{"hash":"a2d197b2fe9eb0b3b12711e1bafa128ca5c57e8e","isMergeCommit":false,"messageTitle":"First Increment by Recipe(modified","messageBody":"","fileTypesAndContributionMap":{"functional-code":{"insertions":0,"deletions":1}}}]}],"StanleyW00":[{"date":"2023-10-11","commitResults":[{"hash":"4447268e6ccb1338f632b53165b4bb21c99fdd58","isMergeCommit":true,"messageTitle":"Merge pull request #1 from StanleyW00/master","messageBody":"Add config.yml","fileTypesAndContributionMap":{}}]},{"date":"2023-10-14","commitResults":[{"hash":"8b3c2439f5d1cf825828243014eb49c950d2c752","isMergeCommit":true,"messageTitle":"Merge pull request #13 from Haoyuli2002/RecipeStepBranch","messageBody":"Recipe step branch","fileTypesAndContributionMap":{}}]},{"date":"2023-10-15","commitResults":[{"hash":"6035944c21b046f8cd088fff639b3323a0d74cfb","isMergeCommit":false,"messageTitle":"Add create recipe feature","messageBody":"","fileTypesAndContributionMap":{"functional-code":{"insertions":64,"deletions":13}}},{"hash":"0c64219809d5cb7b43af8066da20547702877eea","isMergeCommit":false,"messageTitle":"Add testing for adding recipes","messageBody":"","fileTypesAndContributionMap":{"functional-code":{"insertions":32,"deletions":0},"test-code":{"insertions":35,"deletions":0}}},{"hash":"20b6f77610183ea67e3604b052000c190bb0414e","isMergeCommit":false,"messageTitle":"Add system exit","messageBody":"","fileTypesAndContributionMap":{"functional-code":{"insertions":1,"deletions":0}}}]},{"date":"2023-10-16","commitResults":[{"hash":"da5360045784c465988318559c89d321b52db980","isMergeCommit":true,"messageTitle":"Merge pull request #14 from StanleyW00/addRecipes","messageBody":"Add creating recipes","fileTypesAndContributionMap":{}}]}],"charkty":[{"date":"2023-09-29","commitResults":[{"hash":"cc8c5bbae9ff17889a536d59a1fe4dc527a67271","isMergeCommit":false,"messageTitle":"Inital Commit","messageBody":"","fileTypesAndContributionMap":{"functional-code":{"insertions":28,"deletions":0},"other":{"insertions":2,"deletions":5}}},{"hash":"dd6b60ad98d01c3e27a8a136d064cab3c7a2f223","isMergeCommit":false,"messageTitle":"Rename main class","messageBody":"","fileTypesAndContributionMap":{"other":{"insertions":2,"deletions":2}}},{"hash":"6e53e38d3d90145bb549a942ff3ddcbaf0b00f26","isMergeCommit":false,"messageTitle":"Change directory in build.gradle","messageBody":"","fileTypesAndContributionMap":{"other":{"insertions":2,"deletions":2}}},{"hash":"cc19609329761b12f39ea60a3852c6d2383a28ed","isMergeCommit":true,"messageTitle":"Merge pull request #1 from charkty/master","messageBody":"Inital Commit","fileTypesAndContributionMap":{}}]},{"date":"2023-10-17","commitResults":[{"hash":"9ee9475bcea3849656b21a218ce39af821019a92","isMergeCommit":false,"messageTitle":"Add Ingredient and IngredientList class","messageBody":"","fileTypesAndContributionMap":{"functional-code":{"insertions":49,"deletions":0}}},{"hash":"e62273d8150c1d3fd87c76a033f26ba44238f9d7","isMergeCommit":false,"messageTitle":"Simplify listIngredient\u0027s for loop","messageBody":"","fileTypesAndContributionMap":{"functional-code":{"insertions":2,"deletions":4}}},{"hash":"60d2a78737c00ba51fa302016588b02ed1801610","isMergeCommit":false,"messageTitle":"Change \u0027qty\u0027 naming and addIngredient() function","messageBody":"","fileTypesAndContributionMap":{"functional-code":{"insertions":8,"deletions":8}}},{"hash":"06a8fc3adcbd4ecdb262d813b07285b18d470a95","isMergeCommit":false,"messageTitle":"Add exception and IngredientListTest","messageBody":"","fileTypesAndContributionMap":{"functional-code":{"insertions":14,"deletions":0},"test-code":{"insertions":31,"deletions":0}}},{"hash":"3aa7bf85c7604d1b0927edad2f87672f09c841f7","isMergeCommit":false,"messageTitle":"Remove unused imports","messageBody":"","fileTypesAndContributionMap":{"functional-code":{"insertions":0,"deletions":2},"test-code":{"insertions":0,"deletions":3}}},{"hash":"25c4d225243f0b7571e39e74aeefdf87fdce6bc3","isMergeCommit":false,"messageTitle":"Change import to correct format","messageBody":"","fileTypesAndContributionMap":{"test-code":{"insertions":1,"deletions":1}}}]}]},"authorFileTypeContributionMap":{"kaijie0102":{"docs":0,"functional-code":0,"test-code":0},"Haoyuli2002":{"docs":0,"functional-code":52,"test-code":0},"StanleyW00":{"docs":0,"functional-code":97,"test-code":35},"charkty":{"docs":0,"functional-code":87,"test-code":30,"other":2}},"authorContributionVariance":{"kaijie0102":0.0,"Haoyuli2002":149.20709,"StanleyW00":777.55176,"charkty":612.23676},"authorDisplayNameMap":{"kaijie0102":"CS2113-F11-2 LEOW.. JIE","Haoyuli2002":"CS2113-F11-2 LI H..AOYU","StanleyW00":"CS2113-F11-2 STAN..JAYA","charkty":"CS2113-F11-2 CHAR..G YU"}}
