{"authorDailyContributionsMap":{"Xuan127":[{"date":"2023-10-04","commitResults":[{"hash":"92527fd32c5b5fa00119b754e79e8f90a7aec990","isMergeCommit":false,"messageTitle":"Edit about us","messageBody":"","fileTypesAndContributionMap":{"docs":{"insertions":1,"deletions":1}}},{"hash":"202d4740acca25f35994264b9b82e37fafee606b","isMergeCommit":true,"messageTitle":"Merge remote-tracking branch \u0027upstream/master\u0027","messageBody":"# Conflicts:\n#\tdocs/AboutUs.md\n","fileTypesAndContributionMap":{}},{"hash":"1969944e3707bc31b0f1f34b8840b88c6dfb9c11","isMergeCommit":true,"messageTitle":"Merge pull request #21 from danielpappa/master","messageBody":"Update name in first line","fileTypesAndContributionMap":{}}]},{"date":"2023-10-10","commitResults":[{"hash":"f7da23047dea85e15ea67b57be6a9919992ff63f","isMergeCommit":false,"messageTitle":"Initialize and implement quit","messageBody":"","fileTypesAndContributionMap":{"functional-code":{"insertions":10,"deletions":1}}},{"hash":"6d87e67f7da1087ac4e36b352008de1803e15a40","isMergeCommit":false,"messageTitle":"Change the starting prints","messageBody":"","fileTypesAndContributionMap":{"functional-code":{"insertions":9,"deletions":7}}},{"hash":"04d0249fce8ab50119cf0cb1190da0a330d7c9dc","isMergeCommit":false,"messageTitle":"Create Input class","messageBody":"Fixes #22\n","fileTypesAndContributionMap":{"functional-code":{"insertions":22,"deletions":7}}},{"hash":"4fffba3cf6fd42d3c60b399bd50f985068477911","isMergeCommit":false,"messageTitle":"Shorten line 17 in main","messageBody":"","fileTypesAndContributionMap":{"functional-code":{"insertions":2,"deletions":1}}},{"hash":"638c97db74be058316ed191d5a389a91503089e2","isMergeCommit":false,"messageTitle":"Add check for if there is next line of input","messageBody":"","fileTypesAndContributionMap":{"functional-code":{"insertions":3,"deletions":1}}},{"hash":"0e5d466cb2687bd3d2521aceabf8d1729c94bad0","isMergeCommit":true,"messageTitle":"Merge pull request #24 from mcmc101001/branch-Ui-Class","messageBody":"Add UI class with simple methods to handle UI functionalities","fileTypesAndContributionMap":{}},{"hash":"503fdcda1131acf16720adc8697374ece53edaed","isMergeCommit":true,"messageTitle":"Merge remote-tracking branch \u0027upstream/master\u0027 into initialisation_and_exit","messageBody":"# Conflicts:\n#\tsrc/main/java/cashleh/CashLeh.java\n#\tsrc/main/java/cashleh/Input.java\n","fileTypesAndContributionMap":{}},{"hash":"fd51ee65ba035a1ffd51a50bcc20dce14737fe80","isMergeCommit":false,"messageTitle":"Add some javadoc for Input class and use ui class to print everything","messageBody":"","fileTypesAndContributionMap":{"functional-code":{"insertions":9,"deletions":2}}},{"hash":"75a0f86038ee8bc5f38140bff6b2f96e4d2495ce","isMergeCommit":false,"messageTitle":"Edit test files","messageBody":"","fileTypesAndContributionMap":{"functional-code":{"insertions":1,"deletions":1}}}]}],"danielpappa":[{"date":"2023-10-04","commitResults":[{"hash":"6a88a35d1e499a86502311ce617b3d273dcc48f0","isMergeCommit":false,"messageTitle":"Update name in first line","messageBody":"","fileTypesAndContributionMap":{"docs":{"insertions":7,"deletions":7}}},{"hash":"f7b2b1acc55cdbeeb912672b5302a2cf4cee27b5","isMergeCommit":true,"messageTitle":"Merge branch \u0027master\u0027 of https://github.com/AY2324S1-CS2113-W12-2/tp","messageBody":"# Conflicts:\n#\tdocs/AboutUs.md\n","fileTypesAndContributionMap":{}},{"hash":"c4a9e0a615eb0fb6cc4694b04fb50e7f95f42ca8","isMergeCommit":true,"messageTitle":"Merge branch \u0027master\u0027 of https://github.com/AY2324S1-CS2113-W12-2/tp","messageBody":"# Conflicts:\n#\tdocs/AboutUs.md\n","fileTypesAndContributionMap":{}},{"hash":"f6577bec4bf20fbbb68bca3b6a6f499b46ad59ab","isMergeCommit":true,"messageTitle":"Merge pull request #20 from BenedictChannn/master","messageBody":"Add name to AboutUs.md","fileTypesAndContributionMap":{}},{"hash":"fc7b489e76f9b9d817a5d16c99642e4636727f93","isMergeCommit":true,"messageTitle":"Merge branch \u0027master\u0027 of https://github.com/AY2324S1-CS2113-W12-2/tp","messageBody":"","fileTypesAndContributionMap":{}}]},{"date":"2023-10-09","commitResults":[{"hash":"4fd7937372050ab7ff3596f79b26cad7b7d53544","isMergeCommit":true,"messageTitle":"Merge branch \u0027master\u0027 of https://github.com/AY2324S1-CS2113-W12-2/tp","messageBody":"","fileTypesAndContributionMap":{}},{"hash":"223df0aaf53c99b427d96f0976496c4cb88987e3","isMergeCommit":false,"messageTitle":"Rename main class into CashLeh and remove previous content","messageBody":"","fileTypesAndContributionMap":{"functional-code":{"insertions":12,"deletions":21},"test-code":{"insertions":0,"deletions":12}}},{"hash":"93072c4de558ecd02adb511e630e57cf1bc1723f","isMergeCommit":false,"messageTitle":"Create class Income and IncomeStatement","messageBody":"","fileTypesAndContributionMap":{"functional-code":{"insertions":81,"deletions":0},"test-code":{"insertions":12,"deletions":0}}},{"hash":"644bb97ee4809fec84ba24c2e6073e0988eb5a6a","isMergeCommit":false,"messageTitle":"Create class Command","messageBody":"","fileTypesAndContributionMap":{"functional-code":{"insertions":25,"deletions":0}}},{"hash":"d5070be237065862b655a113d2baf790e7c090d4","isMergeCommit":false,"messageTitle":"Create classes AddIncome, DeleteIncome and ViewIncome","messageBody":"","fileTypesAndContributionMap":{"functional-code":{"insertions":47,"deletions":0}}}]},{"date":"2023-10-10","commitResults":[{"hash":"81ac2823b911e1d6829a287d6a2b0251ef5edcec","isMergeCommit":false,"messageTitle":"Update developer guide to contain info related to income","messageBody":"","fileTypesAndContributionMap":{"docs":{"insertions":42,"deletions":13}}},{"hash":"f11e9c051add403df3307911977c89a969b2969d","isMergeCommit":false,"messageTitle":"Update viewIncomes to follow user guide","messageBody":"","fileTypesAndContributionMap":{"functional-code":{"insertions":28,"deletions":13}}},{"hash":"5402f7f13ea448115f2a595844905666b555e5e2","isMergeCommit":false,"messageTitle":"Add tab before toString() method","messageBody":"","fileTypesAndContributionMap":{"functional-code":{"insertions":3,"deletions":3}}},{"hash":"30ba3c34fb93c9b2b374634423f88e497812bde2","isMergeCommit":false,"messageTitle":"Create basic JUnit tests for Income and IncomeStatement","messageBody":"","fileTypesAndContributionMap":{"test-code":{"insertions":62,"deletions":0}}},{"hash":"c6b31773a8dc3d5ab25e6314353e999d144daacd","isMergeCommit":true,"messageTitle":"Merge branch \u0027master\u0027 of https://github.com/AY2324S1-CS2113-W12-2/tp into level-1-income","messageBody":"# Conflicts:\n#\tsrc/main/java/cashleh/CashLeh.java\n#\tsrc/test/java/cashleh/CashLehTest.java\n#\tsrc/test/java/seedu/cashleh/CashLehTest.java\n#\tsrc/test/java/seedu/duke/DukeTest.java\n","fileTypesAndContributionMap":{}},{"hash":"3c17c38bb27dacdf333984d875b7bb4234f44bfc","isMergeCommit":true,"messageTitle":"Merge pull request #23 from Xuan127/initialisation_and_exit","messageBody":"Initialisation and exit","fileTypesAndContributionMap":{}},{"hash":"cb2f447d0cacfbaac75c7e5e15ef24a761c5e002","isMergeCommit":true,"messageTitle":"Merge branch \u0027master\u0027 of https://github.com/AY2324S1-CS2113-W12-2/tp into level-1-income","messageBody":"","fileTypesAndContributionMap":{}},{"hash":"00b0a13593f0ba617f1a5a647a6941bd8f0c13e2","isMergeCommit":false,"messageTitle":"Improve coding standard to pass tests to merge on Github","messageBody":"","fileTypesAndContributionMap":{"functional-code":{"insertions":0,"deletions":2},"test-code":{"insertions":5,"deletions":8}}},{"hash":"355347d9e4c6e1235ee19d774f35331c88befb4b","isMergeCommit":false,"messageTitle":"Fix coding standard violation","messageBody":"","fileTypesAndContributionMap":{"test-code":{"insertions":2,"deletions":2}}}]}],"mcmc101001":[{"date":"2023-10-04","commitResults":[{"hash":"61869c053985866bf98597995197cda3794dc725","isMergeCommit":false,"messageTitle":"Add name to AboutUs.md","messageBody":"","fileTypesAndContributionMap":{"functional-code":{"insertions":2,"deletions":1},"docs":{"insertions":7,"deletions":7}}},{"hash":"d8d872f9c15f68fceacb5c74b8a125b257af5d8e","isMergeCommit":true,"messageTitle":"Merge pull request #18 from Xuan127/master","messageBody":"Edit about us","fileTypesAndContributionMap":{}}]},{"date":"2023-10-05","commitResults":[{"hash":"003780bb06ecac8bee2c18e8948d8d7f66655599","isMergeCommit":true,"messageTitle":"Merge pull request #19 from WooKaiNing/master","messageBody":"Add name to AboutUs.md","fileTypesAndContributionMap":{}}]},{"date":"2023-10-10","commitResults":[{"hash":"32561088218b1f32a1c2dff4d020eb7a69145939","isMergeCommit":false,"messageTitle":"Add UI class with simple methods to handle UI functionalities","messageBody":"","fileTypesAndContributionMap":{"functional-code":{"insertions":43,"deletions":0},"other":{"insertions":14,"deletions":8}}},{"hash":"4a9061355d66bbb8a7252994ccd2ffa15dbc60ce","isMergeCommit":false,"messageTitle":"Fix gradle build to use cashLeh class instead","messageBody":"","fileTypesAndContributionMap":{"other":{"insertions":2,"deletions":2}}},{"hash":"953c018e11fc0d7ccbe37a9b5c9847a34c736d74","isMergeCommit":false,"messageTitle":"Fix IO redirection test by copying the file directly instead of file contents","messageBody":"","fileTypesAndContributionMap":{"other":{"insertions":0,"deletions":0}}}]},{"date":"2023-10-11","commitResults":[{"hash":"44cfd1c52c16958480387db801aaa24d2dc9cb65","isMergeCommit":false,"messageTitle":"Refactored usage of UI class in CashLeh file","messageBody":"","fileTypesAndContributionMap":{"functional-code":{"insertions":4,"deletions":4}}},{"hash":"3391e17127b0a84ccf07c59a2a612e20f40de233","isMergeCommit":false,"messageTitle":"Added tests for all methods in Ui class","messageBody":"","fileTypesAndContributionMap":{"test-code":{"insertions":55,"deletions":0}}},{"hash":"0356475a61c174cb0479f1dc7fabd1fefb6c6d98","isMergeCommit":false,"messageTitle":"Split line into two to pass style check","messageBody":"","fileTypesAndContributionMap":{"functional-code":{"insertions":2,"deletions":1}}}]},{"date":"2023-10-16","commitResults":[{"hash":"b2bf111987c1234fc27cce4ebd77e23c00797d17","isMergeCommit":true,"messageTitle":"Merge pull request #30 from BenedictChannn/master","messageBody":"Parser","fileTypesAndContributionMap":{}}]},{"date":"2023-10-17","commitResults":[{"hash":"8c0f0e9ee015ec3c70ac4436df3d121f88698cc3","isMergeCommit":false,"messageTitle":"Refactor code to adhere to best practices","messageBody":"","fileTypesAndContributionMap":{"functional-code":{"insertions":2,"deletions":0},"other":{"insertions":2,"deletions":0}}},{"hash":"cffcffa1f6b4d33266c533835239d2907bf085ea","isMergeCommit":false,"messageTitle":"Commit rest of the files","messageBody":"","fileTypesAndContributionMap":{"functional-code":{"insertions":119,"deletions":124},"test-code":{"insertions":3,"deletions":0}}}]}],"BenedictChannn":[{"date":"2023-10-04","commitResults":[{"hash":"28702ad39c722d65b80ef3cc2bf1852698f28448","isMergeCommit":false,"messageTitle":"Change name","messageBody":"","fileTypesAndContributionMap":{"docs":{"insertions":7,"deletions":7}}},{"hash":"3239ce5a111657f65513453e9751b5b9ad214506","isMergeCommit":true,"messageTitle":"Merge pull request #17 from mcmc101001/master","messageBody":"Add name to AboutUs.md","fileTypesAndContributionMap":{}},{"hash":"ca11a15a456788acfe148123ffe811c635e06e57","isMergeCommit":true,"messageTitle":"Merge branch \u0027master\u0027 of https://github.com/AY2324S1-CS2113-W12-2/tp","messageBody":"# Conflicts:\n#\tdocs/AboutUs.md\n","fileTypesAndContributionMap":{}}]},{"date":"2023-10-11","commitResults":[{"hash":"1776d7b39b5fb4032c40a9d757b64af87c78e495","isMergeCommit":true,"messageTitle":"Merge pull request #26 from mcmc101001/branch-Refactor-UI-usage","messageBody":"Branch refactor UI usage","fileTypesAndContributionMap":{}},{"hash":"d8b4f5d5c024e94ee7edb1d1222b7751dc19e420","isMergeCommit":true,"messageTitle":"Merge pull request #27 from mcmc101001/branch-Ui-Test","messageBody":"Added tests for all methods in Ui class","fileTypesAndContributionMap":{}}]},{"date":"2023-10-14","commitResults":[{"hash":"26705285d35a10f3b161980f3ab0f8a8e1e0aaa3","isMergeCommit":true,"messageTitle":"Merge pull request #28 from WooKaiNing/Expense","messageBody":"Create Expense class and methods","fileTypesAndContributionMap":{}},{"hash":"609d0a66ee49bc7a98bb3a1ad101bf63373c7fee","isMergeCommit":false,"messageTitle":"Create Parser class","messageBody":"","fileTypesAndContributionMap":{"functional-code":{"insertions":36,"deletions":0}}},{"hash":"ea802cf9af4319d2a0be1d84cef3ffb969a25609","isMergeCommit":false,"messageTitle":"Add Exit command","messageBody":"","fileTypesAndContributionMap":{"functional-code":{"insertions":12,"deletions":0}}},{"hash":"8d7ddb7c6f8b554364c9a3dbc98d2a6aa108e85b","isMergeCommit":false,"messageTitle":"Refactor cashleh class to work with parser to exit program","messageBody":"","fileTypesAndContributionMap":{"functional-code":{"insertions":24,"deletions":22}}},{"hash":"cf9deb5e969bcff27696e3cc1b3979f3764e333f","isMergeCommit":false,"messageTitle":"Refactor code to handle unrecognised commands","messageBody":"","fileTypesAndContributionMap":{"functional-code":{"insertions":8,"deletions":4}}}]},{"date":"2023-10-15","commitResults":[{"hash":"b2fbc3a3fcb1744a45aff80b7cb316614b54b8b9","isMergeCommit":false,"messageTitle":"Add Exceptions for error handling","messageBody":"","fileTypesAndContributionMap":{"functional-code":{"insertions":24,"deletions":0},"other":{"insertions":1,"deletions":1}}},{"hash":"96c4e9c84a0b94cb8625ae0c0525074b48fa30da","isMergeCommit":false,"messageTitle":"Add parsing logic for adding, deleting and viewing expenses","messageBody":"","fileTypesAndContributionMap":{"functional-code":{"insertions":170,"deletions":88}}},{"hash":"700d3a48a6fbbfe28df6716731c60f3b25eecb6f","isMergeCommit":true,"messageTitle":"Merge pull request #1 from BenedictChannn/branch-Parser-Expenses","messageBody":"Branch parser for expenses","fileTypesAndContributionMap":{}},{"hash":"b5d182640b8b8ff7b7388e87d4b5d0ec1a5538b1","isMergeCommit":false,"messageTitle":"Refactor income and incomestatement class","messageBody":"","fileTypesAndContributionMap":{"functional-code":{"insertions":60,"deletions":41},"test-code":{"insertions":20,"deletions":22}}},{"hash":"b286d2668b3010fa34cf266a48f974f1fc4db1c4","isMergeCommit":false,"messageTitle":"Clean up code for expenses","messageBody":"","fileTypesAndContributionMap":{"functional-code":{"insertions":2,"deletions":4}}},{"hash":"1eab23f73c6f3600c8b390db844dbe7eb2e1bf06","isMergeCommit":false,"messageTitle":"Add parsing logic for adding, deleting and viewing incomes","messageBody":"","fileTypesAndContributionMap":{"functional-code":{"insertions":72,"deletions":36}}},{"hash":"1f9207cd2fe9977802714c893253fd451129c2e7","isMergeCommit":false,"messageTitle":"Fix Checkstyle issues","messageBody":"","fileTypesAndContributionMap":{"functional-code":{"insertions":46,"deletions":92},"other":{"insertions":6,"deletions":5},"test-code":{"insertions":5,"deletions":24}}},{"hash":"9937e290a2bab0e926afe98ada914ec1c839570c","isMergeCommit":false,"messageTitle":"Fix Checkstyle issues for UiTest","messageBody":"","fileTypesAndContributionMap":{"test-code":{"insertions":2,"deletions":4}}}]}],"WooKaiNing":[{"date":"2023-10-04","commitResults":[{"hash":"f24118be41282d5253e3a73d39895a4712478f84","isMergeCommit":false,"messageTitle":"Add name to AboutUs.md","messageBody":"","fileTypesAndContributionMap":{"docs":{"insertions":5,"deletions":5}}},{"hash":"d86a47d92195137b19bede463d162ea013325a51","isMergeCommit":true,"messageTitle":"Merge branch \u0027master\u0027 of https://github.com/AY2324S1-CS2113-W12-2/tp","messageBody":"","fileTypesAndContributionMap":{}}]},{"date":"2023-10-10","commitResults":[{"hash":"506848c881c64a86d76835d0c1ecd462cecc9964","isMergeCommit":true,"messageTitle":"Merge pull request #25 from danielpappa/level-1-income","messageBody":"Level-1-income","fileTypesAndContributionMap":{}}]},{"date":"2023-10-11","commitResults":[{"hash":"87ac2f33b5f14f0da42edf7db947738c45b6e7fe","isMergeCommit":false,"messageTitle":"Implement Expense class and methods","messageBody":"","fileTypesAndContributionMap":{"functional-code":{"insertions":137,"deletions":2}}},{"hash":"5e2e9187e2782b19b7892253f076718b4df5fc88","isMergeCommit":false,"messageTitle":"Modify Expense class and methods","messageBody":"","fileTypesAndContributionMap":{"functional-code":{"insertions":139,"deletions":65}}},{"hash":"3551ab446bc319f0a00ee5b9143f2466a35ab7d8","isMergeCommit":false,"messageTitle":"Fix Checkstyle issues in code","messageBody":"","fileTypesAndContributionMap":{"functional-code":{"insertions":8,"deletions":6}}}]},{"date":"2023-10-17","commitResults":[{"hash":"cd6ba74a96ba161159416d6cc33bcf4aaa32966a","isMergeCommit":true,"messageTitle":"Merge pull request #33 from mcmc101001/branch-refactor-codebase","messageBody":"Refactor code to adhere to best practices","fileTypesAndContributionMap":{}}]}]},"authorFileTypeContributionMap":{"Xuan127":{"docs":1,"functional-code":38,"test-code":0},"danielpappa":{"docs":40,"functional-code":66,"test-code":31},"mcmc101001":{"docs":1,"functional-code":172,"test-code":56,"other":2},"BenedictChannn":{"docs":2,"functional-code":247,"test-code":12},"WooKaiNing":{"docs":2,"functional-code":125,"test-code":0}},"authorContributionVariance":{"Xuan127":213.3077,"danielpappa":2746.687,"mcmc101001":2526.5564,"BenedictChannn":19599.79,"WooKaiNing":4706.4863},"authorDisplayNameMap":{"Xuan127":"CS2113-W12-2 SHAN..XUAN","danielpappa":"CS2113-W12-2 PAPP..NIEL","mcmc101001":"CS2113-W12-2 TOH ..CHUN","BenedictChannn":"CS2113-W12-2 CHAN..DICT","WooKaiNing":"CS2113-W12-2 WOO ..NING"}}
