{"authorDailyContributionsMap":{"Xuan127":[{"date":"2023-10-04","commitResults":[{"hash":"92527fd32c5b5fa00119b754e79e8f90a7aec990","isMergeCommit":false,"messageTitle":"Edit about us","messageBody":"","fileTypesAndContributionMap":{"docs":{"insertions":1,"deletions":1}}},{"hash":"202d4740acca25f35994264b9b82e37fafee606b","isMergeCommit":true,"messageTitle":"Merge remote-tracking branch \u0027upstream/master\u0027","messageBody":"# Conflicts:\n#\tdocs/AboutUs.md\n","fileTypesAndContributionMap":{}},{"hash":"1969944e3707bc31b0f1f34b8840b88c6dfb9c11","isMergeCommit":true,"messageTitle":"Merge pull request #21 from danielpappa/master","messageBody":"Update name in first line","fileTypesAndContributionMap":{}}]},{"date":"2023-10-10","commitResults":[{"hash":"f7da23047dea85e15ea67b57be6a9919992ff63f","isMergeCommit":false,"messageTitle":"Initialize and implement quit","messageBody":"","fileTypesAndContributionMap":{"functional-code":{"insertions":10,"deletions":1}}},{"hash":"6d87e67f7da1087ac4e36b352008de1803e15a40","isMergeCommit":false,"messageTitle":"Change the starting prints","messageBody":"","fileTypesAndContributionMap":{"functional-code":{"insertions":9,"deletions":7}}},{"hash":"04d0249fce8ab50119cf0cb1190da0a330d7c9dc","isMergeCommit":false,"messageTitle":"Create Input class","messageBody":"Fixes #22\n","fileTypesAndContributionMap":{"functional-code":{"insertions":22,"deletions":7}}},{"hash":"4fffba3cf6fd42d3c60b399bd50f985068477911","isMergeCommit":false,"messageTitle":"Shorten line 17 in main","messageBody":"","fileTypesAndContributionMap":{"functional-code":{"insertions":2,"deletions":1}}},{"hash":"638c97db74be058316ed191d5a389a91503089e2","isMergeCommit":false,"messageTitle":"Add check for if there is next line of input","messageBody":"","fileTypesAndContributionMap":{"functional-code":{"insertions":3,"deletions":1}}},{"hash":"0e5d466cb2687bd3d2521aceabf8d1729c94bad0","isMergeCommit":true,"messageTitle":"Merge pull request #24 from mcmc101001/branch-Ui-Class","messageBody":"Add UI class with simple methods to handle UI functionalities","fileTypesAndContributionMap":{}},{"hash":"503fdcda1131acf16720adc8697374ece53edaed","isMergeCommit":true,"messageTitle":"Merge remote-tracking branch \u0027upstream/master\u0027 into initialisation_and_exit","messageBody":"# Conflicts:\n#\tsrc/main/java/cashleh/CashLeh.java\n#\tsrc/main/java/cashleh/Input.java\n","fileTypesAndContributionMap":{}},{"hash":"fd51ee65ba035a1ffd51a50bcc20dce14737fe80","isMergeCommit":false,"messageTitle":"Add some javadoc for Input class and use ui class to print everything","messageBody":"","fileTypesAndContributionMap":{"functional-code":{"insertions":9,"deletions":2}}},{"hash":"75a0f86038ee8bc5f38140bff6b2f96e4d2495ce","isMergeCommit":false,"messageTitle":"Edit test files","messageBody":"","fileTypesAndContributionMap":{"functional-code":{"insertions":1,"deletions":1}}}]},{"date":"2023-10-17","commitResults":[{"hash":"ae83d3dcd4e83200e053cded8b1c0ecd243475ba","isMergeCommit":true,"messageTitle":"Merge branch \u0027master\u0027 of https://github.com/AY2324S1-CS2113-W12-2/tp","messageBody":"","fileTypesAndContributionMap":{}},{"hash":"1d7dbaebcbc1d0fbd8b73f0947f2bea0040d9578","isMergeCommit":false,"messageTitle":"Add JUnit Tests for Parser","messageBody":"","fileTypesAndContributionMap":{"functional-code":{"insertions":4,"deletions":0},"test-code":{"insertions":79,"deletions":0}}}]},{"date":"2023-10-23","commitResults":[{"hash":"a8d5998d56a3bb32ce609d8cd794a1d8b90fa77d","isMergeCommit":true,"messageTitle":"Merge pull request #46 from danielpappa/level-2-FinancialStatement","messageBody":"Level 2 financial statement and budget","fileTypesAndContributionMap":{}},{"hash":"dc34985320982b29e14daf85c679fe7db0328386","isMergeCommit":false,"messageTitle":"Add categories","messageBody":"","fileTypesAndContributionMap":{"functional-code":{"insertions":114,"deletions":5}}},{"hash":"302c56df68b13ed3a2b97fec54e8bbe86d2e301d","isMergeCommit":false,"messageTitle":"Add categories and modify Income and Expense class","messageBody":"","fileTypesAndContributionMap":{"functional-code":{"insertions":29,"deletions":0}}},{"hash":"6014ebad798b570a93dd87636118893e627dc68e","isMergeCommit":false,"messageTitle":"Add Javadoc for ExpenseStatement IncomeStatement","messageBody":"","fileTypesAndContributionMap":{"functional-code":{"insertions":42,"deletions":1}}},{"hash":"a8c088d33aeb9be40aff688cef0a970d49d37a8f","isMergeCommit":false,"messageTitle":"Modify FinancialStatement and method name","messageBody":"","fileTypesAndContributionMap":{"functional-code":{"insertions":7,"deletions":7},"test-code":{"insertions":4,"deletions":5}}},{"hash":"71c85f5366e8b6f5e412fdccae3a36bf5dc53e63","isMergeCommit":false,"messageTitle":"Print seperator line after every log output","messageBody":"","fileTypesAndContributionMap":{"functional-code":{"insertions":15,"deletions":1}}},{"hash":"9c6de6ca8acbac1ebb2b75ec1d82c262fc6eb156","isMergeCommit":false,"messageTitle":"Add Parser for IncomeCategory and Expense Category","messageBody":"","fileTypesAndContributionMap":{"functional-code":{"insertions":118,"deletions":18}}},{"hash":"7a2b24f05614dba4b4238c47910061831a4df80b","isMergeCommit":false,"messageTitle":"Fix Gradle formatting errors","messageBody":"","fileTypesAndContributionMap":{"functional-code":{"insertions":6,"deletions":5}}},{"hash":"2166d33b058e6fdf9eac9c9f666af0ebe09cff7a","isMergeCommit":false,"messageTitle":"Remove extra separator line","messageBody":"","fileTypesAndContributionMap":{"functional-code":{"insertions":3,"deletions":12}}},{"hash":"a7267b33c4e0458a27a797a238c06da6f4800d95","isMergeCommit":false,"messageTitle":"Add Javadoc for ExpenseCatParser and IncomeCatParser","messageBody":"","fileTypesAndContributionMap":{"functional-code":{"insertions":10,"deletions":0}}},{"hash":"1a30c8d649176b3ab9b42aa9566444a5ac51a9dc","isMergeCommit":false,"messageTitle":"Fix errors in Gradle","messageBody":"","fileTypesAndContributionMap":{"functional-code":{"insertions":0,"deletions":4}}},{"hash":"9b5a839c1b09e3bf8d698af7a09df16e2cbbcecf","isMergeCommit":false,"messageTitle":"Fix code for PR review","messageBody":"","fileTypesAndContributionMap":{"functional-code":{"insertions":2,"deletions":3}}}]},{"date":"2023-10-24","commitResults":[{"hash":"fcc825fa8c3c2375d19041ba235e641f594ac7d8","isMergeCommit":true,"messageTitle":"Merge branch \u0027master\u0027 of https://github.com/AY2324S1-CS2113-W12-2/tp into V2.0","messageBody":"","fileTypesAndContributionMap":{}},{"hash":"b643df38187fc04418fc5e0fe76f5fb1bcbbcc29","isMergeCommit":false,"messageTitle":"Edit DG and UG","messageBody":"","fileTypesAndContributionMap":{"functional-code":{"insertions":2,"deletions":2},"docs":{"insertions":18,"deletions":11}}},{"hash":"f1274b3db4487ede822edaf0ee76f65bb855a066","isMergeCommit":false,"messageTitle":"Add JUnit tests for command edge case","messageBody":"","fileTypesAndContributionMap":{"functional-code":{"insertions":2,"deletions":1},"test-code":{"insertions":103,"deletions":10}}}]},{"date":"2023-10-25","commitResults":[{"hash":"562878f3656ce3061569d719ae89c4fdd0730ec9","isMergeCommit":true,"messageTitle":"Merge pull request #51 from mcmc101001/branch-update-UG-DG","messageBody":"Update developer and user guide","fileTypesAndContributionMap":{}}]},{"date":"2023-10-30","commitResults":[{"hash":"81509ca12ca132df57569444ed439248362c661d","isMergeCommit":true,"messageTitle":"Merge pull request #56 from WooKaiNing/DeveloperGuide","messageBody":"Update DeveloperGuide","fileTypesAndContributionMap":{}},{"hash":"09641a284d8c7fdaf01e496fc6c1d1e047482d88","isMergeCommit":true,"messageTitle":"Merge branch \u0027master\u0027 of https://github.com/AY2324S1-CS2113-W12-2/tp into V2.0","messageBody":"# Conflicts:\n#\tdocs/UserGuide.md\n#\ttext-ui-test/EXPECTED.TXT\n","fileTypesAndContributionMap":{}},{"hash":"94fee02af3264e92aff2380a535ae5a4d795b11b","isMergeCommit":false,"messageTitle":"Replace magic literals in parser with variable","messageBody":"Fixes #59\n","fileTypesAndContributionMap":{"functional-code":{"insertions":10,"deletions":6}}}]},{"date":"2023-10-31","commitResults":[{"hash":"59d9b6dcf677cf7f035eddf45bd970dd8de6a02f","isMergeCommit":false,"messageTitle":"Update UG and DG","messageBody":"","fileTypesAndContributionMap":{"docs":{"insertions":176,"deletions":3}}},{"hash":"4b577e53238db7f76c9d998ca5e928ba4c338716","isMergeCommit":true,"messageTitle":"Merge remote-tracking branch \u0027upstream/master\u0027 into V2.0","messageBody":"# Conflicts:\n#\tdocs/DeveloperGuide.md\n#\tdocs/UserGuide.md\n#\tsrc/main/java/cashleh/parser/Parser.java\n","fileTypesAndContributionMap":{}},{"hash":"fca76fb2d6f8c43a2d9e9f746221faaa23fd7e89","isMergeCommit":false,"messageTitle":"Fix Gradle error","messageBody":"","fileTypesAndContributionMap":{"test-code":{"insertions":6,"deletions":6}}},{"hash":"5616013b9888bc03860f7cf145bc198da7667ce7","isMergeCommit":false,"messageTitle":"Edit User Guide","messageBody":"","fileTypesAndContributionMap":{"docs":{"insertions":0,"deletions":11}}},{"hash":"d210071f3a04e1d9eee7d907ff4e7223a970ebc2","isMergeCommit":false,"messageTitle":"Fix ParserTest test cases","messageBody":"","fileTypesAndContributionMap":{"test-code":{"insertions":2,"deletions":2}}},{"hash":"51b5efd79596a8d5be699cbcab34469ff033e5fc","isMergeCommit":false,"messageTitle":"Edit ParserTest test cases","messageBody":"","fileTypesAndContributionMap":{"test-code":{"insertions":3,"deletions":2}}},{"hash":"fc7c2c5b8046b0205825d473fce7b21d98d4b940","isMergeCommit":false,"messageTitle":"Fixe Gradle issues","messageBody":"","fileTypesAndContributionMap":{"test-code":{"insertions":4,"deletions":4}}},{"hash":"64791a524452a537d544a8b17d7fe59673db759f","isMergeCommit":false,"messageTitle":"Fix Gradle issues","messageBody":"","fileTypesAndContributionMap":{"test-code":{"insertions":0,"deletions":16}}},{"hash":"8fb8f7889e5ad9b158bfea0b5df54abbcb2962d5","isMergeCommit":false,"messageTitle":"Fix Gradle issues","messageBody":"","fileTypesAndContributionMap":{"test-code":{"insertions":0,"deletions":3}}},{"hash":"6edfbc98222353db358eef5fc73ba37c52885bb4","isMergeCommit":false,"messageTitle":"Fix Gradle issues","messageBody":"","fileTypesAndContributionMap":{"test-code":{"insertions":0,"deletions":1}}},{"hash":"6e0a0ca80b6107a6d0066b7c32eac4d35eecf630","isMergeCommit":false,"messageTitle":"Fix Gradle issues","messageBody":"","fileTypesAndContributionMap":{"other":{"insertions":2,"deletions":0}}},{"hash":"60df795ef92e64d79632e3b8da1f08bad6940080","isMergeCommit":false,"messageTitle":"Edit DG and UG","messageBody":"","fileTypesAndContributionMap":{"docs":{"insertions":2,"deletions":2}}},{"hash":"3194157b654e96eb4117dca5d43d2125a7c295cd","isMergeCommit":true,"messageTitle":"Merge branch \u0027V2.0\u0027 of https://github.com/Xuan127/tp into V2.0","messageBody":"","fileTypesAndContributionMap":{}}]},{"date":"2023-11-06","commitResults":[{"hash":"30454ea7bf24a3d0bfb6c47d23335f3f64bd7a1c","isMergeCommit":true,"messageTitle":"Merge pull request #108 from mcmc101001/branchPEBugFixes","messageBody":"Fixed various bugs in reported issues","fileTypesAndContributionMap":{}},{"hash":"5bac67e560da85f31868e52cf3690f77c93d5442","isMergeCommit":true,"messageTitle":"Merge remote-tracking branch \u0027upstream/master\u0027","messageBody":"","fileTypesAndContributionMap":{}},{"hash":"b58bcec30bab797348158fff38024d200e5d5ae7","isMergeCommit":false,"messageTitle":"Edit Command Summary in DG","messageBody":"Fixes #87\n","fileTypesAndContributionMap":{"docs":{"insertions":8,"deletions":8}}},{"hash":"38c3187e8038549e747ebc8090ea8d5402d582a9","isMergeCommit":false,"messageTitle":"Edit PUML diagram","messageBody":"","fileTypesAndContributionMap":{"docs":{"insertions":18,"deletions":13}}},{"hash":"66b5f2f375508756024911cb3886f32711f5c77d","isMergeCommit":false,"messageTitle":"Attempt to turn off logger","messageBody":"","fileTypesAndContributionMap":{"functional-code":{"insertions":17,"deletions":34}}},{"hash":"59fac188d8d4e87285434f34d0e5be6bdc6bd822","isMergeCommit":true,"messageTitle":"Merge remote-tracking branch \u0027upstream/master\u0027 into V2.1","messageBody":"","fileTypesAndContributionMap":{}}]},{"date":"2023-11-07","commitResults":[{"hash":"6467d5c9b43b156da167f73dddf70a60b25a1458","isMergeCommit":true,"messageTitle":"Merge pull request #111 from mcmc101001/branchPEBugFixes","messageBody":"Fix bug relating to ctrl-D","fileTypesAndContributionMap":{}},{"hash":"ab639f9b3bfe3ed80c9e1ea4b7b035bc53798c0a","isMergeCommit":true,"messageTitle":"Merge remote-tracking branch \u0027upstream/master\u0027 into V2.1","messageBody":"","fileTypesAndContributionMap":{}},{"hash":"ffc107f8269a02d437ef3c3246d384a9f14066a3","isMergeCommit":false,"messageTitle":"Add PPP","messageBody":"","fileTypesAndContributionMap":{"docs":{"insertions":28,"deletions":0}}},{"hash":"fa0544fb3d943ad8df447230fa34aceb575eaaa3","isMergeCommit":false,"messageTitle":"Update AboutUs.md","messageBody":"","fileTypesAndContributionMap":{"docs":{"insertions":1,"deletions":1}}},{"hash":"de52a3b07688444144611d38bc9e64a9b8787b83","isMergeCommit":true,"messageTitle":"Merge remote-tracking branch \u0027upstream/master\u0027 into V2.1","messageBody":"# Conflicts:\n#\tdocs/AboutUs.md\n","fileTypesAndContributionMap":{}},{"hash":"36fa3ed19b3a1b91ab11e8c6d32391d3404caa17","isMergeCommit":true,"messageTitle":"Merge pull request #112 from Xuan127/V2.1","messageBody":"V2.1","fileTypesAndContributionMap":{}}]}],"danielpappa":[{"date":"2023-10-04","commitResults":[{"hash":"6a88a35d1e499a86502311ce617b3d273dcc48f0","isMergeCommit":false,"messageTitle":"Update name in first line","messageBody":"","fileTypesAndContributionMap":{"docs":{"insertions":7,"deletions":7}}},{"hash":"f7b2b1acc55cdbeeb912672b5302a2cf4cee27b5","isMergeCommit":true,"messageTitle":"Merge branch \u0027master\u0027 of https://github.com/AY2324S1-CS2113-W12-2/tp","messageBody":"# Conflicts:\n#\tdocs/AboutUs.md\n","fileTypesAndContributionMap":{}},{"hash":"c4a9e0a615eb0fb6cc4694b04fb50e7f95f42ca8","isMergeCommit":true,"messageTitle":"Merge branch \u0027master\u0027 of https://github.com/AY2324S1-CS2113-W12-2/tp","messageBody":"# Conflicts:\n#\tdocs/AboutUs.md\n","fileTypesAndContributionMap":{}},{"hash":"f6577bec4bf20fbbb68bca3b6a6f499b46ad59ab","isMergeCommit":true,"messageTitle":"Merge pull request #20 from BenedictChannn/master","messageBody":"Add name to AboutUs.md","fileTypesAndContributionMap":{}},{"hash":"fc7b489e76f9b9d817a5d16c99642e4636727f93","isMergeCommit":true,"messageTitle":"Merge branch \u0027master\u0027 of https://github.com/AY2324S1-CS2113-W12-2/tp","messageBody":"","fileTypesAndContributionMap":{}}]},{"date":"2023-10-09","commitResults":[{"hash":"4fd7937372050ab7ff3596f79b26cad7b7d53544","isMergeCommit":true,"messageTitle":"Merge branch \u0027master\u0027 of https://github.com/AY2324S1-CS2113-W12-2/tp","messageBody":"","fileTypesAndContributionMap":{}},{"hash":"223df0aaf53c99b427d96f0976496c4cb88987e3","isMergeCommit":false,"messageTitle":"Rename main class into CashLeh and remove previous content","messageBody":"","fileTypesAndContributionMap":{"functional-code":{"insertions":12,"deletions":21},"test-code":{"insertions":0,"deletions":12}}},{"hash":"93072c4de558ecd02adb511e630e57cf1bc1723f","isMergeCommit":false,"messageTitle":"Create class Income and IncomeStatement","messageBody":"","fileTypesAndContributionMap":{"functional-code":{"insertions":81,"deletions":0},"test-code":{"insertions":12,"deletions":0}}},{"hash":"644bb97ee4809fec84ba24c2e6073e0988eb5a6a","isMergeCommit":false,"messageTitle":"Create class Command","messageBody":"","fileTypesAndContributionMap":{"functional-code":{"insertions":25,"deletions":0}}},{"hash":"d5070be237065862b655a113d2baf790e7c090d4","isMergeCommit":false,"messageTitle":"Create classes AddIncome, DeleteIncome and ViewIncome","messageBody":"","fileTypesAndContributionMap":{"functional-code":{"insertions":47,"deletions":0}}}]},{"date":"2023-10-10","commitResults":[{"hash":"81ac2823b911e1d6829a287d6a2b0251ef5edcec","isMergeCommit":false,"messageTitle":"Update developer guide to contain info related to income","messageBody":"","fileTypesAndContributionMap":{"docs":{"insertions":42,"deletions":13}}},{"hash":"f11e9c051add403df3307911977c89a969b2969d","isMergeCommit":false,"messageTitle":"Update viewIncomes to follow user guide","messageBody":"","fileTypesAndContributionMap":{"functional-code":{"insertions":28,"deletions":13}}},{"hash":"5402f7f13ea448115f2a595844905666b555e5e2","isMergeCommit":false,"messageTitle":"Add tab before toString() method","messageBody":"","fileTypesAndContributionMap":{"functional-code":{"insertions":3,"deletions":3}}},{"hash":"30ba3c34fb93c9b2b374634423f88e497812bde2","isMergeCommit":false,"messageTitle":"Create basic JUnit tests for Income and IncomeStatement","messageBody":"","fileTypesAndContributionMap":{"test-code":{"insertions":62,"deletions":0}}},{"hash":"c6b31773a8dc3d5ab25e6314353e999d144daacd","isMergeCommit":true,"messageTitle":"Merge branch \u0027master\u0027 of https://github.com/AY2324S1-CS2113-W12-2/tp into level-1-income","messageBody":"# Conflicts:\n#\tsrc/main/java/cashleh/CashLeh.java\n#\tsrc/test/java/cashleh/CashLehTest.java\n#\tsrc/test/java/seedu/cashleh/CashLehTest.java\n#\tsrc/test/java/seedu/duke/DukeTest.java\n","fileTypesAndContributionMap":{}},{"hash":"3c17c38bb27dacdf333984d875b7bb4234f44bfc","isMergeCommit":true,"messageTitle":"Merge pull request #23 from Xuan127/initialisation_and_exit","messageBody":"Initialisation and exit","fileTypesAndContributionMap":{}},{"hash":"cb2f447d0cacfbaac75c7e5e15ef24a761c5e002","isMergeCommit":true,"messageTitle":"Merge branch \u0027master\u0027 of https://github.com/AY2324S1-CS2113-W12-2/tp into level-1-income","messageBody":"","fileTypesAndContributionMap":{}},{"hash":"00b0a13593f0ba617f1a5a647a6941bd8f0c13e2","isMergeCommit":false,"messageTitle":"Improve coding standard to pass tests to merge on Github","messageBody":"","fileTypesAndContributionMap":{"functional-code":{"insertions":0,"deletions":2},"test-code":{"insertions":5,"deletions":8}}},{"hash":"355347d9e4c6e1235ee19d774f35331c88befb4b","isMergeCommit":false,"messageTitle":"Fix coding standard violation","messageBody":"","fileTypesAndContributionMap":{"test-code":{"insertions":2,"deletions":2}}}]},{"date":"2023-10-15","commitResults":[{"hash":"bb6a4ee43a4511e0a82c6580a455a303e88eb34b","isMergeCommit":true,"messageTitle":"Merge branch \u0027master\u0027 of https://github.com/AY2324S1-CS2113-W12-2/tp into level-1-income","messageBody":"","fileTypesAndContributionMap":{}},{"hash":"2417b766d55c163b18dc6d6bacd8ab0d6cc652ed","isMergeCommit":true,"messageTitle":"Merge branch \u0027level-1-income\u0027","messageBody":"","fileTypesAndContributionMap":{}},{"hash":"a64b717ac89be3f2ba0ac14166f0b2057eddf2ce","isMergeCommit":false,"messageTitle":"Change income amount type from int to double","messageBody":"","fileTypesAndContributionMap":{"functional-code":{"insertions":7,"deletions":5}}},{"hash":"00610bc992278706dbbbdfc5dc11a9e092821c12","isMergeCommit":false,"messageTitle":"Add exceptions and asserts in AddIncome and DeleteIncome","messageBody":"","fileTypesAndContributionMap":{"functional-code":{"insertions":26,"deletions":4}}},{"hash":"538d2519de635e672d72ecfa21834e4dcd818b8c","isMergeCommit":false,"messageTitle":"Add protected Command Logger to Command class","messageBody":"","fileTypesAndContributionMap":{"functional-code":{"insertions":3,"deletions":0}}},{"hash":"46f3353680e9a8689f83eec3b26771de8cd790b7","isMergeCommit":false,"messageTitle":"Start logging successfully performed actions like added incomes, deleted incomes, viewed income statements and errors","messageBody":"","fileTypesAndContributionMap":{"functional-code":{"insertions":11,"deletions":0}}},{"hash":"9475372118727b29a7569baf8c7ad5f7de8f3146","isMergeCommit":true,"messageTitle":"Merge branch \u0027level-1-A-Logging\u0027 into level-1-A-MoreDefensiveCode","messageBody":"","fileTypesAndContributionMap":{}},{"hash":"58ac22bc96bf5472bb9a923fee8225b91893bdad","isMergeCommit":false,"messageTitle":"Update tests to account for change from amount type","messageBody":"","fileTypesAndContributionMap":{"functional-code":{"insertions":1,"deletions":1},"test-code":{"insertions":3,"deletions":3}}},{"hash":"feed99a0507bbb39c59fcd4dbc39e878ec83c71f","isMergeCommit":true,"messageTitle":"Merge branch \u0027level-1-A-Logging\u0027 into level-1-A-MoreDefensiveCode","messageBody":"","fileTypesAndContributionMap":{}},{"hash":"121587a03a2648abcbea120de9047611a461ca85","isMergeCommit":false,"messageTitle":"Adapt code to follow coding standard and pass checks","messageBody":"","fileTypesAndContributionMap":{"functional-code":{"insertions":3,"deletions":4},"test-code":{"insertions":2,"deletions":5}}}]},{"date":"2023-10-17","commitResults":[{"hash":"efc815df66d285bdcb4600558dda0c006b85a3d8","isMergeCommit":false,"messageTitle":"Add assertion to income","messageBody":"","fileTypesAndContributionMap":{"functional-code":{"insertions":4,"deletions":4},"other":{"insertions":0,"deletions":0}}},{"hash":"d0887fddfc277f95e1bf8f4bb87e21dbb42207d3","isMergeCommit":false,"messageTitle":"Add test for getDate of income","messageBody":"","fileTypesAndContributionMap":{"test-code":{"insertions":9,"deletions":0}}},{"hash":"c33935a75f1b24a9e2248ac348170a858c09bf8e","isMergeCommit":false,"messageTitle":"Add CashLehException handling","messageBody":"","fileTypesAndContributionMap":{"functional-code":{"insertions":22,"deletions":22}}},{"hash":"9cc0f44af4061e6b7be01f380f42ec13503d3e6c","isMergeCommit":true,"messageTitle":"Merge branch \u0027master\u0027 of https://github.com/AY2324S1-CS2113-W12-2/tp into level-1-A-MoreDefensiveCode","messageBody":"# Conflicts:\n#\tsrc/main/java/cashleh/CashLehException.java\n#\tsrc/main/java/cashleh/Income.java\n#\tsrc/main/java/cashleh/commands/AddExpense.java\n#\tsrc/main/java/cashleh/commands/AddIncome.java\n#\tsrc/main/java/cashleh/commands/Command.java\n#\tsrc/main/java/cashleh/commands/DeleteExpense.java\n#\tsrc/main/java/cashleh/commands/DeleteIncome.java\n#\tsrc/main/java/cashleh/commands/ViewIncomes.java\n#\tsrc/main/java/cashleh/exception/CashLehException.java\n#\tsrc/main/java/exceptions/CashLehException.java\n#\tsrc/test/java/cashleh/IncomeStatementTest.java\n#\tsrc/test/java/cashleh/IncomeTest.java\n#\tsrc/test/java/cashleh/UiTest.java\n","fileTypesAndContributionMap":{}},{"hash":"762c2f9a0216c2567c8c285279f1de7ce57d6300","isMergeCommit":true,"messageTitle":"Merge branch \u0027master\u0027 of https://github.com/AY2324S1-CS2113-W12-2/tp into level-1-A-MoreDefensiveCode","messageBody":"# Conflicts:\n#\tsrc/main/java/cashleh/CashLeh.java\n#\tsrc/main/java/cashleh/Income.java\n#\tsrc/main/java/cashleh/Parser.java\n#\tsrc/main/java/cashleh/commands/AddIncome.java\n#\tsrc/main/java/cashleh/commands/Command.java\n#\tsrc/main/java/cashleh/commands/DeleteExpense.java\n#\tsrc/main/java/cashleh/commands/DeleteIncome.java\n#\tsrc/main/java/cashleh/commands/ViewIncomes.java\n#\tsrc/main/java/cashleh/transaction/ExpenseStatement.java\n#\tsrc/main/java/cashleh/transaction/IncomeStatement.java\n","fileTypesAndContributionMap":{}},{"hash":"8cd43ef34e978ccd466f0b832698b080085b9b8e","isMergeCommit":false,"messageTitle":"Add logging and asserts for income and expense related methods","messageBody":"","fileTypesAndContributionMap":{"functional-code":{"insertions":54,"deletions":108}}},{"hash":"efc95b6a614735302eefff7662718767fae032d4","isMergeCommit":false,"messageTitle":"Fix expected output for text ui testing","messageBody":"","fileTypesAndContributionMap":{"functional-code":{"insertions":2,"deletions":2}}},{"hash":"660a9b4e42781d47bbfc180f154cf5097093202c","isMergeCommit":true,"messageTitle":"Merge branch \u0027master\u0027 of https://github.com/AY2324S1-CS2113-W12-2/tp into level-1-A-MoreDefensiveCode","messageBody":"# Conflicts:\n#\tsrc/test/java/cashleh/IncomeStatementTest.java\n","fileTypesAndContributionMap":{}}]},{"date":"2023-10-18","commitResults":[{"hash":"ec94d527619ccd1d23b93a488641fb6e04c177f1","isMergeCommit":false,"messageTitle":"Fix code according to review","messageBody":"","fileTypesAndContributionMap":{"functional-code":{"insertions":0,"deletions":10},"test-code":{"insertions":4,"deletions":4}}},{"hash":"a0724b9bd773ce49f2baa297185a0be1a54e7e5e","isMergeCommit":false,"messageTitle":"Enable Assertions","messageBody":"","fileTypesAndContributionMap":{"other":{"insertions":1,"deletions":0}}},{"hash":"e104ad1f71da61f0fe282921de79fbd2a251eb74","isMergeCommit":true,"messageTitle":"Merge pull request #44 from mcmc101001/branch-Date","messageBody":"Branch date","fileTypesAndContributionMap":{}}]},{"date":"2023-10-19","commitResults":[{"hash":"ad7d4a02a3baed581ff3b3dcaf7b4ebeb7beafef","isMergeCommit":true,"messageTitle":"Merge branch \u0027master\u0027 of https://github.com/AY2324S1-CS2113-W12-2/tp into level-1-A-MoreDefensiveCode","messageBody":"","fileTypesAndContributionMap":{}},{"hash":"b39b60ca14f42717322e7ac26d3f521c3677ec89","isMergeCommit":true,"messageTitle":"Merge branch \u0027level-1-A-MoreDefensiveCode\u0027","messageBody":"","fileTypesAndContributionMap":{}}]},{"date":"2023-10-20","commitResults":[{"hash":"fdb204e06fddca0609d51e762c490dc05f8a88d1","isMergeCommit":false,"messageTitle":"Create class for FinancialStatement","messageBody":"","fileTypesAndContributionMap":{"functional-code":{"insertions":97,"deletions":2},"test-code":{"insertions":1,"deletions":0}}},{"hash":"b37381924e7fc339bc9361e3761cd25da4fc639d","isMergeCommit":false,"messageTitle":"Create class for viewing the financial statement summary","messageBody":"","fileTypesAndContributionMap":{"functional-code":{"insertions":37,"deletions":5}}},{"hash":"96a2ee87a839774d601f5b5af29e7ba0ae7346a6","isMergeCommit":false,"messageTitle":"Add class Budget","messageBody":"","fileTypesAndContributionMap":{"functional-code":{"insertions":29,"deletions":0}}},{"hash":"e21520739db6f1d952968697e17ecad2bbe5b335","isMergeCommit":false,"messageTitle":"Add class BudgetHandler","messageBody":"","fileTypesAndContributionMap":{"functional-code":{"insertions":92,"deletions":0}}},{"hash":"9f1e84693fe9bb9195c9874e8e225ede1fbc7dac","isMergeCommit":false,"messageTitle":"Add class Progress for budget tracking","messageBody":"","fileTypesAndContributionMap":{"functional-code":{"insertions":73,"deletions":0}}},{"hash":"53ef841e0871e870c4b1d09b369fa1aa1b489c1b","isMergeCommit":false,"messageTitle":"Add command classes for updating, deleting and viewing budgets","messageBody":"","fileTypesAndContributionMap":{"functional-code":{"insertions":112,"deletions":0}}},{"hash":"c689b8b1003297e096941ee84e03c90e9d36b531","isMergeCommit":false,"messageTitle":"Create class for exceptions related to budgeting","messageBody":"","fileTypesAndContributionMap":{"functional-code":{"insertions":13,"deletions":0}}},{"hash":"7d46f7b3441913db0a528d75120c90606de0f1d7","isMergeCommit":false,"messageTitle":"Modify parser to implement commands related to budgeting","messageBody":"","fileTypesAndContributionMap":{"functional-code":{"insertions":49,"deletions":16},"test-code":{"insertions":9,"deletions":3}}},{"hash":"692731f42a3df3b2e4f2df11e5349b2311468015","isMergeCommit":false,"messageTitle":"Modify financial statement method to obtain cash on hand","messageBody":"","fileTypesAndContributionMap":{"functional-code":{"insertions":2,"deletions":11}}},{"hash":"faa4d2197086a79ebac1361caf9984af26bfcbb6","isMergeCommit":false,"messageTitle":"Add JUnit testing for budgeting related classes","messageBody":"","fileTypesAndContributionMap":{"test-code":{"insertions":133,"deletions":0}}},{"hash":"33952c81cb72542f348abf19c64022bea784d4a0","isMergeCommit":true,"messageTitle":"Merge branch \u0027level-2-Budget\u0027 into level-2-FinancialStatement","messageBody":"","fileTypesAndContributionMap":{}},{"hash":"e1859a8f7032a19f8d7bc29d449003cb7d5d9982","isMergeCommit":false,"messageTitle":"Add question for budget at initialisation","messageBody":"","fileTypesAndContributionMap":{"functional-code":{"insertions":4,"deletions":1}}}]},{"date":"2023-10-21","commitResults":[{"hash":"ce1d834e16e66f0ab696761fba2053f06134525f","isMergeCommit":false,"messageTitle":"Update code after Github review","messageBody":"","fileTypesAndContributionMap":{"functional-code":{"insertions":3,"deletions":2}}}]},{"date":"2023-10-22","commitResults":[{"hash":"490af57600de3e1313d7bfa496bee5e11494b8c8","isMergeCommit":false,"messageTitle":"Add exception when budget is zero","messageBody":"","fileTypesAndContributionMap":{"functional-code":{"insertions":5,"deletions":2},"test-code":{"insertions":5,"deletions":4}}},{"hash":"9b28ea77eb35d533c7e1b58200f4c15bc4375e5a","isMergeCommit":false,"messageTitle":"Fix coding standard check","messageBody":"","fileTypesAndContributionMap":{"functional-code":{"insertions":2,"deletions":2}}}]},{"date":"2023-10-23","commitResults":[{"hash":"15ecd7f037123e216aec2a74bed25cf8f255f882","isMergeCommit":false,"messageTitle":"Update progress class constructor and make code more intuitive","messageBody":"","fileTypesAndContributionMap":{"functional-code":{"insertions":11,"deletions":20},"test-code":{"insertions":7,"deletions":7}}},{"hash":"3931d5abb723b6cd195346738056ac5e55b5a6a8","isMergeCommit":false,"messageTitle":"Set initial budget to not active","messageBody":"","fileTypesAndContributionMap":{"functional-code":{"insertions":4,"deletions":2}}},{"hash":"ac32a4695da7816592e5ba7c7a6f4dc4896df2a6","isMergeCommit":false,"messageTitle":"Update UG to account for budget and fs","messageBody":"","fileTypesAndContributionMap":{"docs":{"insertions":48,"deletions":7}}},{"hash":"20e03ef609551b5c6ec5a33a5cbba487a047f0fa","isMergeCommit":false,"messageTitle":"Update DG","messageBody":"","fileTypesAndContributionMap":{"docs":{"insertions":29,"deletions":12}}},{"hash":"61ec83ea523c4c37fe5be85248a498d20b9a65bc","isMergeCommit":true,"messageTitle":"Merge branch \u0027level-2-FinancialStatement\u0027","messageBody":"","fileTypesAndContributionMap":{}},{"hash":"b54bce3df7061cb8705692abefb6a9fd28199fe9","isMergeCommit":true,"messageTitle":"Merge branch \u0027master\u0027 of https://github.com/AY2324S1-CS2113-W12-2/tp; branch \u0027master\u0027 of https://github.com/danielpappa/tp","messageBody":"","fileTypesAndContributionMap":{}},{"hash":"54f2af3a071fb631b998417cea77bb7fecea25f0","isMergeCommit":false,"messageTitle":"Fix checks and tests","messageBody":"","fileTypesAndContributionMap":{"docs":{"insertions":4,"deletions":0},"test-code":{"insertions":7,"deletions":5}}}]},{"date":"2023-10-24","commitResults":[{"hash":"98d5f66e501fd173befb5a29648ccd3c77f44c6b","isMergeCommit":false,"messageTitle":"Add attempt to draw Budget class diagram","messageBody":"","fileTypesAndContributionMap":{"functional-code":{"insertions":36,"deletions":0},"docs":{"insertions":2,"deletions":0}}}]},{"date":"2023-10-25","commitResults":[{"hash":"57953f4466a51b62c3e2b6a1ca3e51679973708e","isMergeCommit":false,"messageTitle":"Start adding budget feature to DG","messageBody":"","fileTypesAndContributionMap":{"docs":{"insertions":9,"deletions":1}}},{"hash":"01c20be4aa9d5f60a2e7e48268414caf79c6f4e4","isMergeCommit":false,"messageTitle":"Create class diagram for command","messageBody":"","fileTypesAndContributionMap":{"functional-code":{"insertions":83,"deletions":7}}},{"hash":"fc7eaad1657cb2c338ddbdc0bc952bdffe2a40a5","isMergeCommit":true,"messageTitle":"Merge branch \u0027master\u0027 of https://github.com/AY2324S1-CS2113-W12-2/tp into UG-and-DG","messageBody":"# Conflicts:\n#\tdocs/DeveloperGuide.md\n#\tdocs/Images/budget.png\n#\tdocs/images/budget.png\n#\tsrc/main/java/cashleh/budget/budget.png\n","fileTypesAndContributionMap":{}}]},{"date":"2023-10-26","commitResults":[{"hash":"eb864922e8bcbe22dfe0c20e574ea583c6fa4b3c","isMergeCommit":false,"messageTitle":"Update textuitest","messageBody":"","fileTypesAndContributionMap":{"functional-code":{"insertions":3,"deletions":2}}},{"hash":"6bfcf62626dfa09303eda99b52fa97ef13828bdc","isMergeCommit":false,"messageTitle":"Create financial statement sequence diagram","messageBody":"","fileTypesAndContributionMap":{"docs":{"insertions":39,"deletions":0}}},{"hash":"5b9238d14b85b8bdeeafd5b3afe41c85e7d9a66f","isMergeCommit":false,"messageTitle":"Move commands class diagram","messageBody":"","fileTypesAndContributionMap":{"docs":{"insertions":0,"deletions":0}}},{"hash":"3779bca64b1bdd8c1e16abfd4a563868d75cf545","isMergeCommit":true,"messageTitle":"Merge branch \u0027master\u0027 of https://github.com/AY2324S1-CS2113-W12-2/tp into UG-and-DG","messageBody":"","fileTypesAndContributionMap":{}}]},{"date":"2023-10-30","commitResults":[{"hash":"0e2c3bb38b52f4101d3ff44c5f3ca6c5c07d28c9","isMergeCommit":true,"messageTitle":"Merge branch \u0027master\u0027 of https://github.com/AY2324S1-CS2113-W12-2/tp into UG-and-DG","messageBody":"","fileTypesAndContributionMap":{}},{"hash":"6398e5b70cddb80afb232165489dae3fe57821f6","isMergeCommit":true,"messageTitle":"Merge pull request #62 from mcmc101001/branch-Magic-Literals","messageBody":"Modify stringTokenizer to avoid use of magic literals","fileTypesAndContributionMap":{}},{"hash":"51137616ba6ed4c32b84ef71af40ea510960e72d","isMergeCommit":false,"messageTitle":"Fix magic literal in CashLeh class","messageBody":"","fileTypesAndContributionMap":{"functional-code":{"insertions":2,"deletions":1}}},{"hash":"236e4ba65fc40f41be930aebabb9072653256582","isMergeCommit":true,"messageTitle":"Merge branch \u0027master\u0027 of https://github.com/AY2324S1-CS2113-W12-2/tp into UG-and-DG","messageBody":"","fileTypesAndContributionMap":{}}]},{"date":"2023-10-31","commitResults":[{"hash":"0717dd783955928eaa65a5af54f320fe1335f512","isMergeCommit":true,"messageTitle":"Merge pull request #66 from BenedictChannn/branch-Admin","messageBody":"Branch admin","fileTypesAndContributionMap":{}},{"hash":"5b6b13e5504f402677175a95e89b5893e288c664","isMergeCommit":true,"messageTitle":"Merge branch \u0027master\u0027 of https://github.com/AY2324S1-CS2113-W12-2/tp into UG-and-DG","messageBody":"","fileTypesAndContributionMap":{}},{"hash":"9deb53ed058985b098900b145c70901f794d9a85","isMergeCommit":false,"messageTitle":"Create JUnit test for FinancialStatement class","messageBody":"","fileTypesAndContributionMap":{"test-code":{"insertions":111,"deletions":0}}},{"hash":"2a9710f7658fdbbc70df97f3c05b06e206fa9137","isMergeCommit":false,"messageTitle":"Update JUnit testing for BudgetHandler class","messageBody":"","fileTypesAndContributionMap":{"test-code":{"insertions":75,"deletions":7}}},{"hash":"1d40f02a0fa03439108192f885042fb4e1a960aa","isMergeCommit":false,"messageTitle":"Update FinancialStatementTest","messageBody":"","fileTypesAndContributionMap":{"test-code":{"insertions":2,"deletions":2}}},{"hash":"cfa5ed30c8363cdfcd2c52c5b66076430e6551ec","isMergeCommit":false,"messageTitle":"Replace magic literals in BudgetHandler and Progress","messageBody":"","fileTypesAndContributionMap":{"functional-code":{"insertions":9,"deletions":6}}},{"hash":"5f357c9a269e05a839327b28970707cf08f6140c","isMergeCommit":false,"messageTitle":"Follow coding standard to pass checks","messageBody":"","fileTypesAndContributionMap":{"functional-code":{"insertions":1,"deletions":1},"test-code":{"insertions":6,"deletions":5}}},{"hash":"7b718d959ba45162508c53094ac8baa145cf0ea0","isMergeCommit":true,"messageTitle":"Merge branch \u0027JUnit-Testing\u0027 into UG-and-DG","messageBody":"","fileTypesAndContributionMap":{}},{"hash":"612a2ff8d02686be71a15f77dd3ad0327a6353b9","isMergeCommit":false,"messageTitle":"Update BudgetHandler class diagram","messageBody":"","fileTypesAndContributionMap":{"docs":{"insertions":28,"deletions":3}}},{"hash":"e9d84eb46a7e63140c4295bf30ec4e1367c8bc7b","isMergeCommit":false,"messageTitle":"Update DG","messageBody":"","fileTypesAndContributionMap":{"docs":{"insertions":31,"deletions":7}}},{"hash":"87719ccc4c7badfeb73a126487eeb8839590fae5","isMergeCommit":true,"messageTitle":"Merge branch \u0027master\u0027 into UG-and-DG","messageBody":"","fileTypesAndContributionMap":{}},{"hash":"0dbaeae10357163670d0654b6c491b78ed6be83f","isMergeCommit":true,"messageTitle":"Merge branch \u0027UG-and-DG\u0027 of https://github.com/danielpappa/tp into UG-and-DG","messageBody":"","fileTypesAndContributionMap":{}},{"hash":"44deed691a85233368cb2f7651607e06a0d5c447","isMergeCommit":false,"messageTitle":"Change DG","messageBody":"","fileTypesAndContributionMap":{"docs":{"insertions":2,"deletions":2}}},{"hash":"c51568b822a2978f90b79a1fcd46cf699486e09b","isMergeCommit":false,"messageTitle":"Adjust DG","messageBody":"","fileTypesAndContributionMap":{"docs":{"insertions":1,"deletions":1}}},{"hash":"709590ff1e27301b4b9b4bf6afa74a99c3a46c7e","isMergeCommit":false,"messageTitle":"Modify DG","messageBody":"","fileTypesAndContributionMap":{"docs":{"insertions":1,"deletions":1}}},{"hash":"5a11de06c5e2b44e8b6d6f264d692fcc9cb48aba","isMergeCommit":false,"messageTitle":"Temporarily comment tests for check","messageBody":"","fileTypesAndContributionMap":{"test-code":{"insertions":6,"deletions":6}}},{"hash":"7d4512c33de7c3551ca810a598829c0ff891abeb","isMergeCommit":false,"messageTitle":"Comment test temporarily for checks on windows","messageBody":"","fileTypesAndContributionMap":{"test-code":{"insertions":4,"deletions":4}}},{"hash":"b99ec4687add70c9b4bfaa0c97cf067eccad166a","isMergeCommit":true,"messageTitle":"Merge pull request #67 from WooKaiNing/RefactorCode","messageBody":"Refactor code and update UserGuide","tags":["v2.0"],"fileTypesAndContributionMap":{}},{"hash":"dcc44789554c031828faf1415e10afe7758043d4","isMergeCommit":true,"messageTitle":"Merge branch \u0027master\u0027 of https://github.com/AY2324S1-CS2113-W12-2/tp into UG-and-DG","messageBody":"","fileTypesAndContributionMap":{}}]},{"date":"2023-11-01","commitResults":[{"hash":"5de4374425911bcfee3d38c14e23ad1aa7045a89","isMergeCommit":false,"messageTitle":"Update DG after github review","messageBody":"","fileTypesAndContributionMap":{"docs":{"insertions":3,"deletions":2}}},{"hash":"711b3bd8817d94bcebff1a07e13aa837b6e31121","isMergeCommit":false,"messageTitle":"Remove unnecessary BudgetHandler test (not working on windows)","messageBody":"","fileTypesAndContributionMap":{"test-code":{"insertions":0,"deletions":17}}},{"hash":"2a21f78048e5fdded67ba163a8debd26b3506726","isMergeCommit":false,"messageTitle":"Remove unnecessary FinancialStatement test (not working on windows)","messageBody":"","fileTypesAndContributionMap":{"test-code":{"insertions":0,"deletions":41}}},{"hash":"f084a45b90002ef1ec8e5ffc76b8e8641914271e","isMergeCommit":false,"messageTitle":"Update financialStatement to pass test","messageBody":"","fileTypesAndContributionMap":{"test-code":{"insertions":5,"deletions":2}}},{"hash":"41bb30ac929fd004dfa4ac1d3f7e7c9445e451b6","isMergeCommit":true,"messageTitle":"Merge pull request #68 from danielpappa/UG-and-DG","messageBody":"Ug and dg","fileTypesAndContributionMap":{}},{"hash":"450785c470b4d786956cb1514096fad4e0f14504","isMergeCommit":false,"messageTitle":"Remove unnecessary test","messageBody":"","fileTypesAndContributionMap":{"test-code":{"insertions":0,"deletions":9}}},{"hash":"026294a3eb49547f9c41bc99f75f0e5de5d7e102","isMergeCommit":false,"messageTitle":"Fix coding standard check","messageBody":"","fileTypesAndContributionMap":{"test-code":{"insertions":0,"deletions":1}}}]},{"date":"2023-11-04","commitResults":[{"hash":"ccc16c70f608c8d675d1b24c2de23b19fcbc86a7","isMergeCommit":true,"messageTitle":"Merge commit \u002781831c4a73d0b1508ee74a698e2cbd50d011a1d4\u0027","messageBody":"","fileTypesAndContributionMap":{}},{"hash":"d3c436a1eb8fec0e47ed51c7950e18b2f628d233","isMergeCommit":false,"messageTitle":"Fix UG typo to proper file name","messageBody":"","fileTypesAndContributionMap":{"docs":{"insertions":1,"deletions":1}}},{"hash":"3d0e0274dce2e5f41ad43d00b220ebdef67edf6f","isMergeCommit":false,"messageTitle":"Remove unnecessary assertion","messageBody":"","fileTypesAndContributionMap":{"functional-code":{"insertions":0,"deletions":1}}},{"hash":"48a3983b664184a2913ad3058b64baf01f71058e","isMergeCommit":false,"messageTitle":"Adjust CashLeh logo visual formatting","messageBody":"","fileTypesAndContributionMap":{"functional-code":{"insertions":1,"deletions":1}}},{"hash":"fad9f08c0a70e9753ecca8e05a4b21d7db21d4e1","isMergeCommit":false,"messageTitle":"Accept double values when setting a budget with updateBudget","messageBody":"","fileTypesAndContributionMap":{"functional-code":{"insertions":2,"deletions":2}}},{"hash":"a62598164ada0f126021157516728a5dae301d5f","isMergeCommit":false,"messageTitle":"Add exception call for command deleteBudget with no budget initialised","messageBody":"","fileTypesAndContributionMap":{"functional-code":{"insertions":6,"deletions":1}}},{"hash":"369210b9a4a29c5ae192bc46ebf229f14166fbb5","isMergeCommit":false,"messageTitle":"Fix bug that causes cli to crash upon blank input","messageBody":"","fileTypesAndContributionMap":{"functional-code":{"insertions":1,"deletions":1}}},{"hash":"826e652acb32506e0a5a0df1efb92b992ec8d2ae","isMergeCommit":false,"messageTitle":"Remove unused method in FinancialStatement","messageBody":"","fileTypesAndContributionMap":{"functional-code":{"insertions":0,"deletions":8}}},{"hash":"e8308447cc1a9bb46b8edc91603aa3b6c13d99b2","isMergeCommit":false,"messageTitle":"Fix UG typo","messageBody":"","fileTypesAndContributionMap":{"docs":{"insertions":1,"deletions":1}}},{"hash":"f37965a8cd892615a0f5bd3feb3b46468df9b6a6","isMergeCommit":false,"messageTitle":"Remove unnecessary assertion in DeleteBudget","messageBody":"","fileTypesAndContributionMap":{"functional-code":{"insertions":0,"deletions":1}}},{"hash":"0ac6dbedbc322f00c19f11007a1e5af4a1f9d2d2","isMergeCommit":false,"messageTitle":"Update budgetHandler sequence diagram","messageBody":"","fileTypesAndContributionMap":{"docs":{"insertions":23,"deletions":6}}},{"hash":"da387c2099695eb8feaab5de866e356c7abac81f","isMergeCommit":false,"messageTitle":"Update BudgetHandler class diagram","messageBody":"","fileTypesAndContributionMap":{"docs":{"insertions":1,"deletions":0}}}]},{"date":"2023-11-05","commitResults":[{"hash":"690a8bbd3a42b43df90408ed71951e333f8e7b7c","isMergeCommit":true,"messageTitle":"Merge branch \u0027master\u0027 of https://github.com/AY2324S1-CS2113-W12-2/tp into PE-D-Bug-Fixing-1","messageBody":"","fileTypesAndContributionMap":{}},{"hash":"fe4845b91bc68e5e5cd05223b3ebc15c7d677386","isMergeCommit":false,"messageTitle":"Fix typo in UG","messageBody":"","fileTypesAndContributionMap":{"docs":{"insertions":1,"deletions":1}}}]},{"date":"2023-11-07","commitResults":[{"hash":"c94ead03123796ce91ed76b556b1a69bfbb7d1cf","isMergeCommit":true,"messageTitle":"Merge branch \u0027master\u0027 of https://github.com/AY2324S1-CS2113-W12-2/tp into PE-D-Bug-Fixing-1","messageBody":"","fileTypesAndContributionMap":{}},{"hash":"867a713cc939c35fbe5d5cee90e2349837496108","isMergeCommit":true,"messageTitle":"Merge branch \u0027PE-D-Bug-Fixing-1\u0027","messageBody":"","fileTypesAndContributionMap":{}},{"hash":"f22b0a43cf5e5bc7ec92e22c09b3e07251fecad6","isMergeCommit":false,"messageTitle":"Remove additional UML diagrams","messageBody":"","fileTypesAndContributionMap":{"docs":{"insertions":0,"deletions":83}}},{"hash":"b1ebc44709d20894d7ce3c4b4efa8a5ff8811788","isMergeCommit":false,"messageTitle":"Update comments and refactor BudgetHandler","messageBody":"","fileTypesAndContributionMap":{"functional-code":{"insertions":13,"deletions":18}}},{"hash":"2d3ef1e71b5a923b28f71e35c04a14c72c4b3d58","isMergeCommit":false,"messageTitle":"Edit DG","messageBody":"","fileTypesAndContributionMap":{"docs":{"insertions":6,"deletions":2}}},{"hash":"307451e5965efe998644af46ae435087fdd66996","isMergeCommit":false,"messageTitle":"Edit DG","messageBody":"","fileTypesAndContributionMap":{"docs":{"insertions":12,"deletions":10}}},{"hash":"a507cb3bb617039a0d952ea680799a37d168a8f0","isMergeCommit":false,"messageTitle":"Edit UG","messageBody":"","fileTypesAndContributionMap":{"docs":{"insertions":13,"deletions":4}}},{"hash":"b9a3d8698d687670a126defd6fc7d4a96dd2a569","isMergeCommit":false,"messageTitle":"Update budgetHandler_classDiagram","messageBody":"","fileTypesAndContributionMap":{"docs":{"insertions":2,"deletions":0}}},{"hash":"6a045d18c5007e040778ba71f77b7612e973df13","isMergeCommit":false,"messageTitle":"Update budgetHandler_sequenceDiagram","messageBody":"","fileTypesAndContributionMap":{"docs":{"insertions":38,"deletions":27}}},{"hash":"2c340afad9846e892a1a3da1268254ae2ae34427","isMergeCommit":false,"messageTitle":"Update AboutUs.md","messageBody":"","fileTypesAndContributionMap":{"docs":{"insertions":7,"deletions":8}}},{"hash":"023f40532548b222cc632ca2a97e586aad9bf20a","isMergeCommit":false,"messageTitle":"Create PPP","messageBody":"","fileTypesAndContributionMap":{"docs":{"insertions":30,"deletions":0}}},{"hash":"61f3b43dbcecd909851ebb1b256f606c73fbc68f","isMergeCommit":false,"messageTitle":"Add viewBudget example to UG","messageBody":"","fileTypesAndContributionMap":{"docs":{"insertions":10,"deletions":1}}},{"hash":"31670938d8a5a59aaaa0b940bf04c9d8813bd410","isMergeCommit":true,"messageTitle":"Merge branch \u0027master\u0027 into PPP-Draft","messageBody":"","fileTypesAndContributionMap":{}},{"hash":"77e237d8fffc5f565832fae105d9ebce7415d07e","isMergeCommit":true,"messageTitle":"Merge branch \u0027master\u0027 into PPP-Draft","messageBody":"","fileTypesAndContributionMap":{}},{"hash":"bf823298bc73cb1381d95a872f390d8a11ae9e3a","isMergeCommit":true,"messageTitle":"Merge branch \u0027master\u0027 into PPP-Draft","messageBody":"","fileTypesAndContributionMap":{}},{"hash":"88c59d2889df2e532689c7fdde4b258baaf5eb04","isMergeCommit":true,"messageTitle":"Merge branch \u0027master\u0027 of https://github.com/AY2324S1-CS2113-W12-2/tp into PPP-Draft","messageBody":"","fileTypesAndContributionMap":{}},{"hash":"c9d485107c24cf033e25fffcdf0b379050833494","isMergeCommit":false,"messageTitle":"Update AboutUs title","messageBody":"","fileTypesAndContributionMap":{"docs":{"insertions":1,"deletions":1}}},{"hash":"8a2a3567487bec91a1f37731861901395fa17129","isMergeCommit":true,"messageTitle":"Merge branch \u0027PPP-Draft\u0027 of https://github.com/danielpappa/tp into PPP-Draft","messageBody":"","fileTypesAndContributionMap":{}}]},{"date":"2023-11-08","commitResults":[{"hash":"f92bf3ec753d6c9b96b866b4da01474325bd3678","isMergeCommit":false,"messageTitle":"Rename PPP file","messageBody":"","fileTypesAndContributionMap":{"docs":{"insertions":7,"deletions":7}}}]},{"date":"2023-11-09","commitResults":[{"hash":"f202a74944b22446d5ce3211a310ffbe8c015ee9","isMergeCommit":false,"messageTitle":"Fixed mistake on AboutUs","messageBody":"","fileTypesAndContributionMap":{"docs":{"insertions":7,"deletions":7}}}]}],"mcmc101001":[{"date":"2023-10-04","commitResults":[{"hash":"61869c053985866bf98597995197cda3794dc725","isMergeCommit":false,"messageTitle":"Add name to AboutUs.md","messageBody":"","fileTypesAndContributionMap":{"functional-code":{"insertions":2,"deletions":1},"docs":{"insertions":7,"deletions":7}}},{"hash":"d8d872f9c15f68fceacb5c74b8a125b257af5d8e","isMergeCommit":true,"messageTitle":"Merge pull request #18 from Xuan127/master","messageBody":"Edit about us","fileTypesAndContributionMap":{}}]},{"date":"2023-10-05","commitResults":[{"hash":"003780bb06ecac8bee2c18e8948d8d7f66655599","isMergeCommit":true,"messageTitle":"Merge pull request #19 from WooKaiNing/master","messageBody":"Add name to AboutUs.md","fileTypesAndContributionMap":{}}]},{"date":"2023-10-10","commitResults":[{"hash":"32561088218b1f32a1c2dff4d020eb7a69145939","isMergeCommit":false,"messageTitle":"Add UI class with simple methods to handle UI functionalities","messageBody":"","fileTypesAndContributionMap":{"functional-code":{"insertions":43,"deletions":0},"other":{"insertions":14,"deletions":8}}},{"hash":"4a9061355d66bbb8a7252994ccd2ffa15dbc60ce","isMergeCommit":false,"messageTitle":"Fix gradle build to use cashLeh class instead","messageBody":"","fileTypesAndContributionMap":{"other":{"insertions":2,"deletions":2}}},{"hash":"953c018e11fc0d7ccbe37a9b5c9847a34c736d74","isMergeCommit":false,"messageTitle":"Fix IO redirection test by copying the file directly instead of file contents","messageBody":"","fileTypesAndContributionMap":{"other":{"insertions":0,"deletions":0}}}]},{"date":"2023-10-11","commitResults":[{"hash":"44cfd1c52c16958480387db801aaa24d2dc9cb65","isMergeCommit":false,"messageTitle":"Refactored usage of UI class in CashLeh file","messageBody":"","fileTypesAndContributionMap":{"functional-code":{"insertions":4,"deletions":4}}},{"hash":"3391e17127b0a84ccf07c59a2a612e20f40de233","isMergeCommit":false,"messageTitle":"Added tests for all methods in Ui class","messageBody":"","fileTypesAndContributionMap":{"test-code":{"insertions":55,"deletions":0}}},{"hash":"0356475a61c174cb0479f1dc7fabd1fefb6c6d98","isMergeCommit":false,"messageTitle":"Split line into two to pass style check","messageBody":"","fileTypesAndContributionMap":{"functional-code":{"insertions":2,"deletions":1}}}]},{"date":"2023-10-16","commitResults":[{"hash":"b2bf111987c1234fc27cce4ebd77e23c00797d17","isMergeCommit":true,"messageTitle":"Merge pull request #30 from BenedictChannn/master","messageBody":"Parser","fileTypesAndContributionMap":{}}]},{"date":"2023-10-17","commitResults":[{"hash":"8c0f0e9ee015ec3c70ac4436df3d121f88698cc3","isMergeCommit":false,"messageTitle":"Refactor code to adhere to best practices","messageBody":"","fileTypesAndContributionMap":{"functional-code":{"insertions":2,"deletions":0},"other":{"insertions":2,"deletions":0}}},{"hash":"cffcffa1f6b4d33266c533835239d2907bf085ea","isMergeCommit":false,"messageTitle":"Commit rest of the files","messageBody":"","fileTypesAndContributionMap":{"functional-code":{"insertions":119,"deletions":124},"test-code":{"insertions":3,"deletions":0}}}]},{"date":"2023-10-18","commitResults":[{"hash":"4735706e346d93a24e3347f9008c0f63a5500a64","isMergeCommit":false,"messageTitle":"Refactor parser to have a dynamic StringTokenizer, as well as added Date support for Transaction classes","messageBody":"","fileTypesAndContributionMap":{"functional-code":{"insertions":35,"deletions":0},"other":{"insertions":15,"deletions":9},"test-code":{"insertions":93,"deletions":0}}},{"hash":"9914b59896b9a1bb4d7d3d080b02da5ae8253738","isMergeCommit":false,"messageTitle":"Rest of the commits","messageBody":"","fileTypesAndContributionMap":{"functional-code":{"insertions":189,"deletions":45},"test-code":{"insertions":55,"deletions":19}}},{"hash":"e5e5260cc04fe38046a56e67642c139b6c20d87a","isMergeCommit":true,"messageTitle":"Merged master","messageBody":"","fileTypesAndContributionMap":{}},{"hash":"85f73c9587e1a61366f6cb9472c1406c9af5b207","isMergeCommit":false,"messageTitle":"Merged master","messageBody":"","fileTypesAndContributionMap":{"functional-code":{"insertions":7,"deletions":12},"test-code":{"insertions":6,"deletions":27}}}]},{"date":"2023-10-23","commitResults":[{"hash":"fce795ecc97b60daaa3fe4b248ec02aa3739315d","isMergeCommit":true,"messageTitle":"Merge pull request #47 from Xuan127/V2.0","messageBody":"V2.0","fileTypesAndContributionMap":{}}]},{"date":"2023-10-24","commitResults":[{"hash":"7b4719957ab9f28013b72a6a06112a4c801b6a01","isMergeCommit":true,"messageTitle":"Merge pull request #48 from danielpappa/UG-and-DG","messageBody":"Ug and dg","fileTypesAndContributionMap":{}},{"hash":"f28873d0e0051603c8c297855f8180bf33362385","isMergeCommit":false,"messageTitle":"Update developer and user guide","messageBody":"","fileTypesAndContributionMap":{"docs":{"insertions":70,"deletions":9}}}]},{"date":"2023-10-25","commitResults":[{"hash":"fb768be2d5ad541118739355568999e7d807a156","isMergeCommit":false,"messageTitle":"Update plantUML diagram for stringTokenizer","messageBody":"","fileTypesAndContributionMap":{"docs":{"insertions":2,"deletions":1}}},{"hash":"557b329c236ea0873cec6c1a08044ce34fbc26ec","isMergeCommit":false,"messageTitle":"Update DG with updated stringTokenizer UML diagram","messageBody":"","fileTypesAndContributionMap":{"docs":{"insertions":1,"deletions":0}}},{"hash":"efc7003752e4402b01adb10d162cc872abd3ad67","isMergeCommit":true,"messageTitle":"Merge pull request #52 from WooKaiNing/FindTransaction","messageBody":"Implement Filter function - description, amount, date, categories","fileTypesAndContributionMap":{}},{"hash":"53afe5735218054e72f316dfa1dadd3ee715d5e4","isMergeCommit":true,"messageTitle":"Fix merge conflict","messageBody":"","fileTypesAndContributionMap":{}}]},{"date":"2023-10-26","commitResults":[{"hash":"9cfbcd6473812b4d631c880581e6400eccae4e4b","isMergeCommit":false,"messageTitle":"Add assertions to string tokenizer","messageBody":"","fileTypesAndContributionMap":{"functional-code":{"insertions":3,"deletions":0}}}]},{"date":"2023-10-27","commitResults":[{"hash":"7666b310fbc45b047f0e5a0e2c7776efb1bb9bbd","isMergeCommit":false,"messageTitle":"Add additional assertions into parser class","messageBody":"","fileTypesAndContributionMap":{"functional-code":{"insertions":3,"deletions":1},"test-code":{"insertions":3,"deletions":3}}},{"hash":"09ddab1652215706d7024c5ad0b69914e19f9d65","isMergeCommit":false,"messageTitle":"Modify date format displayed to be consistent with the recommended inputs","messageBody":"","fileTypesAndContributionMap":{"functional-code":{"insertions":50,"deletions":3},"test-code":{"insertions":36,"deletions":15}}},{"hash":"9cb7ee86a2b0e3f1480dffc3097de97c0f0ad84e","isMergeCommit":false,"messageTitle":"Refactor date formatting display to UI class as static method","messageBody":"","fileTypesAndContributionMap":{"functional-code":{"insertions":11,"deletions":1},"test-code":{"insertions":4,"deletions":8}}}]},{"date":"2023-10-29","commitResults":[{"hash":"f79bc59415bc90939b01b4881681bc8eb312d763","isMergeCommit":false,"messageTitle":"Modify stringTokenizer to avoid use of magic literals","messageBody":"","fileTypesAndContributionMap":{"functional-code":{"insertions":5,"deletions":3}}},{"hash":"84ac84a0925627f20139ce7891d141a5d1db395a","isMergeCommit":false,"messageTitle":"Removed unused code and changed EXPECTED.txt","messageBody":"","fileTypesAndContributionMap":{"functional-code":{"insertions":0,"deletions":3}}}]},{"date":"2023-10-30","commitResults":[{"hash":"754e9c9f13fb64d2ee7af6455d1b1c20158b5741","isMergeCommit":true,"messageTitle":"Fix merge conflict","messageBody":"","fileTypesAndContributionMap":{}}]},{"date":"2023-10-31","commitResults":[{"hash":"d65c3f3a67468e72105ad948f06fc43ebb142c1a","isMergeCommit":true,"messageTitle":"Merge pull request #64 from Xuan127/V2.0","messageBody":"V2.0","fileTypesAndContributionMap":{}},{"hash":"28d077c2b812f19ee1a15c45cbbb8aed89022f7d","isMergeCommit":false,"messageTitle":"Update user guide and UML diagram","messageBody":"","fileTypesAndContributionMap":{"docs":{"insertions":14,"deletions":5}}},{"hash":"34e20c3861336a51cf7b5f0d54c28622966dbff1","isMergeCommit":false,"messageTitle":"Update AboutUs.md","messageBody":"","fileTypesAndContributionMap":{"docs":{"insertions":1,"deletions":1}}},{"hash":"0ce0fbf4b03a13e4ec0be1b5678fd2a3b0cafab1","isMergeCommit":false,"messageTitle":"Update root README","messageBody":"","fileTypesAndContributionMap":{"docs":{"insertions":1,"deletions":1}}}]},{"date":"2023-11-03","commitResults":[{"hash":"81831c4a73d0b1508ee74a698e2cbd50d011a1d4","isMergeCommit":true,"messageTitle":"Merge pull request #69 from danielpappa/UG-and-DG","messageBody":"Ug and dg","fileTypesAndContributionMap":{}},{"hash":"0c92684f9045e3f5c5b934886ffec5b7dc17b058","isMergeCommit":false,"messageTitle":"Fix various bugs with budget feature","messageBody":"","fileTypesAndContributionMap":{"functional-code":{"insertions":35,"deletions":26},"test-code":{"insertions":1,"deletions":30}}},{"hash":"8ab6a2df1a688310b449b69f0b8f458c6228b4ab","isMergeCommit":false,"messageTitle":"Add budget persistence to local storage","messageBody":"","fileTypesAndContributionMap":{"functional-code":{"insertions":51,"deletions":14},"test-code":{"insertions":11,"deletions":4}}}]},{"date":"2023-11-05","commitResults":[{"hash":"67a43ff0520d7f2ffd6b35dc643edb78369be1ec","isMergeCommit":false,"messageTitle":"Modify date exception message to include call to use valid date","messageBody":"","fileTypesAndContributionMap":{"functional-code":{"insertions":1,"deletions":1}}},{"hash":"797f4f50005368d3536357d31c2522c7f2511b07","isMergeCommit":true,"messageTitle":"Merge branch \u0027master\u0027 into branchPEBugFixes","messageBody":"","fileTypesAndContributionMap":{}},{"hash":"0fb2e25ac6cdf1c87ab5679193bac0b2e6d3ac71","isMergeCommit":false,"messageTitle":"Modify date exception message","messageBody":"","fileTypesAndContributionMap":{"functional-code":{"insertions":1,"deletions":1}}},{"hash":"46d12dcdfdf7182494d0283f84554f6b197cfdbf","isMergeCommit":false,"messageTitle":"Fixed tests and added exceptions to be thrown when negative amount is being input","messageBody":"","fileTypesAndContributionMap":{"functional-code":{"insertions":9,"deletions":0},"test-code":{"insertions":2,"deletions":2}}},{"hash":"ac7806df96b8067d23242bdb411e25732deb0e3d","isMergeCommit":false,"messageTitle":"Modify user guide to remove clause stating that description cannot contain punctuation","messageBody":"","fileTypesAndContributionMap":{"functional-code":{"insertions":1,"deletions":1},"docs":{"insertions":2,"deletions":5}}},{"hash":"601cdac1d0bfdc90e0aa1451422195a8ea52d6ec","isMergeCommit":false,"messageTitle":"Modify initial user guide link","messageBody":"","fileTypesAndContributionMap":{"functional-code":{"insertions":1,"deletions":2}}}]},{"date":"2023-11-06","commitResults":[{"hash":"d3f615e6fe10e8de890e6b4c6fa325d14d8261a2","isMergeCommit":true,"messageTitle":"Merge pull request #107 from danielpappa/PE-D-Bug-Fixing-1","messageBody":"PE-D Bug Fixing 1","fileTypesAndContributionMap":{}},{"hash":"f9ec6a06f32cfc21b526d414cfa3d33e2a571973","isMergeCommit":true,"messageTitle":"Fix merge conflicts","messageBody":"","fileTypesAndContributionMap":{}},{"hash":"eb59882a2c92319dfc0d1b6bb8d7d275c472ec9c","isMergeCommit":false,"messageTitle":"Update DG","messageBody":"","fileTypesAndContributionMap":{"functional-code":{"insertions":3,"deletions":3},"docs":{"insertions":22,"deletions":12}}},{"hash":"c1e105b581ef722d758393adb810f74738c01861","isMergeCommit":false,"messageTitle":"Fixed typos","messageBody":"","fileTypesAndContributionMap":{"functional-code":{"insertions":3,"deletions":3}}},{"hash":"d104003d1f472ddf194454ddcbd30cebdb90f505","isMergeCommit":false,"messageTitle":"Make changes according to review","messageBody":"","fileTypesAndContributionMap":{"functional-code":{"insertions":4,"deletions":5}}},{"hash":"f4f158a0c6b284dc80a39639b419b9cdd371f494","isMergeCommit":true,"messageTitle":"Merge pull request #109 from BenedictChannn/branch-Fix-PED","messageBody":"Branch fix ped","fileTypesAndContributionMap":{}},{"hash":"abfe44655af1026aa51d78111e0aae54ad08d28b","isMergeCommit":true,"messageTitle":"Merge master and fixed text ui","messageBody":"","fileTypesAndContributionMap":{}},{"hash":"13348601c24596bb978c7ff1f99be6f6e986cc99","isMergeCommit":false,"messageTitle":"Ensure command is case-insensitive in accordance to website guidelines","messageBody":"","fileTypesAndContributionMap":{"functional-code":{"insertions":26,"deletions":23},"test-code":{"insertions":11,"deletions":5}}},{"hash":"0f2d4bb43d06a41eb4b2c24eec4edf7cb57c7e65","isMergeCommit":false,"messageTitle":"Reduce instance of magic literals","messageBody":"","fileTypesAndContributionMap":{"functional-code":{"insertions":7,"deletions":5}}},{"hash":"206623954b57d30ea745576ed77fa861e9cdf3dd","isMergeCommit":false,"messageTitle":"Fix bug relating to ctrl-D","messageBody":"","fileTypesAndContributionMap":{"functional-code":{"insertions":5,"deletions":1}}},{"hash":"82a9e005d6ec7db389edbb7ddb1fa525acc3aa3b","isMergeCommit":false,"messageTitle":"Add PPP","messageBody":"","fileTypesAndContributionMap":{"docs":{"insertions":42,"deletions":17}}}]},{"date":"2023-11-09","commitResults":[{"hash":"e1222a410440d6aa7aedb65fbfbf75c88f90063d","isMergeCommit":true,"messageTitle":"Merge pull request #114 from danielpappa/PPP-Draft","messageBody":"PPP Draft","fileTypesAndContributionMap":{}}]}],"BenedictChannn":[{"date":"2023-10-04","commitResults":[{"hash":"28702ad39c722d65b80ef3cc2bf1852698f28448","isMergeCommit":false,"messageTitle":"Change name","messageBody":"","fileTypesAndContributionMap":{"docs":{"insertions":7,"deletions":7}}},{"hash":"3239ce5a111657f65513453e9751b5b9ad214506","isMergeCommit":true,"messageTitle":"Merge pull request #17 from mcmc101001/master","messageBody":"Add name to AboutUs.md","fileTypesAndContributionMap":{}},{"hash":"ca11a15a456788acfe148123ffe811c635e06e57","isMergeCommit":true,"messageTitle":"Merge branch \u0027master\u0027 of https://github.com/AY2324S1-CS2113-W12-2/tp","messageBody":"# Conflicts:\n#\tdocs/AboutUs.md\n","fileTypesAndContributionMap":{}}]},{"date":"2023-10-11","commitResults":[{"hash":"1776d7b39b5fb4032c40a9d757b64af87c78e495","isMergeCommit":true,"messageTitle":"Merge pull request #26 from mcmc101001/branch-Refactor-UI-usage","messageBody":"Branch refactor UI usage","fileTypesAndContributionMap":{}},{"hash":"d8b4f5d5c024e94ee7edb1d1222b7751dc19e420","isMergeCommit":true,"messageTitle":"Merge pull request #27 from mcmc101001/branch-Ui-Test","messageBody":"Added tests for all methods in Ui class","fileTypesAndContributionMap":{}}]},{"date":"2023-10-14","commitResults":[{"hash":"26705285d35a10f3b161980f3ab0f8a8e1e0aaa3","isMergeCommit":true,"messageTitle":"Merge pull request #28 from WooKaiNing/Expense","messageBody":"Create Expense class and methods","fileTypesAndContributionMap":{}},{"hash":"609d0a66ee49bc7a98bb3a1ad101bf63373c7fee","isMergeCommit":false,"messageTitle":"Create Parser class","messageBody":"","fileTypesAndContributionMap":{"functional-code":{"insertions":36,"deletions":0}}},{"hash":"ea802cf9af4319d2a0be1d84cef3ffb969a25609","isMergeCommit":false,"messageTitle":"Add Exit command","messageBody":"","fileTypesAndContributionMap":{"functional-code":{"insertions":12,"deletions":0}}},{"hash":"8d7ddb7c6f8b554364c9a3dbc98d2a6aa108e85b","isMergeCommit":false,"messageTitle":"Refactor cashleh class to work with parser to exit program","messageBody":"","fileTypesAndContributionMap":{"functional-code":{"insertions":24,"deletions":22}}},{"hash":"cf9deb5e969bcff27696e3cc1b3979f3764e333f","isMergeCommit":false,"messageTitle":"Refactor code to handle unrecognised commands","messageBody":"","fileTypesAndContributionMap":{"functional-code":{"insertions":8,"deletions":4}}}]},{"date":"2023-10-15","commitResults":[{"hash":"b2fbc3a3fcb1744a45aff80b7cb316614b54b8b9","isMergeCommit":false,"messageTitle":"Add Exceptions for error handling","messageBody":"","fileTypesAndContributionMap":{"functional-code":{"insertions":24,"deletions":0},"other":{"insertions":1,"deletions":1}}},{"hash":"96c4e9c84a0b94cb8625ae0c0525074b48fa30da","isMergeCommit":false,"messageTitle":"Add parsing logic for adding, deleting and viewing expenses","messageBody":"","fileTypesAndContributionMap":{"functional-code":{"insertions":170,"deletions":88}}},{"hash":"700d3a48a6fbbfe28df6716731c60f3b25eecb6f","isMergeCommit":true,"messageTitle":"Merge pull request #1 from BenedictChannn/branch-Parser-Expenses","messageBody":"Branch parser for expenses","fileTypesAndContributionMap":{}},{"hash":"b5d182640b8b8ff7b7388e87d4b5d0ec1a5538b1","isMergeCommit":false,"messageTitle":"Refactor income and incomestatement class","messageBody":"","fileTypesAndContributionMap":{"functional-code":{"insertions":60,"deletions":41},"test-code":{"insertions":20,"deletions":22}}},{"hash":"b286d2668b3010fa34cf266a48f974f1fc4db1c4","isMergeCommit":false,"messageTitle":"Clean up code for expenses","messageBody":"","fileTypesAndContributionMap":{"functional-code":{"insertions":2,"deletions":4}}},{"hash":"1eab23f73c6f3600c8b390db844dbe7eb2e1bf06","isMergeCommit":false,"messageTitle":"Add parsing logic for adding, deleting and viewing incomes","messageBody":"","fileTypesAndContributionMap":{"functional-code":{"insertions":72,"deletions":36}}},{"hash":"1f9207cd2fe9977802714c893253fd451129c2e7","isMergeCommit":false,"messageTitle":"Fix Checkstyle issues","messageBody":"","fileTypesAndContributionMap":{"functional-code":{"insertions":46,"deletions":92},"other":{"insertions":6,"deletions":5},"test-code":{"insertions":5,"deletions":24}}},{"hash":"9937e290a2bab0e926afe98ada914ec1c839570c","isMergeCommit":false,"messageTitle":"Fix Checkstyle issues for UiTest","messageBody":"","fileTypesAndContributionMap":{"test-code":{"insertions":2,"deletions":4}}}]},{"date":"2023-10-17","commitResults":[{"hash":"8f6f0157b0a5cea0e5a3c7b8f837869dbfba1ad2","isMergeCommit":true,"messageTitle":"Merge pull request #34 from Xuan127/V1.0_tweaks","messageBody":"V1.0 tweaks","tags":["v1.0"],"fileTypesAndContributionMap":{}}]},{"date":"2023-10-18","commitResults":[{"hash":"8725031782574305cbeba83f9910d98f4e4ef4b9","isMergeCommit":true,"messageTitle":"Merge pull request #31 from danielpappa/level-1-A-MoreDefensiveCode","messageBody":"Level 1 a more defensive code","fileTypesAndContributionMap":{}}]},{"date":"2023-10-24","commitResults":[{"hash":"bec296d57ee1eb5fbb534dd91d6d4f13168c2d92","isMergeCommit":false,"messageTitle":"Fix updateBudget command to handle case where amount is not given","messageBody":"","fileTypesAndContributionMap":{"functional-code":{"insertions":4,"deletions":0}}},{"hash":"82a9f231d3a15c68ce8a7e2b90561637aaf3f5d6","isMergeCommit":false,"messageTitle":"Refactor code for printFinancialStatement to make it more visually appealing","messageBody":"","fileTypesAndContributionMap":{"functional-code":{"insertions":101,"deletions":12}}},{"hash":"97a454df79ea09b90062028fe9e9346cffb620b4","isMergeCommit":true,"messageTitle":"Resolved merge conflicts","messageBody":"","fileTypesAndContributionMap":{}},{"hash":"f1db94144ec341aafbedf9db16656b08d0e877d8","isMergeCommit":false,"messageTitle":"Fix missing date initialization for one of the constructors","messageBody":"","fileTypesAndContributionMap":{"functional-code":{"insertions":1,"deletions":0}}},{"hash":"12dbc6d6c82d0918e0a9af563940edbf6ca33b7f","isMergeCommit":false,"messageTitle":"Refactor code to incorporate category of transaction","messageBody":"","fileTypesAndContributionMap":{"functional-code":{"insertions":24,"deletions":28}}},{"hash":"5e6db1df36dff208c0e65838e490fb73fcc830af","isMergeCommit":false,"messageTitle":"Add exception handling for reading and writing to file","messageBody":"","fileTypesAndContributionMap":{"functional-code":{"insertions":32,"deletions":0}}},{"hash":"31b1ae3d403614b63c471a303bd75fd59218c4d5","isMergeCommit":false,"messageTitle":"Implement file storage","messageBody":"","fileTypesAndContributionMap":{"functional-code":{"insertions":234,"deletions":0}}},{"hash":"396ae54261bbfdf8f67391068d40aa24c36ba49f","isMergeCommit":false,"messageTitle":"Refactor print statements","messageBody":"","fileTypesAndContributionMap":{"functional-code":{"insertions":38,"deletions":23}}},{"hash":"81edf02f5c5dec69f3474811a4d732a78c0126be","isMergeCommit":false,"messageTitle":"Implement file storage in main","messageBody":"","fileTypesAndContributionMap":{"functional-code":{"insertions":22,"deletions":4}}},{"hash":"fe3bca4e1a435d884f309d030d92747a82d3b7e9","isMergeCommit":false,"messageTitle":"Clean up code","messageBody":"","fileTypesAndContributionMap":{"functional-code":{"insertions":32,"deletions":28}}},{"hash":"dacdca3ed868c30dc9f4f8bf5335cd75dc358f52","isMergeCommit":false,"messageTitle":"Fix gradle issue","messageBody":"","fileTypesAndContributionMap":{"functional-code":{"insertions":11,"deletions":13},"test-code":{"insertions":2,"deletions":2}}},{"hash":"8d408c39800f32e0b9b8030cd74ef2d592a5c82a","isMergeCommit":false,"messageTitle":"Fix gradle issue","messageBody":"","fileTypesAndContributionMap":{"functional-code":{"insertions":46,"deletions":45},"test-code":{"insertions":15,"deletions":15}}},{"hash":"4ff29c032d2419711a76bf072f061296e15ffc88","isMergeCommit":true,"messageTitle":"Merge branch \u0027AY2324S1-CS2113-W12-2:master\u0027 into master","messageBody":"","fileTypesAndContributionMap":{}}]},{"date":"2023-10-25","commitResults":[{"hash":"ade5918dfab715b00346309296d7a889b92b9219","isMergeCommit":false,"messageTitle":"Fix code and Add Javadoc","messageBody":"","fileTypesAndContributionMap":{"functional-code":{"insertions":38,"deletions":8}}},{"hash":"30f130962a01e2a71da62a6b1c1c83adb72b5892","isMergeCommit":false,"messageTitle":"Add javadoc for printFinancialStatement method","messageBody":"","fileTypesAndContributionMap":{"functional-code":{"insertions":7,"deletions":0}}},{"hash":"b1e29173a9868e2a71078f07cd5ea43535503f17","isMergeCommit":false,"messageTitle":"Refactor printStatement code for better presentation of income/expense/financial statement","messageBody":"","fileTypesAndContributionMap":{"functional-code":{"insertions":59,"deletions":41}}},{"hash":"66a08dc39e41d02fd3fa7b721578ba0c0b9c3dca","isMergeCommit":false,"messageTitle":"Add javadoc for printStatements","messageBody":"","fileTypesAndContributionMap":{"functional-code":{"insertions":21,"deletions":6}}},{"hash":"eebd46004376dac7be1a2ac2ef7973a40faf0240","isMergeCommit":true,"messageTitle":"Merge branch \u0027branch-File-Storage\u0027","messageBody":"","fileTypesAndContributionMap":{}},{"hash":"ee3e588128f6ce16adf3f014a8fdb121eef45346","isMergeCommit":true,"messageTitle":"Merge branch \u0027AY2324S1-CS2113-W12-2:master\u0027 into master","messageBody":"","fileTypesAndContributionMap":{}}]},{"date":"2023-10-26","commitResults":[{"hash":"4224cceadc73e1075efa277329ca21bd15a24942","isMergeCommit":true,"messageTitle":"Merge remote-tracking branch \u0027upstream/master\u0027","messageBody":"# Conflicts:\n#\ttext-ui-test/EXPECTED.TXT\n","fileTypesAndContributionMap":{}},{"hash":"5ea8754261b6816da3f739171c89f19f43d2ef51","isMergeCommit":false,"messageTitle":"Add FileStorage test","messageBody":"","fileTypesAndContributionMap":{"functional-code":{"insertions":4,"deletions":0},"test-code":{"insertions":94,"deletions":0}}},{"hash":"9e0391acf1fdcbe9bb31e1c48b95544363a08d7d","isMergeCommit":true,"messageTitle":"Merge pull request #54 from BenedictChannn/master","messageBody":"Refactor code for print Statements for income/expense/financial statements","fileTypesAndContributionMap":{}}]},{"date":"2023-10-29","commitResults":[{"hash":"27a3e3496f9d870adfc4ca9f5f57c3861f2b9b6e","isMergeCommit":false,"messageTitle":"Add dynamic spacing for printing of statements and a cap to the description length","messageBody":"","fileTypesAndContributionMap":{"functional-code":{"insertions":24,"deletions":0}}},{"hash":"6ae7e637100715e3b584bbc9913356b53df067e7","isMergeCommit":false,"messageTitle":"Add sort by date for the statements so that the print will be in order of dates","messageBody":"","fileTypesAndContributionMap":{"functional-code":{"insertions":50,"deletions":12}}},{"hash":"a3eba0335e7b9e204095a17dcf89aecb49952711","isMergeCommit":false,"messageTitle":"Fix magic literals","messageBody":"","fileTypesAndContributionMap":{"functional-code":{"insertions":77,"deletions":30}}},{"hash":"2cd751cef500ec20b423ac9cf119cb5df53aa592","isMergeCommit":false,"messageTitle":"Fix checkstyle","messageBody":"","fileTypesAndContributionMap":{"functional-code":{"insertions":1,"deletions":3}}},{"hash":"80917abe7145fa13a52ee98b025aec8d62c00358","isMergeCommit":false,"messageTitle":"Refactor code for better abstraction and readability","messageBody":"","fileTypesAndContributionMap":{"functional-code":{"insertions":72,"deletions":93}}},{"hash":"5a868694149addabe299f63a1328a580c50386cb","isMergeCommit":false,"messageTitle":"Add user guide to exit application","messageBody":"","fileTypesAndContributionMap":{"docs":{"insertions":7,"deletions":0}}}]},{"date":"2023-10-30","commitResults":[{"hash":"5f35b637e8995b3265bfcad3e7f6e7db26550eee","isMergeCommit":false,"messageTitle":"Fix code","messageBody":"","fileTypesAndContributionMap":{"functional-code":{"insertions":3,"deletions":2}}},{"hash":"65b69d37c8eabdb361fe0653c0320e2a9fbe6db6","isMergeCommit":true,"messageTitle":"Merge branch \u0027master\u0027 into branch-Fix-Code","messageBody":"","fileTypesAndContributionMap":{}},{"hash":"9280e9e3b7a652bc5e670b493b888b5376ee35ce","isMergeCommit":true,"messageTitle":"Merge branch \u0027master\u0027 into branch-Fix-Code","messageBody":"","fileTypesAndContributionMap":{}},{"hash":"8d8333ef6d6ed4b2310ddfa8252f704cba4258cf","isMergeCommit":true,"messageTitle":"Merge branch \u0027branch-Fix-Code\u0027 of https://github.com/BenedictChannn/tp into branch-Fix-Code","messageBody":"","fileTypesAndContributionMap":{}},{"hash":"b35c7bd57577e67defe996c98ced9e5a5b33890f","isMergeCommit":false,"messageTitle":"Fix weird issues","messageBody":"","fileTypesAndContributionMap":{"functional-code":{"insertions":1,"deletions":0}}},{"hash":"30cd6d8e10d504c69a5fa13e10c3135b79e0586e","isMergeCommit":true,"messageTitle":"Merge pull request #63 from BenedictChannn/branch-Fix-Code","messageBody":"Branch refactor code","fileTypesAndContributionMap":{}}]},{"date":"2023-10-31","commitResults":[{"hash":"b736d0cddad159da1cc32c5e23fcfab0ebaa8c5d","isMergeCommit":false,"messageTitle":"Update DG for File Storage and UG for exit command","messageBody":"","fileTypesAndContributionMap":{"functional-code":{"insertions":1,"deletions":2},"docs":{"insertions":97,"deletions":2}}},{"hash":"561196fef3f0e58cc6a60997ca4969ca9efbe900","isMergeCommit":true,"messageTitle":"Merge branch \u0027master\u0027 into branch-Admin","messageBody":"","fileTypesAndContributionMap":{}},{"hash":"1a79b70867937eaaa502bfbf8c7a6c1dac07b4ae","isMergeCommit":true,"messageTitle":"Merge pull request #65 from mcmc101001/branch-improve-UG","messageBody":"Branch improve ug","fileTypesAndContributionMap":{}},{"hash":"9f22f4b54ce906aec4ce7caaa35872d17d98cf14","isMergeCommit":true,"messageTitle":"Merge branch \u0027master\u0027 into branch-Admin","messageBody":"","fileTypesAndContributionMap":{}}]},{"date":"2023-11-06","commitResults":[{"hash":"6bfd2c1616c097c173ed49510510b0c48aff15a6","isMergeCommit":false,"messageTitle":"Fix error for description with commas","messageBody":"","fileTypesAndContributionMap":{"functional-code":{"insertions":28,"deletions":36}}},{"hash":"a33ce24e82d11c29d56a80ac0a45d8107ffc8700","isMergeCommit":false,"messageTitle":"Changed max description length to 40","messageBody":"","fileTypesAndContributionMap":{"functional-code":{"insertions":1,"deletions":1}}},{"hash":"bd2e8ae71d5f897a955ee6c38c09ad7d0be6d02e","isMergeCommit":false,"messageTitle":"Implement max amount allowed per transaction","messageBody":"","fileTypesAndContributionMap":{"functional-code":{"insertions":11,"deletions":0}}},{"hash":"6a0def3b5d8a2061b0f085e8641857a8fe7d2516","isMergeCommit":false,"messageTitle":"Change max amount to 9999999.99","messageBody":"","fileTypesAndContributionMap":{"functional-code":{"insertions":1,"deletions":1}}},{"hash":"3fb707bd4b246c5dd59726ab072f994a8abdb5ee","isMergeCommit":false,"messageTitle":"Update readFromFile diagram","messageBody":"","fileTypesAndContributionMap":{"docs":{"insertions":6,"deletions":0}}},{"hash":"2f2a49226993ab4fd2d7d0dfd7d6d0f7e7463b01","isMergeCommit":true,"messageTitle":"Merge pull request #110 from WooKaiNing/PEDFixIssues","messageBody":"Fix Issues from PED","fileTypesAndContributionMap":{}}]},{"date":"2023-11-07","commitResults":[{"hash":"b070c3d20e8e213ec14df44b0b24c34df6bcd297","isMergeCommit":false,"messageTitle":"Fix income and expense description issue","messageBody":"","fileTypesAndContributionMap":{"functional-code":{"insertions":2,"deletions":2}}},{"hash":"4cca17f105def79103f23a391ff4085939a14f60","isMergeCommit":false,"messageTitle":"Edit user guide","messageBody":"","fileTypesAndContributionMap":{"docs":{"insertions":26,"deletions":20}}},{"hash":"84b9c9bcc5d2cea803d38d99d3ec656e932a6e97","isMergeCommit":false,"messageTitle":"Add PPP","messageBody":"","fileTypesAndContributionMap":{"docs":{"insertions":24,"deletions":1}}},{"hash":"7a48dc31db1f7af409380dbfe5d8d7b2d0cf6734","isMergeCommit":false,"messageTitle":"Refactor puml path","messageBody":"","fileTypesAndContributionMap":{"docs":{"insertions":0,"deletions":0}}},{"hash":"c4f34d734c51b25dc3286bdf8c02e8b429b929aa","isMergeCommit":true,"messageTitle":"Merge branch \u0027master\u0027 into branch-PPP","messageBody":"","fileTypesAndContributionMap":{}},{"hash":"3691a554b2bb9825d12eb04cae7f01c298d50c60","isMergeCommit":true,"messageTitle":"Merge pull request #113 from BenedictChannn/branch-PPP","messageBody":"Branch ppp","fileTypesAndContributionMap":{}}]}],"WooKaiNing":[{"date":"2023-10-04","commitResults":[{"hash":"f24118be41282d5253e3a73d39895a4712478f84","isMergeCommit":false,"messageTitle":"Add name to AboutUs.md","messageBody":"","fileTypesAndContributionMap":{"docs":{"insertions":5,"deletions":5}}},{"hash":"d86a47d92195137b19bede463d162ea013325a51","isMergeCommit":true,"messageTitle":"Merge branch \u0027master\u0027 of https://github.com/AY2324S1-CS2113-W12-2/tp","messageBody":"","fileTypesAndContributionMap":{}}]},{"date":"2023-10-10","commitResults":[{"hash":"506848c881c64a86d76835d0c1ecd462cecc9964","isMergeCommit":true,"messageTitle":"Merge pull request #25 from danielpappa/level-1-income","messageBody":"Level-1-income","fileTypesAndContributionMap":{}}]},{"date":"2023-10-11","commitResults":[{"hash":"87ac2f33b5f14f0da42edf7db947738c45b6e7fe","isMergeCommit":false,"messageTitle":"Implement Expense class and methods","messageBody":"","fileTypesAndContributionMap":{"functional-code":{"insertions":137,"deletions":2}}},{"hash":"5e2e9187e2782b19b7892253f076718b4df5fc88","isMergeCommit":false,"messageTitle":"Modify Expense class and methods","messageBody":"","fileTypesAndContributionMap":{"functional-code":{"insertions":139,"deletions":65}}},{"hash":"3551ab446bc319f0a00ee5b9143f2466a35ab7d8","isMergeCommit":false,"messageTitle":"Fix Checkstyle issues in code","messageBody":"","fileTypesAndContributionMap":{"functional-code":{"insertions":8,"deletions":6}}}]},{"date":"2023-10-15","commitResults":[{"hash":"cfadea33dbe99a3cfdb852ed77cc272006ccd462","isMergeCommit":false,"messageTitle":"Modify exception handling in Expense classes","messageBody":"","fileTypesAndContributionMap":{"functional-code":{"insertions":10,"deletions":23},"other":{"insertions":11,"deletions":1}}},{"hash":"5e7e6845794f2d51f76f52714999ee7bb426be5f","isMergeCommit":false,"messageTitle":"Add JUnit testing for Expense classes","messageBody":"","fileTypesAndContributionMap":{"test-code":{"insertions":51,"deletions":0}}}]},{"date":"2023-10-16","commitResults":[{"hash":"92f03724130345d696816cef49cb130eea1fbe66","isMergeCommit":false,"messageTitle":"Fix checkstyle errors","messageBody":"","fileTypesAndContributionMap":{"functional-code":{"insertions":5,"deletions":2}}},{"hash":"a1ff13fb7b950f86cb5511b761efc5563af5ad4f","isMergeCommit":false,"messageTitle":"Fix checkstyle errors","messageBody":"","fileTypesAndContributionMap":{"test-code":{"insertions":1,"deletions":1}}}]},{"date":"2023-10-17","commitResults":[{"hash":"cd6ba74a96ba161159416d6cc33bcf4aaa32966a","isMergeCommit":true,"messageTitle":"Merge pull request #33 from mcmc101001/branch-refactor-codebase","messageBody":"Refactor code to adhere to best practices","fileTypesAndContributionMap":{}},{"hash":"0a74a3375b69ac169b22fb272b55e69f69874ad8","isMergeCommit":true,"messageTitle":"Merge branch \u0027master\u0027 into expense","messageBody":"","fileTypesAndContributionMap":{}},{"hash":"6a40cb0c879785886413663f5a54e0bb072bd9c0","isMergeCommit":false,"messageTitle":"Implement JUnit test for ExpenseStatement","messageBody":"","fileTypesAndContributionMap":{"test-code":{"insertions":5,"deletions":22}}},{"hash":"80811f32110bce4e9dcf3921eaf823624c12c8ec","isMergeCommit":false,"messageTitle":"Implement Expense summation and JUnit testing for ExpenseStatement","messageBody":"","fileTypesAndContributionMap":{"functional-code":{"insertions":9,"deletions":51}}},{"hash":"75f85d7c37cff30b768e7c5add75f9ab8b235ce9","isMergeCommit":false,"messageTitle":"Modify JUnit testing","messageBody":"","fileTypesAndContributionMap":{"test-code":{"insertions":3,"deletions":2}}},{"hash":"9c63b91be0929770ed6fbd3f2003bdf92c2dd840","isMergeCommit":false,"messageTitle":"Fix Checkstyle error","messageBody":"","fileTypesAndContributionMap":{"functional-code":{"insertions":1,"deletions":0}}},{"hash":"6d18df68de6db1c2892ee737cda453dc2fa07f76","isMergeCommit":true,"messageTitle":"Merge branch \u0027master\u0027 into Expense","messageBody":"","fileTypesAndContributionMap":{}},{"hash":"63cac5459635a12ae860fd4d18e067bfa67b23c2","isMergeCommit":false,"messageTitle":"Fix Checkstyle error","messageBody":"","fileTypesAndContributionMap":{"functional-code":{"insertions":1,"deletions":1}}}]},{"date":"2023-10-18","commitResults":[{"hash":"ffa4c44a717cde69d54421c1a031edf0a32d072b","isMergeCommit":true,"messageTitle":"Merge branch \u0027master\u0027 into Expense","messageBody":"","fileTypesAndContributionMap":{}},{"hash":"6eb1ba205a27b7020769491817ac2a436fd9fa6d","isMergeCommit":true,"messageTitle":"Merge branch \u0027Expense\u0027 of https://github.com/WooKaiNing/tp into Expense","messageBody":"","fileTypesAndContributionMap":{}}]},{"date":"2023-10-19","commitResults":[{"hash":"cacad1c4a0d11d3964de035f1a078113d8793c08","isMergeCommit":true,"messageTitle":"Merge branch \u0027master\u0027 into Expense","messageBody":"","fileTypesAndContributionMap":{}},{"hash":"d0ae7d7228ff75be0c91a940493718cf30befe4c","isMergeCommit":false,"messageTitle":"Add JavaDoc to classes and methods","messageBody":"","fileTypesAndContributionMap":{"functional-code":{"insertions":105,"deletions":11}}},{"hash":"674cbe88b1fb5c8abed3274edc9d0aea38f9ca56","isMergeCommit":false,"messageTitle":"Implement printing of date and modify JUnit testing","messageBody":"","fileTypesAndContributionMap":{"functional-code":{"insertions":2,"deletions":7},"test-code":{"insertions":73,"deletions":65}}},{"hash":"fbac0298f5a1b3b0cd9c29fd490730317d8f471b","isMergeCommit":false,"messageTitle":"Implement CurrentDate class","messageBody":"","fileTypesAndContributionMap":{"functional-code":{"insertions":44,"deletions":0},"other":{"insertions":2,"deletions":0}}},{"hash":"708932254aa55bf7a29e13bcd1c1bc0f80d56adf","isMergeCommit":false,"messageTitle":"Modify CurrentDate class","messageBody":"","fileTypesAndContributionMap":{"functional-code":{"insertions":5,"deletions":3}}},{"hash":"6e49ab7119221cb0c46dd2e5358f720a50ab5f25","isMergeCommit":false,"messageTitle":"Revert input.txt/EXPECTED.TXT and modify runtest.bat","messageBody":"","fileTypesAndContributionMap":{"other":{"insertions":1,"deletions":0}}},{"hash":"58a127d6ca20f3694ade3cb98a94d71545dd4690","isMergeCommit":false,"messageTitle":"Modify runtest.bat","messageBody":"","fileTypesAndContributionMap":{"other":{"insertions":1,"deletions":1}}},{"hash":"4d523fe522d1214d635bf46736f2c68a83dd41e5","isMergeCommit":false,"messageTitle":"Modify runtest.bat","messageBody":"","fileTypesAndContributionMap":{"other":{"insertions":17,"deletions":14}}},{"hash":"957984051cb8abff4310c686435f05b8e8a4389f","isMergeCommit":false,"messageTitle":"Modify runtest.bat","messageBody":"","fileTypesAndContributionMap":{"other":{"insertions":1,"deletions":1}}},{"hash":"e53c1d7bba116de1868591ecb32af32ca0914a5e","isMergeCommit":false,"messageTitle":"Modify runtest.bat","messageBody":"","fileTypesAndContributionMap":{"other":{"insertions":1,"deletions":1}}},{"hash":"9a2df8f645e69527f2a3390ece340344f28b631a","isMergeCommit":false,"messageTitle":"Revert runtest.bat and modify input.txt/EXPECTED.TXT","messageBody":"","fileTypesAndContributionMap":{"other":{"insertions":14,"deletions":17}}},{"hash":"297a2a685cdaa935fd187e5cc52b1eda7f764c1d","isMergeCommit":false,"messageTitle":"Modify CurrentDateUpdater class and text-ui-test","messageBody":"","fileTypesAndContributionMap":{"functional-code":{"insertions":48,"deletions":48},"other":{"insertions":0,"deletions":2}}},{"hash":"73474e72b2b78c7b242d5601daf4b77347a8a053","isMergeCommit":false,"messageTitle":"Modify runtest.bat","messageBody":"","fileTypesAndContributionMap":{"other":{"insertions":0,"deletions":1}}},{"hash":"c514f9d6a2e0b0b689c8633837e33c2471044707","isMergeCommit":false,"messageTitle":"Modify CurrentDateUpdater","messageBody":"","fileTypesAndContributionMap":{"functional-code":{"insertions":7,"deletions":4}}},{"hash":"0e2a91f4ec64ba5b6d0148c40aff2193f8c310ee","isMergeCommit":false,"messageTitle":"Fix Checkstyle issues","messageBody":"","fileTypesAndContributionMap":{"functional-code":{"insertions":2,"deletions":1}}},{"hash":"80622c92e07b87704e9155c3e2b56659444665e5","isMergeCommit":false,"messageTitle":"Modify text-ui-test","messageBody":"","fileTypesAndContributionMap":{"functional-code":{"insertions":3,"deletions":11}}},{"hash":"587c4b755cdfe906705b3ccc5e84d82ac02565a7","isMergeCommit":true,"messageTitle":"Merge pull request #32 from WooKaiNing/Expense","messageBody":"Implement CurrentDateUpdater and handle date-to-string representation\r\nFixes #45 ","fileTypesAndContributionMap":{}}]},{"date":"2023-10-24","commitResults":[{"hash":"39bde9fa516f04f2d614a4685607151885f0cb7a","isMergeCommit":false,"messageTitle":"Implement filtering based on description/amount for expense and income","messageBody":"","fileTypesAndContributionMap":{"functional-code":{"insertions":153,"deletions":9}}},{"hash":"946f10e4200021ec22d4060a7540750ffe044bea","isMergeCommit":false,"messageTitle":"Implement filtering of transactions","messageBody":"","fileTypesAndContributionMap":{"functional-code":{"insertions":13,"deletions":11}}},{"hash":"e6ecd513761238b0e12e10429517a3e1a4d28708","isMergeCommit":true,"messageTitle":"Merge branch \u0027master\u0027 into FindTransaction","messageBody":"","fileTypesAndContributionMap":{}},{"hash":"32fbb2baabb5d83ca8fd12c12708526e03450202","isMergeCommit":false,"messageTitle":"Implement filtering based on description/amount for transactions","messageBody":"","fileTypesAndContributionMap":{"functional-code":{"insertions":66,"deletions":16}}},{"hash":"ca076a19d8b8bb8d6d64f5db6f75e0f3afa74aa2","isMergeCommit":false,"messageTitle":"Implement filtering based on date","messageBody":"","fileTypesAndContributionMap":{"functional-code":{"insertions":78,"deletions":19}}},{"hash":"9bce24b851faf0b029b0260efd6836a2372320be","isMergeCommit":false,"messageTitle":"Implement filtering based on categories and add logging","messageBody":"","fileTypesAndContributionMap":{"functional-code":{"insertions":84,"deletions":30}}},{"hash":"64ac8958517a506b50fb181afa44a8dfb92d9e62","isMergeCommit":false,"messageTitle":"Add JavaDoc and assertions","messageBody":"","fileTypesAndContributionMap":{"functional-code":{"insertions":132,"deletions":34}}},{"hash":"7dc5369c34401e55654b675e16b24320c2cc099b","isMergeCommit":true,"messageTitle":"Merge pull request #49 from BenedictChannn/master","messageBody":"Implement file storage","fileTypesAndContributionMap":{}},{"hash":"deee1a5d6d4fc5d8ea61894e4df0b80a7311a222","isMergeCommit":false,"messageTitle":"Modify FilterTransaction","messageBody":"","fileTypesAndContributionMap":{"functional-code":{"insertions":0,"deletions":2}}},{"hash":"213285d9f893cf2847011f016338c659be66d9c6","isMergeCommit":true,"messageTitle":"Merge branch \u0027master\u0027 into FindTransaction","messageBody":"","fileTypesAndContributionMap":{}},{"hash":"7f0da84d4f833dc0d7c3a324746f01aa2b2309d9","isMergeCommit":false,"messageTitle":"Remove accidental ;","messageBody":"","fileTypesAndContributionMap":{"functional-code":{"insertions":1,"deletions":1}}}]},{"date":"2023-10-25","commitResults":[{"hash":"31526442da6983fd344c0585275e4e8cfe640a10","isMergeCommit":false,"messageTitle":"Modify parsing of input and printing of output for filter","messageBody":"","fileTypesAndContributionMap":{"functional-code":{"insertions":36,"deletions":64}}},{"hash":"cb364ebf37437cbd44d4a39d3cfb73108056f6ae","isMergeCommit":false,"messageTitle":"Modify printing of filter output","messageBody":"","fileTypesAndContributionMap":{"functional-code":{"insertions":12,"deletions":12}}},{"hash":"406335cfa860f4937b2c75b4e2e197c7d08dbb0f","isMergeCommit":true,"messageTitle":"Merge branch \u0027FindTransaction\u0027 into DeveloperGuide","messageBody":"","fileTypesAndContributionMap":{}},{"hash":"0e10abc135d2eb146ffd2f0fbf3a85572ebbbf36","isMergeCommit":false,"messageTitle":"Update UserGuide.md","messageBody":"","fileTypesAndContributionMap":{"docs":{"insertions":102,"deletions":5}}},{"hash":"7df05f6392daa4ed3d9482bb18c8bd097e5c9487","isMergeCommit":false,"messageTitle":"Modify DeveloperGuide.md","messageBody":"","fileTypesAndContributionMap":{"docs":{"insertions":15,"deletions":10}}},{"hash":"5e8dd08ee7d57984457885964c276f3606940a53","isMergeCommit":false,"messageTitle":"Modify FindParser.java","messageBody":"","fileTypesAndContributionMap":{"functional-code":{"insertions":19,"deletions":19}}}]},{"date":"2023-10-26","commitResults":[{"hash":"a0d9a1062e27767a65c0968d6fff46744db30c23","isMergeCommit":true,"messageTitle":"Merge pull request #53 from mcmc101001/branch-update-uml","messageBody":"Update UML diagram for string tokenizer","fileTypesAndContributionMap":{}}]},{"date":"2023-10-27","commitResults":[{"hash":"ad7985833087285ad8413e38d6ff1e3d22cb9330","isMergeCommit":true,"messageTitle":"Merge branch \u0027master\u0027 into DeveloperGuide","messageBody":"","fileTypesAndContributionMap":{}},{"hash":"f056394d67690f90f7864c3391958ee22e1605dc","isMergeCommit":false,"messageTitle":"Modify DeveloperGuide","messageBody":"","fileTypesAndContributionMap":{"docs":{"insertions":16,"deletions":0}}},{"hash":"21a12f5503b2142b36479b4cf7ea40f342d384cb","isMergeCommit":true,"messageTitle":"Merge pull request #55 from mcmc101001/branch-assert-stringTokenizer","messageBody":"Add assertions to string tokenizer","fileTypesAndContributionMap":{}},{"hash":"6a5135768c16a82d2b62db5176d7b8178ba768c5","isMergeCommit":true,"messageTitle":"Merge branch \u0027master\u0027 into DeveloperGuide","messageBody":"","fileTypesAndContributionMap":{}}]},{"date":"2023-10-30","commitResults":[{"hash":"211708a597e9cccab93cbe033fa504de553fbfbb","isMergeCommit":false,"messageTitle":"Refactor code to remove magic strings","messageBody":"","fileTypesAndContributionMap":{"functional-code":{"insertions":33,"deletions":23}}},{"hash":"60b40c36d4deed45fc346bfbc5b4840193fdfa59","isMergeCommit":false,"messageTitle":"Add Javadoc to parseCategory","messageBody":"","fileTypesAndContributionMap":{"functional-code":{"insertions":7,"deletions":1}}},{"hash":"e0d5d35e37aafe483bdb1452da6d5b62015ad6c5","isMergeCommit":true,"messageTitle":"Merge branch \u0027master\u0027 into RefactorCode","messageBody":"","fileTypesAndContributionMap":{}}]},{"date":"2023-10-31","commitResults":[{"hash":"d70a42644309efd974c19741605ca1cf1ac09827","isMergeCommit":false,"messageTitle":"Modify output of filter commands for non matching transactions","messageBody":"","fileTypesAndContributionMap":{"functional-code":{"insertions":70,"deletions":34}}},{"hash":"90163e7a1e045043485386705f7a6660dbad198a","isMergeCommit":false,"messageTitle":"Update UserGuide","messageBody":"","fileTypesAndContributionMap":{"docs":{"insertions":145,"deletions":13}}},{"hash":"fc5453717175a36a612edf2253a48e26b4dda531","isMergeCommit":true,"messageTitle":"Merge branch \u0027master\u0027 into RefactorCode","messageBody":"","fileTypesAndContributionMap":{}},{"hash":"81a0ead3faaadf51dc3ea2956d93ccdf0ad2cd17","isMergeCommit":false,"messageTitle":"Modify EXPECTED.TXT","messageBody":"","fileTypesAndContributionMap":{"docs":{"insertions":6,"deletions":0}}},{"hash":"dcf6f6b8f09ece8d82a6377fab54762b3839ed4d","isMergeCommit":false,"messageTitle":"Modify UserGuide and remove repeating variables in Parser","messageBody":"","fileTypesAndContributionMap":{"functional-code":{"insertions":3,"deletions":7},"docs":{"insertions":2,"deletions":1}}}]},{"date":"2023-11-04","commitResults":[{"hash":"e6fd502064f736b16b2ec6c0b166860392fc325a","isMergeCommit":true,"messageTitle":"Merge pull request #73 from mcmc101001/branchFileStorage","messageBody":"Branch file storage","fileTypesAndContributionMap":{}}]},{"date":"2023-11-06","commitResults":[{"hash":"ce17958660cdd464b284a030bc0b7bd376ee3306","isMergeCommit":false,"messageTitle":"Modify Filter methods and update UserGuide","messageBody":"","fileTypesAndContributionMap":{"functional-code":{"insertions":66,"deletions":44},"docs":{"insertions":39,"deletions":15}}},{"hash":"89fe8c8b6484073ccefbbbd92f79bfe1e119ddc1","isMergeCommit":true,"messageTitle":"Merge branch \u0027master\u0027 into PEDFixIssues","messageBody":"","fileTypesAndContributionMap":{}},{"hash":"7e7f90b4ef86d2cff2d142230db95dd58f207ab9","isMergeCommit":false,"messageTitle":"Fix Checkstyle errors","messageBody":"","fileTypesAndContributionMap":{"functional-code":{"insertions":20,"deletions":16}}}]}]},"authorFileTypeContributionMap":{"Xuan127":{"docs":163,"functional-code":344,"test-code":137},"danielpappa":{"docs":315,"functional-code":499,"test-code":302,"other":1},"mcmc101001":{"docs":112,"functional-code":528,"test-code":250,"other":2},"BenedictChannn":{"docs":152,"functional-code":768,"test-code":100},"WooKaiNing":{"docs":304,"functional-code":731,"test-code":60,"other":1}},"authorContributionVariance":{"Xuan127":5090.429,"danielpappa":14527.06,"mcmc101001":7733.47,"BenedictChannn":23420.414,"WooKaiNing":18443.336},"authorDisplayNameMap":{"Xuan127":"CS2113-W12-2 SHAN..XUAN","danielpappa":"CS2113-W12-2 PAPP..NIEL","mcmc101001":"CS2113-W12-2 TOH ..CHUN","BenedictChannn":"CS2113-W12-2 CHAN..DICT","WooKaiNing":"CS2113-W12-2 WOO ..NING"}}
