{"authorDailyContributionsMap":{"Xuan127":[{"date":"2023-10-04","commitResults":[{"hash":"92527fd32c5b5fa00119b754e79e8f90a7aec990","isMergeCommit":false,"messageTitle":"Edit about us","messageBody":"","fileTypesAndContributionMap":{"docs":{"insertions":1,"deletions":1}}},{"hash":"202d4740acca25f35994264b9b82e37fafee606b","isMergeCommit":true,"messageTitle":"Merge remote-tracking branch \u0027upstream/master\u0027","messageBody":"# Conflicts:\n#\tdocs/AboutUs.md\n","fileTypesAndContributionMap":{}},{"hash":"1969944e3707bc31b0f1f34b8840b88c6dfb9c11","isMergeCommit":true,"messageTitle":"Merge pull request #21 from danielpappa/master","messageBody":"Update name in first line","fileTypesAndContributionMap":{}}]}],"danielpappa":[{"date":"2023-10-04","commitResults":[{"hash":"6a88a35d1e499a86502311ce617b3d273dcc48f0","isMergeCommit":false,"messageTitle":"Update name in first line","messageBody":"","fileTypesAndContributionMap":{"docs":{"insertions":7,"deletions":7}}},{"hash":"f7b2b1acc55cdbeeb912672b5302a2cf4cee27b5","isMergeCommit":true,"messageTitle":"Merge branch \u0027master\u0027 of https://github.com/AY2324S1-CS2113-W12-2/tp","messageBody":"# Conflicts:\n#\tdocs/AboutUs.md\n","fileTypesAndContributionMap":{}},{"hash":"c4a9e0a615eb0fb6cc4694b04fb50e7f95f42ca8","isMergeCommit":true,"messageTitle":"Merge branch \u0027master\u0027 of https://github.com/AY2324S1-CS2113-W12-2/tp","messageBody":"# Conflicts:\n#\tdocs/AboutUs.md\n","fileTypesAndContributionMap":{}},{"hash":"f6577bec4bf20fbbb68bca3b6a6f499b46ad59ab","isMergeCommit":true,"messageTitle":"Merge pull request #20 from BenedictChannn/master","messageBody":"Add name to AboutUs.md","fileTypesAndContributionMap":{}}]}],"mcmc101001":[{"date":"2023-10-04","commitResults":[{"hash":"61869c053985866bf98597995197cda3794dc725","isMergeCommit":false,"messageTitle":"Add name to AboutUs.md","messageBody":"","fileTypesAndContributionMap":{"functional-code":{"insertions":2,"deletions":1},"docs":{"insertions":7,"deletions":7}}},{"hash":"d8d872f9c15f68fceacb5c74b8a125b257af5d8e","isMergeCommit":true,"messageTitle":"Merge pull request #18 from Xuan127/master","messageBody":"Edit about us","fileTypesAndContributionMap":{}}]},{"date":"2023-10-05","commitResults":[{"hash":"003780bb06ecac8bee2c18e8948d8d7f66655599","isMergeCommit":true,"messageTitle":"Merge pull request #19 from WooKaiNing/master","messageBody":"Add name to AboutUs.md","fileTypesAndContributionMap":{}}]}],"BenedictChannn":[{"date":"2023-10-04","commitResults":[{"hash":"28702ad39c722d65b80ef3cc2bf1852698f28448","isMergeCommit":false,"messageTitle":"Change name","messageBody":"","fileTypesAndContributionMap":{"docs":{"insertions":7,"deletions":7}}},{"hash":"3239ce5a111657f65513453e9751b5b9ad214506","isMergeCommit":true,"messageTitle":"Merge pull request #17 from mcmc101001/master","messageBody":"Add name to AboutUs.md","fileTypesAndContributionMap":{}},{"hash":"ca11a15a456788acfe148123ffe811c635e06e57","isMergeCommit":true,"messageTitle":"Merge branch \u0027master\u0027 of https://github.com/AY2324S1-CS2113-W12-2/tp","messageBody":"# Conflicts:\n#\tdocs/AboutUs.md\n","fileTypesAndContributionMap":{}}]}],"WooKaiNing":[{"date":"2023-10-04","commitResults":[{"hash":"f24118be41282d5253e3a73d39895a4712478f84","isMergeCommit":false,"messageTitle":"Add name to AboutUs.md","messageBody":"","fileTypesAndContributionMap":{"docs":{"insertions":5,"deletions":5}}},{"hash":"d86a47d92195137b19bede463d162ea013325a51","isMergeCommit":true,"messageTitle":"Merge branch \u0027master\u0027 of https://github.com/AY2324S1-CS2113-W12-2/tp","messageBody":"","fileTypesAndContributionMap":{}}]}]},"authorFileTypeContributionMap":{"Xuan127":{"docs":1,"functional-code":0,"test-code":0},"danielpappa":{"docs":1,"functional-code":0,"test-code":0},"mcmc101001":{"docs":1,"functional-code":0,"test-code":0},"BenedictChannn":{"docs":2,"functional-code":0,"test-code":0},"WooKaiNing":{"docs":2,"functional-code":0,"test-code":0}},"authorContributionVariance":{"Xuan127":0.26530612,"danielpappa":13.0,"mcmc101001":19.168367,"BenedictChannn":13.0,"WooKaiNing":6.6326528},"authorDisplayNameMap":{"Xuan127":"CS2113-W12-2 SHAN..XUAN","danielpappa":"CS2113-W12-2 PAPP..NIEL","mcmc101001":"CS2113-W12-2 TOH ..CHUN","BenedictChannn":"CS2113-W12-2 CHAN..DICT","WooKaiNing":"CS2113-W12-2 WOO ..NING"}}
