{"authorDailyContributionsMap":{"Xuan127":[{"date":"2023-10-04","commitResults":[{"hash":"92527fd32c5b5fa00119b754e79e8f90a7aec990","isMergeCommit":false,"messageTitle":"Edit about us","messageBody":"","fileTypesAndContributionMap":{"docs":{"insertions":1,"deletions":1}}},{"hash":"202d4740acca25f35994264b9b82e37fafee606b","isMergeCommit":true,"messageTitle":"Merge remote-tracking branch \u0027upstream/master\u0027","messageBody":"# Conflicts:\n#\tdocs/AboutUs.md\n","fileTypesAndContributionMap":{}},{"hash":"1969944e3707bc31b0f1f34b8840b88c6dfb9c11","isMergeCommit":true,"messageTitle":"Merge pull request #21 from danielpappa/master","messageBody":"Update name in first line","fileTypesAndContributionMap":{}}]},{"date":"2023-10-10","commitResults":[{"hash":"f7da23047dea85e15ea67b57be6a9919992ff63f","isMergeCommit":false,"messageTitle":"Initialize and implement quit","messageBody":"","fileTypesAndContributionMap":{"functional-code":{"insertions":10,"deletions":1}}},{"hash":"6d87e67f7da1087ac4e36b352008de1803e15a40","isMergeCommit":false,"messageTitle":"Change the starting prints","messageBody":"","fileTypesAndContributionMap":{"functional-code":{"insertions":9,"deletions":7}}},{"hash":"04d0249fce8ab50119cf0cb1190da0a330d7c9dc","isMergeCommit":false,"messageTitle":"Create Input class","messageBody":"Fixes #22\n","fileTypesAndContributionMap":{"functional-code":{"insertions":22,"deletions":7}}},{"hash":"4fffba3cf6fd42d3c60b399bd50f985068477911","isMergeCommit":false,"messageTitle":"Shorten line 17 in main","messageBody":"","fileTypesAndContributionMap":{"functional-code":{"insertions":2,"deletions":1}}},{"hash":"638c97db74be058316ed191d5a389a91503089e2","isMergeCommit":false,"messageTitle":"Add check for if there is next line of input","messageBody":"","fileTypesAndContributionMap":{"functional-code":{"insertions":3,"deletions":1}}},{"hash":"0e5d466cb2687bd3d2521aceabf8d1729c94bad0","isMergeCommit":true,"messageTitle":"Merge pull request #24 from mcmc101001/branch-Ui-Class","messageBody":"Add UI class with simple methods to handle UI functionalities","fileTypesAndContributionMap":{}},{"hash":"503fdcda1131acf16720adc8697374ece53edaed","isMergeCommit":true,"messageTitle":"Merge remote-tracking branch \u0027upstream/master\u0027 into initialisation_and_exit","messageBody":"# Conflicts:\n#\tsrc/main/java/cashleh/CashLeh.java\n#\tsrc/main/java/cashleh/Input.java\n","fileTypesAndContributionMap":{}},{"hash":"fd51ee65ba035a1ffd51a50bcc20dce14737fe80","isMergeCommit":false,"messageTitle":"Add some javadoc for Input class and use ui class to print everything","messageBody":"","fileTypesAndContributionMap":{"functional-code":{"insertions":9,"deletions":2}}},{"hash":"75a0f86038ee8bc5f38140bff6b2f96e4d2495ce","isMergeCommit":false,"messageTitle":"Edit test files","messageBody":"","fileTypesAndContributionMap":{"functional-code":{"insertions":1,"deletions":1}}}]},{"date":"2023-10-17","commitResults":[{"hash":"ae83d3dcd4e83200e053cded8b1c0ecd243475ba","isMergeCommit":true,"messageTitle":"Merge branch \u0027master\u0027 of https://github.com/AY2324S1-CS2113-W12-2/tp","messageBody":"","fileTypesAndContributionMap":{}},{"hash":"1d7dbaebcbc1d0fbd8b73f0947f2bea0040d9578","isMergeCommit":false,"messageTitle":"Add JUnit Tests for Parser","messageBody":"","fileTypesAndContributionMap":{"functional-code":{"insertions":4,"deletions":0},"test-code":{"insertions":79,"deletions":0}}}]},{"date":"2023-10-23","commitResults":[{"hash":"a8d5998d56a3bb32ce609d8cd794a1d8b90fa77d","isMergeCommit":true,"messageTitle":"Merge pull request #46 from danielpappa/level-2-FinancialStatement","messageBody":"Level 2 financial statement and budget","fileTypesAndContributionMap":{}},{"hash":"dc34985320982b29e14daf85c679fe7db0328386","isMergeCommit":false,"messageTitle":"Add categories","messageBody":"","fileTypesAndContributionMap":{"functional-code":{"insertions":114,"deletions":5}}},{"hash":"302c56df68b13ed3a2b97fec54e8bbe86d2e301d","isMergeCommit":false,"messageTitle":"Add categories and modify Income and Expense class","messageBody":"","fileTypesAndContributionMap":{"functional-code":{"insertions":29,"deletions":0}}},{"hash":"6014ebad798b570a93dd87636118893e627dc68e","isMergeCommit":false,"messageTitle":"Add Javadoc for ExpenseStatement IncomeStatement","messageBody":"","fileTypesAndContributionMap":{"functional-code":{"insertions":42,"deletions":1}}},{"hash":"a8c088d33aeb9be40aff688cef0a970d49d37a8f","isMergeCommit":false,"messageTitle":"Modify FinancialStatement and method name","messageBody":"","fileTypesAndContributionMap":{"functional-code":{"insertions":7,"deletions":7},"test-code":{"insertions":4,"deletions":5}}},{"hash":"71c85f5366e8b6f5e412fdccae3a36bf5dc53e63","isMergeCommit":false,"messageTitle":"Print seperator line after every log output","messageBody":"","fileTypesAndContributionMap":{"functional-code":{"insertions":15,"deletions":1}}},{"hash":"9c6de6ca8acbac1ebb2b75ec1d82c262fc6eb156","isMergeCommit":false,"messageTitle":"Add Parser for IncomeCategory and Expense Category","messageBody":"","fileTypesAndContributionMap":{"functional-code":{"insertions":118,"deletions":18}}},{"hash":"7a2b24f05614dba4b4238c47910061831a4df80b","isMergeCommit":false,"messageTitle":"Fix Gradle formatting errors","messageBody":"","fileTypesAndContributionMap":{"functional-code":{"insertions":6,"deletions":5}}},{"hash":"2166d33b058e6fdf9eac9c9f666af0ebe09cff7a","isMergeCommit":false,"messageTitle":"Remove extra separator line","messageBody":"","fileTypesAndContributionMap":{"functional-code":{"insertions":3,"deletions":12}}},{"hash":"a7267b33c4e0458a27a797a238c06da6f4800d95","isMergeCommit":false,"messageTitle":"Add Javadoc for ExpenseCatParser and IncomeCatParser","messageBody":"","fileTypesAndContributionMap":{"functional-code":{"insertions":10,"deletions":0}}},{"hash":"1a30c8d649176b3ab9b42aa9566444a5ac51a9dc","isMergeCommit":false,"messageTitle":"Fix errors in Gradle","messageBody":"","fileTypesAndContributionMap":{"functional-code":{"insertions":0,"deletions":4}}},{"hash":"9b5a839c1b09e3bf8d698af7a09df16e2cbbcecf","isMergeCommit":false,"messageTitle":"Fix code for PR review","messageBody":"","fileTypesAndContributionMap":{"functional-code":{"insertions":2,"deletions":3}}}]}],"danielpappa":[{"date":"2023-10-04","commitResults":[{"hash":"6a88a35d1e499a86502311ce617b3d273dcc48f0","isMergeCommit":false,"messageTitle":"Update name in first line","messageBody":"","fileTypesAndContributionMap":{"docs":{"insertions":7,"deletions":7}}},{"hash":"f7b2b1acc55cdbeeb912672b5302a2cf4cee27b5","isMergeCommit":true,"messageTitle":"Merge branch \u0027master\u0027 of https://github.com/AY2324S1-CS2113-W12-2/tp","messageBody":"# Conflicts:\n#\tdocs/AboutUs.md\n","fileTypesAndContributionMap":{}},{"hash":"c4a9e0a615eb0fb6cc4694b04fb50e7f95f42ca8","isMergeCommit":true,"messageTitle":"Merge branch \u0027master\u0027 of https://github.com/AY2324S1-CS2113-W12-2/tp","messageBody":"# Conflicts:\n#\tdocs/AboutUs.md\n","fileTypesAndContributionMap":{}},{"hash":"f6577bec4bf20fbbb68bca3b6a6f499b46ad59ab","isMergeCommit":true,"messageTitle":"Merge pull request #20 from BenedictChannn/master","messageBody":"Add name to AboutUs.md","fileTypesAndContributionMap":{}},{"hash":"fc7b489e76f9b9d817a5d16c99642e4636727f93","isMergeCommit":true,"messageTitle":"Merge branch \u0027master\u0027 of https://github.com/AY2324S1-CS2113-W12-2/tp","messageBody":"","fileTypesAndContributionMap":{}}]},{"date":"2023-10-09","commitResults":[{"hash":"4fd7937372050ab7ff3596f79b26cad7b7d53544","isMergeCommit":true,"messageTitle":"Merge branch \u0027master\u0027 of https://github.com/AY2324S1-CS2113-W12-2/tp","messageBody":"","fileTypesAndContributionMap":{}},{"hash":"223df0aaf53c99b427d96f0976496c4cb88987e3","isMergeCommit":false,"messageTitle":"Rename main class into CashLeh and remove previous content","messageBody":"","fileTypesAndContributionMap":{"functional-code":{"insertions":12,"deletions":21},"test-code":{"insertions":0,"deletions":12}}},{"hash":"93072c4de558ecd02adb511e630e57cf1bc1723f","isMergeCommit":false,"messageTitle":"Create class Income and IncomeStatement","messageBody":"","fileTypesAndContributionMap":{"functional-code":{"insertions":81,"deletions":0},"test-code":{"insertions":12,"deletions":0}}},{"hash":"644bb97ee4809fec84ba24c2e6073e0988eb5a6a","isMergeCommit":false,"messageTitle":"Create class Command","messageBody":"","fileTypesAndContributionMap":{"functional-code":{"insertions":25,"deletions":0}}},{"hash":"d5070be237065862b655a113d2baf790e7c090d4","isMergeCommit":false,"messageTitle":"Create classes AddIncome, DeleteIncome and ViewIncome","messageBody":"","fileTypesAndContributionMap":{"functional-code":{"insertions":47,"deletions":0}}}]},{"date":"2023-10-10","commitResults":[{"hash":"81ac2823b911e1d6829a287d6a2b0251ef5edcec","isMergeCommit":false,"messageTitle":"Update developer guide to contain info related to income","messageBody":"","fileTypesAndContributionMap":{"docs":{"insertions":42,"deletions":13}}},{"hash":"f11e9c051add403df3307911977c89a969b2969d","isMergeCommit":false,"messageTitle":"Update viewIncomes to follow user guide","messageBody":"","fileTypesAndContributionMap":{"functional-code":{"insertions":28,"deletions":13}}},{"hash":"5402f7f13ea448115f2a595844905666b555e5e2","isMergeCommit":false,"messageTitle":"Add tab before toString() method","messageBody":"","fileTypesAndContributionMap":{"functional-code":{"insertions":3,"deletions":3}}},{"hash":"30ba3c34fb93c9b2b374634423f88e497812bde2","isMergeCommit":false,"messageTitle":"Create basic JUnit tests for Income and IncomeStatement","messageBody":"","fileTypesAndContributionMap":{"test-code":{"insertions":62,"deletions":0}}},{"hash":"c6b31773a8dc3d5ab25e6314353e999d144daacd","isMergeCommit":true,"messageTitle":"Merge branch \u0027master\u0027 of https://github.com/AY2324S1-CS2113-W12-2/tp into level-1-income","messageBody":"# Conflicts:\n#\tsrc/main/java/cashleh/CashLeh.java\n#\tsrc/test/java/cashleh/CashLehTest.java\n#\tsrc/test/java/seedu/cashleh/CashLehTest.java\n#\tsrc/test/java/seedu/duke/DukeTest.java\n","fileTypesAndContributionMap":{}},{"hash":"3c17c38bb27dacdf333984d875b7bb4234f44bfc","isMergeCommit":true,"messageTitle":"Merge pull request #23 from Xuan127/initialisation_and_exit","messageBody":"Initialisation and exit","fileTypesAndContributionMap":{}},{"hash":"cb2f447d0cacfbaac75c7e5e15ef24a761c5e002","isMergeCommit":true,"messageTitle":"Merge branch \u0027master\u0027 of https://github.com/AY2324S1-CS2113-W12-2/tp into level-1-income","messageBody":"","fileTypesAndContributionMap":{}},{"hash":"00b0a13593f0ba617f1a5a647a6941bd8f0c13e2","isMergeCommit":false,"messageTitle":"Improve coding standard to pass tests to merge on Github","messageBody":"","fileTypesAndContributionMap":{"functional-code":{"insertions":0,"deletions":2},"test-code":{"insertions":5,"deletions":8}}},{"hash":"355347d9e4c6e1235ee19d774f35331c88befb4b","isMergeCommit":false,"messageTitle":"Fix coding standard violation","messageBody":"","fileTypesAndContributionMap":{"test-code":{"insertions":2,"deletions":2}}}]},{"date":"2023-10-15","commitResults":[{"hash":"bb6a4ee43a4511e0a82c6580a455a303e88eb34b","isMergeCommit":true,"messageTitle":"Merge branch \u0027master\u0027 of https://github.com/AY2324S1-CS2113-W12-2/tp into level-1-income","messageBody":"","fileTypesAndContributionMap":{}},{"hash":"2417b766d55c163b18dc6d6bacd8ab0d6cc652ed","isMergeCommit":true,"messageTitle":"Merge branch \u0027level-1-income\u0027","messageBody":"","fileTypesAndContributionMap":{}},{"hash":"a64b717ac89be3f2ba0ac14166f0b2057eddf2ce","isMergeCommit":false,"messageTitle":"Change income amount type from int to double","messageBody":"","fileTypesAndContributionMap":{"functional-code":{"insertions":7,"deletions":5}}},{"hash":"00610bc992278706dbbbdfc5dc11a9e092821c12","isMergeCommit":false,"messageTitle":"Add exceptions and asserts in AddIncome and DeleteIncome","messageBody":"","fileTypesAndContributionMap":{"functional-code":{"insertions":26,"deletions":4}}},{"hash":"538d2519de635e672d72ecfa21834e4dcd818b8c","isMergeCommit":false,"messageTitle":"Add protected Command Logger to Command class","messageBody":"","fileTypesAndContributionMap":{"functional-code":{"insertions":3,"deletions":0}}},{"hash":"46f3353680e9a8689f83eec3b26771de8cd790b7","isMergeCommit":false,"messageTitle":"Start logging successfully performed actions like added incomes, deleted incomes, viewed income statements and errors","messageBody":"","fileTypesAndContributionMap":{"functional-code":{"insertions":11,"deletions":0}}},{"hash":"9475372118727b29a7569baf8c7ad5f7de8f3146","isMergeCommit":true,"messageTitle":"Merge branch \u0027level-1-A-Logging\u0027 into level-1-A-MoreDefensiveCode","messageBody":"","fileTypesAndContributionMap":{}},{"hash":"58ac22bc96bf5472bb9a923fee8225b91893bdad","isMergeCommit":false,"messageTitle":"Update tests to account for change from amount type","messageBody":"","fileTypesAndContributionMap":{"functional-code":{"insertions":1,"deletions":1},"test-code":{"insertions":3,"deletions":3}}},{"hash":"feed99a0507bbb39c59fcd4dbc39e878ec83c71f","isMergeCommit":true,"messageTitle":"Merge branch \u0027level-1-A-Logging\u0027 into level-1-A-MoreDefensiveCode","messageBody":"","fileTypesAndContributionMap":{}},{"hash":"121587a03a2648abcbea120de9047611a461ca85","isMergeCommit":false,"messageTitle":"Adapt code to follow coding standard and pass checks","messageBody":"","fileTypesAndContributionMap":{"functional-code":{"insertions":3,"deletions":4},"test-code":{"insertions":2,"deletions":5}}}]},{"date":"2023-10-17","commitResults":[{"hash":"efc815df66d285bdcb4600558dda0c006b85a3d8","isMergeCommit":false,"messageTitle":"Add assertion to income","messageBody":"","fileTypesAndContributionMap":{"functional-code":{"insertions":4,"deletions":4},"other":{"insertions":0,"deletions":0}}},{"hash":"d0887fddfc277f95e1bf8f4bb87e21dbb42207d3","isMergeCommit":false,"messageTitle":"Add test for getDate of income","messageBody":"","fileTypesAndContributionMap":{"test-code":{"insertions":9,"deletions":0}}},{"hash":"c33935a75f1b24a9e2248ac348170a858c09bf8e","isMergeCommit":false,"messageTitle":"Add CashLehException handling","messageBody":"","fileTypesAndContributionMap":{"functional-code":{"insertions":22,"deletions":22}}},{"hash":"9cc0f44af4061e6b7be01f380f42ec13503d3e6c","isMergeCommit":true,"messageTitle":"Merge branch \u0027master\u0027 of https://github.com/AY2324S1-CS2113-W12-2/tp into level-1-A-MoreDefensiveCode","messageBody":"# Conflicts:\n#\tsrc/main/java/cashleh/CashLehException.java\n#\tsrc/main/java/cashleh/Income.java\n#\tsrc/main/java/cashleh/commands/AddExpense.java\n#\tsrc/main/java/cashleh/commands/AddIncome.java\n#\tsrc/main/java/cashleh/commands/Command.java\n#\tsrc/main/java/cashleh/commands/DeleteExpense.java\n#\tsrc/main/java/cashleh/commands/DeleteIncome.java\n#\tsrc/main/java/cashleh/commands/ViewIncomes.java\n#\tsrc/main/java/cashleh/exception/CashLehException.java\n#\tsrc/main/java/exceptions/CashLehException.java\n#\tsrc/test/java/cashleh/IncomeStatementTest.java\n#\tsrc/test/java/cashleh/IncomeTest.java\n#\tsrc/test/java/cashleh/UiTest.java\n","fileTypesAndContributionMap":{}},{"hash":"762c2f9a0216c2567c8c285279f1de7ce57d6300","isMergeCommit":true,"messageTitle":"Merge branch \u0027master\u0027 of https://github.com/AY2324S1-CS2113-W12-2/tp into level-1-A-MoreDefensiveCode","messageBody":"# Conflicts:\n#\tsrc/main/java/cashleh/CashLeh.java\n#\tsrc/main/java/cashleh/Income.java\n#\tsrc/main/java/cashleh/Parser.java\n#\tsrc/main/java/cashleh/commands/AddIncome.java\n#\tsrc/main/java/cashleh/commands/Command.java\n#\tsrc/main/java/cashleh/commands/DeleteExpense.java\n#\tsrc/main/java/cashleh/commands/DeleteIncome.java\n#\tsrc/main/java/cashleh/commands/ViewIncomes.java\n#\tsrc/main/java/cashleh/transaction/ExpenseStatement.java\n#\tsrc/main/java/cashleh/transaction/IncomeStatement.java\n","fileTypesAndContributionMap":{}},{"hash":"8cd43ef34e978ccd466f0b832698b080085b9b8e","isMergeCommit":false,"messageTitle":"Add logging and asserts for income and expense related methods","messageBody":"","fileTypesAndContributionMap":{"functional-code":{"insertions":54,"deletions":108}}},{"hash":"efc95b6a614735302eefff7662718767fae032d4","isMergeCommit":false,"messageTitle":"Fix expected output for text ui testing","messageBody":"","fileTypesAndContributionMap":{"functional-code":{"insertions":2,"deletions":2}}},{"hash":"660a9b4e42781d47bbfc180f154cf5097093202c","isMergeCommit":true,"messageTitle":"Merge branch \u0027master\u0027 of https://github.com/AY2324S1-CS2113-W12-2/tp into level-1-A-MoreDefensiveCode","messageBody":"# Conflicts:\n#\tsrc/test/java/cashleh/IncomeStatementTest.java\n","fileTypesAndContributionMap":{}}]},{"date":"2023-10-18","commitResults":[{"hash":"ec94d527619ccd1d23b93a488641fb6e04c177f1","isMergeCommit":false,"messageTitle":"Fix code according to review","messageBody":"","fileTypesAndContributionMap":{"functional-code":{"insertions":0,"deletions":10},"test-code":{"insertions":4,"deletions":4}}},{"hash":"a0724b9bd773ce49f2baa297185a0be1a54e7e5e","isMergeCommit":false,"messageTitle":"Enable Assertions","messageBody":"","fileTypesAndContributionMap":{"other":{"insertions":1,"deletions":0}}},{"hash":"e104ad1f71da61f0fe282921de79fbd2a251eb74","isMergeCommit":true,"messageTitle":"Merge pull request #44 from mcmc101001/branch-Date","messageBody":"Branch date","fileTypesAndContributionMap":{}}]},{"date":"2023-10-19","commitResults":[{"hash":"ad7d4a02a3baed581ff3b3dcaf7b4ebeb7beafef","isMergeCommit":true,"messageTitle":"Merge branch \u0027master\u0027 of https://github.com/AY2324S1-CS2113-W12-2/tp into level-1-A-MoreDefensiveCode","messageBody":"","fileTypesAndContributionMap":{}},{"hash":"b39b60ca14f42717322e7ac26d3f521c3677ec89","isMergeCommit":true,"messageTitle":"Merge branch \u0027level-1-A-MoreDefensiveCode\u0027","messageBody":"","fileTypesAndContributionMap":{}}]},{"date":"2023-10-20","commitResults":[{"hash":"fdb204e06fddca0609d51e762c490dc05f8a88d1","isMergeCommit":false,"messageTitle":"Create class for FinancialStatement","messageBody":"","fileTypesAndContributionMap":{"functional-code":{"insertions":97,"deletions":2},"test-code":{"insertions":1,"deletions":0}}},{"hash":"b37381924e7fc339bc9361e3761cd25da4fc639d","isMergeCommit":false,"messageTitle":"Create class for viewing the financial statement summary","messageBody":"","fileTypesAndContributionMap":{"functional-code":{"insertions":37,"deletions":5}}},{"hash":"96a2ee87a839774d601f5b5af29e7ba0ae7346a6","isMergeCommit":false,"messageTitle":"Add class Budget","messageBody":"","fileTypesAndContributionMap":{"functional-code":{"insertions":29,"deletions":0}}},{"hash":"e21520739db6f1d952968697e17ecad2bbe5b335","isMergeCommit":false,"messageTitle":"Add class BudgetHandler","messageBody":"","fileTypesAndContributionMap":{"functional-code":{"insertions":92,"deletions":0}}},{"hash":"9f1e84693fe9bb9195c9874e8e225ede1fbc7dac","isMergeCommit":false,"messageTitle":"Add class Progress for budget tracking","messageBody":"","fileTypesAndContributionMap":{"functional-code":{"insertions":73,"deletions":0}}},{"hash":"53ef841e0871e870c4b1d09b369fa1aa1b489c1b","isMergeCommit":false,"messageTitle":"Add command classes for updating, deleting and viewing budgets","messageBody":"","fileTypesAndContributionMap":{"functional-code":{"insertions":112,"deletions":0}}},{"hash":"c689b8b1003297e096941ee84e03c90e9d36b531","isMergeCommit":false,"messageTitle":"Create class for exceptions related to budgeting","messageBody":"","fileTypesAndContributionMap":{"functional-code":{"insertions":13,"deletions":0}}},{"hash":"7d46f7b3441913db0a528d75120c90606de0f1d7","isMergeCommit":false,"messageTitle":"Modify parser to implement commands related to budgeting","messageBody":"","fileTypesAndContributionMap":{"functional-code":{"insertions":49,"deletions":16},"test-code":{"insertions":9,"deletions":3}}},{"hash":"692731f42a3df3b2e4f2df11e5349b2311468015","isMergeCommit":false,"messageTitle":"Modify financial statement method to obtain cash on hand","messageBody":"","fileTypesAndContributionMap":{"functional-code":{"insertions":2,"deletions":11}}},{"hash":"faa4d2197086a79ebac1361caf9984af26bfcbb6","isMergeCommit":false,"messageTitle":"Add JUnit testing for budgeting related classes","messageBody":"","fileTypesAndContributionMap":{"test-code":{"insertions":133,"deletions":0}}},{"hash":"33952c81cb72542f348abf19c64022bea784d4a0","isMergeCommit":true,"messageTitle":"Merge branch \u0027level-2-Budget\u0027 into level-2-FinancialStatement","messageBody":"","fileTypesAndContributionMap":{}},{"hash":"e1859a8f7032a19f8d7bc29d449003cb7d5d9982","isMergeCommit":false,"messageTitle":"Add question for budget at initialisation","messageBody":"","fileTypesAndContributionMap":{"functional-code":{"insertions":4,"deletions":1}}}]},{"date":"2023-10-21","commitResults":[{"hash":"ce1d834e16e66f0ab696761fba2053f06134525f","isMergeCommit":false,"messageTitle":"Update code after Github review","messageBody":"","fileTypesAndContributionMap":{"functional-code":{"insertions":3,"deletions":2}}}]},{"date":"2023-10-22","commitResults":[{"hash":"490af57600de3e1313d7bfa496bee5e11494b8c8","isMergeCommit":false,"messageTitle":"Add exception when budget is zero","messageBody":"","fileTypesAndContributionMap":{"functional-code":{"insertions":5,"deletions":2},"test-code":{"insertions":5,"deletions":4}}},{"hash":"9b28ea77eb35d533c7e1b58200f4c15bc4375e5a","isMergeCommit":false,"messageTitle":"Fix coding standard check","messageBody":"","fileTypesAndContributionMap":{"functional-code":{"insertions":2,"deletions":2}}}]},{"date":"2023-10-23","commitResults":[{"hash":"15ecd7f037123e216aec2a74bed25cf8f255f882","isMergeCommit":false,"messageTitle":"Update progress class constructor and make code more intuitive","messageBody":"","fileTypesAndContributionMap":{"functional-code":{"insertions":11,"deletions":20},"test-code":{"insertions":7,"deletions":7}}},{"hash":"3931d5abb723b6cd195346738056ac5e55b5a6a8","isMergeCommit":false,"messageTitle":"Set initial budget to not active","messageBody":"","fileTypesAndContributionMap":{"functional-code":{"insertions":4,"deletions":2}}},{"hash":"ac32a4695da7816592e5ba7c7a6f4dc4896df2a6","isMergeCommit":false,"messageTitle":"Update UG to account for budget and fs","messageBody":"","fileTypesAndContributionMap":{"docs":{"insertions":48,"deletions":7}}},{"hash":"20e03ef609551b5c6ec5a33a5cbba487a047f0fa","isMergeCommit":false,"messageTitle":"Update DG","messageBody":"","fileTypesAndContributionMap":{"docs":{"insertions":29,"deletions":12}}},{"hash":"61ec83ea523c4c37fe5be85248a498d20b9a65bc","isMergeCommit":true,"messageTitle":"Merge branch \u0027level-2-FinancialStatement\u0027","messageBody":"","fileTypesAndContributionMap":{}},{"hash":"b54bce3df7061cb8705692abefb6a9fd28199fe9","isMergeCommit":true,"messageTitle":"Merge branch \u0027master\u0027 of https://github.com/AY2324S1-CS2113-W12-2/tp; branch \u0027master\u0027 of https://github.com/danielpappa/tp","messageBody":"","fileTypesAndContributionMap":{}},{"hash":"54f2af3a071fb631b998417cea77bb7fecea25f0","isMergeCommit":false,"messageTitle":"Fix checks and tests","messageBody":"","fileTypesAndContributionMap":{"docs":{"insertions":4,"deletions":0},"test-code":{"insertions":7,"deletions":5}}}]},{"date":"2023-10-24","commitResults":[{"hash":"98d5f66e501fd173befb5a29648ccd3c77f44c6b","isMergeCommit":false,"messageTitle":"Add attempt to draw Budget class diagram","messageBody":"","fileTypesAndContributionMap":{"functional-code":{"insertions":36,"deletions":0},"docs":{"insertions":2,"deletions":0}}}]}],"mcmc101001":[{"date":"2023-10-04","commitResults":[{"hash":"61869c053985866bf98597995197cda3794dc725","isMergeCommit":false,"messageTitle":"Add name to AboutUs.md","messageBody":"","fileTypesAndContributionMap":{"functional-code":{"insertions":2,"deletions":1},"docs":{"insertions":7,"deletions":7}}},{"hash":"d8d872f9c15f68fceacb5c74b8a125b257af5d8e","isMergeCommit":true,"messageTitle":"Merge pull request #18 from Xuan127/master","messageBody":"Edit about us","fileTypesAndContributionMap":{}}]},{"date":"2023-10-05","commitResults":[{"hash":"003780bb06ecac8bee2c18e8948d8d7f66655599","isMergeCommit":true,"messageTitle":"Merge pull request #19 from WooKaiNing/master","messageBody":"Add name to AboutUs.md","fileTypesAndContributionMap":{}}]},{"date":"2023-10-10","commitResults":[{"hash":"32561088218b1f32a1c2dff4d020eb7a69145939","isMergeCommit":false,"messageTitle":"Add UI class with simple methods to handle UI functionalities","messageBody":"","fileTypesAndContributionMap":{"functional-code":{"insertions":43,"deletions":0},"other":{"insertions":14,"deletions":8}}},{"hash":"4a9061355d66bbb8a7252994ccd2ffa15dbc60ce","isMergeCommit":false,"messageTitle":"Fix gradle build to use cashLeh class instead","messageBody":"","fileTypesAndContributionMap":{"other":{"insertions":2,"deletions":2}}},{"hash":"953c018e11fc0d7ccbe37a9b5c9847a34c736d74","isMergeCommit":false,"messageTitle":"Fix IO redirection test by copying the file directly instead of file contents","messageBody":"","fileTypesAndContributionMap":{"other":{"insertions":0,"deletions":0}}}]},{"date":"2023-10-11","commitResults":[{"hash":"44cfd1c52c16958480387db801aaa24d2dc9cb65","isMergeCommit":false,"messageTitle":"Refactored usage of UI class in CashLeh file","messageBody":"","fileTypesAndContributionMap":{"functional-code":{"insertions":4,"deletions":4}}},{"hash":"3391e17127b0a84ccf07c59a2a612e20f40de233","isMergeCommit":false,"messageTitle":"Added tests for all methods in Ui class","messageBody":"","fileTypesAndContributionMap":{"test-code":{"insertions":55,"deletions":0}}},{"hash":"0356475a61c174cb0479f1dc7fabd1fefb6c6d98","isMergeCommit":false,"messageTitle":"Split line into two to pass style check","messageBody":"","fileTypesAndContributionMap":{"functional-code":{"insertions":2,"deletions":1}}}]},{"date":"2023-10-16","commitResults":[{"hash":"b2bf111987c1234fc27cce4ebd77e23c00797d17","isMergeCommit":true,"messageTitle":"Merge pull request #30 from BenedictChannn/master","messageBody":"Parser","fileTypesAndContributionMap":{}}]},{"date":"2023-10-17","commitResults":[{"hash":"8c0f0e9ee015ec3c70ac4436df3d121f88698cc3","isMergeCommit":false,"messageTitle":"Refactor code to adhere to best practices","messageBody":"","fileTypesAndContributionMap":{"functional-code":{"insertions":2,"deletions":0},"other":{"insertions":2,"deletions":0}}},{"hash":"cffcffa1f6b4d33266c533835239d2907bf085ea","isMergeCommit":false,"messageTitle":"Commit rest of the files","messageBody":"","fileTypesAndContributionMap":{"functional-code":{"insertions":119,"deletions":124},"test-code":{"insertions":3,"deletions":0}}}]},{"date":"2023-10-18","commitResults":[{"hash":"4735706e346d93a24e3347f9008c0f63a5500a64","isMergeCommit":false,"messageTitle":"Refactor parser to have a dynamic StringTokenizer, as well as added Date support for Transaction classes","messageBody":"","fileTypesAndContributionMap":{"functional-code":{"insertions":35,"deletions":0},"other":{"insertions":15,"deletions":9},"test-code":{"insertions":93,"deletions":0}}},{"hash":"9914b59896b9a1bb4d7d3d080b02da5ae8253738","isMergeCommit":false,"messageTitle":"Rest of the commits","messageBody":"","fileTypesAndContributionMap":{"functional-code":{"insertions":189,"deletions":45},"test-code":{"insertions":55,"deletions":19}}},{"hash":"e5e5260cc04fe38046a56e67642c139b6c20d87a","isMergeCommit":true,"messageTitle":"Merged master","messageBody":"","fileTypesAndContributionMap":{}},{"hash":"85f73c9587e1a61366f6cb9472c1406c9af5b207","isMergeCommit":false,"messageTitle":"Merged master","messageBody":"","fileTypesAndContributionMap":{"functional-code":{"insertions":7,"deletions":12},"test-code":{"insertions":6,"deletions":27}}}]},{"date":"2023-10-23","commitResults":[{"hash":"fce795ecc97b60daaa3fe4b248ec02aa3739315d","isMergeCommit":true,"messageTitle":"Merge pull request #47 from Xuan127/V2.0","messageBody":"V2.0","fileTypesAndContributionMap":{}}]},{"date":"2023-10-24","commitResults":[{"hash":"7b4719957ab9f28013b72a6a06112a4c801b6a01","isMergeCommit":true,"messageTitle":"Merge pull request #48 from danielpappa/UG-and-DG","messageBody":"Ug and dg","fileTypesAndContributionMap":{}}]}],"BenedictChannn":[{"date":"2023-10-04","commitResults":[{"hash":"28702ad39c722d65b80ef3cc2bf1852698f28448","isMergeCommit":false,"messageTitle":"Change name","messageBody":"","fileTypesAndContributionMap":{"docs":{"insertions":7,"deletions":7}}},{"hash":"3239ce5a111657f65513453e9751b5b9ad214506","isMergeCommit":true,"messageTitle":"Merge pull request #17 from mcmc101001/master","messageBody":"Add name to AboutUs.md","fileTypesAndContributionMap":{}},{"hash":"ca11a15a456788acfe148123ffe811c635e06e57","isMergeCommit":true,"messageTitle":"Merge branch \u0027master\u0027 of https://github.com/AY2324S1-CS2113-W12-2/tp","messageBody":"# Conflicts:\n#\tdocs/AboutUs.md\n","fileTypesAndContributionMap":{}}]},{"date":"2023-10-11","commitResults":[{"hash":"1776d7b39b5fb4032c40a9d757b64af87c78e495","isMergeCommit":true,"messageTitle":"Merge pull request #26 from mcmc101001/branch-Refactor-UI-usage","messageBody":"Branch refactor UI usage","fileTypesAndContributionMap":{}},{"hash":"d8b4f5d5c024e94ee7edb1d1222b7751dc19e420","isMergeCommit":true,"messageTitle":"Merge pull request #27 from mcmc101001/branch-Ui-Test","messageBody":"Added tests for all methods in Ui class","fileTypesAndContributionMap":{}}]},{"date":"2023-10-14","commitResults":[{"hash":"26705285d35a10f3b161980f3ab0f8a8e1e0aaa3","isMergeCommit":true,"messageTitle":"Merge pull request #28 from WooKaiNing/Expense","messageBody":"Create Expense class and methods","fileTypesAndContributionMap":{}},{"hash":"609d0a66ee49bc7a98bb3a1ad101bf63373c7fee","isMergeCommit":false,"messageTitle":"Create Parser class","messageBody":"","fileTypesAndContributionMap":{"functional-code":{"insertions":36,"deletions":0}}},{"hash":"ea802cf9af4319d2a0be1d84cef3ffb969a25609","isMergeCommit":false,"messageTitle":"Add Exit command","messageBody":"","fileTypesAndContributionMap":{"functional-code":{"insertions":12,"deletions":0}}},{"hash":"8d7ddb7c6f8b554364c9a3dbc98d2a6aa108e85b","isMergeCommit":false,"messageTitle":"Refactor cashleh class to work with parser to exit program","messageBody":"","fileTypesAndContributionMap":{"functional-code":{"insertions":24,"deletions":22}}},{"hash":"cf9deb5e969bcff27696e3cc1b3979f3764e333f","isMergeCommit":false,"messageTitle":"Refactor code to handle unrecognised commands","messageBody":"","fileTypesAndContributionMap":{"functional-code":{"insertions":8,"deletions":4}}}]},{"date":"2023-10-15","commitResults":[{"hash":"b2fbc3a3fcb1744a45aff80b7cb316614b54b8b9","isMergeCommit":false,"messageTitle":"Add Exceptions for error handling","messageBody":"","fileTypesAndContributionMap":{"functional-code":{"insertions":24,"deletions":0},"other":{"insertions":1,"deletions":1}}},{"hash":"96c4e9c84a0b94cb8625ae0c0525074b48fa30da","isMergeCommit":false,"messageTitle":"Add parsing logic for adding, deleting and viewing expenses","messageBody":"","fileTypesAndContributionMap":{"functional-code":{"insertions":170,"deletions":88}}},{"hash":"700d3a48a6fbbfe28df6716731c60f3b25eecb6f","isMergeCommit":true,"messageTitle":"Merge pull request #1 from BenedictChannn/branch-Parser-Expenses","messageBody":"Branch parser for expenses","fileTypesAndContributionMap":{}},{"hash":"b5d182640b8b8ff7b7388e87d4b5d0ec1a5538b1","isMergeCommit":false,"messageTitle":"Refactor income and incomestatement class","messageBody":"","fileTypesAndContributionMap":{"functional-code":{"insertions":60,"deletions":41},"test-code":{"insertions":20,"deletions":22}}},{"hash":"b286d2668b3010fa34cf266a48f974f1fc4db1c4","isMergeCommit":false,"messageTitle":"Clean up code for expenses","messageBody":"","fileTypesAndContributionMap":{"functional-code":{"insertions":2,"deletions":4}}},{"hash":"1eab23f73c6f3600c8b390db844dbe7eb2e1bf06","isMergeCommit":false,"messageTitle":"Add parsing logic for adding, deleting and viewing incomes","messageBody":"","fileTypesAndContributionMap":{"functional-code":{"insertions":72,"deletions":36}}},{"hash":"1f9207cd2fe9977802714c893253fd451129c2e7","isMergeCommit":false,"messageTitle":"Fix Checkstyle issues","messageBody":"","fileTypesAndContributionMap":{"functional-code":{"insertions":46,"deletions":92},"other":{"insertions":6,"deletions":5},"test-code":{"insertions":5,"deletions":24}}},{"hash":"9937e290a2bab0e926afe98ada914ec1c839570c","isMergeCommit":false,"messageTitle":"Fix Checkstyle issues for UiTest","messageBody":"","fileTypesAndContributionMap":{"test-code":{"insertions":2,"deletions":4}}}]},{"date":"2023-10-17","commitResults":[{"hash":"8f6f0157b0a5cea0e5a3c7b8f837869dbfba1ad2","isMergeCommit":true,"messageTitle":"Merge pull request #34 from Xuan127/V1.0_tweaks","messageBody":"V1.0 tweaks","tags":["v1.0"],"fileTypesAndContributionMap":{}}]},{"date":"2023-10-18","commitResults":[{"hash":"8725031782574305cbeba83f9910d98f4e4ef4b9","isMergeCommit":true,"messageTitle":"Merge pull request #31 from danielpappa/level-1-A-MoreDefensiveCode","messageBody":"Level 1 a more defensive code","fileTypesAndContributionMap":{}}]},{"date":"2023-10-24","commitResults":[{"hash":"bec296d57ee1eb5fbb534dd91d6d4f13168c2d92","isMergeCommit":false,"messageTitle":"Fix updateBudget command to handle case where amount is not given","messageBody":"","fileTypesAndContributionMap":{"functional-code":{"insertions":4,"deletions":0}}},{"hash":"82a9f231d3a15c68ce8a7e2b90561637aaf3f5d6","isMergeCommit":false,"messageTitle":"Refactor code for printFinancialStatement to make it more visually appealing","messageBody":"","fileTypesAndContributionMap":{"functional-code":{"insertions":101,"deletions":12}}},{"hash":"97a454df79ea09b90062028fe9e9346cffb620b4","isMergeCommit":true,"messageTitle":"Resolved merge conflicts","messageBody":"","fileTypesAndContributionMap":{}},{"hash":"f1db94144ec341aafbedf9db16656b08d0e877d8","isMergeCommit":false,"messageTitle":"Fix missing date initialization for one of the constructors","messageBody":"","fileTypesAndContributionMap":{"functional-code":{"insertions":1,"deletions":0}}},{"hash":"12dbc6d6c82d0918e0a9af563940edbf6ca33b7f","isMergeCommit":false,"messageTitle":"Refactor code to incorporate category of transaction","messageBody":"","fileTypesAndContributionMap":{"functional-code":{"insertions":24,"deletions":28}}},{"hash":"5e6db1df36dff208c0e65838e490fb73fcc830af","isMergeCommit":false,"messageTitle":"Add exception handling for reading and writing to file","messageBody":"","fileTypesAndContributionMap":{"functional-code":{"insertions":32,"deletions":0}}},{"hash":"31b1ae3d403614b63c471a303bd75fd59218c4d5","isMergeCommit":false,"messageTitle":"Implement file storage","messageBody":"","fileTypesAndContributionMap":{"functional-code":{"insertions":234,"deletions":0}}},{"hash":"396ae54261bbfdf8f67391068d40aa24c36ba49f","isMergeCommit":false,"messageTitle":"Refactor print statements","messageBody":"","fileTypesAndContributionMap":{"functional-code":{"insertions":38,"deletions":23}}},{"hash":"81edf02f5c5dec69f3474811a4d732a78c0126be","isMergeCommit":false,"messageTitle":"Implement file storage in main","messageBody":"","fileTypesAndContributionMap":{"functional-code":{"insertions":22,"deletions":4}}},{"hash":"fe3bca4e1a435d884f309d030d92747a82d3b7e9","isMergeCommit":false,"messageTitle":"Clean up code","messageBody":"","fileTypesAndContributionMap":{"functional-code":{"insertions":32,"deletions":28}}},{"hash":"dacdca3ed868c30dc9f4f8bf5335cd75dc358f52","isMergeCommit":false,"messageTitle":"Fix gradle issue","messageBody":"","fileTypesAndContributionMap":{"functional-code":{"insertions":11,"deletions":13},"test-code":{"insertions":2,"deletions":2}}},{"hash":"8d408c39800f32e0b9b8030cd74ef2d592a5c82a","isMergeCommit":false,"messageTitle":"Fix gradle issue","messageBody":"","fileTypesAndContributionMap":{"functional-code":{"insertions":46,"deletions":45},"test-code":{"insertions":15,"deletions":15}}},{"hash":"4ff29c032d2419711a76bf072f061296e15ffc88","isMergeCommit":true,"messageTitle":"Merge branch \u0027AY2324S1-CS2113-W12-2:master\u0027 into master","messageBody":"","fileTypesAndContributionMap":{}}]}],"WooKaiNing":[{"date":"2023-10-04","commitResults":[{"hash":"f24118be41282d5253e3a73d39895a4712478f84","isMergeCommit":false,"messageTitle":"Add name to AboutUs.md","messageBody":"","fileTypesAndContributionMap":{"docs":{"insertions":5,"deletions":5}}},{"hash":"d86a47d92195137b19bede463d162ea013325a51","isMergeCommit":true,"messageTitle":"Merge branch \u0027master\u0027 of https://github.com/AY2324S1-CS2113-W12-2/tp","messageBody":"","fileTypesAndContributionMap":{}}]},{"date":"2023-10-10","commitResults":[{"hash":"506848c881c64a86d76835d0c1ecd462cecc9964","isMergeCommit":true,"messageTitle":"Merge pull request #25 from danielpappa/level-1-income","messageBody":"Level-1-income","fileTypesAndContributionMap":{}}]},{"date":"2023-10-11","commitResults":[{"hash":"87ac2f33b5f14f0da42edf7db947738c45b6e7fe","isMergeCommit":false,"messageTitle":"Implement Expense class and methods","messageBody":"","fileTypesAndContributionMap":{"functional-code":{"insertions":137,"deletions":2}}},{"hash":"5e2e9187e2782b19b7892253f076718b4df5fc88","isMergeCommit":false,"messageTitle":"Modify Expense class and methods","messageBody":"","fileTypesAndContributionMap":{"functional-code":{"insertions":139,"deletions":65}}},{"hash":"3551ab446bc319f0a00ee5b9143f2466a35ab7d8","isMergeCommit":false,"messageTitle":"Fix Checkstyle issues in code","messageBody":"","fileTypesAndContributionMap":{"functional-code":{"insertions":8,"deletions":6}}}]},{"date":"2023-10-15","commitResults":[{"hash":"cfadea33dbe99a3cfdb852ed77cc272006ccd462","isMergeCommit":false,"messageTitle":"Modify exception handling in Expense classes","messageBody":"","fileTypesAndContributionMap":{"functional-code":{"insertions":10,"deletions":23},"other":{"insertions":11,"deletions":1}}},{"hash":"5e7e6845794f2d51f76f52714999ee7bb426be5f","isMergeCommit":false,"messageTitle":"Add JUnit testing for Expense classes","messageBody":"","fileTypesAndContributionMap":{"test-code":{"insertions":51,"deletions":0}}}]},{"date":"2023-10-16","commitResults":[{"hash":"92f03724130345d696816cef49cb130eea1fbe66","isMergeCommit":false,"messageTitle":"Fix checkstyle errors","messageBody":"","fileTypesAndContributionMap":{"functional-code":{"insertions":5,"deletions":2}}},{"hash":"a1ff13fb7b950f86cb5511b761efc5563af5ad4f","isMergeCommit":false,"messageTitle":"Fix checkstyle errors","messageBody":"","fileTypesAndContributionMap":{"test-code":{"insertions":1,"deletions":1}}}]},{"date":"2023-10-17","commitResults":[{"hash":"cd6ba74a96ba161159416d6cc33bcf4aaa32966a","isMergeCommit":true,"messageTitle":"Merge pull request #33 from mcmc101001/branch-refactor-codebase","messageBody":"Refactor code to adhere to best practices","fileTypesAndContributionMap":{}},{"hash":"0a74a3375b69ac169b22fb272b55e69f69874ad8","isMergeCommit":true,"messageTitle":"Merge branch \u0027master\u0027 into expense","messageBody":"","fileTypesAndContributionMap":{}},{"hash":"6a40cb0c879785886413663f5a54e0bb072bd9c0","isMergeCommit":false,"messageTitle":"Implement JUnit test for ExpenseStatement","messageBody":"","fileTypesAndContributionMap":{"test-code":{"insertions":5,"deletions":22}}},{"hash":"80811f32110bce4e9dcf3921eaf823624c12c8ec","isMergeCommit":false,"messageTitle":"Implement Expense summation and JUnit testing for ExpenseStatement","messageBody":"","fileTypesAndContributionMap":{"functional-code":{"insertions":9,"deletions":51}}},{"hash":"75f85d7c37cff30b768e7c5add75f9ab8b235ce9","isMergeCommit":false,"messageTitle":"Modify JUnit testing","messageBody":"","fileTypesAndContributionMap":{"test-code":{"insertions":3,"deletions":2}}},{"hash":"9c63b91be0929770ed6fbd3f2003bdf92c2dd840","isMergeCommit":false,"messageTitle":"Fix Checkstyle error","messageBody":"","fileTypesAndContributionMap":{"functional-code":{"insertions":1,"deletions":0}}},{"hash":"6d18df68de6db1c2892ee737cda453dc2fa07f76","isMergeCommit":true,"messageTitle":"Merge branch \u0027master\u0027 into Expense","messageBody":"","fileTypesAndContributionMap":{}},{"hash":"63cac5459635a12ae860fd4d18e067bfa67b23c2","isMergeCommit":false,"messageTitle":"Fix Checkstyle error","messageBody":"","fileTypesAndContributionMap":{"functional-code":{"insertions":1,"deletions":1}}}]},{"date":"2023-10-18","commitResults":[{"hash":"ffa4c44a717cde69d54421c1a031edf0a32d072b","isMergeCommit":true,"messageTitle":"Merge branch \u0027master\u0027 into Expense","messageBody":"","fileTypesAndContributionMap":{}},{"hash":"6eb1ba205a27b7020769491817ac2a436fd9fa6d","isMergeCommit":true,"messageTitle":"Merge branch \u0027Expense\u0027 of https://github.com/WooKaiNing/tp into Expense","messageBody":"","fileTypesAndContributionMap":{}}]},{"date":"2023-10-19","commitResults":[{"hash":"cacad1c4a0d11d3964de035f1a078113d8793c08","isMergeCommit":true,"messageTitle":"Merge branch \u0027master\u0027 into Expense","messageBody":"","fileTypesAndContributionMap":{}},{"hash":"d0ae7d7228ff75be0c91a940493718cf30befe4c","isMergeCommit":false,"messageTitle":"Add JavaDoc to classes and methods","messageBody":"","fileTypesAndContributionMap":{"functional-code":{"insertions":105,"deletions":11}}},{"hash":"674cbe88b1fb5c8abed3274edc9d0aea38f9ca56","isMergeCommit":false,"messageTitle":"Implement printing of date and modify JUnit testing","messageBody":"","fileTypesAndContributionMap":{"functional-code":{"insertions":2,"deletions":7},"test-code":{"insertions":73,"deletions":65}}},{"hash":"fbac0298f5a1b3b0cd9c29fd490730317d8f471b","isMergeCommit":false,"messageTitle":"Implement CurrentDate class","messageBody":"","fileTypesAndContributionMap":{"functional-code":{"insertions":44,"deletions":0},"other":{"insertions":2,"deletions":0}}},{"hash":"708932254aa55bf7a29e13bcd1c1bc0f80d56adf","isMergeCommit":false,"messageTitle":"Modify CurrentDate class","messageBody":"","fileTypesAndContributionMap":{"functional-code":{"insertions":5,"deletions":3}}},{"hash":"6e49ab7119221cb0c46dd2e5358f720a50ab5f25","isMergeCommit":false,"messageTitle":"Revert input.txt/EXPECTED.TXT and modify runtest.bat","messageBody":"","fileTypesAndContributionMap":{"other":{"insertions":1,"deletions":0}}},{"hash":"58a127d6ca20f3694ade3cb98a94d71545dd4690","isMergeCommit":false,"messageTitle":"Modify runtest.bat","messageBody":"","fileTypesAndContributionMap":{"other":{"insertions":1,"deletions":1}}},{"hash":"4d523fe522d1214d635bf46736f2c68a83dd41e5","isMergeCommit":false,"messageTitle":"Modify runtest.bat","messageBody":"","fileTypesAndContributionMap":{"other":{"insertions":17,"deletions":14}}},{"hash":"957984051cb8abff4310c686435f05b8e8a4389f","isMergeCommit":false,"messageTitle":"Modify runtest.bat","messageBody":"","fileTypesAndContributionMap":{"other":{"insertions":1,"deletions":1}}},{"hash":"e53c1d7bba116de1868591ecb32af32ca0914a5e","isMergeCommit":false,"messageTitle":"Modify runtest.bat","messageBody":"","fileTypesAndContributionMap":{"other":{"insertions":1,"deletions":1}}},{"hash":"9a2df8f645e69527f2a3390ece340344f28b631a","isMergeCommit":false,"messageTitle":"Revert runtest.bat and modify input.txt/EXPECTED.TXT","messageBody":"","fileTypesAndContributionMap":{"other":{"insertions":14,"deletions":17}}},{"hash":"297a2a685cdaa935fd187e5cc52b1eda7f764c1d","isMergeCommit":false,"messageTitle":"Modify CurrentDateUpdater class and text-ui-test","messageBody":"","fileTypesAndContributionMap":{"functional-code":{"insertions":48,"deletions":48},"other":{"insertions":0,"deletions":2}}},{"hash":"73474e72b2b78c7b242d5601daf4b77347a8a053","isMergeCommit":false,"messageTitle":"Modify runtest.bat","messageBody":"","fileTypesAndContributionMap":{"other":{"insertions":0,"deletions":1}}},{"hash":"c514f9d6a2e0b0b689c8633837e33c2471044707","isMergeCommit":false,"messageTitle":"Modify CurrentDateUpdater","messageBody":"","fileTypesAndContributionMap":{"functional-code":{"insertions":7,"deletions":4}}},{"hash":"0e2a91f4ec64ba5b6d0148c40aff2193f8c310ee","isMergeCommit":false,"messageTitle":"Fix Checkstyle issues","messageBody":"","fileTypesAndContributionMap":{"functional-code":{"insertions":2,"deletions":1}}},{"hash":"80622c92e07b87704e9155c3e2b56659444665e5","isMergeCommit":false,"messageTitle":"Modify text-ui-test","messageBody":"","fileTypesAndContributionMap":{"functional-code":{"insertions":3,"deletions":11}}},{"hash":"587c4b755cdfe906705b3ccc5e84d82ac02565a7","isMergeCommit":true,"messageTitle":"Merge pull request #32 from WooKaiNing/Expense","messageBody":"Implement CurrentDateUpdater and handle date-to-string representation\r\nFixes #45 ","fileTypesAndContributionMap":{}}]},{"date":"2023-10-24","commitResults":[{"hash":"7dc5369c34401e55654b675e16b24320c2cc099b","isMergeCommit":true,"messageTitle":"Merge pull request #49 from BenedictChannn/master","messageBody":"Implement file storage","fileTypesAndContributionMap":{}}]}]},"authorFileTypeContributionMap":{"Xuan127":{"docs":1,"functional-code":324,"test-code":64},"danielpappa":{"docs":113,"functional-code":610,"test-code":217,"other":1},"mcmc101001":{"docs":1,"functional-code":344,"test-code":199,"other":2},"BenedictChannn":{"docs":2,"functional-code":631,"test-code":25},"WooKaiNing":{"docs":2,"functional-code":235,"test-code":60,"other":1}},"authorContributionVariance":{"Xuan127":5202.282,"danielpappa":16873.26,"mcmc101001":9355.606,"BenedictChannn":30227.861,"WooKaiNing":11324.076},"authorDisplayNameMap":{"Xuan127":"CS2113-W12-2 SHAN..XUAN","danielpappa":"CS2113-W12-2 PAPP..NIEL","mcmc101001":"CS2113-W12-2 TOH ..CHUN","BenedictChannn":"CS2113-W12-2 CHAN..DICT","WooKaiNing":"CS2113-W12-2 WOO ..NING"}}
