{"authorDailyContributionsMap":{"karishma-t":[{"date":"2023-10-05","commitResults":[{"hash":"9b179211347fe7a0942693aea92a880a72243999","isMergeCommit":false,"messageTitle":"Add files for Karishma about us","messageBody":"","fileTypesAndContributionMap":{"docs":{"insertions":9,"deletions":4}}},{"hash":"ec15853438ef4adb88f2bbcc87f367804d35788d","isMergeCommit":false,"messageTitle":"Conflict resolution","messageBody":"","fileTypesAndContributionMap":{"docs":{"insertions":3,"deletions":2}}}]},{"date":"2023-10-17","commitResults":[{"hash":"5c174ca4cdfe79c6b173c68db27721f92aa0f615","isMergeCommit":false,"messageTitle":"Add delete command","messageBody":"","fileTypesAndContributionMap":{"functional-code":{"insertions":42,"deletions":13}}},{"hash":"4c7d28ae3f51a16116cf790aabeb170d9ffaad80","isMergeCommit":false,"messageTitle":"Add junit test for Delete command","messageBody":"","fileTypesAndContributionMap":{"test-code":{"insertions":30,"deletions":0}}},{"hash":"ed041352034696e09d01385f720d3f3a72037c62","isMergeCommit":false,"messageTitle":"Modify to pass checkstyle tests","messageBody":"","fileTypesAndContributionMap":{"functional-code":{"insertions":2,"deletions":3},"test-code":{"insertions":1,"deletions":1}}}]},{"date":"2023-10-26","commitResults":[{"hash":"521a48339b7e42ceb652e3e1d147a6c5b485792b","isMergeCommit":false,"messageTitle":"Modify DG for delete","messageBody":"","fileTypesAndContributionMap":{"docs":{"insertions":53,"deletions":0}}}]},{"date":"2023-10-30","commitResults":[{"hash":"bfafb4228b1694b5d1e34b97c9e981d7b7c25285","isMergeCommit":false,"messageTitle":"Add get Description command, along with add and list descriptions","messageBody":"","fileTypesAndContributionMap":{"functional-code":{"insertions":150,"deletions":0}}},{"hash":"14c00f9f407257d902ee1fc5b41f3b8837e51add","isMergeCommit":false,"messageTitle":"Add tests for Description commands","messageBody":"","fileTypesAndContributionMap":{"functional-code":{"insertions":17,"deletions":7},"test-code":{"insertions":62,"deletions":0}}},{"hash":"e90cefce6084595a3ffc0fe7af7bc3cea0bd9dbe","isMergeCommit":false,"messageTitle":"Add javadoc for description commands","messageBody":"","fileTypesAndContributionMap":{"functional-code":{"insertions":30,"deletions":1}}},{"hash":"6c6f99f910bff64f6740f28654e16f1cf44442ee","isMergeCommit":false,"messageTitle":"Modify List description","messageBody":"","fileTypesAndContributionMap":{"test-code":{"insertions":0,"deletions":25}}}]},{"date":"2023-10-31","commitResults":[{"hash":"6673cb7b7b0ce43afd99ad5bde411c1ca86d1e20","isMergeCommit":false,"messageTitle":"Add drug supply association with vendors","messageBody":"","fileTypesAndContributionMap":{"functional-code":{"insertions":121,"deletions":25}}},{"hash":"7880445932393fc05082c5e19f46d4b9caea5c30","isMergeCommit":false,"messageTitle":"Add command to list drugs under specific vendor","messageBody":"","fileTypesAndContributionMap":{"functional-code":{"insertions":55,"deletions":0}}},{"hash":"4afcee0830c4065f6824e923e01376481e496e66","isMergeCommit":false,"messageTitle":"Add command to find vendors that offer the drug","messageBody":"","fileTypesAndContributionMap":{"functional-code":{"insertions":48,"deletions":0}}},{"hash":"86f7883888a58d6672906943f37616e413e09dab","isMergeCommit":false,"messageTitle":"Modify code style","messageBody":"","fileTypesAndContributionMap":{"functional-code":{"insertions":32,"deletions":5}}}]},{"date":"2023-11-01","commitResults":[{"hash":"806511b0b28de80ac737571f7ac70c10d11a63d2","isMergeCommit":false,"messageTitle":"Update UG","messageBody":"","fileTypesAndContributionMap":{"functional-code":{"insertions":35,"deletions":33},"docs":{"insertions":148,"deletions":2}}}]},{"date":"2023-11-02","commitResults":[{"hash":"2b8fc4273a248865a222da6964b8eb7e72c54867","isMergeCommit":false,"messageTitle":"Modify delete DG","messageBody":"","fileTypesAndContributionMap":{"docs":{"insertions":6,"deletions":52}}},{"hash":"e1c9c8aff38e13c0d146829693eeea98274cc8a9","isMergeCommit":false,"messageTitle":"Add addVendorSupply dg","messageBody":"","fileTypesAndContributionMap":{"docs":{"insertions":17,"deletions":0}}}]},{"date":"2023-11-09","commitResults":[{"hash":"bd9fa5040c878555abd1361db952787d920f8373","isMergeCommit":false,"messageTitle":"Modify vendor supply list to consistent format","messageBody":"","fileTypesAndContributionMap":{"functional-code":{"insertions":76,"deletions":39}}},{"hash":"77da5507d32bfe54d9855eca6020b6f5103af8cd","isMergeCommit":false,"messageTitle":"checkstyle","messageBody":"","fileTypesAndContributionMap":{"functional-code":{"insertions":1,"deletions":1}}},{"hash":"0119ed603141f15bdd81b126ecbeb98d0f21baab","isMergeCommit":false,"messageTitle":"fix description","messageBody":"","fileTypesAndContributionMap":{"functional-code":{"insertions":17,"deletions":13}}},{"hash":"367041a3b2f362d05dce5d09292b5e16b9ed95af","isMergeCommit":false,"messageTitle":"modify description case sensitivity","messageBody":"","fileTypesAndContributionMap":{"functional-code":{"insertions":15,"deletions":8},"test-code":{"insertions":2,"deletions":2}}},{"hash":"40df6df8b8d70ed1d07c0f47a73b0d5e5e3d11dd","isMergeCommit":false,"messageTitle":"added commands in help","messageBody":"","fileTypesAndContributionMap":{"functional-code":{"insertions":15,"deletions":4},"test-code":{"insertions":36,"deletions":0}}},{"hash":"533738f277b5305a138e34a10b428ddf9be1e3cd","isMergeCommit":false,"messageTitle":"add delete vendor supply","messageBody":"","fileTypesAndContributionMap":{"functional-code":{"insertions":99,"deletions":0},"test-code":{"insertions":6,"deletions":0}}},{"hash":"4794423af3fcb0d40eb74aad7ebc8714601f4844","isMergeCommit":false,"messageTitle":"Modify vendor command for consistency","messageBody":"","fileTypesAndContributionMap":{"functional-code":{"insertions":15,"deletions":15},"test-code":{"insertions":2,"deletions":2}}}]},{"date":"2023-11-10","commitResults":[{"hash":"2bedda0e45bfcd22dc58c973bbd84f1c8120df16","isMergeCommit":false,"messageTitle":"Add ppp","messageBody":"","fileTypesAndContributionMap":{"docs":{"insertions":55,"deletions":1}}},{"hash":"554af5964052572b375c0e210098b7faafce1a50","isMergeCommit":false,"messageTitle":"ppp","messageBody":"","fileTypesAndContributionMap":{"docs":{"insertions":0,"deletions":0}}}]}],"martinschnder":[{"date":"2023-10-07","commitResults":[{"hash":"d13e4519f0e878a3e9be46a05a57ee90c57539c8","isMergeCommit":false,"messageTitle":"Add martin portofolio and picture and update about us","messageBody":"","fileTypesAndContributionMap":{"docs":{"insertions":6,"deletions":1}}},{"hash":"2dbd0893fe8f3dac09ed84bb33c414c0e90c74e2","isMergeCommit":true,"messageTitle":"Merge pull request #12 from martinschnder/martin-AboutUs","messageBody":"Add martin portofolio and picture and update about us","fileTypesAndContributionMap":{}}]},{"date":"2023-10-09","commitResults":[{"hash":"eca592d2600d2253010eebbf55c4217a971ca79b","isMergeCommit":false,"messageTitle":"Updated build.gradle to match new main class name","messageBody":"","fileTypesAndContributionMap":{"other":{"insertions":2,"deletions":2}}},{"hash":"f9bf0f4dcbf0dc02f210e21283f8f18ddf745d2a","isMergeCommit":false,"messageTitle":"Reorganize files in various packages","messageBody":"","fileTypesAndContributionMap":{"functional-code":{"insertions":21,"deletions":9},"other":{"insertions":2,"deletions":2}}},{"hash":"dd4cb2baf5df643afbefe71a963a78e7489a79b2","isMergeCommit":false,"messageTitle":"Create abstract command class","messageBody":"","fileTypesAndContributionMap":{"functional-code":{"insertions":14,"deletions":0}}},{"hash":"0a4ae29a7ca56b747974f29fc720e496c0cebaa3","isMergeCommit":false,"messageTitle":"Add the addclass and rename the druglist class to inventory","messageBody":"","fileTypesAndContributionMap":{"functional-code":{"insertions":101,"deletions":19}}},{"hash":"9891fe1ce7e876b766da0e19a647588a3845d02d","isMergeCommit":false,"messageTitle":"Delete old file","messageBody":"","fileTypesAndContributionMap":{"functional-code":{"insertions":0,"deletions":14}}},{"hash":"c76880c8d3ba9f7555f17105e6689822950877aa","isMergeCommit":false,"messageTitle":"Implement ExitCommand and AddCommand","messageBody":"","fileTypesAndContributionMap":{"functional-code":{"insertions":316,"deletions":18}}}]},{"date":"2023-10-10","commitResults":[{"hash":"dce79f9038b5eade80126270475b9775283d2fd2","isMergeCommit":false,"messageTitle":"Add ui and addcommand testing","messageBody":"","fileTypesAndContributionMap":{"functional-code":{"insertions":1,"deletions":1},"test-code":{"insertions":29,"deletions":1}}}]},{"date":"2023-10-11","commitResults":[{"hash":"8910d7979fdebe5386871de9ea2cda42c5161370","isMergeCommit":false,"messageTitle":"Change the line separator character","messageBody":"","fileTypesAndContributionMap":{"test-code":{"insertions":3,"deletions":3}}},{"hash":"d0a83e9fe5ed5a7cc13594979f0803fa8e9a2374","isMergeCommit":false,"messageTitle":"Change the line separator character in the UI class","messageBody":"","fileTypesAndContributionMap":{"functional-code":{"insertions":1,"deletions":1}}},{"hash":"55d760266b318ad23fbab35a6d1857c73c063d17","isMergeCommit":true,"messageTitle":"Merge pull request #34 from martinschnder/addDrug-unit-tests","messageBody":"Add ui and addcommand testing","fileTypesAndContributionMap":{}}]},{"date":"2023-10-23","commitResults":[{"hash":"7646870a909320f59cefb562285e62abc23ef833","isMergeCommit":false,"messageTitle":"Modify inventory structure and add all the command needed to make a sale (addtocart, viewcart, checkout)","messageBody":"","fileTypesAndContributionMap":{"functional-code":{"insertions":402,"deletions":131},"test-code":{"insertions":23,"deletions":15}}},{"hash":"1134e5d481615a014073af9031ca71061ff42878","isMergeCommit":false,"messageTitle":"Fix load function","messageBody":"","fileTypesAndContributionMap":{"functional-code":{"insertions":11,"deletions":15}}},{"hash":"4e4ef4698675691973d77ae7481e1ee117537acf","isMergeCommit":false,"messageTitle":"Add better exception handling","messageBody":"","fileTypesAndContributionMap":{"functional-code":{"insertions":45,"deletions":18}}},{"hash":"a075bd1720fd4eac5e8c090a897225d5d2057e6d","isMergeCommit":false,"messageTitle":"Update helpcommand with new commands","messageBody":"","fileTypesAndContributionMap":{"functional-code":{"insertions":10,"deletions":4},"test-code":{"insertions":43,"deletions":28}}}]},{"date":"2023-10-24","commitResults":[{"hash":"0a64a48a68acc1accbbfec26dd81f3df9574df9c","isMergeCommit":false,"messageTitle":"Add tests for AddToCart command","messageBody":"","fileTypesAndContributionMap":{"test-code":{"insertions":27,"deletions":0}}}]},{"date":"2023-10-25","commitResults":[{"hash":"b4d2647664ddb9696b52554ddbe328b730297a98","isMergeCommit":false,"messageTitle":"Add main data structures in developerGuide","messageBody":"","fileTypesAndContributionMap":{"docs":{"insertions":46,"deletions":21}}},{"hash":"18929947f4248686faad3b70fbff3687c9c19c3b","isMergeCommit":true,"messageTitle":"Merge pull request #84 from martinschnder/developerGuide","messageBody":"Add main data structures in developerGuide","fileTypesAndContributionMap":{}}]},{"date":"2023-10-29","commitResults":[{"hash":"49bfbffa868b148a46b27908dabf16ebfd74cd63","isMergeCommit":true,"messageTitle":"Merge pull request #92 from Barbaracwx/findcommandtest","messageBody":"added sequence diagram","fileTypesAndContributionMap":{}},{"hash":"50d338b34b24893e5dca5485f21f08ff4ca6e60c","isMergeCommit":true,"messageTitle":"Merge pull request #113 from Barbaracwx/branch-alert","messageBody":"updated set threshold command","fileTypesAndContributionMap":{}}]},{"date":"2023-10-31","commitResults":[{"hash":"c8ea029b8bb8841a1d03a2b39a283de6496b9a9f","isMergeCommit":false,"messageTitle":"Update UserGuide","messageBody":"","fileTypesAndContributionMap":{"docs":{"insertions":111,"deletions":48}}}]},{"date":"2023-11-02","commitResults":[{"hash":"425255dce9b64d5b7adfd020c0135a5bc1a2ca42","isMergeCommit":false,"messageTitle":"Remove all throwing methods in the main class","messageBody":"","fileTypesAndContributionMap":{"functional-code":{"insertions":47,"deletions":55}}},{"hash":"486738273c17067cafbf9cbc51b53b71450b1b84","isMergeCommit":false,"messageTitle":"Try to resolve various warning","messageBody":"","fileTypesAndContributionMap":{"functional-code":{"insertions":29,"deletions":35},"test-code":{"insertions":20,"deletions":12}}},{"hash":"55909921078d98ae4e90faae54c91d9c6becf5a8","isMergeCommit":false,"messageTitle":"Resolve warning and make vendors non static","messageBody":"","fileTypesAndContributionMap":{"functional-code":{"insertions":3,"deletions":5},"test-code":{"insertions":2,"deletions":2}}},{"hash":"992f613aabbf9fabc323cfdcf879efa4865ca463","isMergeCommit":false,"messageTitle":"Add negative number verifications","messageBody":"","fileTypesAndContributionMap":{"functional-code":{"insertions":9,"deletions":0}}}]},{"date":"2023-11-05","commitResults":[{"hash":"76a40e61c50c3b0e5e56e990ad18c2e365ac5326","isMergeCommit":false,"messageTitle":"Fix delete command","messageBody":"","fileTypesAndContributionMap":{"functional-code":{"insertions":18,"deletions":1}}},{"hash":"fc0ab4dc485892ce1de7750ed81002314c5cdd11","isMergeCommit":false,"messageTitle":"Update delete command documentation","messageBody":"","fileTypesAndContributionMap":{"functional-code":{"insertions":1,"deletions":1}}},{"hash":"c727286e4aa788edcad5132d57f967b4907fb735","isMergeCommit":false,"messageTitle":"Fix number exeception in addtocart command","messageBody":"","fileTypesAndContributionMap":{"functional-code":{"insertions":18,"deletions":11},"test-code":{"insertions":1,"deletions":1}}},{"hash":"65a045f18f6ff8c80125786f44ec210e1ff48ffd","isMergeCommit":false,"messageTitle":"Fix null exception checkout","messageBody":"","fileTypesAndContributionMap":{"functional-code":{"insertions":3,"deletions":3}}},{"hash":"afddca682a7cb349de54993f2595310d914fd5b6","isMergeCommit":false,"messageTitle":"Add name verification in add command and fixed type in userguide","messageBody":"","fileTypesAndContributionMap":{"functional-code":{"insertions":14,"deletions":2},"docs":{"insertions":17,"deletions":17}}},{"hash":"7221cd28f4692d46016ac41ac64de117a79bfbe4","isMergeCommit":false,"messageTitle":"Add whitespace verification in addcommand","messageBody":"","fileTypesAndContributionMap":{"functional-code":{"insertions":5,"deletions":1}}},{"hash":"4ae7439f771b620a1c9cb268d2a2b203a353e760","isMergeCommit":false,"messageTitle":"Triming all fields in addcommand","messageBody":"","fileTypesAndContributionMap":{"functional-code":{"insertions":2,"deletions":2}}}]},{"date":"2023-11-07","commitResults":[{"hash":"6950f4ba14a9ac9cd93b23b0f9825b204ac81d44","isMergeCommit":false,"messageTitle":"used serial number as key for cart and inventory","messageBody":"","fileTypesAndContributionMap":{"functional-code":{"insertions":123,"deletions":120},"docs":{"insertions":8,"deletions":8},"test-code":{"insertions":24,"deletions":23}}},{"hash":"36fca5b774a5df32d76d9557beb8ce4dfa3fab2d","isMergeCommit":false,"messageTitle":"resolved bug of too much quantity in cart before checkout","messageBody":"","fileTypesAndContributionMap":{"functional-code":{"insertions":32,"deletions":4}}},{"hash":"e81ee7e1056b7485f245d9f9f056010d551f2ca0","isMergeCommit":false,"messageTitle":"Fix save and load function","messageBody":"","fileTypesAndContributionMap":{"functional-code":{"insertions":4,"deletions":2}}},{"hash":"4f9085f66c25bf083cff4f5d7d28a7b35ba3c2c1","isMergeCommit":false,"messageTitle":"Fix add duplicate drug","messageBody":"","fileTypesAndContributionMap":{"functional-code":{"insertions":19,"deletions":10}}},{"hash":"d385f1b7a56f46ba94ac4893a837e0137e3e849a","isMergeCommit":true,"messageTitle":"Merge pull request #228 from martinschnder/changeStockStructure","messageBody":"Change stock structure and fix bugs","fileTypesAndContributionMap":{}}]},{"date":"2023-11-08","commitResults":[{"hash":"b23a5057deb84a347fb0b98fa5572ff10d225ec8","isMergeCommit":false,"messageTitle":"Add martin portfolio","messageBody":"","fileTypesAndContributionMap":{"docs":{"insertions":44,"deletions":3}}}]}],"azfarulmatin":[{"date":"2023-10-07","commitResults":[{"hash":"6c8ee942babd12a205caa1b7e098fcb6340f76a9","isMergeCommit":false,"messageTitle":"Update Azfarul About us","messageBody":"","fileTypesAndContributionMap":{"docs":{"insertions":13,"deletions":7}}},{"hash":"05e7ef8ec96488ea4719dfc0372532fe8e5694de","isMergeCommit":true,"messageTitle":"Merge pull request #19 from azfarulmatin/master","messageBody":"Update Azfarul About us","fileTypesAndContributionMap":{}}]},{"date":"2023-10-14","commitResults":[{"hash":"d5afb6bfea43555f6f259a086b672acaefd20e59","isMergeCommit":false,"messageTitle":"Add List function","messageBody":"","fileTypesAndContributionMap":{"functional-code":{"insertions":110,"deletions":29}}},{"hash":"57a05c0bd5b98cc8b3bafc5eb9a158684e7aa058","isMergeCommit":true,"messageTitle":"Merge pull request #44 from azfarulmatin/AzfarulMatin-ListCommand","messageBody":"Add List function","fileTypesAndContributionMap":{}},{"hash":"4a24ed0a7c4ba4280e8279f225d94eca57adc5eb","isMergeCommit":false,"messageTitle":"Fix checkstyle and junit test","messageBody":"","fileTypesAndContributionMap":{"functional-code":{"insertions":20,"deletions":15}}},{"hash":"a1860305e34b8c74ade793866b25205f953c8319","isMergeCommit":true,"messageTitle":"Merge pull request #45 from azfarulmatin/AzfarulMatin-ListCommand","messageBody":"Fix checkstyle and junit test","fileTypesAndContributionMap":{}}]},{"date":"2023-10-15","commitResults":[{"hash":"1dda9d2754e2a02578da9238442c6d10f7e66d6f","isMergeCommit":false,"messageTitle":"Add JUnit Test","messageBody":"","fileTypesAndContributionMap":{"test-code":{"insertions":16,"deletions":0}}},{"hash":"440fa5dc27d5fd869d27429012fdbe5aeeae7619","isMergeCommit":true,"messageTitle":"Merge pull request #46 from azfarulmatin/AzfarulMatin-JUnitTestListCommand","messageBody":"Add JUnit Test","fileTypesAndContributionMap":{}}]},{"date":"2023-10-20","commitResults":[{"hash":"3887203ffba5c298294ab19aea34a4d3ed459f58","isMergeCommit":false,"messageTitle":"Add assertions for ListCommand","messageBody":"","fileTypesAndContributionMap":{"functional-code":{"insertions":3,"deletions":1}}},{"hash":"09522dd36305e098a7b90627e22eb45576b25579","isMergeCommit":true,"messageTitle":"Merge pull request #65 from azfarulmatin/master","messageBody":"Add assertions for ListCommand","fileTypesAndContributionMap":{}}]},{"date":"2023-10-26","commitResults":[{"hash":"48b64546002893200c17724ba054f54c1593848a","isMergeCommit":false,"messageTitle":"Update ListCommand in Developer Guide","messageBody":"","fileTypesAndContributionMap":{"docs":{"insertions":40,"deletions":0}}},{"hash":"c9f60b4f7e954b7f51ac2623133f116e513fd8d7","isMergeCommit":true,"messageTitle":"Merge pull request #87 from azfarulmatin/AzfarulMatin-DeveloperGuide","messageBody":"Update ListCommand in Developer Guide","fileTypesAndContributionMap":{}}]},{"date":"2023-10-30","commitResults":[{"hash":"a57e18d43167b17701ee7f2f0a2fa2366ccbe792","isMergeCommit":false,"messageTitle":"Update Developer Guide for List Command","messageBody":"","fileTypesAndContributionMap":{"docs":{"insertions":43,"deletions":8}}},{"hash":"f2e1f1c92f4955beb411e4b859b6044305d188c2","isMergeCommit":true,"messageTitle":"Merge pull request #119 from azfarulmatin/AzfarulMatin-DeveloperGuide","messageBody":"Update Developer Guide for List Command","fileTypesAndContributionMap":{}}]},{"date":"2023-10-31","commitResults":[{"hash":"b31032defcf1a8e158d8b709ffc66cb236fc1ea3","isMergeCommit":true,"messageTitle":"Merge pull request #121 from karishma-t/karishma-get-description","messageBody":"Karishma - Add, Get, List description for drugs","fileTypesAndContributionMap":{}},{"hash":"e4abf37899eeac2e917598439cdefe9ace9f81a1","isMergeCommit":false,"messageTitle":"Update Find Command to search by serial number","messageBody":"","fileTypesAndContributionMap":{"functional-code":{"insertions":138,"deletions":25},"test-code":{"insertions":22,"deletions":17}}},{"hash":"cb423576f586c6b09ebff9a220536207048ff865","isMergeCommit":true,"messageTitle":"Merge pull request #124 from azfarulmatin/AzfarulMatin-DeveloperGuide","messageBody":"Update Find Command to search by serial number","fileTypesAndContributionMap":{}},{"hash":"b469c4477a98e3222fcde982982e690a022e7a61","isMergeCommit":false,"messageTitle":"Update find command using serial number in Developer Guide","messageBody":"","fileTypesAndContributionMap":{"functional-code":{"insertions":3,"deletions":67},"docs":{"insertions":3,"deletions":0},"test-code":{"insertions":4,"deletions":2}}},{"hash":"d79a23da5f33ed363f4c83d84be5eee1252cd220","isMergeCommit":true,"messageTitle":"Merge pull request #125 from azfarulmatin/AzfarulMatin-CalculatePrice","messageBody":"Update find command using serial number in Developer Guide","fileTypesAndContributionMap":{}}]},{"date":"2023-11-01","commitResults":[{"hash":"975a03f405177fbaff0b13ecc7d213afe118feb8","isMergeCommit":false,"messageTitle":"Add Command Result in Developer Guide","messageBody":"","fileTypesAndContributionMap":{"docs":{"insertions":55,"deletions":0}}},{"hash":"6c56dc73e5388f0598b3ef14aa6e000f685eeac9","isMergeCommit":true,"messageTitle":"Merge pull request #131 from azfarulmatin/AzfarulMatin-CalculatePrice","messageBody":"Add Command Result in Developer Guide","fileTypesAndContributionMap":{}},{"hash":"f342fa41d871b865ee773890cbb3c656f1bbcf29","isMergeCommit":false,"messageTitle":"Update Junit Test for find command using serial number","messageBody":"","fileTypesAndContributionMap":{"test-code":{"insertions":28,"deletions":0}}},{"hash":"23547920ad37f08136bc44d0b10ec01ff11e6d53","isMergeCommit":false,"messageTitle":"Update ListCommand Junit Test","messageBody":"","fileTypesAndContributionMap":{"test-code":{"insertions":2,"deletions":0}}},{"hash":"13d04c0da53fabf622696bc69035e9703834110c","isMergeCommit":true,"messageTitle":"Merge pull request #132 from azfarulmatin/AzfarulMatin-CalculatePrice","messageBody":"Update FindCommand Junit Test for serial number","tags":["v2.0"],"fileTypesAndContributionMap":{}}]},{"date":"2023-11-02","commitResults":[{"hash":"f73462e9c005e2430a123344db281db3ed2ffc22","isMergeCommit":true,"messageTitle":"Merge pull request #133 from karishma-t/karishma-Developer-Guide","messageBody":"Modify delete DG","fileTypesAndContributionMap":{}}]},{"date":"2023-11-06","commitResults":[{"hash":"6cf6f3d0d0c219b6f8bae8940537a303e9d82aa2","isMergeCommit":false,"messageTitle":"Fix bugs for invalid list command","messageBody":"","fileTypesAndContributionMap":{"functional-code":{"insertions":12,"deletions":2}}},{"hash":"7f03201ed828d188500ce9a3a688e7c6c0f71021","isMergeCommit":false,"messageTitle":"Update ListCommand to pass checkstyle","messageBody":"","fileTypesAndContributionMap":{"functional-code":{"insertions":0,"deletions":2}}},{"hash":"99b903c399644b55ee8392945a1f91803075df5f","isMergeCommit":true,"messageTitle":"Merge pull request #225 from azfarulmatin/master","messageBody":"Fix bugs for invalid input in ListCommand","fileTypesAndContributionMap":{}},{"hash":"aafdc4fccb042df9d0640301441815800c44653e","isMergeCommit":false,"messageTitle":"Update UserGuide to add find by Serial Number","messageBody":"","fileTypesAndContributionMap":{"docs":{"insertions":24,"deletions":4}}},{"hash":"2ee5479dce1167f25b70997c184c554fc958d887","isMergeCommit":true,"messageTitle":"Merge pull request #226 from azfarulmatin/AzfarulMatin-SerialNumber","messageBody":"Update UserGuide to add find by Serial Number","fileTypesAndContributionMap":{}},{"hash":"21977e08bf4586a12782ef7d5c99b7f971a552e1","isMergeCommit":false,"messageTitle":"Add Selling price function for user to key in","messageBody":"","fileTypesAndContributionMap":{"functional-code":{"insertions":39,"deletions":12},"docs":{"insertions":2,"deletions":2},"test-code":{"insertions":13,"deletions":13}}},{"hash":"e78af3c9e5cc3721ccce4178b013f7c2777e2e71","isMergeCommit":false,"messageTitle":"Fix Checkstyle for price function","messageBody":"","fileTypesAndContributionMap":{"functional-code":{"insertions":0,"deletions":5},"test-code":{"insertions":1,"deletions":1}}},{"hash":"352e49925b3770497730b9df1bc4d5b1c72527d8","isMergeCommit":true,"messageTitle":"Merge pull request #227 from azfarulmatin/AzfarulMatin-Price","messageBody":"Add selling price function","fileTypesAndContributionMap":{}}]},{"date":"2023-11-08","commitResults":[{"hash":"02f84c74bd757209b1b986af616055b2daaef303","isMergeCommit":true,"messageTitle":"Merge pull request #241 from Barbaracwx/DeleteVendor","messageBody":"Delete vendor","fileTypesAndContributionMap":{}}]},{"date":"2023-11-09","commitResults":[{"hash":"f1bfff68f9cf7abe97508e42839ca93bf1ad9d64","isMergeCommit":false,"messageTitle":"Add Price Calculation function in Cart","messageBody":"","fileTypesAndContributionMap":{"functional-code":{"insertions":55,"deletions":6}}},{"hash":"a78bb35390f5c4f5b9d6c93f07bb0ee42ae1cc6c","isMergeCommit":false,"messageTitle":"Fix Checkstyle error for viewCartCommand","messageBody":"","fileTypesAndContributionMap":{"functional-code":{"insertions":0,"deletions":2},"test-code":{"insertions":1,"deletions":1}}},{"hash":"e89b134e865a10df84ef5c51fce9965281d9fe14","isMergeCommit":true,"messageTitle":"Merge pull request #246 from azfarulmatin/AzfarulMatin-Price","messageBody":"Add Price function in cart command","fileTypesAndContributionMap":{}},{"hash":"36a476fff6fd9d7b75e51a83e66b0a56d017a4a7","isMergeCommit":true,"messageTitle":"Merge pull request #243 from Barbaracwx/PPP","messageBody":"edited ppp","fileTypesAndContributionMap":{}},{"hash":"4287d712b0cc1b6901b22976f39a8d08c4890065","isMergeCommit":false,"messageTitle":"Update UserGuide to add the Price function","messageBody":"","fileTypesAndContributionMap":{"docs":{"insertions":5,"deletions":4}}},{"hash":"c4ef7b9dbb8d5660c4b769887b1fc4da2eded827","isMergeCommit":false,"messageTitle":"Fix bugs for adding same serial number but different drug name","messageBody":"","fileTypesAndContributionMap":{"functional-code":{"insertions":2,"deletions":0}}},{"hash":"50c4e5b472a5d01487264040fa44982cecba62e4","isMergeCommit":false,"messageTitle":"Update CartEntry to return total cost","messageBody":"","fileTypesAndContributionMap":{"functional-code":{"insertions":4,"deletions":0}}},{"hash":"d3204781c5238825f3fa01859175be57623aded2","isMergeCommit":false,"messageTitle":"Fix checkstyle error","messageBody":"","fileTypesAndContributionMap":{"functional-code":{"insertions":2,"deletions":1}}},{"hash":"918cc0bc3c6ccd4533393bc41d9cd53c38b53f8a","isMergeCommit":false,"messageTitle":"Fix gradle check","messageBody":"","fileTypesAndContributionMap":{"functional-code":{"insertions":0,"deletions":4}}},{"hash":"db18bc090abdfaefd1e5623c586c72b6cd7f5c0b","isMergeCommit":true,"messageTitle":"Merge pull request #249 from azfarulmatin/master","messageBody":"Update UserGuide and fix bug for same serial number in different drugs","fileTypesAndContributionMap":{}},{"hash":"80e01d97318ee09f1ace9144d9e15430602a2ce9","isMergeCommit":true,"messageTitle":"Merge pull request #258 from Barbaracwx/master","messageBody":"changed help command","fileTypesAndContributionMap":{}}]},{"date":"2023-11-10","commitResults":[{"hash":"12a0a700b642654e215617c18aaf07d99243d1d2","isMergeCommit":true,"messageTitle":"Merge pull request #262 from karishma-t/karishma-updateUG","messageBody":"Karishma ppp","fileTypesAndContributionMap":{}},{"hash":"275958c9de772a6ab40c71ec47322fbeccf6977c","isMergeCommit":false,"messageTitle":"Update Azfarul Matin PPP","messageBody":"","fileTypesAndContributionMap":{"docs":{"insertions":36,"deletions":2}}},{"hash":"c6c44231b25a391134e76ba23362621f9158ae91","isMergeCommit":true,"messageTitle":"Merge pull request #263 from azfarulmatin/AzfarulMatin-Price","messageBody":"Update Azfarul Matin PPP","fileTypesAndContributionMap":{}}]}],"TeoHaoZhi":[{"date":"2023-10-05","commitResults":[{"hash":"f2bef309abc1a31812e5cb92d52cc3edc1ea44c6","isMergeCommit":false,"messageTitle":"Update UserGuide.md to add theme","messageBody":"","fileTypesAndContributionMap":{"docs":{"insertions":2,"deletions":0}}},{"hash":"80b42e7c9d1a437ae8bed5f38e44c218f440f47c","isMergeCommit":true,"messageTitle":"Merge pull request #2 from Barbaracwx/Barbaracwx-AboutUs","messageBody":"Added Barbara.md","fileTypesAndContributionMap":{}},{"hash":"aa9ba0c6a59865a89b52a6f53b7df1df57bb99de","isMergeCommit":false,"messageTitle":"Add files for Hao Zhi\u0027s about us page","messageBody":"","fileTypesAndContributionMap":{"docs":{"insertions":13,"deletions":7}}},{"hash":"78381da48ea0ab8048ffca83fc47af7dd59e458b","isMergeCommit":true,"messageTitle":"Merge branch \u0027HaoZhi-AboutUs\u0027","messageBody":"","fileTypesAndContributionMap":{}},{"hash":"c0c3018bd7af6a34e46ede0867b55d0a498285ce","isMergeCommit":true,"messageTitle":"Merge branch \u0027master\u0027 into master","messageBody":"","fileTypesAndContributionMap":{}},{"hash":"5034d288227d95c1a28ecc2359f1ea357dd3b437","isMergeCommit":true,"messageTitle":"Merge pull request #3 from TeoHaoZhi/master","messageBody":"Add HaoZhi\u0027s about us files","fileTypesAndContributionMap":{}},{"hash":"88803a7aec4b841305b2a7716850e466193ec107","isMergeCommit":false,"messageTitle":"Clean up UserGuide","messageBody":"","fileTypesAndContributionMap":{"docs":{"insertions":0,"deletions":2}}}]},{"date":"2023-10-06","commitResults":[{"hash":"220ea22f86c3d933219eefa1ae6e0c2fabea1d44","isMergeCommit":true,"messageTitle":"Merge branch \u0027master\u0027 into karishma-AboutUs","messageBody":"","fileTypesAndContributionMap":{}},{"hash":"800151596e695fdfd13c417def35fd80dc78fed4","isMergeCommit":true,"messageTitle":"Merge pull request #10 from karishma-t/karishma-AboutUs","messageBody":"Add Karishma about us","fileTypesAndContributionMap":{}},{"hash":"4a53af6054886017e9cf732a597960c970f202d4","isMergeCommit":false,"messageTitle":"Fix about us portfolio bug","messageBody":"","fileTypesAndContributionMap":{"docs":{"insertions":2,"deletions":2}}},{"hash":"eb792a86d1eb0fd6ea4e2bca18a1ed4e10c07661","isMergeCommit":true,"messageTitle":"Merge pull request #11 from TeoHaoZhi/master","messageBody":"Fix about us portfolio bug","fileTypesAndContributionMap":{}}]},{"date":"2023-10-08","commitResults":[{"hash":"090f7fd2112203bcd0f818c6a79ab83c1945118e","isMergeCommit":false,"messageTitle":"Rename classes","messageBody":"","fileTypesAndContributionMap":{"other":{"insertions":4,"deletions":4}}},{"hash":"cd37b8a6e9414c1fa24b68559ff23066fde03931","isMergeCommit":true,"messageTitle":"Merge pull request #23 from TeoHaoZhi/HaoZhi-TemplateAttempt2","messageBody":"Rename classes","fileTypesAndContributionMap":{}},{"hash":"293aa145c39d8d91f975a08e7f0c8f491234cd7e","isMergeCommit":false,"messageTitle":"Add dummy classes","messageBody":"","fileTypesAndContributionMap":{"test-code":{"insertions":24,"deletions":0}}},{"hash":"3d5504d42b2532eadb56b49ff210b09cdd50284c","isMergeCommit":true,"messageTitle":"Merge pull request #24 from TeoHaoZhi/HaoZhi-TemplateAttempt2","messageBody":"Add dummy classes","fileTypesAndContributionMap":{}},{"hash":"d842866453c774e4e7cb523fc0f6d99109564fbb","isMergeCommit":false,"messageTitle":"Add attributes to drug class","messageBody":"","fileTypesAndContributionMap":{"other":{"insertions":1,"deletions":1},"test-code":{"insertions":46,"deletions":20}}},{"hash":"7988e7aab82f83af8ed057426371bc9f8066e5c2","isMergeCommit":true,"messageTitle":"Merge pull request #25 from TeoHaoZhi/HaoZhi-TemplateAttempt2","messageBody":"Add attributes to drug class","fileTypesAndContributionMap":{}},{"hash":"1746b905d7c8f9941ce95abe0c601ed7a555d341","isMergeCommit":false,"messageTitle":"Add help feature to UI class","messageBody":"","fileTypesAndContributionMap":{"test-code":{"insertions":42,"deletions":1}}},{"hash":"227af0572b033254d6546284a0ee2f875a71c3a9","isMergeCommit":true,"messageTitle":"Merge pull request #26 from TeoHaoZhi/HaoZhi-TemplateAttempt2","messageBody":"Add help feature to UI class","fileTypesAndContributionMap":{}},{"hash":"7299b86db5d860ab190c91abd4c6962273b196cd","isMergeCommit":false,"messageTitle":"Add exit point for programme","messageBody":"","fileTypesAndContributionMap":{"functional-code":{"insertions":58,"deletions":11},"other":{"insertions":0,"deletions":0},"test-code":{"insertions":0,"deletions":49}}},{"hash":"de4799c7421e4b4195b2576cd2425462d6a6fa0e","isMergeCommit":true,"messageTitle":"Merge pull request #27 from TeoHaoZhi/HaoZhi-TemplateAttempt2","messageBody":"Add exit point for programme","fileTypesAndContributionMap":{}},{"hash":"354c79d2f7cbb08fb7700ca95ef4ca362f2c172d","isMergeCommit":false,"messageTitle":"Refactor printing for help command","messageBody":"","fileTypesAndContributionMap":{"functional-code":{"insertions":29,"deletions":24}}},{"hash":"8ab6c94c4d553c98bdc4616b2841d95fea09e2e7","isMergeCommit":true,"messageTitle":"Merge pull request #28 from TeoHaoZhi/HaoZhi-TemplateAttempt2","messageBody":"Refactor printing for help command","fileTypesAndContributionMap":{}},{"hash":"5bf20560cb92c584383123cf1ba209e1943da17b","isMergeCommit":false,"messageTitle":"Add Junit test for help feature","messageBody":"","fileTypesAndContributionMap":{"functional-code":{"insertions":13,"deletions":5},"test-code":{"insertions":47,"deletions":0}}},{"hash":"0cce6790d3939b1aa5f6309f8c81e87f8490dceb","isMergeCommit":true,"messageTitle":"Merge pull request #29 from TeoHaoZhi/HaoZhi-JUnitTestForHelpFeature","messageBody":"Add Junit test for help feature","fileTypesAndContributionMap":{}}]},{"date":"2023-10-09","commitResults":[{"hash":"44f897c607a7bf71459ce63ef7a22368d8374d2c","isMergeCommit":true,"messageTitle":"Merge pull request #30 from martinschnder/branch-AddCommand","messageBody":"Branch add command","fileTypesAndContributionMap":{}},{"hash":"38f4573bdbf922271274ff418303a83c5ba9778e","isMergeCommit":false,"messageTitle":"Add more class templates","messageBody":"","fileTypesAndContributionMap":{"functional-code":{"insertions":82,"deletions":22}}},{"hash":"7ab218bb640ddf7a60822ecd133989bcd0d2a220","isMergeCommit":true,"messageTitle":"Merge pull request #31 from TeoHaoZhi/HaoZhi-ListCommandHelp","messageBody":"Add more class templates","fileTypesAndContributionMap":{}}]},{"date":"2023-10-10","commitResults":[{"hash":"e366c56327163c3ebdcc63a2889b90ea43218e50","isMergeCommit":false,"messageTitle":"Update userguide markdown file","messageBody":"","fileTypesAndContributionMap":{"docs":{"insertions":154,"deletions":12}}},{"hash":"67f9f7118ed7fe8c06884e7757e87e6c634fa6d8","isMergeCommit":true,"messageTitle":"Merge pull request #32 from TeoHaoZhi/HaoZhi-UserGuideUpdateV1.0","messageBody":"Update userguide markdown file","fileTypesAndContributionMap":{}},{"hash":"b6fd34963d346c40de9d71cb9ea43699a14d4b8d","isMergeCommit":false,"messageTitle":"Update README","messageBody":"","fileTypesAndContributionMap":{"docs":{"insertions":5,"deletions":2}}},{"hash":"a3f768d82e7036ec93e0543e7c2db1847279aa1c","isMergeCommit":true,"messageTitle":"Merge pull request #33 from TeoHaoZhi/HaoZhi-ReadMe","messageBody":"Update README","fileTypesAndContributionMap":{}},{"hash":"dc4311ad9d1840486a71ba7958140542108c093a","isMergeCommit":false,"messageTitle":"Add Junit test for help command","messageBody":"","fileTypesAndContributionMap":{"test-code":{"insertions":29,"deletions":0}}},{"hash":"324c68f05643be382892df3fec2ec0d7ea16d361","isMergeCommit":false,"messageTitle":"Fix checkstyle violation","messageBody":"","fileTypesAndContributionMap":{"test-code":{"insertions":3,"deletions":5}}},{"hash":"7a54cf286c00c3cf7864d2bc4859e14c0e4c9a4d","isMergeCommit":true,"messageTitle":"Merge pull request #35 from TeoHaoZhi/HaoZhi-JUnitTestForHelpFeature","messageBody":"Add Junit test for help command","fileTypesAndContributionMap":{}}]},{"date":"2023-10-11","commitResults":[{"hash":"bac5f0f114fe6974123b6090f5bfc2ad035bbf64","isMergeCommit":false,"messageTitle":"Edit Junit test for help","messageBody":"","fileTypesAndContributionMap":{"functional-code":{"insertions":3,"deletions":1},"test-code":{"insertions":13,"deletions":13}}},{"hash":"e5380e513c5f79d6570dca09171f3f1fc58402d2","isMergeCommit":true,"messageTitle":"Merge pull request #36 from TeoHaoZhi/HaoZhi-JUnitTestForHelpFeature","messageBody":"Edit Junit test for help","fileTypesAndContributionMap":{}},{"hash":"350fcc060811c2f4e25cb36254f2bd7845ea9338","isMergeCommit":false,"messageTitle":"Add methods to write to txt file","messageBody":"","fileTypesAndContributionMap":{"functional-code":{"insertions":17,"deletions":0}}},{"hash":"a46e5821d0bcebdf8cc07433cfb197f7fd91490b","isMergeCommit":false,"messageTitle":"Update method to append to txt file","messageBody":"","fileTypesAndContributionMap":{"functional-code":{"insertions":7,"deletions":4}}},{"hash":"d25c1fefd9e13e3320c18ff49032c4dfc91e93a4","isMergeCommit":false,"messageTitle":"Add login system class to handle login features","messageBody":"","fileTypesAndContributionMap":{"functional-code":{"insertions":124,"deletions":0}}},{"hash":"366c60438a5b4307401d2af9368d4c60d28dc73f","isMergeCommit":false,"messageTitle":"Fix Checkstyle","messageBody":"","fileTypesAndContributionMap":{"functional-code":{"insertions":8,"deletions":8}}},{"hash":"be08c4a84413626b9f7bcc47b0264320f8ecb7bd","isMergeCommit":true,"messageTitle":"Merge pull request #37 from TeoHaoZhi/HaoZhi-LoginFeatureAttempt1","messageBody":"Add login system class","fileTypesAndContributionMap":{}},{"hash":"d2aef4c2cf81d80323363559b85cd7dcc5aad9d1","isMergeCommit":false,"messageTitle":"Fix infinite while  loop","messageBody":"","fileTypesAndContributionMap":{"functional-code":{"insertions":5,"deletions":0}}},{"hash":"5847e7d3f2046d0a5d03b96582f032e83b8d2443","isMergeCommit":false,"messageTitle":"Fix bug of overwriting txt file instead of adding to it","messageBody":"","fileTypesAndContributionMap":{"functional-code":{"insertions":1,"deletions":4}}},{"hash":"f4fec5773b73e56a551fc2f99440e3b21f9646b1","isMergeCommit":false,"messageTitle":"Fix bugs in login system class","messageBody":"","fileTypesAndContributionMap":{"functional-code":{"insertions":89,"deletions":17}}},{"hash":"c35451f09fa1f1f1423fa4e8ad3d75679d362e2b","isMergeCommit":false,"messageTitle":"FIx Bug","messageBody":"","fileTypesAndContributionMap":{"functional-code":{"insertions":30,"deletions":20}}},{"hash":"7617592e5273ba22fa90061e426827bbed215362","isMergeCommit":false,"messageTitle":"Fix checkstyle","messageBody":"","fileTypesAndContributionMap":{"functional-code":{"insertions":4,"deletions":6}}}]},{"date":"2023-10-12","commitResults":[{"hash":"ab49cf95fb9ceab78bfb2b6c312dbd694de75ff9","isMergeCommit":false,"messageTitle":"FIx bug causing failing CI test","messageBody":"","fileTypesAndContributionMap":{"functional-code":{"insertions":19,"deletions":27}}},{"hash":"5323884d9709dde52cf9cd1670bc8f9274e3ad90","isMergeCommit":true,"messageTitle":"Merge pull request #38 from TeoHaoZhi/HaoZhi-LoginFeatureAttempt1","messageBody":"Login attempt bug fix 1","fileTypesAndContributionMap":{}},{"hash":"5b76d7f4809b669df3bcaab0d3c8c352d856d267","isMergeCommit":false,"messageTitle":"Fix printing formatting","messageBody":"","fileTypesAndContributionMap":{"functional-code":{"insertions":21,"deletions":17}}}]},{"date":"2023-10-14","commitResults":[{"hash":"10259ca61e695c8802fec0130f28e74e79e8e7a5","isMergeCommit":false,"messageTitle":"Add assertion for login system","messageBody":"","fileTypesAndContributionMap":{"functional-code":{"insertions":2,"deletions":1},"other":{"insertions":1,"deletions":0}}},{"hash":"988ee96196908057baaa52e3c90e60bf2eda330c","isMergeCommit":false,"messageTitle":"Fix checkstyle","messageBody":"","fileTypesAndContributionMap":{"functional-code":{"insertions":3,"deletions":1}}},{"hash":"6aaeb409f9ed28c1096b87feda862eff1758f9c5","isMergeCommit":false,"messageTitle":"Edit runtest.sh file to disable it","messageBody":"","fileTypesAndContributionMap":{"functional-code":{"insertions":0,"deletions":1},"other":{"insertions":1,"deletions":1}}},{"hash":"e917a9b035a3b985e45f43336a0e3e88a1438d6f","isMergeCommit":false,"messageTitle":"Fix bug","messageBody":"","fileTypesAndContributionMap":{"functional-code":{"insertions":2,"deletions":3},"test-code":{"insertions":1,"deletions":1}}},{"hash":"28336545c9ca20145bd634e797f0ac345650ab7e","isMergeCommit":false,"messageTitle":"Edit runtest.bat to disable IO test","messageBody":"","fileTypesAndContributionMap":{"functional-code":{"insertions":2,"deletions":1},"other":{"insertions":1,"deletions":1}}},{"hash":"389f5999bc5fcee00d3e38aa2b8e6693fcbad44d","isMergeCommit":true,"messageTitle":"Merge pull request #40 from TeoHaoZhi/HaoZhi-BugfixLogin","messageBody":"Add assertion for login system","fileTypesAndContributionMap":{}},{"hash":"fd5869a315e63b3e4c9daa003af97dcd133a587e","isMergeCommit":false,"messageTitle":"Added messages to let UI handle printing of messages","messageBody":"","fileTypesAndContributionMap":{"functional-code":{"insertions":36,"deletions":19}}},{"hash":"38a69c177d2e593158303f95f1e3f2a5e2134ab5","isMergeCommit":false,"messageTitle":"Fix Checkstyle","messageBody":"","fileTypesAndContributionMap":{"functional-code":{"insertions":70,"deletions":22}}},{"hash":"a4be93035d88733cf3f1953bda32ace09527017b","isMergeCommit":true,"messageTitle":"Merge pull request #41 from TeoHaoZhi/LoginMessagesFix","messageBody":"Added messages to let UI handle printing of messages","fileTypesAndContributionMap":{}},{"hash":"3528ac948b94285edb8196292d9955d1559b06dc","isMergeCommit":false,"messageTitle":"Update javadoc for login system class","messageBody":"","fileTypesAndContributionMap":{"functional-code":{"insertions":45,"deletions":3}}},{"hash":"724368c8a4964dddcb0e716f7d37672d523d20f3","isMergeCommit":true,"messageTitle":"Merge pull request #42 from TeoHaoZhi/HaoZhi-JavaDocLoginSystem","messageBody":"Update javadoc for login system class","fileTypesAndContributionMap":{}},{"hash":"c9782f17e67050c1dd5b05b5ff7b3dba093e6780","isMergeCommit":false,"messageTitle":"Added java doc for file storage class","messageBody":"","fileTypesAndContributionMap":{"functional-code":{"insertions":19,"deletions":3}}},{"hash":"01e37de8ce32537e7df7854fa385be003f07ea71","isMergeCommit":true,"messageTitle":"Merge pull request #43 from TeoHaoZhi/Javadoc","messageBody":"Added java doc for file storage class","fileTypesAndContributionMap":{}}]},{"date":"2023-10-15","commitResults":[{"hash":"8573f29dd50f626312f717999098767234e5ab67","isMergeCommit":false,"messageTitle":"Add userguide on login system","messageBody":"","fileTypesAndContributionMap":{"docs":{"insertions":59,"deletions":20}}},{"hash":"df15ef01089d4ccc1210bc929a19a5bc0c69095a","isMergeCommit":false,"messageTitle":"Fix Junit test","messageBody":"","fileTypesAndContributionMap":{"functional-code":{"insertions":18,"deletions":12},"test-code":{"insertions":47,"deletions":30}}},{"hash":"f68a2eea9a7c6a51fc7ed0980c82bbe61486a20c","isMergeCommit":true,"messageTitle":"Merge pull request #47 from TeoHaoZhi/HaoZhi-MarkDown","messageBody":"Edit userguide","fileTypesAndContributionMap":{}},{"hash":"1ec8b571b25dada302c74e04f3398697ab08a189","isMergeCommit":false,"messageTitle":"Fix bug of blank input for username and password","messageBody":"","fileTypesAndContributionMap":{"functional-code":{"insertions":34,"deletions":8}}},{"hash":"6f77ee60f5ed10366ecfbcc8a3d26b20f5c9d528","isMergeCommit":true,"messageTitle":"Merge pull request #48 from TeoHaoZhi/LoginSystemBlankinput","messageBody":"Fix bug of blank input for username and password","fileTypesAndContributionMap":{}}]},{"date":"2023-10-16","commitResults":[{"hash":"b6cb73dbbfd6780178d32c3949b2fd24f046e11e","isMergeCommit":true,"messageTitle":"Merge pull request #50 from Barbaracwx/branch-FindCommandNew","messageBody":"Branch find command new","fileTypesAndContributionMap":{}}]},{"date":"2023-10-17","commitResults":[{"hash":"2d9902628161064ffcd7105230dd6fa765b188ca","isMergeCommit":false,"messageTitle":"Update user guide","messageBody":"","fileTypesAndContributionMap":{"docs":{"insertions":3,"deletions":5}}},{"hash":"e01effd8dc540db39d938e72fa2dc7d0f0cb72b5","isMergeCommit":true,"messageTitle":"Merge pull request #54 from TeoHaoZhi/HaoZhi-UpdateUserGuide","messageBody":"Update user guide","fileTypesAndContributionMap":{}},{"hash":"f53e9e97737095dc7367aba076d5f5f98d120061","isMergeCommit":true,"messageTitle":"Merge pull request #55 from Barbaracwx/branch-TestCodeFindCommand","messageBody":"Added j unit test","fileTypesAndContributionMap":{}},{"hash":"14271486fb1978d5c85475b176ff6f34c0160998","isMergeCommit":true,"messageTitle":"Merge pull request #52 from karishma-t/karishma-DeleteCommand","messageBody":"Add delete command","fileTypesAndContributionMap":{}}]},{"date":"2023-10-18","commitResults":[{"hash":"7d3d19836e43e535ca879db7a2f24e84fb2ade61","isMergeCommit":true,"messageTitle":"Merge pull request #57 from Barbaracwx/master","messageBody":"changed findCommand to add ui class","fileTypesAndContributionMap":{}}]},{"date":"2023-10-19","commitResults":[{"hash":"29f5aec77019ca6585b88faf87f1c5a812cb8663","isMergeCommit":true,"messageTitle":"Merge pull request #60 from Barbaracwx/branch-assertionStatement","messageBody":"added assertion statement","fileTypesAndContributionMap":{}},{"hash":"9c0f2d2c8ce561200f6b7c15c96d645ef87c2357","isMergeCommit":true,"messageTitle":"Merge pull request #61 from Barbaracwx/branch-CodeTest","messageBody":"edited FindCommandTest cases","fileTypesAndContributionMap":{}}]},{"date":"2023-10-20","commitResults":[{"hash":"0d83e630f1be68cc6ee693a7e8e8efd07703d072","isMergeCommit":true,"messageTitle":"Merge pull request #64 from Barbaracwx/branch-FindCommandName","messageBody":"add find command using both name and date","fileTypesAndContributionMap":{}},{"hash":"a5ce4e7ef58f1828ca4061d12735e197f8b1d03e","isMergeCommit":true,"messageTitle":"Merge pull request #66 from Barbaracwx/branch-UserGuide","messageBody":"changed user guide according to new find function","fileTypesAndContributionMap":{}},{"hash":"b24a4051f1319ef08dcf942aa00fd5002f86b3f3","isMergeCommit":false,"messageTitle":"Add register and login commands","messageBody":"","fileTypesAndContributionMap":{"functional-code":{"insertions":83,"deletions":28}}},{"hash":"d48892620bf2425f4d20f7bf67f119d866e7aba6","isMergeCommit":false,"messageTitle":"Fix Checkstyle","messageBody":"","fileTypesAndContributionMap":{"functional-code":{"insertions":14,"deletions":6},"test-code":{"insertions":12,"deletions":2}}},{"hash":"41b3713088803f0fa62c1701e642c1a7f82f3de0","isMergeCommit":true,"messageTitle":"Merge pull request #68 from TeoHaoZhi/HaoZhi-RegisterClass","messageBody":"Add register command and login command","fileTypesAndContributionMap":{}},{"hash":"7cc709dbb251572295f802094e1290f43d252837","isMergeCommit":false,"messageTitle":"Update userguide to reflect register and login feature","messageBody":"","fileTypesAndContributionMap":{"docs":{"insertions":54,"deletions":2}}},{"hash":"2d8343571d10857aae93337064ae0f04eac9105b","isMergeCommit":true,"messageTitle":"Merge pull request #69 from TeoHaoZhi/HaoZhi-UpdateUserGuide","messageBody":"Update userguide to reflect register and login feature","fileTypesAndContributionMap":{}}]},{"date":"2023-10-21","commitResults":[{"hash":"0bf3c4287787d2f9b4bea2ea4dd9c5fdb0da70da","isMergeCommit":false,"messageTitle":"Add save feature","messageBody":"","fileTypesAndContributionMap":{"functional-code":{"insertions":93,"deletions":6},"test-code":{"insertions":5,"deletions":0}}},{"hash":"b18733d8b51c292afa238a16e6cb240638acb2e3","isMergeCommit":true,"messageTitle":"Merge pull request #71 from TeoHaoZhi/HaoZhi-SaveFeature","messageBody":"Add save feature","fileTypesAndContributionMap":{}},{"hash":"f3cc4e3e29ffde5997c1ebbea5db55f590d3e8ff","isMergeCommit":false,"messageTitle":"Update Userguide","messageBody":"","fileTypesAndContributionMap":{"docs":{"insertions":27,"deletions":1}}},{"hash":"5f4541a2603dfded61643c40c14e898d37ae263d","isMergeCommit":true,"messageTitle":"Merge pull request #72 from TeoHaoZhi/HaoZhi-UpdateUserGuide","messageBody":"Update Userguide","fileTypesAndContributionMap":{}},{"hash":"5d82131cb223c10000d72b98f149435e68aba0e8","isMergeCommit":false,"messageTitle":"Update Developer guide","messageBody":"","fileTypesAndContributionMap":{"functional-code":{"insertions":0,"deletions":1},"docs":{"insertions":46,"deletions":0}}},{"hash":"b791625622c1516b144b9178b6a788114f82cfa8","isMergeCommit":true,"messageTitle":"Merge pull request #73 from TeoHaoZhi/HaoZhi-DeveloperGuide","messageBody":"Update Developer guide","fileTypesAndContributionMap":{}},{"hash":"0699a596754f2b7bcc9f8b9c8be51117e12076c8","isMergeCommit":false,"messageTitle":"Update DeveloperGuide to include login system component","messageBody":"","fileTypesAndContributionMap":{"docs":{"insertions":69,"deletions":3}}},{"hash":"718424751b2e26e41abb1a6a086f72f8d92057cb","isMergeCommit":true,"messageTitle":"Merge pull request #74 from TeoHaoZhi/HaoZhi-DeveloperGuide","messageBody":"Update DeveloperGuide to include login system component","fileTypesAndContributionMap":{}},{"hash":"b28bae84c2fa402631c454cf16c43958e15246f8","isMergeCommit":false,"messageTitle":"Add exception handling for authenticateUserChoice method","messageBody":"","fileTypesAndContributionMap":{"functional-code":{"insertions":36,"deletions":64},"test-code":{"insertions":0,"deletions":32}}},{"hash":"09293249c3f92cca9610c6b6ba142746f72f48bc","isMergeCommit":false,"messageTitle":"Add Java Docs","messageBody":"","fileTypesAndContributionMap":{"functional-code":{"insertions":9,"deletions":3}}},{"hash":"caf33c93038f985dd0c421a78c1fc6ef14488a58","isMergeCommit":false,"messageTitle":"Add Java docs","messageBody":"","fileTypesAndContributionMap":{"functional-code":{"insertions":9,"deletions":3}}},{"hash":"7f6e4dff2b472cb0a5c1c4ce0ecee507b448bc43","isMergeCommit":false,"messageTitle":"Fix Checkstyle","messageBody":"","fileTypesAndContributionMap":{"test-code":{"insertions":0,"deletions":2}}},{"hash":"f1c6fa86da1e89edb3bb0802ead8b106089ea597","isMergeCommit":true,"messageTitle":"Merge pull request #75 from TeoHaoZhi/HaoZhi-Exceptions","messageBody":"Add execeptions and java docs","fileTypesAndContributionMap":{}}]},{"date":"2023-10-23","commitResults":[{"hash":"9fea2f7bfa79c6c199ae33ed4f31dd788db2db55","isMergeCommit":true,"messageTitle":"Merge pull request #76 from martinschnder/sellCommand","messageBody":"Modify inventory structure and add all the command needed to make a sale","fileTypesAndContributionMap":{}}]},{"date":"2023-10-24","commitResults":[{"hash":"343ee190fb97f978ea49283551f6b591dd74267d","isMergeCommit":false,"messageTitle":"Update Developer Guide","messageBody":"","fileTypesAndContributionMap":{"docs":{"insertions":41,"deletions":1}}},{"hash":"667c4a20e434525f5a1a9f4039e3c5656142ab8b","isMergeCommit":true,"messageTitle":"Merge pull request #78 from TeoHaoZhi/HaoZhi-DeveloperGuide","messageBody":"Update Developer Guide","fileTypesAndContributionMap":{}}]},{"date":"2023-10-25","commitResults":[{"hash":"0a9460e3de3e58fce483e11d6e315f2a2a66ea09","isMergeCommit":false,"messageTitle":"Update Developer Guide","messageBody":"","fileTypesAndContributionMap":{"docs":{"insertions":1,"deletions":0}}},{"hash":"d6550e227a02e5ad46ede2649311aef426157414","isMergeCommit":true,"messageTitle":"Merge pull request #79 from TeoHaoZhi/HaoZhi-DeveloperGuide","messageBody":"Update Developer Guide","fileTypesAndContributionMap":{}},{"hash":"c92c67f4c1c94bc78dc52f58b399463f79446b6d","isMergeCommit":false,"messageTitle":"Update Developer Guide","messageBody":"","fileTypesAndContributionMap":{"docs":{"insertions":0,"deletions":2}}},{"hash":"703a81938475b50a9ace0d9f0cdf0cb8af2b34f7","isMergeCommit":false,"messageTitle":"Update Developer Guide","messageBody":"","fileTypesAndContributionMap":{"docs":{"insertions":3,"deletions":0}}},{"hash":"0baae65260c6fd8d638c021533b2542c4303c532","isMergeCommit":true,"messageTitle":"Merge pull request #81 from TeoHaoZhi/HaoZhi-DeveloperGuide","messageBody":"Update Developer Guide","fileTypesAndContributionMap":{}},{"hash":"68c9a0f44cb5a6028a69c5594fc19067342b1bab","isMergeCommit":true,"messageTitle":"Merge pull request #80 from Barbaracwx/branch-DeveloperGuide","messageBody":"updated Developer\u0027s Guide","fileTypesAndContributionMap":{}},{"hash":"6adc3cfd32ab71f4d124fc8771bd03d92a8c4cc9","isMergeCommit":false,"messageTitle":"Update Developer Guide","messageBody":"","fileTypesAndContributionMap":{"docs":{"insertions":0,"deletions":3}}},{"hash":"33e5b4e4146befa4911d42d109c138db7dea126c","isMergeCommit":false,"messageTitle":"Update Developer Guide","messageBody":"","fileTypesAndContributionMap":{"docs":{"insertions":5,"deletions":5}}},{"hash":"f6dc78291cee2f7449a9d394b0ddd239d5741a5a","isMergeCommit":true,"messageTitle":"Merge pull request #82 from TeoHaoZhi/HaoZhi-DeveloperGuide","messageBody":"Update Developer Guide","fileTypesAndContributionMap":{}},{"hash":"505f9c3c012219f07d38e5f2d03df9b2c8279921","isMergeCommit":true,"messageTitle":"Merge pull request #83 from Barbaracwx/branch-developersguideNew","messageBody":"updated developer\u0027s guide","fileTypesAndContributionMap":{}},{"hash":"674724af608464b0234c47546677d88ec094dba1","isMergeCommit":true,"messageTitle":"Merge pull request #85 from Barbaracwx/master","messageBody":"added uml diagrams","fileTypesAndContributionMap":{}}]},{"date":"2023-10-26","commitResults":[{"hash":"21d68cfa0f59bf19906c45126f282343b31d5e46","isMergeCommit":true,"messageTitle":"Merge pull request #89 from Barbaracwx/findcommandtest","messageBody":"Findcommandtest","fileTypesAndContributionMap":{}},{"hash":"1a0eacc8cf28b010d683eb8d3a33a54ec95817d1","isMergeCommit":true,"messageTitle":"Merge pull request #91 from karishma-t/karishma-Developer-Guide","messageBody":"Modify DG for delete","fileTypesAndContributionMap":{}}]},{"date":"2023-10-28","commitResults":[{"hash":"e3356ce5fbcc07cc6748c03ac24376471d6d0a67","isMergeCommit":false,"messageTitle":"Update UML","messageBody":"","fileTypesAndContributionMap":{"docs":{"insertions":4,"deletions":20}}},{"hash":"71b41675d7a09a3cb8d6dd173ec740a1a998ce8d","isMergeCommit":true,"messageTitle":"Merge pull request #93 from TeoHaoZhi/UML","messageBody":"Update UML","fileTypesAndContributionMap":{}},{"hash":"e14d45429110d0454025237a1fb5c3259767bfa8","isMergeCommit":false,"messageTitle":"Add addVendor Command","messageBody":"","fileTypesAndContributionMap":{"functional-code":{"insertions":116,"deletions":16}}},{"hash":"b284882a9d1d2fd1a2ab200a0535cf84893fbe81","isMergeCommit":false,"messageTitle":"Fix Checkstyle","messageBody":"","fileTypesAndContributionMap":{"functional-code":{"insertions":20,"deletions":14}}},{"hash":"e4693841e4871364b409a2e567344d3b2d1c6d20","isMergeCommit":true,"messageTitle":"Merge pull request #95 from Barbaracwx/branch-StockLevel","messageBody":"added new stock level command","fileTypesAndContributionMap":{}},{"hash":"ec3e45d82c30f673e4397e7ff92f81036c1ee804","isMergeCommit":true,"messageTitle":"Merge branch \u0027master\u0027 into Vendors","messageBody":"","fileTypesAndContributionMap":{}},{"hash":"16c103da5094704ef33f3bcce063383e7d27b627","isMergeCommit":true,"messageTitle":"Merge pull request #94 from TeoHaoZhi/Vendors","messageBody":"Add addVendor Feature","fileTypesAndContributionMap":{}},{"hash":"7771c5e3be64819ed47f08353d536e8597dd27b9","isMergeCommit":false,"messageTitle":"Fix addVendor bug","messageBody":"","fileTypesAndContributionMap":{"functional-code":{"insertions":1,"deletions":1}}},{"hash":"59675fad58796c4a82fbbeebc773a67e88b1f63c","isMergeCommit":true,"messageTitle":"Merge pull request #98 from TeoHaoZhi/Vendors","messageBody":"Fix addVendor bug","fileTypesAndContributionMap":{}},{"hash":"dd8be75f2dcad5340c4c1c01f8bc3b07d81ec7a6","isMergeCommit":false,"messageTitle":"Fix abstraction","messageBody":"","fileTypesAndContributionMap":{"functional-code":{"insertions":16,"deletions":31}}},{"hash":"8003e19cfac858b4a412d0893f0fea135324c2d9","isMergeCommit":true,"messageTitle":"Merge pull request #99 from TeoHaoZhi/FixAbstraction","messageBody":"Fix abstraction","fileTypesAndContributionMap":{}},{"hash":"0d5a92c12ad67bc214a2b6cf1577ed6e04088fe9","isMergeCommit":false,"messageTitle":"Add VendorList Feature","messageBody":"","fileTypesAndContributionMap":{"functional-code":{"insertions":53,"deletions":1},"test-code":{"insertions":61,"deletions":47}}},{"hash":"ade809a860d139a306dde45776fa856e5b1ebf30","isMergeCommit":true,"messageTitle":"Merge pull request #101 from TeoHaoZhi/VendorListFeature","messageBody":"Add VendorList Feature","fileTypesAndContributionMap":{}}]},{"date":"2023-10-29","commitResults":[{"hash":"6cc361564e253b755fbd64da229ec2b717368599","isMergeCommit":false,"messageTitle":"Update Java Docs","messageBody":"","fileTypesAndContributionMap":{"functional-code":{"insertions":14,"deletions":2}}},{"hash":"7544968cd74382ab68734fe61607008395dd4610","isMergeCommit":true,"messageTitle":"Merge pull request #102 from TeoHaoZhi/Javadoc","messageBody":"Update Java Docs","fileTypesAndContributionMap":{}},{"hash":"c6381578a9674e214188ccce351a9f40b917e5be","isMergeCommit":false,"messageTitle":"Update User guide","messageBody":"","fileTypesAndContributionMap":{"docs":{"insertions":51,"deletions":2}}},{"hash":"fef7feda7f40d84f6f849e6dd19c1a2f9f44f461","isMergeCommit":true,"messageTitle":"Merge pull request #103 from TeoHaoZhi/UserGuide","messageBody":"Update User guide and UML diagram","fileTypesAndContributionMap":{}},{"hash":"f794fa615e63df9591f96720f081f57b1e167b13","isMergeCommit":false,"messageTitle":"Update Developer guide","messageBody":"","fileTypesAndContributionMap":{"docs":{"insertions":15,"deletions":1}}},{"hash":"035e8005eabf106c4bae9247d28d93e9844c947a","isMergeCommit":true,"messageTitle":"Merge pull request #104 from TeoHaoZhi/DeveloperGuide","messageBody":"Update Developer guide","fileTypesAndContributionMap":{}},{"hash":"4d74b146a0b288d69094b0a9651b8bfb6a83d29a","isMergeCommit":false,"messageTitle":"Update Developer guide","messageBody":"","fileTypesAndContributionMap":{"docs":{"insertions":20,"deletions":0}}},{"hash":"449e91de789b9a45040398b06f64e79ba7746940","isMergeCommit":true,"messageTitle":"Merge pull request #106 from TeoHaoZhi/DeveloperGuide","messageBody":"Update Developer guide","fileTypesAndContributionMap":{}},{"hash":"9097e5b1de1d8e8f285f9963c23a981291f40d7c","isMergeCommit":true,"messageTitle":"Merge pull request #107 from Barbaracwx/branch-UGnew","messageBody":"updated UG with stock level command","fileTypesAndContributionMap":{}},{"hash":"16c27768dd4411ee65ada23e2ced21503514493f","isMergeCommit":false,"messageTitle":"Update Developer Guide","messageBody":"","fileTypesAndContributionMap":{"docs":{"insertions":13,"deletions":1}}},{"hash":"6486fe783c57563e9785ee0d2094b56b74ba2af3","isMergeCommit":true,"messageTitle":"Merge pull request #108 from TeoHaoZhi/DeveloperGuide","messageBody":"Update Developer Guide","fileTypesAndContributionMap":{}},{"hash":"fe61f782aaefc5bdd638ba5d44f2426f6d49475c","isMergeCommit":false,"messageTitle":"Update Developer Guide","messageBody":"","fileTypesAndContributionMap":{"docs":{"insertions":13,"deletions":0}}},{"hash":"a0c49e6186db8768dba66f3514bdf382e81e5255","isMergeCommit":true,"messageTitle":"Merge pull request #109 from TeoHaoZhi/DeveloperGuide","messageBody":"Update Developer Guide","fileTypesAndContributionMap":{}},{"hash":"e2c7c8aa62125a76dae3ae4eb1dee3b22e5ced5f","isMergeCommit":true,"messageTitle":"Merge pull request #110 from Barbaracwx/branch-stocklevelcommandtest","messageBody":"added stock level command test","fileTypesAndContributionMap":{}}]},{"date":"2023-10-30","commitResults":[{"hash":"99a653ca1f358d68dca01775ae844424f29d58d3","isMergeCommit":false,"messageTitle":"Update user stories in developer guide","messageBody":"","fileTypesAndContributionMap":{"docs":{"insertions":12,"deletions":9}}},{"hash":"1ddfd266cc46d84059ddb735d986e454e7ea48a9","isMergeCommit":true,"messageTitle":"Merge pull request #114 from TeoHaoZhi/DeveloperGuide","messageBody":"Update user stories in developer guide","fileTypesAndContributionMap":{}},{"hash":"136f039ce2872e4994a96adc8cf15f75f467dda8","isMergeCommit":true,"messageTitle":"Merge pull request #117 from Barbaracwx/branch-newListThreshold","messageBody":"add new list threshold command","fileTypesAndContributionMap":{}},{"hash":"c633713005d3c2bd179b5af4e6686b4d4289bb45","isMergeCommit":true,"messageTitle":"Merge pull request #118 from Barbaracwx/branch-newListThreshold","messageBody":"added List Threshold Command Test","fileTypesAndContributionMap":{}}]},{"date":"2023-10-31","commitResults":[{"hash":"fe89447933c98a7254740addddfc5e0cf6fd4cda","isMergeCommit":true,"messageTitle":"Merge pull request #126 from Barbaracwx/DG-parser","messageBody":"added description for parser class in DG","fileTypesAndContributionMap":{}},{"hash":"57ee8fc6c6b2185bfb9cad1638ff39ec5629338b","isMergeCommit":true,"messageTitle":"Merge pull request #127 from karishma-t/karishma-VendorSupply","messageBody":"Karishma vendor supply","fileTypesAndContributionMap":{}},{"hash":"72f99025b879f2f438767edb40a5fa8119f94170","isMergeCommit":true,"messageTitle":"Merge pull request #128 from Barbaracwx/DG-parser","messageBody":"added parser diagram","fileTypesAndContributionMap":{}}]},{"date":"2023-11-01","commitResults":[{"hash":"407d2dd9c5926becd4373c76f0463386eb18b198","isMergeCommit":true,"messageTitle":"Merge pull request #129 from Barbaracwx/branch-updateUG","messageBody":"update UG","fileTypesAndContributionMap":{}},{"hash":"dd17f9b22d031de4e7c8a1b7fb54f1d267ccd4bf","isMergeCommit":true,"messageTitle":"Merge pull request #130 from karishma-t/karishma-updateUG","messageBody":"Update UG","fileTypesAndContributionMap":{}}]},{"date":"2023-11-04","commitResults":[{"hash":"5cb9b755b78fb3d3364cc1b631d5d8de9ada5669","isMergeCommit":false,"messageTitle":"Fix Ped Bug","messageBody":"","fileTypesAndContributionMap":{"docs":{"insertions":0,"deletions":24}}},{"hash":"ef45263345a982c182cf9a570fdd9921f6d9ccac","isMergeCommit":false,"messageTitle":"Fix Ped UserGuide bug","messageBody":"","fileTypesAndContributionMap":{"docs":{"insertions":6,"deletions":1}}},{"hash":"a946e64f1d994f2a99143625b76b6859a223913a","isMergeCommit":true,"messageTitle":"Merge pull request #208 from TeoHaoZhi/PED_Bug_Fixes_HaoZhi","messageBody":"Ped bug fixes hao zhi","fileTypesAndContributionMap":{}},{"hash":"e7640febc4a8ee83ac38a64b4ceb5f6282564621","isMergeCommit":false,"messageTitle":"Fix login system PED Bugs","messageBody":"","fileTypesAndContributionMap":{"functional-code":{"insertions":4,"deletions":4}}},{"hash":"741f27e8b78696049da9188182534b690a2058cf","isMergeCommit":true,"messageTitle":"Merge pull request #209 from TeoHaoZhi/PED_Bug_Fixes_HaoZhi","messageBody":"Fix login system PED Bugs","fileTypesAndContributionMap":{}},{"hash":"7e111f887969a02d845722ee47579404233e5936","isMergeCommit":false,"messageTitle":"Fix grammer error","messageBody":"","fileTypesAndContributionMap":{"functional-code":{"insertions":1,"deletions":1}}},{"hash":"037a76facc4108c9f8ca24b236d49c1c4e2e1116","isMergeCommit":false,"messageTitle":"Update UserGuide FAQ","messageBody":"","fileTypesAndContributionMap":{"docs":{"insertions":5,"deletions":1}}},{"hash":"509339ae773b7a8cbd5508b6adc4117c51cd5f74","isMergeCommit":true,"messageTitle":"Merge pull request #210 from TeoHaoZhi/PED_Bug_Fixes_HaoZhi","messageBody":"Ped bug fixes hao zhi","fileTypesAndContributionMap":{}},{"hash":"07a567585e6de9d58103e99c06582a06c56c36b6","isMergeCommit":false,"messageTitle":"Update UserGuide to fix PED bug","messageBody":"","fileTypesAndContributionMap":{"docs":{"insertions":1,"deletions":1}}},{"hash":"ad706645187212947926bcedf3af1a041ef181f1","isMergeCommit":false,"messageTitle":"Fix User Guide PED Bug","messageBody":"","fileTypesAndContributionMap":{"docs":{"insertions":6,"deletions":1}}},{"hash":"83997d31f2199fc69afa7f4084351aa30ec05a82","isMergeCommit":true,"messageTitle":"Merge pull request #211 from TeoHaoZhi/PED_Bug_Fixes_HaoZhi","messageBody":"Ped bug fixes hao zhi","fileTypesAndContributionMap":{}},{"hash":"76a4f629ec37687e5c39cfa0f0befd7a39061c44","isMergeCommit":false,"messageTitle":"Fix UserGuide PED","messageBody":"","fileTypesAndContributionMap":{"docs":{"insertions":1,"deletions":1}}},{"hash":"940f9063964bd156950aecebdb3a381e26fd3348","isMergeCommit":true,"messageTitle":"Merge pull request #212 from TeoHaoZhi/PED_Bug_Fixes_HaoZhi","messageBody":"Fix UserGuide PED","fileTypesAndContributionMap":{}},{"hash":"408b7dc0b2b4fda95a9e5222a1b14ab2ce9ceadc","isMergeCommit":false,"messageTitle":"Add Table of contents to UserGuide to fix PED issue","messageBody":"","fileTypesAndContributionMap":{"docs":{"insertions":8,"deletions":0}}},{"hash":"b676f6fb354c02ee0bbee823ee4112b33a431dd3","isMergeCommit":true,"messageTitle":"Merge pull request #213 from TeoHaoZhi/PED_Bug_Fixes_HaoZhi","messageBody":"Add Table of contents to UserGuide to fix PED issue","fileTypesAndContributionMap":{}},{"hash":"7928b0b252f70171a95cd2ed69e8ee076e101cce","isMergeCommit":false,"messageTitle":"Fix Ped Bugs","messageBody":"","fileTypesAndContributionMap":{"functional-code":{"insertions":17,"deletions":14},"docs":{"insertions":1,"deletions":0}}},{"hash":"f907e0a9f254365eb50de545c8deaa76922b616d","isMergeCommit":false,"messageTitle":"Fix Checkstyle","messageBody":"","fileTypesAndContributionMap":{"functional-code":{"insertions":15,"deletions":1}}},{"hash":"c5fd2260c883ae7d176352a5f30c9b25d8ea3ba8","isMergeCommit":true,"messageTitle":"Merge pull request #214 from TeoHaoZhi/PED_Bug_Fixes_HaoZhi","messageBody":"Ped bug fixes hao zhi","fileTypesAndContributionMap":{}},{"hash":"99c5b4176928a1f4f250c5d073759e2dde809ce2","isMergeCommit":false,"messageTitle":"Fix userguide PED Bug","messageBody":"","fileTypesAndContributionMap":{"docs":{"insertions":4,"deletions":0}}},{"hash":"95adc7ff7f36996d35938e257943a11c4eecefa7","isMergeCommit":true,"messageTitle":"Merge pull request #215 from TeoHaoZhi/PED_Bug_Fixes_HaoZhi","messageBody":"Fix userguide PED Bug","fileTypesAndContributionMap":{}},{"hash":"ad470e2cc641d4a17a033e45e23c976e1125bcd3","isMergeCommit":false,"messageTitle":"Fix PED save command bug","messageBody":"","fileTypesAndContributionMap":{"functional-code":{"insertions":7,"deletions":1}}},{"hash":"890992442e02d2d69054b43ac83479eb0a5d1391","isMergeCommit":false,"messageTitle":"Fix PED bug","messageBody":"","fileTypesAndContributionMap":{"functional-code":{"insertions":2,"deletions":2}}},{"hash":"18ef8993897d5c038effe37dd607c539f979911a","isMergeCommit":true,"messageTitle":"Merge pull request #216 from TeoHaoZhi/PED_Bug_Fixes_HaoZhi","messageBody":"Fix PED save command bug","fileTypesAndContributionMap":{}}]},{"date":"2023-11-05","commitResults":[{"hash":"9d70ab9d3b8e1044eb85dab696e2192395fc5d11","isMergeCommit":false,"messageTitle":"Edit ReadMe landing page","messageBody":"","fileTypesAndContributionMap":{"docs":{"insertions":2,"deletions":1}}},{"hash":"099d1f334f2bbf175e4ccd79fcd5716028f4fe32","isMergeCommit":true,"messageTitle":"Merge pull request #217 from TeoHaoZhi/PPP-HaoZhi","messageBody":"Edit ReadMe landing page","fileTypesAndContributionMap":{}},{"hash":"9bee0f499e30148f3f3cfe5a5194f3f5f804959e","isMergeCommit":false,"messageTitle":"Update PPP","messageBody":"","fileTypesAndContributionMap":{"docs":{"insertions":52,"deletions":2}}},{"hash":"ad34339f69383a30e413378d06692055be111c65","isMergeCommit":true,"messageTitle":"Merge pull request #218 from TeoHaoZhi/PPP-HaoZhi","messageBody":"Update PPP","fileTypesAndContributionMap":{}},{"hash":"b04611cb1d368a224814012101f1fd389ad29702","isMergeCommit":false,"messageTitle":"Update PPP Links","messageBody":"","fileTypesAndContributionMap":{"docs":{"insertions":5,"deletions":5}}},{"hash":"83bb1dca8e10e43c26fa0ebea7f06b631964c8d6","isMergeCommit":true,"messageTitle":"Merge pull request #219 from TeoHaoZhi/PPP-HaoZhi","messageBody":"Update PPP Links","fileTypesAndContributionMap":{}},{"hash":"fa1bb1b4505d09ffdbf36ea0a0f4d87ee48ad552","isMergeCommit":false,"messageTitle":"Update PPP Links","messageBody":"","fileTypesAndContributionMap":{"docs":{"insertions":3,"deletions":3}}},{"hash":"ba2a4ae254b7e9f82847d772fc05cf495e117c84","isMergeCommit":true,"messageTitle":"Merge pull request #220 from TeoHaoZhi/PPP-HaoZhi","messageBody":"Update PPP Links","fileTypesAndContributionMap":{}},{"hash":"fec3be5a6fa2fa214fd346d783f2e9c942b3e3f2","isMergeCommit":false,"messageTitle":"Edit userguide","messageBody":"","fileTypesAndContributionMap":{"docs":{"insertions":1,"deletions":0}}},{"hash":"7027ee1d1c6a2c6a2117adc541bbf03bd588d904","isMergeCommit":false,"messageTitle":"Update PPP","messageBody":"","fileTypesAndContributionMap":{"docs":{"insertions":8,"deletions":9}}},{"hash":"1da900f0d69a5a9351cb1cf9500fa2b75ea09042","isMergeCommit":false,"messageTitle":"Update PPP","messageBody":"","fileTypesAndContributionMap":{"docs":{"insertions":1,"deletions":1}}},{"hash":"7bc16f89ca1ad9ea5a653f9806149ab3aaf738b3","isMergeCommit":true,"messageTitle":"Merge pull request #221 from TeoHaoZhi/PPP-HaoZhi","messageBody":"Update PPP hao zhi","fileTypesAndContributionMap":{}},{"hash":"4be24b726db32a7ce8e42f820873497bfa4a3465","isMergeCommit":false,"messageTitle":"Update UML Diagram and PPP","messageBody":"","fileTypesAndContributionMap":{"docs":{"insertions":13,"deletions":1}}},{"hash":"f749837870c9c7ac5a9a93f49f8a7859272b5a1c","isMergeCommit":false,"messageTitle":"Edit UML Diagram","messageBody":"","fileTypesAndContributionMap":{"docs":{"insertions":4,"deletions":1}}},{"hash":"91a611bf8b1b2a945b1641b97c8e79e17d9c4bc5","isMergeCommit":false,"messageTitle":"Update UML","messageBody":"","fileTypesAndContributionMap":{"docs":{"insertions":5,"deletions":2}}},{"hash":"b7bbc03b3783c4dd011cc67e7c2ce8c2adc8d5f4","isMergeCommit":true,"messageTitle":"Merge pull request #222 from TeoHaoZhi/PPP-HaoZhi","messageBody":"Update UML Diagram and PPP","fileTypesAndContributionMap":{}},{"hash":"3cd46d1a580de23d6e567d0d356a71cf57e84d7a","isMergeCommit":false,"messageTitle":"Update Developer Guide","messageBody":"","fileTypesAndContributionMap":{"docs":{"insertions":55,"deletions":12}}},{"hash":"4d0ce8980cc34d24efa6726c2d7672591acda43d","isMergeCommit":true,"messageTitle":"Merge pull request #223 from TeoHaoZhi/DG_PED_FIXES","messageBody":"Update Developer Guide","fileTypesAndContributionMap":{}}]},{"date":"2023-11-06","commitResults":[{"hash":"10dc763e65dfc4c3e51544a1949e25d94eb26697","isMergeCommit":false,"messageTitle":"Fix bug that allowed duplicate vendor entry","messageBody":"","fileTypesAndContributionMap":{"functional-code":{"insertions":16,"deletions":1}}},{"hash":"3dcec03b06cf02c3d6581314563b55225ada345d","isMergeCommit":false,"messageTitle":"Fix Checkstyle","messageBody":"","fileTypesAndContributionMap":{"functional-code":{"insertions":2,"deletions":2}}},{"hash":"4b763e4da1ec069b6782408fbbb141eafae80b09","isMergeCommit":true,"messageTitle":"Merge pull request #224 from TeoHaoZhi/AddVendorDuplicateFix","messageBody":"Fix bug that allowed duplicate vendor entry","fileTypesAndContributionMap":{}}]},{"date":"2023-11-07","commitResults":[{"hash":"4c14a549a9506cd2035e6e66b17630620cec778c","isMergeCommit":true,"messageTitle":"Merge pull request #229 from Barbaracwx/branch-Issues","messageBody":"solve issue of help command","fileTypesAndContributionMap":{}}]},{"date":"2023-11-08","commitResults":[{"hash":"6153a323ccc85e72111b6731c479e15c1d4c7470","isMergeCommit":true,"messageTitle":"Merge pull request #230 from Barbaracwx/branch-AlertUser","messageBody":"added alert when below threshold level","fileTypesAndContributionMap":{}},{"hash":"edf6972a759046818f27a4368da1ade8c857c941","isMergeCommit":true,"messageTitle":"Merge pull request #231 from Barbaracwx/branch-FixDG","messageBody":"fix issue #200 inconsistent date formatting","fileTypesAndContributionMap":{}},{"hash":"26a32094df84675027aed0a9e58339e82b5f992e","isMergeCommit":true,"messageTitle":"Merge pull request #232 from Barbaracwx/branch-FixIssue","messageBody":"made sure that invalid command not caught fixed issue #189","fileTypesAndContributionMap":{}},{"hash":"e4a06f897a7859fafeaecce1921c5b67643737cb","isMergeCommit":true,"messageTitle":"Merge pull request #234 from Barbaracwx/aboutus","messageBody":"updated about us","fileTypesAndContributionMap":{}},{"hash":"6d8143b534f46c33fa9cfdf687b016ec02b4e394","isMergeCommit":true,"messageTitle":"Merge pull request #235 from Barbaracwx/aboutus","messageBody":"edited help command","fileTypesAndContributionMap":{}},{"hash":"f3226643898e2d2360bdc89ad0ed1c64250b8f87","isMergeCommit":true,"messageTitle":"Merge pull request #236 from Barbaracwx/master","messageBody":"changed add command to return the appropriate message success","fileTypesAndContributionMap":{}},{"hash":"f3f9994811157d23d77572aad6dab86b4c7dcd74","isMergeCommit":true,"messageTitle":"Merge pull request #237 from Barbaracwx/branch-Fix-Issue","messageBody":"Fixed issue #164 - program crashes when \u0027\\\u0027 is included in command input","fileTypesAndContributionMap":{}},{"hash":"20448333de6bbd0814e70c5eda0bec107638f71a","isMergeCommit":true,"messageTitle":"Merge pull request #238 from Barbaracwx/branch-Fix-Issue","messageBody":"fixed issue #167 adding the same drug to a vendor twice causes it to …","fileTypesAndContributionMap":{}},{"hash":"73a7fb9fce9b7d7c43dc6b10e799651e6b04b1b3","isMergeCommit":true,"messageTitle":"Merge pull request #239 from Barbaracwx/branch-Fix-Issue","messageBody":"fixed issue #174 - all functions are specified in user guide in comma…","fileTypesAndContributionMap":{}},{"hash":"42dce0d5c30a903844dc09a69c483a3fa6d63db6","isMergeCommit":true,"messageTitle":"Merge pull request #240 from Barbaracwx/branch-Fix-Issue","messageBody":"fixed issue #203 - added rationale behind cart features","fileTypesAndContributionMap":{}}]},{"date":"2023-11-09","commitResults":[{"hash":"3b162897dc090ccfce56198a644d1b731a03a5d7","isMergeCommit":false,"messageTitle":"Changed file name to enable PPP to be tracked","messageBody":"","fileTypesAndContributionMap":{"docs":{"insertions":2,"deletions":2}}},{"hash":"4ca2c2e434c62079b7037b322ff351253b8a6e41","isMergeCommit":true,"messageTitle":"Merge pull request #251 from karishma-t/karishma-fixIssue","messageBody":"Karishma fix vendor supply","fileTypesAndContributionMap":{}},{"hash":"e247f23aec21daa37ab79b13b37cf3bd4c1fdb24","isMergeCommit":true,"messageTitle":"Merge pull request #252 from TeoHaoZhi/PPPDRAFT","messageBody":"Changed file name to enable PPP to be tracked","fileTypesAndContributionMap":{}},{"hash":"556b0c677ab4b863b547bc1620aa2b16cf223ecf","isMergeCommit":true,"messageTitle":"Merge pull request #253 from Barbaracwx/tryexpireddate","messageBody":"added expiry date function to list","fileTypesAndContributionMap":{}},{"hash":"2401a8529389f966e5e67f0122a6364c9a7d2939","isMergeCommit":false,"messageTitle":"Change name to fit command better","messageBody":"","fileTypesAndContributionMap":{"functional-code":{"insertions":1,"deletions":1},"docs":{"insertions":3,"deletions":3}}},{"hash":"cfc5aa927bc68f25521fb8b622848af52bcec5f0","isMergeCommit":false,"messageTitle":"Fix bug","messageBody":"","fileTypesAndContributionMap":{"test-code":{"insertions":2,"deletions":2}}},{"hash":"d814853f08d4de2ebb3ea215930fa9a81b757186","isMergeCommit":true,"messageTitle":"Merge pull request #255 from TeoHaoZhi/SAVECOMMAND","messageBody":"Change name to fit command better","tags":["demo"],"fileTypesAndContributionMap":{}},{"hash":"5ad17639da3af929d492458908fe04f57e86b12d","isMergeCommit":true,"messageTitle":"Merge pull request #256 from Barbaracwx/master","messageBody":"changed add command user guide","fileTypesAndContributionMap":{}},{"hash":"2d28de75b81a7b24a3716dce5a58918b937e55dc","isMergeCommit":true,"messageTitle":"Merge pull request #257 from Barbaracwx/master","messageBody":"changed help command to add add","fileTypesAndContributionMap":{}},{"hash":"5b9b1c71ce5e5d2703ea6141540a2eb4df3c1db8","isMergeCommit":false,"messageTitle":"Fix bug of corrupted files","messageBody":"","fileTypesAndContributionMap":{"functional-code":{"insertions":34,"deletions":11}}},{"hash":"710a84527e65511835a248be2eb64ca3b1a835ed","isMergeCommit":true,"messageTitle":"Merge pull request #259 from TeoHaoZhi/SaveBugFix","messageBody":"Fix bug of corrupted files","fileTypesAndContributionMap":{}},{"hash":"418f886c40aca3e89e07584305ec7f69ccfe692c","isMergeCommit":false,"messageTitle":"Fix drug corrupted txt file bug","messageBody":"","fileTypesAndContributionMap":{"functional-code":{"insertions":17,"deletions":7}}},{"hash":"39261134d0bcec6f2c907b3ca2870cc5d822c33f","isMergeCommit":false,"messageTitle":"Fix Checkstyle","messageBody":"","fileTypesAndContributionMap":{"functional-code":{"insertions":7,"deletions":2}}},{"hash":"c2912440bd648d54aa6c08c32fc900247125ff48","isMergeCommit":true,"messageTitle":"Merge pull request #260 from TeoHaoZhi/FixDrugCorruptedFileBug","messageBody":"Fix drug corrupted txt file bug","fileTypesAndContributionMap":{}}]}],"Barbaracwx":[{"date":"2023-10-05","commitResults":[{"hash":"91e8e21dc2263c8657a5df7cb911512e24f1bf43","isMergeCommit":false,"messageTitle":"Added Barbara.md","messageBody":"","fileTypesAndContributionMap":{"docs":{"insertions":13,"deletions":7}}},{"hash":"ad260c19eda658e1aa9478315b4eb25553e0b865","isMergeCommit":true,"messageTitle":"Merge branch \u0027Barbaracwx-AboutUs\u0027","messageBody":"","fileTypesAndContributionMap":{}}]},{"date":"2023-10-12","commitResults":[{"hash":"4e4b091ddc0b16dd22533420b4b27b848a03b825","isMergeCommit":true,"messageTitle":"Merge branch \u0027master\u0027 of https://github.com/Barbaracwx/tp","messageBody":"","fileTypesAndContributionMap":{}}]},{"date":"2023-10-15","commitResults":[{"hash":"180b32eebac4e0d2436dabe817edb0cba055abd9","isMergeCommit":true,"messageTitle":"Merge branch \u0027master\u0027 of https://github.com/Barbaracwx/tp","messageBody":"","fileTypesAndContributionMap":{}},{"hash":"84b79a21099e3b74dc3e06f5eba86dff72264aba","isMergeCommit":false,"messageTitle":"Add Find Command","messageBody":"","fileTypesAndContributionMap":{"functional-code":{"insertions":36,"deletions":15}}},{"hash":"86beea836dfe6c2c103e3f4d3fdb76fc7d9d0a35","isMergeCommit":true,"messageTitle":"Merge branch \u0027branch-findCommand\u0027","messageBody":"","fileTypesAndContributionMap":{}}]},{"date":"2023-10-16","commitResults":[{"hash":"7d4f40b7f2bed79141a458898b06fca9f8c62587","isMergeCommit":false,"messageTitle":"add new find function","messageBody":"","fileTypesAndContributionMap":{"functional-code":{"insertions":20,"deletions":15}}}]},{"date":"2023-10-17","commitResults":[{"hash":"ddcac51425f93cb187d620c962346d2b3d9751e2","isMergeCommit":true,"messageTitle":"Merge branch \u0027AY2324S1-CS2113-T17-3:master\u0027 into master","messageBody":"","fileTypesAndContributionMap":{}},{"hash":"c51866c18f620a0e7d5156750805158e33e2e100","isMergeCommit":true,"messageTitle":"Merge branch \u0027master\u0027 of https://github.com/AY2324S1-CS2113-T17-3/tp","messageBody":"","fileTypesAndContributionMap":{}},{"hash":"95245940faaa042c2d33722b8d8d0560849a3bb6","isMergeCommit":false,"messageTitle":"Added j unit test","messageBody":"","fileTypesAndContributionMap":{"functional-code":{"insertions":3,"deletions":1},"test-code":{"insertions":23,"deletions":0}}},{"hash":"4ff1edf92e602aa27f78e0c3d3a41d6c79330085","isMergeCommit":true,"messageTitle":"Merge branch \u0027AY2324S1-CS2113-T17-3:master\u0027 into master","messageBody":"","fileTypesAndContributionMap":{}},{"hash":"3791585a90b35d360f8a80b8f48d5b2f9116505e","isMergeCommit":true,"messageTitle":"Merge branch \u0027master\u0027 of https://github.com/Barbaracwx/tp","messageBody":"","fileTypesAndContributionMap":{}},{"hash":"06e11cafceac7c118b71d331893b25db1f57c313","isMergeCommit":true,"messageTitle":"Merge branch \u0027AY2324S1-CS2113-T17-3:master\u0027 into master","messageBody":"","fileTypesAndContributionMap":{}},{"hash":"c2fa2315a0de008062a8b5cf5841c290b1a243ea","isMergeCommit":true,"messageTitle":"Merge branch \u0027master\u0027 of https://github.com/AY2324S1-CS2113-T17-3/tp","messageBody":"","fileTypesAndContributionMap":{}}]},{"date":"2023-10-18","commitResults":[{"hash":"2b72a18f3da1599eaf69f5d70a5773b82e6a3748","isMergeCommit":false,"messageTitle":"change find command class to add ui class","messageBody":"","fileTypesAndContributionMap":{"functional-code":{"insertions":33,"deletions":11},"test-code":{"insertions":16,"deletions":6}}},{"hash":"397da38e3c33d4dd15025228a9c9c85e7ffb7a11","isMergeCommit":true,"messageTitle":"Merge branch \u0027master\u0027 of https://github.com/Barbaracwx/tp","messageBody":"","fileTypesAndContributionMap":{}}]},{"date":"2023-10-19","commitResults":[{"hash":"5f6c065cadd0495287d2833fc544ae57491a64f0","isMergeCommit":false,"messageTitle":"added assertion statement","messageBody":"","fileTypesAndContributionMap":{"functional-code":{"insertions":1,"deletions":0}}},{"hash":"44e4e274eed15e597cb23df11f610716ebd52ccf","isMergeCommit":false,"messageTitle":"edited FindCommandTest cases","messageBody":"","fileTypesAndContributionMap":{"functional-code":{"insertions":14,"deletions":1},"test-code":{"insertions":10,"deletions":2}}}]},{"date":"2023-10-20","commitResults":[{"hash":"b06f328e50f72cc60b07d213aa938ba3f60e0309","isMergeCommit":false,"messageTitle":"add find command using both name and date","messageBody":"","fileTypesAndContributionMap":{"functional-code":{"insertions":40,"deletions":11},"test-code":{"insertions":8,"deletions":3}}},{"hash":"56171fad030833f03447323c39661904f90662ff","isMergeCommit":false,"messageTitle":"changed user guide according to new find function","messageBody":"","fileTypesAndContributionMap":{"docs":{"insertions":35,"deletions":15}}}]},{"date":"2023-10-25","commitResults":[{"hash":"03d6f232ad01fbb68be912b33d89572d9c519e89","isMergeCommit":false,"messageTitle":"updated Developer\u0027s Guide","messageBody":"","fileTypesAndContributionMap":{"docs":{"insertions":55,"deletions":21}}},{"hash":"c235d47ce2aa21b70716cada4e37cc434e015d30","isMergeCommit":false,"messageTitle":"updated developer\u0027s guide","messageBody":"","fileTypesAndContributionMap":{"docs":{"insertions":83,"deletions":1}}},{"hash":"5c3ae6371909ff03735045d6178edd07b35230f8","isMergeCommit":false,"messageTitle":"added uml diagrams","messageBody":"","fileTypesAndContributionMap":{"docs":{"insertions":52,"deletions":0}}}]},{"date":"2023-10-26","commitResults":[{"hash":"8fd0581bb131c46c9d2c4dcb3c609de4d35d5939","isMergeCommit":false,"messageTitle":"added more find command test","messageBody":"","fileTypesAndContributionMap":{"functional-code":{"insertions":16,"deletions":14},"test-code":{"insertions":51,"deletions":12}}},{"hash":"080c98c29d89a1138a24193e168dfb7768f4f1a8","isMergeCommit":false,"messageTitle":"added more find command test","messageBody":"","fileTypesAndContributionMap":{"functional-code":{"insertions":20,"deletions":16},"test-code":{"insertions":16,"deletions":3}}},{"hash":"14e5eee09b7bd035c3430e7ee741990cfef3a356","isMergeCommit":false,"messageTitle":"changed find command sequence diagram","messageBody":"","fileTypesAndContributionMap":{"docs":{"insertions":5,"deletions":1}}},{"hash":"0a9986d8b0c6ebbd10c964743992b64efdf0ac00","isMergeCommit":false,"messageTitle":"changed sequence diagram","messageBody":"","fileTypesAndContributionMap":{"docs":{"insertions":1,"deletions":0}}}]},{"date":"2023-10-28","commitResults":[{"hash":"bc7d8f25061432371b62776859d16689283ed7f8","isMergeCommit":false,"messageTitle":"added new stock level command","messageBody":"","fileTypesAndContributionMap":{"functional-code":{"insertions":113,"deletions":45},"test-code":{"insertions":5,"deletions":0}}}]},{"date":"2023-10-29","commitResults":[{"hash":"92805b4d14bae7dbb680a8bc830f22ea6cb3eadd","isMergeCommit":false,"messageTitle":"updated UG with stock level command","messageBody":"","fileTypesAndContributionMap":{"docs":{"insertions":32,"deletions":8}}},{"hash":"3fa4734a468c6253b0e769b116d0d74e77b3fc9c","isMergeCommit":false,"messageTitle":"added stock level command test","messageBody":"","fileTypesAndContributionMap":{"test-code":{"insertions":44,"deletions":0}}},{"hash":"8295f445488c08263a248ab1ab6c753bffdace76","isMergeCommit":false,"messageTitle":"add set threshold quantity","messageBody":"","fileTypesAndContributionMap":{"functional-code":{"insertions":93,"deletions":6}}},{"hash":"d7f07141cbb795161500b7f24bcf459d326de38f","isMergeCommit":false,"messageTitle":"updated set threshold command","messageBody":"","fileTypesAndContributionMap":{"functional-code":{"insertions":4,"deletions":4}}},{"hash":"15f92bfa2157af06e4ee0fc567597e7207f39e31","isMergeCommit":false,"messageTitle":"updated new set threshold method","messageBody":"","fileTypesAndContributionMap":{"functional-code":{"insertions":4,"deletions":5}}},{"hash":"1d2b93386b284102aaae2d5efbe8395cd05b0194","isMergeCommit":false,"messageTitle":"updated set threshold method","messageBody":"","fileTypesAndContributionMap":{"functional-code":{"insertions":1,"deletions":2}}},{"hash":"70c3ba37a5e49c211b5ff7a581de476ac43fe0f3","isMergeCommit":false,"messageTitle":"add new set threshold method","messageBody":"","fileTypesAndContributionMap":{"functional-code":{"insertions":0,"deletions":1}}}]},{"date":"2023-10-30","commitResults":[{"hash":"0e8c6140a33d71752714756f2f9aae7ad4817e2a","isMergeCommit":false,"messageTitle":"add new list threshold command","messageBody":"","fileTypesAndContributionMap":{"functional-code":{"insertions":42,"deletions":0}}},{"hash":"944fb5d18850531d471b163613a55261475fe894","isMergeCommit":false,"messageTitle":"added show stock level command test for empty inventory","messageBody":"","fileTypesAndContributionMap":{"test-code":{"insertions":12,"deletions":0}}},{"hash":"12cc11258a04b1d8e52c7c7ddcf74a9d0df1043d","isMergeCommit":false,"messageTitle":"added javadoc comments to set threshold command","messageBody":"","fileTypesAndContributionMap":{"functional-code":{"insertions":17,"deletions":3}}},{"hash":"e7e030b72b17e7c35e7399cfd40fdab370e4cabe","isMergeCommit":false,"messageTitle":"updated javadoc comments","messageBody":"","fileTypesAndContributionMap":{"functional-code":{"insertions":9,"deletions":1}}},{"hash":"50daeacf6f33fe62e8265c05b60707ecb86b429b","isMergeCommit":false,"messageTitle":"added set threshold command test","messageBody":"","fileTypesAndContributionMap":{"functional-code":{"insertions":5,"deletions":8},"test-code":{"insertions":50,"deletions":0}}},{"hash":"be10a9f9c8aa6d2dff57ce377782047a3def5e87","isMergeCommit":false,"messageTitle":"added List Threshold Command Test","messageBody":"","fileTypesAndContributionMap":{"test-code":{"insertions":40,"deletions":0}}}]},{"date":"2023-10-31","commitResults":[{"hash":"d59d61d59c4ab5b66e4e0ef6dab5cef775c884fe","isMergeCommit":false,"messageTitle":"added description for parser class in DG","messageBody":"","fileTypesAndContributionMap":{"docs":{"insertions":136,"deletions":33}}},{"hash":"daf87ec60a850219a8273eb8c50959fea45758e3","isMergeCommit":false,"messageTitle":"added parser diagram","messageBody":"","fileTypesAndContributionMap":{"docs":{"insertions":22,"deletions":0}}}]},{"date":"2023-11-01","commitResults":[{"hash":"d84e998671732920801ffd28d7b250490abb1f81","isMergeCommit":false,"messageTitle":"update UG","messageBody":"","fileTypesAndContributionMap":{"functional-code":{"insertions":4,"deletions":0},"docs":{"insertions":43,"deletions":0},"test-code":{"insertions":10,"deletions":0}}},{"hash":"5a4a03d76af225d75a16f272ae95953cf9d1d495","isMergeCommit":false,"messageTitle":"update UG","messageBody":"","fileTypesAndContributionMap":{"test-code":{"insertions":4,"deletions":2}}}]},{"date":"2023-11-07","commitResults":[{"hash":"a9ad8ffac095456a89519b443d922ec576e0a5f5","isMergeCommit":false,"messageTitle":"solve issue of help command","messageBody":"","fileTypesAndContributionMap":{"functional-code":{"insertions":11,"deletions":1}}}]},{"date":"2023-11-08","commitResults":[{"hash":"c9e4a63bd6319b859753df99a09432138fd9cb2f","isMergeCommit":false,"messageTitle":"added alert when below threshold level","messageBody":"","fileTypesAndContributionMap":{"functional-code":{"insertions":20,"deletions":3}}},{"hash":"50cbdc4d1918636885c6d360a3cd04e64f09d17f","isMergeCommit":false,"messageTitle":"added alert","messageBody":"","fileTypesAndContributionMap":{"functional-code":{"insertions":0,"deletions":5}}},{"hash":"05ada669bc7a5cd54a10db73f381da80271f8c70","isMergeCommit":false,"messageTitle":"fix issue #200 inconsistent date formatting","messageBody":"","fileTypesAndContributionMap":{"docs":{"insertions":17,"deletions":17}}},{"hash":"1107824bb36ac531a51324c9984db8f49c45b49d","isMergeCommit":false,"messageTitle":"made sure that invalid command not caught fixed issue #189","messageBody":"","fileTypesAndContributionMap":{"functional-code":{"insertions":42,"deletions":10}}},{"hash":"de617bf7c38844b0e61087771be92fb443c23dc1","isMergeCommit":false,"messageTitle":"fixed code","messageBody":"","fileTypesAndContributionMap":{"functional-code":{"insertions":15,"deletions":8}}},{"hash":"b8601280fbaf17a09d5811416b0c50051d383113","isMergeCommit":false,"messageTitle":"fixed issue #184","messageBody":"","fileTypesAndContributionMap":{"functional-code":{"insertions":6,"deletions":1}}},{"hash":"7d5667b6f6965c8ff314661ef6bfc208fbc9e964","isMergeCommit":false,"messageTitle":"fixed issue #181","messageBody":"","fileTypesAndContributionMap":{"functional-code":{"insertions":21,"deletions":1}}},{"hash":"10a638785be68c5e5de8d879b527ebd01c636930","isMergeCommit":false,"messageTitle":"fixed issue #172","messageBody":"","fileTypesAndContributionMap":{"functional-code":{"insertions":14,"deletions":7}}},{"hash":"bb5b73ef2ca2095fc293bc4d722faf633dec6fe6","isMergeCommit":false,"messageTitle":"fixed issue #165","messageBody":"","fileTypesAndContributionMap":{"functional-code":{"insertions":18,"deletions":8}}},{"hash":"290ae25d8f9befab5121ec14fa8ab831516a5e44","isMergeCommit":false,"messageTitle":"fixed code","messageBody":"","fileTypesAndContributionMap":{"functional-code":{"insertions":3,"deletions":2}}},{"hash":"9edb1c7e5ddeebf88e38493d4b2eb1df69c80fe2","isMergeCommit":false,"messageTitle":"fixed code","messageBody":"","fileTypesAndContributionMap":{"docs":{"insertions":2,"deletions":2}}},{"hash":"c27ad597cc71401785ae6198eb459b1000307f06","isMergeCommit":false,"messageTitle":"updated about us","messageBody":"","fileTypesAndContributionMap":{"docs":{"insertions":1,"deletions":1}}},{"hash":"1edfcd68bbbab40be3c96a89931d224f6f26f8df","isMergeCommit":false,"messageTitle":"updated about us page","messageBody":"","fileTypesAndContributionMap":{"docs":{"insertions":51,"deletions":3}}},{"hash":"98fed832651fa7be50c0f737ec103be76c9ad237","isMergeCommit":false,"messageTitle":"change keyword to camelcase","messageBody":"","fileTypesAndContributionMap":{"functional-code":{"insertions":5,"deletions":5}}},{"hash":"147dd7bd9f83690613221af7caa13245f2e76e0d","isMergeCommit":false,"messageTitle":"updated about us page","messageBody":"","fileTypesAndContributionMap":{"test-code":{"insertions":10,"deletions":10}}},{"hash":"84a83cc72b0b7fa69fe91146d236c7a6c8fb2768","isMergeCommit":false,"messageTitle":"edited help command such that if same name and same expiry date, will just increase the quantity","messageBody":"","fileTypesAndContributionMap":{"functional-code":{"insertions":11,"deletions":10}}},{"hash":"93c6e1466ffd9a3ad68c21835318eb88d2bfd711","isMergeCommit":false,"messageTitle":"changed add command to return the appropriate message success","messageBody":"","fileTypesAndContributionMap":{"functional-code":{"insertions":3,"deletions":2},"docs":{"insertions":9,"deletions":0}}},{"hash":"a28c5b439b41f0e6de1775772984292cbc716045","isMergeCommit":false,"messageTitle":"Fixed issue #164 - program crashes when \u0027\\\u0027 is included in command input","messageBody":"","fileTypesAndContributionMap":{"functional-code":{"insertions":6,"deletions":0}}},{"hash":"523a4d6bfc0254ae230baaf5e9570e7d4449d60e","isMergeCommit":false,"messageTitle":"fixed issue #167 adding the same drug to a vendor twice causes it to be listed twice","messageBody":"","fileTypesAndContributionMap":{"functional-code":{"insertions":20,"deletions":10},"docs":{"insertions":4,"deletions":3}}},{"hash":"d9fd36b147ee744a54062e8d754d88f1c54927fd","isMergeCommit":false,"messageTitle":"fixed issue #174 - all functions are specified in user guide in command summary","messageBody":"","fileTypesAndContributionMap":{"docs":{"insertions":6,"deletions":0}}},{"hash":"35a22b04f74afcb688c0c2af4a08d4ea404862ac","isMergeCommit":false,"messageTitle":"fixed issue #203 - added rationale behind cart features","messageBody":"","fileTypesAndContributionMap":{"docs":{"insertions":6,"deletions":4}}},{"hash":"a2895952a832eabd52bac0060ad3b87e7097932c","isMergeCommit":false,"messageTitle":"added delete vendor method","messageBody":"","fileTypesAndContributionMap":{"functional-code":{"insertions":95,"deletions":1},"test-code":{"insertions":6,"deletions":0}}},{"hash":"e80c6a7de1dc0c2a6f524c03cd7fa6c7b78a4114","isMergeCommit":false,"messageTitle":"edited user guide to add in delete vendor command","messageBody":"","fileTypesAndContributionMap":{"functional-code":{"insertions":4,"deletions":4},"docs":{"insertions":25,"deletions":2}}},{"hash":"1fac1fabe69fccf931ef4cd6b482d64652531cb2","isMergeCommit":false,"messageTitle":"edited ppp","messageBody":"","fileTypesAndContributionMap":{"docs":{"insertions":3,"deletions":0}}}]},{"date":"2023-11-09","commitResults":[{"hash":"d302ec4d407e00851095068b92540b64a4c3dbee","isMergeCommit":false,"messageTitle":"added expiry date function to list","messageBody":"","fileTypesAndContributionMap":{"functional-code":{"insertions":28,"deletions":3}}},{"hash":"61b4ba4712df4e8b98000d8f3167d92abdd1d96d","isMergeCommit":false,"messageTitle":"changed add command user guide","messageBody":"","fileTypesAndContributionMap":{"docs":{"insertions":1,"deletions":1}}},{"hash":"8ab2f6cf169367a0e83893ff29f1f05e2e9914aa","isMergeCommit":false,"messageTitle":"changed help command to add add","messageBody":"","fileTypesAndContributionMap":{"functional-code":{"insertions":1,"deletions":1}}},{"hash":"a2b3bcb763ae8a1fa0b81ab14bc13b92f5c4e61d","isMergeCommit":false,"messageTitle":"changed help command","messageBody":"","fileTypesAndContributionMap":{"functional-code":{"insertions":1,"deletions":1},"test-code":{"insertions":2,"deletions":1}}},{"hash":"923b28043b73b1fa82271d4f983914f8bebec837","isMergeCommit":false,"messageTitle":"changed help command","messageBody":"","fileTypesAndContributionMap":{"functional-code":{"insertions":1,"deletions":1},"test-code":{"insertions":1,"deletions":1}}}]}]},"authorFileTypeContributionMap":{"karishma-t":{"docs":232,"functional-code":637,"test-code":105},"martinschnder":{"docs":177,"functional-code":895,"test-code":113,"other":2},"azfarulmatin":{"docs":185,"functional-code":201,"test-code":66},"TeoHaoZhi":{"docs":599,"functional-code":810,"test-code":81,"other":3},"Barbaracwx":{"docs":503,"functional-code":522,"test-code":240}},"authorContributionVariance":{"karishma-t":6557.015,"martinschnder":19101.576,"azfarulmatin":2610.9666,"TeoHaoZhi":13714.41,"Barbaracwx":8836.902},"authorDisplayNameMap":{"karishma-t":"CS2113-T17-3 KARI..ARAN","martinschnder":"CS2113-T17-3 SCHN..ILLE","azfarulmatin":"CS2113-T17-3 AZFA..ANDI","TeoHaoZhi":"CS2113-T17-3 TEO .. ZHI","Barbaracwx":"CS2113-T17-3 CHON..BARA"}}
