{"authorDailyContributionsMap":{"karishma-t":[{"date":"2023-10-05","commitResults":[{"hash":"9b179211347fe7a0942693aea92a880a72243999","isMergeCommit":false,"messageTitle":"Add files for Karishma about us","messageBody":"","fileTypesAndContributionMap":{"docs":{"insertions":9,"deletions":4}}},{"hash":"ec15853438ef4adb88f2bbcc87f367804d35788d","isMergeCommit":false,"messageTitle":"Conflict resolution","messageBody":"","fileTypesAndContributionMap":{"docs":{"insertions":3,"deletions":2}}}]}],"martinschnder":[{"date":"2023-10-07","commitResults":[{"hash":"d13e4519f0e878a3e9be46a05a57ee90c57539c8","isMergeCommit":false,"messageTitle":"Add martin portofolio and picture and update about us","messageBody":"","fileTypesAndContributionMap":{"docs":{"insertions":6,"deletions":1}}},{"hash":"2dbd0893fe8f3dac09ed84bb33c414c0e90c74e2","isMergeCommit":true,"messageTitle":"Merge pull request #12 from martinschnder/martin-AboutUs","messageBody":"Add martin portofolio and picture and update about us","fileTypesAndContributionMap":{}}]},{"date":"2023-10-09","commitResults":[{"hash":"eca592d2600d2253010eebbf55c4217a971ca79b","isMergeCommit":false,"messageTitle":"Updated build.gradle to match new main class name","messageBody":"","fileTypesAndContributionMap":{"other":{"insertions":2,"deletions":2}}}]}],"azfarulmatin":[{"date":"2023-10-07","commitResults":[{"hash":"6c8ee942babd12a205caa1b7e098fcb6340f76a9","isMergeCommit":false,"messageTitle":"Update Azfarul About us","messageBody":"","fileTypesAndContributionMap":{"docs":{"insertions":13,"deletions":7}}},{"hash":"05e7ef8ec96488ea4719dfc0372532fe8e5694de","isMergeCommit":true,"messageTitle":"Merge pull request #19 from azfarulmatin/master","messageBody":"Update Azfarul About us","fileTypesAndContributionMap":{}}]}],"TeoHaoZhi":[{"date":"2023-10-05","commitResults":[{"hash":"f2bef309abc1a31812e5cb92d52cc3edc1ea44c6","isMergeCommit":false,"messageTitle":"Update UserGuide.md to add theme","messageBody":"","fileTypesAndContributionMap":{"docs":{"insertions":2,"deletions":0}}},{"hash":"80b42e7c9d1a437ae8bed5f38e44c218f440f47c","isMergeCommit":true,"messageTitle":"Merge pull request #2 from Barbaracwx/Barbaracwx-AboutUs","messageBody":"Added Barbara.md","fileTypesAndContributionMap":{}},{"hash":"aa9ba0c6a59865a89b52a6f53b7df1df57bb99de","isMergeCommit":false,"messageTitle":"Add files for Hao Zhi\u0027s about us page","messageBody":"","fileTypesAndContributionMap":{"docs":{"insertions":13,"deletions":7}}},{"hash":"78381da48ea0ab8048ffca83fc47af7dd59e458b","isMergeCommit":true,"messageTitle":"Merge branch \u0027HaoZhi-AboutUs\u0027","messageBody":"","fileTypesAndContributionMap":{}},{"hash":"c0c3018bd7af6a34e46ede0867b55d0a498285ce","isMergeCommit":true,"messageTitle":"Merge branch \u0027master\u0027 into master","messageBody":"","fileTypesAndContributionMap":{}},{"hash":"5034d288227d95c1a28ecc2359f1ea357dd3b437","isMergeCommit":true,"messageTitle":"Merge pull request #3 from TeoHaoZhi/master","messageBody":"Add HaoZhi\u0027s about us files","fileTypesAndContributionMap":{}},{"hash":"88803a7aec4b841305b2a7716850e466193ec107","isMergeCommit":false,"messageTitle":"Clean up UserGuide","messageBody":"","fileTypesAndContributionMap":{"docs":{"insertions":0,"deletions":2}}}]},{"date":"2023-10-06","commitResults":[{"hash":"220ea22f86c3d933219eefa1ae6e0c2fabea1d44","isMergeCommit":true,"messageTitle":"Merge branch \u0027master\u0027 into karishma-AboutUs","messageBody":"","fileTypesAndContributionMap":{}},{"hash":"800151596e695fdfd13c417def35fd80dc78fed4","isMergeCommit":true,"messageTitle":"Merge pull request #10 from karishma-t/karishma-AboutUs","messageBody":"Add Karishma about us","fileTypesAndContributionMap":{}},{"hash":"4a53af6054886017e9cf732a597960c970f202d4","isMergeCommit":false,"messageTitle":"Fix about us portfolio bug","messageBody":"","fileTypesAndContributionMap":{"docs":{"insertions":2,"deletions":2}}},{"hash":"eb792a86d1eb0fd6ea4e2bca18a1ed4e10c07661","isMergeCommit":true,"messageTitle":"Merge pull request #11 from TeoHaoZhi/master","messageBody":"Fix about us portfolio bug","fileTypesAndContributionMap":{}}]},{"date":"2023-10-08","commitResults":[{"hash":"090f7fd2112203bcd0f818c6a79ab83c1945118e","isMergeCommit":false,"messageTitle":"Rename classes","messageBody":"","fileTypesAndContributionMap":{"other":{"insertions":4,"deletions":4}}},{"hash":"cd37b8a6e9414c1fa24b68559ff23066fde03931","isMergeCommit":true,"messageTitle":"Merge pull request #23 from TeoHaoZhi/HaoZhi-TemplateAttempt2","messageBody":"Rename classes","fileTypesAndContributionMap":{}},{"hash":"293aa145c39d8d91f975a08e7f0c8f491234cd7e","isMergeCommit":false,"messageTitle":"Add dummy classes","messageBody":"","fileTypesAndContributionMap":{"test-code":{"insertions":24,"deletions":0}}},{"hash":"3d5504d42b2532eadb56b49ff210b09cdd50284c","isMergeCommit":true,"messageTitle":"Merge pull request #24 from TeoHaoZhi/HaoZhi-TemplateAttempt2","messageBody":"Add dummy classes","fileTypesAndContributionMap":{}},{"hash":"d842866453c774e4e7cb523fc0f6d99109564fbb","isMergeCommit":false,"messageTitle":"Add attributes to drug class","messageBody":"","fileTypesAndContributionMap":{"other":{"insertions":1,"deletions":1},"test-code":{"insertions":46,"deletions":20}}},{"hash":"7988e7aab82f83af8ed057426371bc9f8066e5c2","isMergeCommit":true,"messageTitle":"Merge pull request #25 from TeoHaoZhi/HaoZhi-TemplateAttempt2","messageBody":"Add attributes to drug class","fileTypesAndContributionMap":{}},{"hash":"1746b905d7c8f9941ce95abe0c601ed7a555d341","isMergeCommit":false,"messageTitle":"Add help feature to UI class","messageBody":"","fileTypesAndContributionMap":{"test-code":{"insertions":42,"deletions":1}}},{"hash":"227af0572b033254d6546284a0ee2f875a71c3a9","isMergeCommit":true,"messageTitle":"Merge pull request #26 from TeoHaoZhi/HaoZhi-TemplateAttempt2","messageBody":"Add help feature to UI class","fileTypesAndContributionMap":{}},{"hash":"7299b86db5d860ab190c91abd4c6962273b196cd","isMergeCommit":false,"messageTitle":"Add exit point for programme","messageBody":"","fileTypesAndContributionMap":{"functional-code":{"insertions":58,"deletions":11},"other":{"insertions":0,"deletions":0},"test-code":{"insertions":0,"deletions":49}}},{"hash":"de4799c7421e4b4195b2576cd2425462d6a6fa0e","isMergeCommit":true,"messageTitle":"Merge pull request #27 from TeoHaoZhi/HaoZhi-TemplateAttempt2","messageBody":"Add exit point for programme","fileTypesAndContributionMap":{}},{"hash":"354c79d2f7cbb08fb7700ca95ef4ca362f2c172d","isMergeCommit":false,"messageTitle":"Refactor printing for help command","messageBody":"","fileTypesAndContributionMap":{"functional-code":{"insertions":29,"deletions":24}}},{"hash":"8ab6c94c4d553c98bdc4616b2841d95fea09e2e7","isMergeCommit":true,"messageTitle":"Merge pull request #28 from TeoHaoZhi/HaoZhi-TemplateAttempt2","messageBody":"Refactor printing for help command","fileTypesAndContributionMap":{}},{"hash":"5bf20560cb92c584383123cf1ba209e1943da17b","isMergeCommit":false,"messageTitle":"Add Junit test for help feature","messageBody":"","fileTypesAndContributionMap":{"functional-code":{"insertions":13,"deletions":5},"test-code":{"insertions":47,"deletions":0}}},{"hash":"0cce6790d3939b1aa5f6309f8c81e87f8490dceb","isMergeCommit":true,"messageTitle":"Merge pull request #29 from TeoHaoZhi/HaoZhi-JUnitTestForHelpFeature","messageBody":"Add Junit test for help feature","fileTypesAndContributionMap":{}}]}],"Barbaracwx":[{"date":"2023-10-05","commitResults":[{"hash":"91e8e21dc2263c8657a5df7cb911512e24f1bf43","isMergeCommit":false,"messageTitle":"Added Barbara.md","messageBody":"","fileTypesAndContributionMap":{"docs":{"insertions":13,"deletions":7}}}]}]},"authorFileTypeContributionMap":{"karishma-t":{"docs":6,"functional-code":0,"test-code":0},"martinschnder":{"docs":6,"functional-code":0,"test-code":0,"other":2},"azfarulmatin":{"docs":8,"functional-code":0,"test-code":0},"TeoHaoZhi":{"docs":11,"functional-code":115,"test-code":49},"Barbaracwx":{"docs":6,"functional-code":0,"test-code":0}},"authorContributionVariance":{"karishma-t":17.0,"martinschnder":3.2376542,"azfarulmatin":20.987654,"TeoHaoZhi":7501.682,"Barbaracwx":20.987652},"authorDisplayNameMap":{"karishma-t":"CS2113-T17-3 KARI..ARAN","martinschnder":"CS2113-T17-3 SCHN..ILLE","azfarulmatin":"CS2113-T17-3 AZFA..ANDI","TeoHaoZhi":"CS2113-T17-3 TEO .. ZHI","Barbaracwx":"CS2113-T17-3 CHON..BARA"}}
