{"authorDailyContributionsMap":{"karishma-t":[{"date":"2023-10-05","commitResults":[{"hash":"9b179211347fe7a0942693aea92a880a72243999","isMergeCommit":false,"messageTitle":"Add files for Karishma about us","messageBody":"","fileTypesAndContributionMap":{"docs":{"insertions":9,"deletions":4}}},{"hash":"ec15853438ef4adb88f2bbcc87f367804d35788d","isMergeCommit":false,"messageTitle":"Conflict resolution","messageBody":"","fileTypesAndContributionMap":{"docs":{"insertions":3,"deletions":2}}}]},{"date":"2023-10-17","commitResults":[{"hash":"5c174ca4cdfe79c6b173c68db27721f92aa0f615","isMergeCommit":false,"messageTitle":"Add delete command","messageBody":"","fileTypesAndContributionMap":{"functional-code":{"insertions":42,"deletions":13}}},{"hash":"4c7d28ae3f51a16116cf790aabeb170d9ffaad80","isMergeCommit":false,"messageTitle":"Add junit test for Delete command","messageBody":"","fileTypesAndContributionMap":{"test-code":{"insertions":30,"deletions":0}}},{"hash":"ed041352034696e09d01385f720d3f3a72037c62","isMergeCommit":false,"messageTitle":"Modify to pass checkstyle tests","messageBody":"","fileTypesAndContributionMap":{"functional-code":{"insertions":2,"deletions":3},"test-code":{"insertions":1,"deletions":1}}}]}],"martinschnder":[{"date":"2023-10-07","commitResults":[{"hash":"d13e4519f0e878a3e9be46a05a57ee90c57539c8","isMergeCommit":false,"messageTitle":"Add martin portofolio and picture and update about us","messageBody":"","fileTypesAndContributionMap":{"docs":{"insertions":6,"deletions":1}}},{"hash":"2dbd0893fe8f3dac09ed84bb33c414c0e90c74e2","isMergeCommit":true,"messageTitle":"Merge pull request #12 from martinschnder/martin-AboutUs","messageBody":"Add martin portofolio and picture and update about us","fileTypesAndContributionMap":{}}]},{"date":"2023-10-09","commitResults":[{"hash":"eca592d2600d2253010eebbf55c4217a971ca79b","isMergeCommit":false,"messageTitle":"Updated build.gradle to match new main class name","messageBody":"","fileTypesAndContributionMap":{"other":{"insertions":2,"deletions":2}}},{"hash":"f9bf0f4dcbf0dc02f210e21283f8f18ddf745d2a","isMergeCommit":false,"messageTitle":"Reorganize files in various packages","messageBody":"","fileTypesAndContributionMap":{"functional-code":{"insertions":21,"deletions":9},"other":{"insertions":2,"deletions":2}}},{"hash":"dd4cb2baf5df643afbefe71a963a78e7489a79b2","isMergeCommit":false,"messageTitle":"Create abstract command class","messageBody":"","fileTypesAndContributionMap":{"functional-code":{"insertions":14,"deletions":0}}},{"hash":"0a4ae29a7ca56b747974f29fc720e496c0cebaa3","isMergeCommit":false,"messageTitle":"Add the addclass and rename the druglist class to inventory","messageBody":"","fileTypesAndContributionMap":{"functional-code":{"insertions":101,"deletions":19}}},{"hash":"9891fe1ce7e876b766da0e19a647588a3845d02d","isMergeCommit":false,"messageTitle":"Delete old file","messageBody":"","fileTypesAndContributionMap":{"functional-code":{"insertions":0,"deletions":14}}},{"hash":"c76880c8d3ba9f7555f17105e6689822950877aa","isMergeCommit":false,"messageTitle":"Implement ExitCommand and AddCommand","messageBody":"","fileTypesAndContributionMap":{"functional-code":{"insertions":316,"deletions":18}}}]},{"date":"2023-10-10","commitResults":[{"hash":"dce79f9038b5eade80126270475b9775283d2fd2","isMergeCommit":false,"messageTitle":"Add ui and addcommand testing","messageBody":"","fileTypesAndContributionMap":{"functional-code":{"insertions":1,"deletions":1},"test-code":{"insertions":29,"deletions":1}}}]},{"date":"2023-10-11","commitResults":[{"hash":"8910d7979fdebe5386871de9ea2cda42c5161370","isMergeCommit":false,"messageTitle":"Change the line separator character","messageBody":"","fileTypesAndContributionMap":{"test-code":{"insertions":3,"deletions":3}}},{"hash":"d0a83e9fe5ed5a7cc13594979f0803fa8e9a2374","isMergeCommit":false,"messageTitle":"Change the line separator character in the UI class","messageBody":"","fileTypesAndContributionMap":{"functional-code":{"insertions":1,"deletions":1}}},{"hash":"55d760266b318ad23fbab35a6d1857c73c063d17","isMergeCommit":true,"messageTitle":"Merge pull request #34 from martinschnder/addDrug-unit-tests","messageBody":"Add ui and addcommand testing","fileTypesAndContributionMap":{}}]}],"azfarulmatin":[{"date":"2023-10-07","commitResults":[{"hash":"6c8ee942babd12a205caa1b7e098fcb6340f76a9","isMergeCommit":false,"messageTitle":"Update Azfarul About us","messageBody":"","fileTypesAndContributionMap":{"docs":{"insertions":13,"deletions":7}}},{"hash":"05e7ef8ec96488ea4719dfc0372532fe8e5694de","isMergeCommit":true,"messageTitle":"Merge pull request #19 from azfarulmatin/master","messageBody":"Update Azfarul About us","fileTypesAndContributionMap":{}}]},{"date":"2023-10-14","commitResults":[{"hash":"d5afb6bfea43555f6f259a086b672acaefd20e59","isMergeCommit":false,"messageTitle":"Add List function","messageBody":"","fileTypesAndContributionMap":{"functional-code":{"insertions":110,"deletions":29}}},{"hash":"57a05c0bd5b98cc8b3bafc5eb9a158684e7aa058","isMergeCommit":true,"messageTitle":"Merge pull request #44 from azfarulmatin/AzfarulMatin-ListCommand","messageBody":"Add List function","fileTypesAndContributionMap":{}},{"hash":"4a24ed0a7c4ba4280e8279f225d94eca57adc5eb","isMergeCommit":false,"messageTitle":"Fix checkstyle and junit test","messageBody":"","fileTypesAndContributionMap":{"functional-code":{"insertions":20,"deletions":15}}},{"hash":"a1860305e34b8c74ade793866b25205f953c8319","isMergeCommit":true,"messageTitle":"Merge pull request #45 from azfarulmatin/AzfarulMatin-ListCommand","messageBody":"Fix checkstyle and junit test","fileTypesAndContributionMap":{}}]},{"date":"2023-10-15","commitResults":[{"hash":"1dda9d2754e2a02578da9238442c6d10f7e66d6f","isMergeCommit":false,"messageTitle":"Add JUnit Test","messageBody":"","fileTypesAndContributionMap":{"test-code":{"insertions":16,"deletions":0}}},{"hash":"440fa5dc27d5fd869d27429012fdbe5aeeae7619","isMergeCommit":true,"messageTitle":"Merge pull request #46 from azfarulmatin/AzfarulMatin-JUnitTestListCommand","messageBody":"Add JUnit Test","fileTypesAndContributionMap":{}}]}],"TeoHaoZhi":[{"date":"2023-10-05","commitResults":[{"hash":"f2bef309abc1a31812e5cb92d52cc3edc1ea44c6","isMergeCommit":false,"messageTitle":"Update UserGuide.md to add theme","messageBody":"","fileTypesAndContributionMap":{"docs":{"insertions":2,"deletions":0}}},{"hash":"80b42e7c9d1a437ae8bed5f38e44c218f440f47c","isMergeCommit":true,"messageTitle":"Merge pull request #2 from Barbaracwx/Barbaracwx-AboutUs","messageBody":"Added Barbara.md","fileTypesAndContributionMap":{}},{"hash":"aa9ba0c6a59865a89b52a6f53b7df1df57bb99de","isMergeCommit":false,"messageTitle":"Add files for Hao Zhi\u0027s about us page","messageBody":"","fileTypesAndContributionMap":{"docs":{"insertions":13,"deletions":7}}},{"hash":"78381da48ea0ab8048ffca83fc47af7dd59e458b","isMergeCommit":true,"messageTitle":"Merge branch \u0027HaoZhi-AboutUs\u0027","messageBody":"","fileTypesAndContributionMap":{}},{"hash":"c0c3018bd7af6a34e46ede0867b55d0a498285ce","isMergeCommit":true,"messageTitle":"Merge branch \u0027master\u0027 into master","messageBody":"","fileTypesAndContributionMap":{}},{"hash":"5034d288227d95c1a28ecc2359f1ea357dd3b437","isMergeCommit":true,"messageTitle":"Merge pull request #3 from TeoHaoZhi/master","messageBody":"Add HaoZhi\u0027s about us files","fileTypesAndContributionMap":{}},{"hash":"88803a7aec4b841305b2a7716850e466193ec107","isMergeCommit":false,"messageTitle":"Clean up UserGuide","messageBody":"","fileTypesAndContributionMap":{"docs":{"insertions":0,"deletions":2}}}]},{"date":"2023-10-06","commitResults":[{"hash":"220ea22f86c3d933219eefa1ae6e0c2fabea1d44","isMergeCommit":true,"messageTitle":"Merge branch \u0027master\u0027 into karishma-AboutUs","messageBody":"","fileTypesAndContributionMap":{}},{"hash":"800151596e695fdfd13c417def35fd80dc78fed4","isMergeCommit":true,"messageTitle":"Merge pull request #10 from karishma-t/karishma-AboutUs","messageBody":"Add Karishma about us","fileTypesAndContributionMap":{}},{"hash":"4a53af6054886017e9cf732a597960c970f202d4","isMergeCommit":false,"messageTitle":"Fix about us portfolio bug","messageBody":"","fileTypesAndContributionMap":{"docs":{"insertions":2,"deletions":2}}},{"hash":"eb792a86d1eb0fd6ea4e2bca18a1ed4e10c07661","isMergeCommit":true,"messageTitle":"Merge pull request #11 from TeoHaoZhi/master","messageBody":"Fix about us portfolio bug","fileTypesAndContributionMap":{}}]},{"date":"2023-10-08","commitResults":[{"hash":"090f7fd2112203bcd0f818c6a79ab83c1945118e","isMergeCommit":false,"messageTitle":"Rename classes","messageBody":"","fileTypesAndContributionMap":{"other":{"insertions":4,"deletions":4}}},{"hash":"cd37b8a6e9414c1fa24b68559ff23066fde03931","isMergeCommit":true,"messageTitle":"Merge pull request #23 from TeoHaoZhi/HaoZhi-TemplateAttempt2","messageBody":"Rename classes","fileTypesAndContributionMap":{}},{"hash":"293aa145c39d8d91f975a08e7f0c8f491234cd7e","isMergeCommit":false,"messageTitle":"Add dummy classes","messageBody":"","fileTypesAndContributionMap":{"test-code":{"insertions":24,"deletions":0}}},{"hash":"3d5504d42b2532eadb56b49ff210b09cdd50284c","isMergeCommit":true,"messageTitle":"Merge pull request #24 from TeoHaoZhi/HaoZhi-TemplateAttempt2","messageBody":"Add dummy classes","fileTypesAndContributionMap":{}},{"hash":"d842866453c774e4e7cb523fc0f6d99109564fbb","isMergeCommit":false,"messageTitle":"Add attributes to drug class","messageBody":"","fileTypesAndContributionMap":{"other":{"insertions":1,"deletions":1},"test-code":{"insertions":46,"deletions":20}}},{"hash":"7988e7aab82f83af8ed057426371bc9f8066e5c2","isMergeCommit":true,"messageTitle":"Merge pull request #25 from TeoHaoZhi/HaoZhi-TemplateAttempt2","messageBody":"Add attributes to drug class","fileTypesAndContributionMap":{}},{"hash":"1746b905d7c8f9941ce95abe0c601ed7a555d341","isMergeCommit":false,"messageTitle":"Add help feature to UI class","messageBody":"","fileTypesAndContributionMap":{"test-code":{"insertions":42,"deletions":1}}},{"hash":"227af0572b033254d6546284a0ee2f875a71c3a9","isMergeCommit":true,"messageTitle":"Merge pull request #26 from TeoHaoZhi/HaoZhi-TemplateAttempt2","messageBody":"Add help feature to UI class","fileTypesAndContributionMap":{}},{"hash":"7299b86db5d860ab190c91abd4c6962273b196cd","isMergeCommit":false,"messageTitle":"Add exit point for programme","messageBody":"","fileTypesAndContributionMap":{"functional-code":{"insertions":58,"deletions":11},"other":{"insertions":0,"deletions":0},"test-code":{"insertions":0,"deletions":49}}},{"hash":"de4799c7421e4b4195b2576cd2425462d6a6fa0e","isMergeCommit":true,"messageTitle":"Merge pull request #27 from TeoHaoZhi/HaoZhi-TemplateAttempt2","messageBody":"Add exit point for programme","fileTypesAndContributionMap":{}},{"hash":"354c79d2f7cbb08fb7700ca95ef4ca362f2c172d","isMergeCommit":false,"messageTitle":"Refactor printing for help command","messageBody":"","fileTypesAndContributionMap":{"functional-code":{"insertions":29,"deletions":24}}},{"hash":"8ab6c94c4d553c98bdc4616b2841d95fea09e2e7","isMergeCommit":true,"messageTitle":"Merge pull request #28 from TeoHaoZhi/HaoZhi-TemplateAttempt2","messageBody":"Refactor printing for help command","fileTypesAndContributionMap":{}},{"hash":"5bf20560cb92c584383123cf1ba209e1943da17b","isMergeCommit":false,"messageTitle":"Add Junit test for help feature","messageBody":"","fileTypesAndContributionMap":{"functional-code":{"insertions":13,"deletions":5},"test-code":{"insertions":47,"deletions":0}}},{"hash":"0cce6790d3939b1aa5f6309f8c81e87f8490dceb","isMergeCommit":true,"messageTitle":"Merge pull request #29 from TeoHaoZhi/HaoZhi-JUnitTestForHelpFeature","messageBody":"Add Junit test for help feature","fileTypesAndContributionMap":{}}]},{"date":"2023-10-09","commitResults":[{"hash":"44f897c607a7bf71459ce63ef7a22368d8374d2c","isMergeCommit":true,"messageTitle":"Merge pull request #30 from martinschnder/branch-AddCommand","messageBody":"Branch add command","fileTypesAndContributionMap":{}},{"hash":"38f4573bdbf922271274ff418303a83c5ba9778e","isMergeCommit":false,"messageTitle":"Add more class templates","messageBody":"","fileTypesAndContributionMap":{"functional-code":{"insertions":82,"deletions":22}}},{"hash":"7ab218bb640ddf7a60822ecd133989bcd0d2a220","isMergeCommit":true,"messageTitle":"Merge pull request #31 from TeoHaoZhi/HaoZhi-ListCommandHelp","messageBody":"Add more class templates","fileTypesAndContributionMap":{}}]},{"date":"2023-10-10","commitResults":[{"hash":"e366c56327163c3ebdcc63a2889b90ea43218e50","isMergeCommit":false,"messageTitle":"Update userguide markdown file","messageBody":"","fileTypesAndContributionMap":{"docs":{"insertions":154,"deletions":12}}},{"hash":"67f9f7118ed7fe8c06884e7757e87e6c634fa6d8","isMergeCommit":true,"messageTitle":"Merge pull request #32 from TeoHaoZhi/HaoZhi-UserGuideUpdateV1.0","messageBody":"Update userguide markdown file","fileTypesAndContributionMap":{}},{"hash":"b6fd34963d346c40de9d71cb9ea43699a14d4b8d","isMergeCommit":false,"messageTitle":"Update README","messageBody":"","fileTypesAndContributionMap":{"docs":{"insertions":5,"deletions":2}}},{"hash":"a3f768d82e7036ec93e0543e7c2db1847279aa1c","isMergeCommit":true,"messageTitle":"Merge pull request #33 from TeoHaoZhi/HaoZhi-ReadMe","messageBody":"Update README","fileTypesAndContributionMap":{}},{"hash":"dc4311ad9d1840486a71ba7958140542108c093a","isMergeCommit":false,"messageTitle":"Add Junit test for help command","messageBody":"","fileTypesAndContributionMap":{"test-code":{"insertions":29,"deletions":0}}},{"hash":"324c68f05643be382892df3fec2ec0d7ea16d361","isMergeCommit":false,"messageTitle":"Fix checkstyle violation","messageBody":"","fileTypesAndContributionMap":{"test-code":{"insertions":3,"deletions":5}}},{"hash":"7a54cf286c00c3cf7864d2bc4859e14c0e4c9a4d","isMergeCommit":true,"messageTitle":"Merge pull request #35 from TeoHaoZhi/HaoZhi-JUnitTestForHelpFeature","messageBody":"Add Junit test for help command","fileTypesAndContributionMap":{}}]},{"date":"2023-10-11","commitResults":[{"hash":"bac5f0f114fe6974123b6090f5bfc2ad035bbf64","isMergeCommit":false,"messageTitle":"Edit Junit test for help","messageBody":"","fileTypesAndContributionMap":{"functional-code":{"insertions":3,"deletions":1},"test-code":{"insertions":13,"deletions":13}}},{"hash":"e5380e513c5f79d6570dca09171f3f1fc58402d2","isMergeCommit":true,"messageTitle":"Merge pull request #36 from TeoHaoZhi/HaoZhi-JUnitTestForHelpFeature","messageBody":"Edit Junit test for help","fileTypesAndContributionMap":{}},{"hash":"350fcc060811c2f4e25cb36254f2bd7845ea9338","isMergeCommit":false,"messageTitle":"Add methods to write to txt file","messageBody":"","fileTypesAndContributionMap":{"functional-code":{"insertions":17,"deletions":0}}},{"hash":"a46e5821d0bcebdf8cc07433cfb197f7fd91490b","isMergeCommit":false,"messageTitle":"Update method to append to txt file","messageBody":"","fileTypesAndContributionMap":{"functional-code":{"insertions":7,"deletions":4}}},{"hash":"d25c1fefd9e13e3320c18ff49032c4dfc91e93a4","isMergeCommit":false,"messageTitle":"Add login system class to handle login features","messageBody":"","fileTypesAndContributionMap":{"functional-code":{"insertions":124,"deletions":0}}},{"hash":"366c60438a5b4307401d2af9368d4c60d28dc73f","isMergeCommit":false,"messageTitle":"Fix Checkstyle","messageBody":"","fileTypesAndContributionMap":{"functional-code":{"insertions":8,"deletions":8}}},{"hash":"be08c4a84413626b9f7bcc47b0264320f8ecb7bd","isMergeCommit":true,"messageTitle":"Merge pull request #37 from TeoHaoZhi/HaoZhi-LoginFeatureAttempt1","messageBody":"Add login system class","fileTypesAndContributionMap":{}},{"hash":"d2aef4c2cf81d80323363559b85cd7dcc5aad9d1","isMergeCommit":false,"messageTitle":"Fix infinite while  loop","messageBody":"","fileTypesAndContributionMap":{"functional-code":{"insertions":5,"deletions":0}}},{"hash":"5847e7d3f2046d0a5d03b96582f032e83b8d2443","isMergeCommit":false,"messageTitle":"Fix bug of overwriting txt file instead of adding to it","messageBody":"","fileTypesAndContributionMap":{"functional-code":{"insertions":1,"deletions":4}}},{"hash":"f4fec5773b73e56a551fc2f99440e3b21f9646b1","isMergeCommit":false,"messageTitle":"Fix bugs in login system class","messageBody":"","fileTypesAndContributionMap":{"functional-code":{"insertions":89,"deletions":17}}},{"hash":"c35451f09fa1f1f1423fa4e8ad3d75679d362e2b","isMergeCommit":false,"messageTitle":"FIx Bug","messageBody":"","fileTypesAndContributionMap":{"functional-code":{"insertions":30,"deletions":20}}},{"hash":"7617592e5273ba22fa90061e426827bbed215362","isMergeCommit":false,"messageTitle":"Fix checkstyle","messageBody":"","fileTypesAndContributionMap":{"functional-code":{"insertions":4,"deletions":6}}}]},{"date":"2023-10-12","commitResults":[{"hash":"ab49cf95fb9ceab78bfb2b6c312dbd694de75ff9","isMergeCommit":false,"messageTitle":"FIx bug causing failing CI test","messageBody":"","fileTypesAndContributionMap":{"functional-code":{"insertions":19,"deletions":27}}},{"hash":"5323884d9709dde52cf9cd1670bc8f9274e3ad90","isMergeCommit":true,"messageTitle":"Merge pull request #38 from TeoHaoZhi/HaoZhi-LoginFeatureAttempt1","messageBody":"Login attempt bug fix 1","fileTypesAndContributionMap":{}},{"hash":"5b76d7f4809b669df3bcaab0d3c8c352d856d267","isMergeCommit":false,"messageTitle":"Fix printing formatting","messageBody":"","fileTypesAndContributionMap":{"functional-code":{"insertions":21,"deletions":17}}}]},{"date":"2023-10-14","commitResults":[{"hash":"10259ca61e695c8802fec0130f28e74e79e8e7a5","isMergeCommit":false,"messageTitle":"Add assertion for login system","messageBody":"","fileTypesAndContributionMap":{"functional-code":{"insertions":2,"deletions":1},"other":{"insertions":1,"deletions":0}}},{"hash":"988ee96196908057baaa52e3c90e60bf2eda330c","isMergeCommit":false,"messageTitle":"Fix checkstyle","messageBody":"","fileTypesAndContributionMap":{"functional-code":{"insertions":3,"deletions":1}}},{"hash":"6aaeb409f9ed28c1096b87feda862eff1758f9c5","isMergeCommit":false,"messageTitle":"Edit runtest.sh file to disable it","messageBody":"","fileTypesAndContributionMap":{"functional-code":{"insertions":0,"deletions":1},"other":{"insertions":1,"deletions":1}}},{"hash":"e917a9b035a3b985e45f43336a0e3e88a1438d6f","isMergeCommit":false,"messageTitle":"Fix bug","messageBody":"","fileTypesAndContributionMap":{"functional-code":{"insertions":2,"deletions":3},"test-code":{"insertions":1,"deletions":1}}},{"hash":"28336545c9ca20145bd634e797f0ac345650ab7e","isMergeCommit":false,"messageTitle":"Edit runtest.bat to disable IO test","messageBody":"","fileTypesAndContributionMap":{"functional-code":{"insertions":2,"deletions":1},"other":{"insertions":1,"deletions":1}}},{"hash":"389f5999bc5fcee00d3e38aa2b8e6693fcbad44d","isMergeCommit":true,"messageTitle":"Merge pull request #40 from TeoHaoZhi/HaoZhi-BugfixLogin","messageBody":"Add assertion for login system","fileTypesAndContributionMap":{}},{"hash":"fd5869a315e63b3e4c9daa003af97dcd133a587e","isMergeCommit":false,"messageTitle":"Added messages to let UI handle printing of messages","messageBody":"","fileTypesAndContributionMap":{"functional-code":{"insertions":36,"deletions":19}}},{"hash":"38a69c177d2e593158303f95f1e3f2a5e2134ab5","isMergeCommit":false,"messageTitle":"Fix Checkstyle","messageBody":"","fileTypesAndContributionMap":{"functional-code":{"insertions":70,"deletions":22}}},{"hash":"a4be93035d88733cf3f1953bda32ace09527017b","isMergeCommit":true,"messageTitle":"Merge pull request #41 from TeoHaoZhi/LoginMessagesFix","messageBody":"Added messages to let UI handle printing of messages","fileTypesAndContributionMap":{}},{"hash":"3528ac948b94285edb8196292d9955d1559b06dc","isMergeCommit":false,"messageTitle":"Update javadoc for login system class","messageBody":"","fileTypesAndContributionMap":{"functional-code":{"insertions":45,"deletions":3}}},{"hash":"724368c8a4964dddcb0e716f7d37672d523d20f3","isMergeCommit":true,"messageTitle":"Merge pull request #42 from TeoHaoZhi/HaoZhi-JavaDocLoginSystem","messageBody":"Update javadoc for login system class","fileTypesAndContributionMap":{}},{"hash":"c9782f17e67050c1dd5b05b5ff7b3dba093e6780","isMergeCommit":false,"messageTitle":"Added java doc for file storage class","messageBody":"","fileTypesAndContributionMap":{"functional-code":{"insertions":19,"deletions":3}}},{"hash":"01e37de8ce32537e7df7854fa385be003f07ea71","isMergeCommit":true,"messageTitle":"Merge pull request #43 from TeoHaoZhi/Javadoc","messageBody":"Added java doc for file storage class","fileTypesAndContributionMap":{}}]},{"date":"2023-10-15","commitResults":[{"hash":"8573f29dd50f626312f717999098767234e5ab67","isMergeCommit":false,"messageTitle":"Add userguide on login system","messageBody":"","fileTypesAndContributionMap":{"docs":{"insertions":59,"deletions":20}}},{"hash":"df15ef01089d4ccc1210bc929a19a5bc0c69095a","isMergeCommit":false,"messageTitle":"Fix Junit test","messageBody":"","fileTypesAndContributionMap":{"functional-code":{"insertions":18,"deletions":12},"test-code":{"insertions":47,"deletions":30}}},{"hash":"f68a2eea9a7c6a51fc7ed0980c82bbe61486a20c","isMergeCommit":true,"messageTitle":"Merge pull request #47 from TeoHaoZhi/HaoZhi-MarkDown","messageBody":"Edit userguide","fileTypesAndContributionMap":{}},{"hash":"1ec8b571b25dada302c74e04f3398697ab08a189","isMergeCommit":false,"messageTitle":"Fix bug of blank input for username and password","messageBody":"","fileTypesAndContributionMap":{"functional-code":{"insertions":34,"deletions":8}}},{"hash":"6f77ee60f5ed10366ecfbcc8a3d26b20f5c9d528","isMergeCommit":true,"messageTitle":"Merge pull request #48 from TeoHaoZhi/LoginSystemBlankinput","messageBody":"Fix bug of blank input for username and password","fileTypesAndContributionMap":{}}]},{"date":"2023-10-16","commitResults":[{"hash":"b6cb73dbbfd6780178d32c3949b2fd24f046e11e","isMergeCommit":true,"messageTitle":"Merge pull request #50 from Barbaracwx/branch-FindCommandNew","messageBody":"Branch find command new","fileTypesAndContributionMap":{}}]},{"date":"2023-10-17","commitResults":[{"hash":"2d9902628161064ffcd7105230dd6fa765b188ca","isMergeCommit":false,"messageTitle":"Update user guide","messageBody":"","fileTypesAndContributionMap":{"docs":{"insertions":3,"deletions":5}}},{"hash":"e01effd8dc540db39d938e72fa2dc7d0f0cb72b5","isMergeCommit":true,"messageTitle":"Merge pull request #54 from TeoHaoZhi/HaoZhi-UpdateUserGuide","messageBody":"Update user guide","fileTypesAndContributionMap":{}},{"hash":"f53e9e97737095dc7367aba076d5f5f98d120061","isMergeCommit":true,"messageTitle":"Merge pull request #55 from Barbaracwx/branch-TestCodeFindCommand","messageBody":"Added j unit test","fileTypesAndContributionMap":{}},{"hash":"14271486fb1978d5c85475b176ff6f34c0160998","isMergeCommit":true,"messageTitle":"Merge pull request #52 from karishma-t/karishma-DeleteCommand","messageBody":"Add delete command","fileTypesAndContributionMap":{}}]},{"date":"2023-10-18","commitResults":[{"hash":"7d3d19836e43e535ca879db7a2f24e84fb2ade61","isMergeCommit":true,"messageTitle":"Merge pull request #57 from Barbaracwx/master","messageBody":"changed findCommand to add ui class","fileTypesAndContributionMap":{}}]}],"Barbaracwx":[{"date":"2023-10-05","commitResults":[{"hash":"91e8e21dc2263c8657a5df7cb911512e24f1bf43","isMergeCommit":false,"messageTitle":"Added Barbara.md","messageBody":"","fileTypesAndContributionMap":{"docs":{"insertions":13,"deletions":7}}},{"hash":"ad260c19eda658e1aa9478315b4eb25553e0b865","isMergeCommit":true,"messageTitle":"Merge branch \u0027Barbaracwx-AboutUs\u0027","messageBody":"","fileTypesAndContributionMap":{}}]},{"date":"2023-10-12","commitResults":[{"hash":"4e4b091ddc0b16dd22533420b4b27b848a03b825","isMergeCommit":true,"messageTitle":"Merge branch \u0027master\u0027 of https://github.com/Barbaracwx/tp","messageBody":"","fileTypesAndContributionMap":{}}]},{"date":"2023-10-15","commitResults":[{"hash":"180b32eebac4e0d2436dabe817edb0cba055abd9","isMergeCommit":true,"messageTitle":"Merge branch \u0027master\u0027 of https://github.com/Barbaracwx/tp","messageBody":"","fileTypesAndContributionMap":{}},{"hash":"84b79a21099e3b74dc3e06f5eba86dff72264aba","isMergeCommit":false,"messageTitle":"Add Find Command","messageBody":"","fileTypesAndContributionMap":{"functional-code":{"insertions":36,"deletions":15}}},{"hash":"86beea836dfe6c2c103e3f4d3fdb76fc7d9d0a35","isMergeCommit":true,"messageTitle":"Merge branch \u0027branch-findCommand\u0027","messageBody":"","fileTypesAndContributionMap":{}}]},{"date":"2023-10-16","commitResults":[{"hash":"7d4f40b7f2bed79141a458898b06fca9f8c62587","isMergeCommit":false,"messageTitle":"add new find function","messageBody":"","fileTypesAndContributionMap":{"functional-code":{"insertions":20,"deletions":15}}}]},{"date":"2023-10-17","commitResults":[{"hash":"ddcac51425f93cb187d620c962346d2b3d9751e2","isMergeCommit":true,"messageTitle":"Merge branch \u0027AY2324S1-CS2113-T17-3:master\u0027 into master","messageBody":"","fileTypesAndContributionMap":{}},{"hash":"c51866c18f620a0e7d5156750805158e33e2e100","isMergeCommit":true,"messageTitle":"Merge branch \u0027master\u0027 of https://github.com/AY2324S1-CS2113-T17-3/tp","messageBody":"","fileTypesAndContributionMap":{}},{"hash":"95245940faaa042c2d33722b8d8d0560849a3bb6","isMergeCommit":false,"messageTitle":"Added j unit test","messageBody":"","fileTypesAndContributionMap":{"functional-code":{"insertions":3,"deletions":1},"test-code":{"insertions":23,"deletions":0}}},{"hash":"4ff1edf92e602aa27f78e0c3d3a41d6c79330085","isMergeCommit":true,"messageTitle":"Merge branch \u0027AY2324S1-CS2113-T17-3:master\u0027 into master","messageBody":"","fileTypesAndContributionMap":{}},{"hash":"3791585a90b35d360f8a80b8f48d5b2f9116505e","isMergeCommit":true,"messageTitle":"Merge branch \u0027master\u0027 of https://github.com/Barbaracwx/tp","messageBody":"","fileTypesAndContributionMap":{}},{"hash":"06e11cafceac7c118b71d331893b25db1f57c313","isMergeCommit":true,"messageTitle":"Merge branch \u0027AY2324S1-CS2113-T17-3:master\u0027 into master","messageBody":"","fileTypesAndContributionMap":{}},{"hash":"c2fa2315a0de008062a8b5cf5841c290b1a243ea","isMergeCommit":true,"messageTitle":"Merge branch \u0027master\u0027 of https://github.com/AY2324S1-CS2113-T17-3/tp","messageBody":"","fileTypesAndContributionMap":{}}]},{"date":"2023-10-18","commitResults":[{"hash":"2b72a18f3da1599eaf69f5d70a5773b82e6a3748","isMergeCommit":false,"messageTitle":"change find command class to add ui class","messageBody":"","fileTypesAndContributionMap":{"functional-code":{"insertions":33,"deletions":11},"test-code":{"insertions":16,"deletions":6}}},{"hash":"397da38e3c33d4dd15025228a9c9c85e7ffb7a11","isMergeCommit":true,"messageTitle":"Merge branch \u0027master\u0027 of https://github.com/Barbaracwx/tp","messageBody":"","fileTypesAndContributionMap":{}}]}]},"authorFileTypeContributionMap":{"karishma-t":{"docs":6,"functional-code":39,"test-code":30},"martinschnder":{"docs":6,"functional-code":385,"test-code":30,"other":2},"azfarulmatin":{"docs":8,"functional-code":99,"test-code":16},"TeoHaoZhi":{"docs":207,"functional-code":525,"test-code":91,"other":3},"Barbaracwx":{"docs":6,"functional-code":66,"test-code":33}},"authorContributionVariance":{"karishma-t":308.8834,"martinschnder":9615.926,"azfarulmatin":1085.1359,"TeoHaoZhi":13121.617,"Barbaracwx":290.5295},"authorDisplayNameMap":{"karishma-t":"CS2113-T17-3 KARI..ARAN","martinschnder":"CS2113-T17-3 SCHN..ILLE","azfarulmatin":"CS2113-T17-3 AZFA..ANDI","TeoHaoZhi":"CS2113-T17-3 TEO .. ZHI","Barbaracwx":"CS2113-T17-3 CHON..BARA"}}
