{"authorDailyContributionsMap":{"Jonoans":[{"date":"2023-10-04","commitResults":[{"hash":"ef4b021f95f8b9e181886cac55adb368f52017da","isMergeCommit":false,"messageTitle":"Add name and github profile in table","messageBody":"","fileTypesAndContributionMap":{"docs":{"insertions":1,"deletions":1}}},{"hash":"c7ac1c499a99bd29e9ea9d8383ac4a7c0fd5e798","isMergeCommit":true,"messageTitle":"Merge branch \u0027master\u0027 into Itay-AboutUs","messageBody":"","fileTypesAndContributionMap":{}},{"hash":"8d196dc524d6c49dd948c6e5b8eeedae48064f2d","isMergeCommit":true,"messageTitle":"Merge pull request #3 from itayrefaely/Itay-AboutUs","messageBody":"Itay","fileTypesAndContributionMap":{}}]},{"date":"2023-10-15","commitResults":[{"hash":"9cc0ee4d48b718ea18e5133db17fae20ec1be5eb","isMergeCommit":false,"messageTitle":"Add income and expense models","messageBody":"","fileTypesAndContributionMap":{"functional-code":{"insertions":55,"deletions":0}}},{"hash":"dd43e447553e0a48efe1da33c5f68f2202d8ac57","isMergeCommit":false,"messageTitle":"Remove extra line","messageBody":"","fileTypesAndContributionMap":{"functional-code":{"insertions":0,"deletions":1}}},{"hash":"7bb6b90ce52c2e8601f13ad2c0a9080a2d08e4ed","isMergeCommit":false,"messageTitle":"Add feature to insert new income entries","messageBody":"","fileTypesAndContributionMap":{"functional-code":{"insertions":329,"deletions":7}}},{"hash":"7f40f45902235c0b1b9630a402bf06a447f4b57f","isMergeCommit":false,"messageTitle":"Refactor some variables and move table header printing to printTableHeader method","messageBody":"","fileTypesAndContributionMap":{"functional-code":{"insertions":13,"deletions":9}}},{"hash":"1474a119c8340c143fc2bd9eb0dd85bb9f43f79e","isMergeCommit":false,"messageTitle":"Add printTableRows method and add outputstream member variable to Ui","messageBody":"","fileTypesAndContributionMap":{"functional-code":{"insertions":68,"deletions":7}}},{"hash":"9c2f61766e02cf5c5a34ecc01714845ffe3182c0","isMergeCommit":false,"messageTitle":"Fix typo","messageBody":"","fileTypesAndContributionMap":{"functional-code":{"insertions":2,"deletions":2}}},{"hash":"32cdcd3c4b8afaa791341d901ca07da45cba1b73","isMergeCommit":false,"messageTitle":"Add test for Ui class","messageBody":"","fileTypesAndContributionMap":{"functional-code":{"insertions":4,"deletions":0},"test-code":{"insertions":29,"deletions":0}}},{"hash":"a59ac146ac5c9cb6162838544fcfb60aaa003af8","isMergeCommit":false,"messageTitle":"Add expense tracking command","messageBody":"","fileTypesAndContributionMap":{"functional-code":{"insertions":80,"deletions":0}}},{"hash":"2e82999c6a579046ecb5eb8b3f399f08dde10d2e","isMergeCommit":false,"messageTitle":"Remove padding for last item in table row","messageBody":"","fileTypesAndContributionMap":{"functional-code":{"insertions":2,"deletions":1},"test-code":{"insertions":1,"deletions":1}}},{"hash":"ddd1fa81e294438e4e451be6eb4462fcf92fd864","isMergeCommit":true,"messageTitle":"Merge pull request #8 from Jonoans/feat-transaction-models","messageBody":"Add income and expense models","fileTypesAndContributionMap":{}},{"hash":"97e1cf066a0f47c6d8b1bad1860b96ededa115e0","isMergeCommit":false,"messageTitle":"Fix index out of bound bug in mergeColWidths","messageBody":"","fileTypesAndContributionMap":{"functional-code":{"insertions":2,"deletions":1},"test-code":{"insertions":19,"deletions":0}}},{"hash":"fac8bb732586ffa6dce194d347c45baaccccb5cf","isMergeCommit":true,"messageTitle":"Merge pull request #9 from Jonoans/feat-add-remove-transactions","messageBody":"Feature: Add \u0026 remove transactions","fileTypesAndContributionMap":{}}]},{"date":"2023-10-16","commitResults":[{"hash":"c8f1790f7a5d139d09cb5478a18604c23dbc5a5b","isMergeCommit":true,"messageTitle":"Merge pull request #10 from hooami/feat-list","messageBody":"Added List feature ","fileTypesAndContributionMap":{}},{"hash":"67de7cf9c4fdffec95a415b000e53ce5087fed81","isMergeCommit":false,"messageTitle":"Fix table printer - Table printer now ignores default column widths if custom widths are specified - Printer will still take max of column header and stated width - i.e. column headers will never be truncated - Correct other minor formatting issues","messageBody":"","fileTypesAndContributionMap":{"functional-code":{"insertions":24,"deletions":6}}}]},{"date":"2023-10-17","commitResults":[{"hash":"04a347ee3b490ae56695eea57033ef2a085e9165","isMergeCommit":true,"messageTitle":"Merge pull request #12 from Jonoans/fix-table-print","messageBody":"Fix table printer","fileTypesAndContributionMap":{}},{"hash":"3e456fdf7725e64554baf0ba4b16ff4b35f67c08","isMergeCommit":false,"messageTitle":"Add test cases for table printer - Case for print without header - Case for print without header, with custom widths specified - Case for print without header, with custom widths specified that are smaller than default widths","messageBody":"","fileTypesAndContributionMap":{"functional-code":{"insertions":7,"deletions":3},"test-code":{"insertions":50,"deletions":0}}},{"hash":"5c7593f1ef01d2cb6dbe47f460e4040b1b23594a","isMergeCommit":true,"messageTitle":"Merge pull request #29 from sRanay/Jason-JUnit-Test-Help-Command","messageBody":"Change the directory for HelpCommandTest.java","fileTypesAndContributionMap":{}},{"hash":"37a52c1cd98293c0c4e4e6154322a1f6a1b51e04","isMergeCommit":true,"messageTitle":"Merge pull request #33 from hooami/feat-UG","messageBody":"Fixed typo in UserGuide.md","fileTypesAndContributionMap":{}},{"hash":"65a5f3352f8a4d38445e84f73ea408cf4f0c633f","isMergeCommit":true,"messageTitle":"Merge pull request #35 from hooami/unit-test-List","messageBody":"Added unit testing for List Command","tags":["v1.0"],"fileTypesAndContributionMap":{}}]},{"date":"2023-10-20","commitResults":[{"hash":"1461551d033bf6c8e48b742ad20d54955e076cec","isMergeCommit":false,"messageTitle":"Fix failing test","messageBody":"","fileTypesAndContributionMap":{"test-code":{"insertions":7,"deletions":4}}}]},{"date":"2023-10-22","commitResults":[{"hash":"e4357d435b8a59088f6c275fee9bbc2554ea0731","isMergeCommit":false,"messageTitle":"Move user input retrieval functionality to UI","messageBody":"","fileTypesAndContributionMap":{"functional-code":{"insertions":14,"deletions":5}}}]},{"date":"2023-10-23","commitResults":[{"hash":"9cd42ebc96fc95ff7cc58924d6f68b291db2ef74","isMergeCommit":false,"messageTitle":"Add UI section for DG","messageBody":"","fileTypesAndContributionMap":{"docs":{"insertions":9,"deletions":0}}}]},{"date":"2023-10-24","commitResults":[{"hash":"62cc4a7b8175b481551253a744b72666de3a79f0","isMergeCommit":true,"messageTitle":"Merge pull request #43 from hooami/feat-addGoalandCategory","messageBody":"Added adding/removing of Goal and Category and relevant tests","fileTypesAndContributionMap":{}},{"hash":"57d763ad1179d1fa860de11ab0ffa470b65c19b6","isMergeCommit":false,"messageTitle":"Rename variables","messageBody":"","fileTypesAndContributionMap":{"functional-code":{"insertions":4,"deletions":4}}},{"hash":"dc04e3e03d1cc9db27898bbc973cbc91ecf3731b","isMergeCommit":false,"messageTitle":"Add abstract AddTransactionCommand class","messageBody":"","fileTypesAndContributionMap":{"functional-code":{"insertions":51,"deletions":65}}},{"hash":"d285bbc22d4070981ef32ce1e00f0e156706605e","isMergeCommit":false,"messageTitle":"Remove AMOUNT_ARG in child classes of AddTransactionCommand","messageBody":"","fileTypesAndContributionMap":{"functional-code":{"insertions":1,"deletions":3}}},{"hash":"72b38eafb5fcd40d47beb81f30c2e513a2640596","isMergeCommit":false,"messageTitle":"Assign better variable name","messageBody":"","fileTypesAndContributionMap":{"functional-code":{"insertions":4,"deletions":6}}},{"hash":"d79b07ae172328ebb5b5866519800039d84af37d","isMergeCommit":false,"messageTitle":"Shorten line","messageBody":"","fileTypesAndContributionMap":{"functional-code":{"insertions":2,"deletions":1}}},{"hash":"aabf0e121db7dbeeebc3e0537e76b42069e5b5de","isMergeCommit":false,"messageTitle":"Add option to specify recurrence of transaction * Also add tests for add income command","messageBody":"","fileTypesAndContributionMap":{"functional-code":{"insertions":63,"deletions":20},"test-code":{"insertions":224,"deletions":0}}},{"hash":"b046b5b550654d4ecd85f68c90133bb724d3f4b7","isMergeCommit":false,"messageTitle":"Fix checkstyle violations","messageBody":"","fileTypesAndContributionMap":{"test-code":{"insertions":83,"deletions":86}}},{"hash":"78d25733d8085e60f31d87af09a2323c1b5340c3","isMergeCommit":false,"messageTitle":"Add column for date when printing added income / expenses","messageBody":"","fileTypesAndContributionMap":{"functional-code":{"insertions":12,"deletions":6},"test-code":{"insertions":178,"deletions":12}}},{"hash":"b77dfe27595bf92ec159fc5fc62c9a8c7a1cbe2d","isMergeCommit":false,"messageTitle":"Add test for missing category","messageBody":"","fileTypesAndContributionMap":{"test-code":{"insertions":10,"deletions":0}}},{"hash":"2799a89700de6a38e3d138af8b3ca1d2a6bb4620","isMergeCommit":true,"messageTitle":"Merge pull request #52 from ChoonSiang/fix-parser","messageBody":"Modify parser to return empty string instead of null when user never …","fileTypesAndContributionMap":{}},{"hash":"4eb024b521eb9c96b81e9cfb543acf16b4031ae1","isMergeCommit":true,"messageTitle":"Merge remote-tracking branch \u0027upstream/master\u0027 into feat-recurring-transactions","messageBody":"","fileTypesAndContributionMap":{}},{"hash":"1475af640b21fba6801edd59055755762e518dc1","isMergeCommit":false,"messageTitle":"Fix amount check logic","messageBody":"","fileTypesAndContributionMap":{"functional-code":{"insertions":1,"deletions":1},"test-code":{"insertions":4,"deletions":0}}},{"hash":"37b90081f7180704df1ba18c57ba6c533fd46303","isMergeCommit":false,"messageTitle":"Add functionality to generate next recurrence","messageBody":"","fileTypesAndContributionMap":{"functional-code":{"insertions":62,"deletions":1}}},{"hash":"22d7aaf28d2db8c7f08f927339dee301c2c523b4","isMergeCommit":false,"messageTitle":"Parse dates in input","messageBody":"","fileTypesAndContributionMap":{"functional-code":{"insertions":28,"deletions":1},"test-code":{"insertions":2,"deletions":2}}},{"hash":"cea041f173e0b33a4b086fd3796cd2adb9111264","isMergeCommit":false,"messageTitle":"Add test for bad date values","messageBody":"","fileTypesAndContributionMap":{"test-code":{"insertions":34,"deletions":0}}},{"hash":"fcaa46dd2c8a3ed802e0bdb1eed29ea0a8c9163a","isMergeCommit":false,"messageTitle":"Ensure recurrence transactions added or not more than 1 period in the past","messageBody":"","fileTypesAndContributionMap":{"functional-code":{"insertions":22,"deletions":9},"test-code":{"insertions":25,"deletions":0}}}]},{"date":"2023-10-25","commitResults":[{"hash":"c16f220c04480974db5ebd5479abda47bbf679e6","isMergeCommit":true,"messageTitle":"Merge pull request #56 from hooami/DG","messageBody":"Fixed error in DG for Command","fileTypesAndContributionMap":{}},{"hash":"20da2d976de56b219302ff238eaec0dceb482eb5","isMergeCommit":false,"messageTitle":"Fix failing test","messageBody":"","fileTypesAndContributionMap":{"test-code":{"insertions":1,"deletions":1}}},{"hash":"836a0aa98852cb7c581d8057387e405c8a614cf3","isMergeCommit":false,"messageTitle":"Fix failing branch tests","messageBody":"","fileTypesAndContributionMap":{"test-code":{"insertions":23,"deletions":8}}}]},{"date":"2023-10-26","commitResults":[{"hash":"7af47e44c272f986e7bb464ce39e2f2a4cb0430a","isMergeCommit":false,"messageTitle":"Add toString method for TransactionRecurrence enum","messageBody":"","fileTypesAndContributionMap":{"functional-code":{"insertions":25,"deletions":4}}},{"hash":"9edc858c00ae69adabbe2b9fc9c01f9e21e983d9","isMergeCommit":true,"messageTitle":"Merge branch \u0027feat-transaction-enum-string\u0027 into feat-recurring-transactions","messageBody":"","fileTypesAndContributionMap":{}}]},{"date":"2023-10-27","commitResults":[{"hash":"c8236c3efcb842fcf58a6a4da0f00c1b453d0a84","isMergeCommit":true,"messageTitle":"Merge pull request #66 from itayrefaely/DG-update","messageBody":"DG-update","fileTypesAndContributionMap":{}},{"hash":"5fabcde61e92f9dec153fe34ed1fd2f2166253ff","isMergeCommit":true,"messageTitle":"Merge pull request #63 from sRanay/Jason-feat-export-csv","messageBody":"Jason feat export csv","fileTypesAndContributionMap":{}},{"hash":"8593c5a917d991adf928e22bc6e34b9879996fd0","isMergeCommit":true,"messageTitle":"Merge remote-tracking branch \u0027upstream/master\u0027 into feat-recurring-transactions","messageBody":"","fileTypesAndContributionMap":{}},{"hash":"4fb39a8254f489b29d2ad27bea6d2865ccc61a96","isMergeCommit":true,"messageTitle":"Merge remote-tracking branch \u0027upstream/Jason-feat-export-csv\u0027 into feat-recurring-transactions","messageBody":"","fileTypesAndContributionMap":{}},{"hash":"5cbcf521fe3fb0c52aedabd55b4cdea6e19876cd","isMergeCommit":false,"messageTitle":"Sync transaction details on load / save","messageBody":"","fileTypesAndContributionMap":{"functional-code":{"insertions":83,"deletions":1},"test-code":{"insertions":73,"deletions":0}}}]},{"date":"2023-10-28","commitResults":[{"hash":"da2e16dfcf2fbeb76c1fed568aa7f660c8a55378","isMergeCommit":true,"messageTitle":"Merge remote-tracking branch \u0027upstream/master\u0027 into feat-recurring-transactions","messageBody":"","fileTypesAndContributionMap":{}},{"hash":"d8e38e0e41bd585890997bd579180fa6957ed075","isMergeCommit":false,"messageTitle":"Update UG to indicate recurrence option usage","messageBody":"","fileTypesAndContributionMap":{"docs":{"insertions":20,"deletions":4}}},{"hash":"4ac80ed5d0df2fe9ab53a984725971a71d0a1f75","isMergeCommit":true,"messageTitle":"Merge pull request #69 from sRanay/Jason-update-guide","messageBody":"Update user guide for export command","fileTypesAndContributionMap":{}},{"hash":"5b254f299be61531b7551361db1845dfde550965","isMergeCommit":true,"messageTitle":"Merge remote-tracking branch \u0027upstream/master\u0027 into feat-recurring-transactions","messageBody":"","fileTypesAndContributionMap":{}},{"hash":"ea960daef8cd3e368d2dbed0cfe1d34bf739a3df","isMergeCommit":false,"messageTitle":"Add recurrence option to summary table","messageBody":"","fileTypesAndContributionMap":{"docs":{"insertions":9,"deletions":9}}},{"hash":"f268564bfddc13299761e64d2b5fbe2f5c320e72","isMergeCommit":false,"messageTitle":"Reformat table","messageBody":"","fileTypesAndContributionMap":{"docs":{"insertions":9,"deletions":9}}},{"hash":"bba5966a7552f6c3ba17ded1c5cf102c7a0db68c","isMergeCommit":false,"messageTitle":"Call directly to method that implements logic","messageBody":"","fileTypesAndContributionMap":{"functional-code":{"insertions":1,"deletions":1}}},{"hash":"11e8d6ef6b4e06b05c20adee59fb1606dc442fc8","isMergeCommit":false,"messageTitle":"Extract validation process into distinct methods","messageBody":"","fileTypesAndContributionMap":{"functional-code":{"insertions":36,"deletions":17}}}]},{"date":"2023-10-30","commitResults":[{"hash":"f5ac273cd8b0d450bc78614afe88c289935129f1","isMergeCommit":false,"messageTitle":"Add JavaDocs and update some tests","messageBody":"","fileTypesAndContributionMap":{"functional-code":{"insertions":62,"deletions":0},"test-code":{"insertions":32,"deletions":14}}},{"hash":"3c15d9d270c1e92c01e6a557dedcf89c15febdb4","isMergeCommit":false,"messageTitle":"Fix checkstyle issues","messageBody":"","fileTypesAndContributionMap":{"functional-code":{"insertions":3,"deletions":3}}},{"hash":"ba2b69021a55a498745a03f56fadf24ca5d8630c","isMergeCommit":false,"messageTitle":"Update UI Sequence diagram","messageBody":"","fileTypesAndContributionMap":{"docs":{"insertions":1,"deletions":1}}},{"hash":"2607ce3ebf93d4fc83564418181cca731e1d75e0","isMergeCommit":false,"messageTitle":"Include puml file","messageBody":"","fileTypesAndContributionMap":{"docs":{"insertions":40,"deletions":0}}}]},{"date":"2023-10-31","commitResults":[{"hash":"15d701b0b823c76442289fc40c36254bceddc308","isMergeCommit":false,"messageTitle":"Add UI class diagram","messageBody":"","fileTypesAndContributionMap":{"docs":{"insertions":62,"deletions":0}}},{"hash":"d29139e2c9cefbea551b2224d0ab102925007b91","isMergeCommit":true,"messageTitle":"Merge pull request #78 from sRanay/Jason-update-guide","messageBody":"Add storage class diagram","fileTypesAndContributionMap":{}},{"hash":"659dfcd83d429ef56e59f761f841f4546d4484ba","isMergeCommit":true,"messageTitle":"Merge pull request #83 from sRanay/Jason-update-guide","messageBody":"Update class diagram for Storage class","fileTypesAndContributionMap":{}}]},{"date":"2023-11-01","commitResults":[{"hash":"2121a93766d8548a9f620c55c114a9cd02cf347a","isMergeCommit":true,"messageTitle":"Merge pull request #87 from sRanay/Jason-fix-test-case-bugs","messageBody":"Fix test cases bugs","fileTypesAndContributionMap":{}}]},{"date":"2023-11-02","commitResults":[{"hash":"30f220e5171bae36b0123b7016fcc9dda3842aa3","isMergeCommit":true,"messageTitle":"Merge pull request #88 from hooami/fix-ListCommand","messageBody":"Added padding for column width for ID column","fileTypesAndContributionMap":{}},{"hash":"d141b12fd09267805debb8e16b2b4359a0630751","isMergeCommit":true,"messageTitle":"Merge pull request #89 from hooami/ug-update","messageBody":"Updated UserGuide to fix error","fileTypesAndContributionMap":{}},{"hash":"948ec4b9c2728e790fb0ba837c8d84d435b2484a","isMergeCommit":false,"messageTitle":"Fix diagram inconsistencies","messageBody":"","fileTypesAndContributionMap":{"docs":{"insertions":10,"deletions":10}}},{"hash":"47a7794a603de56c15a9220059eeb383df60688e","isMergeCommit":false,"messageTitle":"Change diagram arrow to dependency for abstract reference and remove private attributes","messageBody":"","fileTypesAndContributionMap":{"docs":{"insertions":3,"deletions":19}}},{"hash":"3373e9342e0d040cb3c686978f5e35f625876d1f","isMergeCommit":false,"messageTitle":"Add note about parser lifeline","messageBody":"","fileTypesAndContributionMap":{"docs":{"insertions":1,"deletions":0}}}]},{"date":"2023-11-05","commitResults":[{"hash":"43762c960a707890366181a19f5e9dec46429e4f","isMergeCommit":false,"messageTitle":"Fix double parsing for non-numerical (+Infinity, -Infinity) and negative 0","messageBody":"","fileTypesAndContributionMap":{"functional-code":{"insertions":7,"deletions":1},"test-code":{"insertions":26,"deletions":0}}},{"hash":"5828e085712ee0e019b23f29edae83950bcffef0","isMergeCommit":true,"messageTitle":"Merge pull request #128 from sRanay/master","messageBody":"Change file location for storage files","fileTypesAndContributionMap":{}},{"hash":"97fc1677e4955ec28227222d507c157761339bc2","isMergeCommit":false,"messageTitle":"Use streams to process recurrent transactions","messageBody":"","fileTypesAndContributionMap":{"functional-code":{"insertions":8,"deletions":6}}},{"hash":"2ae241eb1ef2d72dc7aa84d2b26219a95f8f033f","isMergeCommit":false,"messageTitle":"Update UG to clarify valid parameter values","messageBody":"","fileTypesAndContributionMap":{"docs":{"insertions":4,"deletions":4}}},{"hash":"f3b7f3eda0c2e5a863c268856917a673018f7721","isMergeCommit":true,"messageTitle":"Merge remote-tracking branch \u0027upstream/master\u0027 into feat-recurrent-transactions-streams","messageBody":"","fileTypesAndContributionMap":{}},{"hash":"2a7e3079d544690dae1d32c4934d6bf44935c9a5","isMergeCommit":false,"messageTitle":"Update diagrams and clarify parameter values for amount for in / out commands","messageBody":"","fileTypesAndContributionMap":{"docs":{"insertions":4,"deletions":0}}},{"hash":"25e6795760a20006243a91b16e87c105cc43b4c9","isMergeCommit":false,"messageTitle":"Fix typo in error message for transactions","messageBody":"","fileTypesAndContributionMap":{"functional-code":{"insertions":1,"deletions":1}}},{"hash":"afb8a5db7ee5deedd96c9afce4de065dab9921f6","isMergeCommit":false,"messageTitle":"Remove extract spaces","messageBody":"","fileTypesAndContributionMap":{"docs":{"insertions":1,"deletions":1}}},{"hash":"4845f87c48f3d041079a3df3f87b1fc78fff180e","isMergeCommit":false,"messageTitle":"Update test","messageBody":"","fileTypesAndContributionMap":{"test-code":{"insertions":1,"deletions":1}}},{"hash":"e97854948a69aae62d0b0bfb464382137ffbfe7f","isMergeCommit":false,"messageTitle":"Force recurrence transaction generation to be sequential","messageBody":"","fileTypesAndContributionMap":{"functional-code":{"insertions":2,"deletions":0}}}]},{"date":"2023-11-07","commitResults":[{"hash":"dbbae6e471657c75d7193604218617022611e8a4","isMergeCommit":true,"messageTitle":"Merge pull request #134 from ChoonSiang/parser-multi-args-fix","messageBody":"Modify Parser to detect duplicate arguments and Fix ListCommandTest test cases failing","fileTypesAndContributionMap":{}},{"hash":"7a637b2a7aae5162db50b3d068cc6c8b385443f3","isMergeCommit":false,"messageTitle":"Add PPP","messageBody":"","fileTypesAndContributionMap":{"docs":{"insertions":44,"deletions":0}}},{"hash":"81b98e1b1fc5bb0c2a945cfb443b3b0bf2663e4a","isMergeCommit":false,"messageTitle":"Add team-based contribution section","messageBody":"","fileTypesAndContributionMap":{"docs":{"insertions":6,"deletions":2}}},{"hash":"02d215a7d1c1614cb269c9431d8a12e8feb8cab0","isMergeCommit":false,"messageTitle":"Use default layout in theme","messageBody":"","fileTypesAndContributionMap":{"docs":{"insertions":0,"deletions":1}}},{"hash":"8ef34f6413ddecbd2062915e467ba36b31a3a0e5","isMergeCommit":false,"messageTitle":"Update links in AboutUs page","messageBody":"","fileTypesAndContributionMap":{"docs":{"insertions":5,"deletions":5}}},{"hash":"08e30835c8d48cb53edaab0d64b2c4584f38566a","isMergeCommit":true,"messageTitle":"Merge pull request #145 from hooami/ppp-update","messageBody":"Update PPP","fileTypesAndContributionMap":{}}]},{"date":"2023-11-08","commitResults":[{"hash":"e4e4ff8ef219fd27ba7a69314e49b82e66090cbf","isMergeCommit":true,"messageTitle":"Merge pull request #148 from AY2324S1-CS2113-W12-3/itayrefaely-patch-3","messageBody":"Update UserGuide.md edit transaction command","fileTypesAndContributionMap":{}},{"hash":"c3441bc156dfa15f5596a1686efe11434eeb7eaa","isMergeCommit":true,"messageTitle":"Merge pull request #147 from AY2324S1-CS2113-W12-3/itayrefaely-patch-2","messageBody":"Update PPP","fileTypesAndContributionMap":{}},{"hash":"01bf6979cfeb9dea68b308ac6ca0e4d74ebe2ff6","isMergeCommit":true,"messageTitle":"Merge pull request #149 from AY2324S1-CS2113-W12-3/itayrefaely-patch-4","messageBody":"Update DeveloperGuide.md Edit Transaction Command","fileTypesAndContributionMap":{}},{"hash":"4c68365e589f66185fc1afad659f66afa97bf206","isMergeCommit":true,"messageTitle":"Merge pull request #151 from sRanay/master","messageBody":"Fix test cases","fileTypesAndContributionMap":{}},{"hash":"d1ff0d465c9390e797b202190071819b906bc538","isMergeCommit":true,"messageTitle":"Merge pull request #142 from ChoonSiang/catch-interrupt","messageBody":"Add ability to safely end program using ctrl-c and ctrl-d","fileTypesAndContributionMap":{}},{"hash":"676e2e3506bed0e055591c5353e774eebd34ed16","isMergeCommit":true,"messageTitle":"Merge pull request #144 from itayrefaely/Add-edit-transaction-command","messageBody":"Add edit feature","fileTypesAndContributionMap":{}},{"hash":"e989482ec05e915c79540ace05b1ce49dbd4c508","isMergeCommit":true,"messageTitle":"Merge pull request #152 from itayrefaely/master","messageBody":"Update UserGuide.md minor cosmetic changes for consistency","fileTypesAndContributionMap":{}},{"hash":"58baba7af0f62e44483c295009c34ebe991d902a","isMergeCommit":true,"messageTitle":"Merge pull request #153 from itayrefaely/Add-edit-transaction-command","messageBody":"Cosmetic changes","fileTypesAndContributionMap":{}},{"hash":"1d0296bfa14481bf736802c627261bb68bc3f48e","isMergeCommit":false,"messageTitle":"Update goal and category options to denote as optional","messageBody":"","fileTypesAndContributionMap":{"docs":{"insertions":2,"deletions":2}}}]},{"date":"2023-11-09","commitResults":[{"hash":"ded7655f723c2ee6594c86770450712fffdf8868","isMergeCommit":false,"messageTitle":"Add DG sections for StateManager and transaction addition","messageBody":"","fileTypesAndContributionMap":{"docs":{"insertions":57,"deletions":9}}},{"hash":"6f314ea85de4a546f980290873c28d2635961a86","isMergeCommit":false,"messageTitle":"Update PPP","messageBody":"","fileTypesAndContributionMap":{"docs":{"insertions":1,"deletions":0}}},{"hash":"1f84278503c1f98655ad23121d9281b561793697","isMergeCommit":false,"messageTitle":"Add some NFRs of program","messageBody":"","fileTypesAndContributionMap":{"docs":{"insertions":6,"deletions":1}}},{"hash":"e8a56ef50a522fd09677370e6871c8941c1be888","isMergeCommit":true,"messageTitle":"Merge pull request #155 from hooami/sorting-changes","messageBody":"Change sorting behaviour and increase coverage","fileTypesAndContributionMap":{}}]},{"date":"2023-11-10","commitResults":[{"hash":"3b4308fdba77da6d7606410e33f8ae63c69fc08e","isMergeCommit":true,"messageTitle":"Merge pull request #156 from sRanay/Jason-update-help-command","messageBody":"Add edit and summary to help list","fileTypesAndContributionMap":{}},{"hash":"c7259473b09404b3185b0cce757bc3a768b4129f","isMergeCommit":true,"messageTitle":"Merge pull request #143 from hooami/ped-issues","messageBody":"Change behaviour of remove goal/category and bugfix list","fileTypesAndContributionMap":{}}]}],"sRanay":[{"date":"2023-10-04","commitResults":[{"hash":"432fb4b7b27f1f55e828430634b5f8b93ad4e13a","isMergeCommit":false,"messageTitle":"Modify AboutUs","messageBody":"","fileTypesAndContributionMap":{"docs":{"insertions":1,"deletions":1}}}]},{"date":"2023-10-13","commitResults":[{"hash":"850d0eead8d175081a263218cdf2670acd7a2321","isMergeCommit":true,"messageTitle":"Merge pull request #6 from ChoonSiang/ChoonSiang-Parser","messageBody":"Add Ui, Exception, Command and Parser class","fileTypesAndContributionMap":{}},{"hash":"ed55adec9aabec1d92f9dde34177e284c69e55ee","isMergeCommit":false,"messageTitle":"Add Transaction class","messageBody":"","fileTypesAndContributionMap":{"functional-code":{"insertions":40,"deletions":0}}},{"hash":"160ab9d5811b42ba9c1eea6cc9f37d36cef7b662","isMergeCommit":false,"messageTitle":"Add Goal Class","messageBody":"","fileTypesAndContributionMap":{"functional-code":{"insertions":28,"deletions":0}}},{"hash":"88b55b6c2329c254c203615b87c749854d2e0cbb","isMergeCommit":false,"messageTitle":"Add Category class","messageBody":"","fileTypesAndContributionMap":{"functional-code":{"insertions":13,"deletions":0}}},{"hash":"72c70969e0705ccbff0ce683a0120287e6d491b5","isMergeCommit":false,"messageTitle":"Add constructor for for Category class","messageBody":"","fileTypesAndContributionMap":{"functional-code":{"insertions":5,"deletions":1}}},{"hash":"3aa3f428ac90fb7808094ec0521057d971016eac","isMergeCommit":true,"messageTitle":"Merge pull request #7 from sRanay/Jason-ClassCreation","messageBody":"Class Creation for Transaction, Goal and Category","fileTypesAndContributionMap":{}}]},{"date":"2023-10-16","commitResults":[{"hash":"45589a916577c5b3e36a6c98ce2281879442a45e","isMergeCommit":true,"messageTitle":"Merge branch \u0027Jason-feat-help-command\u0027 of https://github.com/sRanay/tp into Jason-feat-help-command","messageBody":"","fileTypesAndContributionMap":{}},{"hash":"0a0f00cc657760ee4ac55e0e2add2ba86a8ff3da","isMergeCommit":false,"messageTitle":"Add full list help command","messageBody":"","fileTypesAndContributionMap":{"functional-code":{"insertions":120,"deletions":0}}}]},{"date":"2023-10-17","commitResults":[{"hash":"3c84d10e1aa646371926f198513a39028316e162","isMergeCommit":true,"messageTitle":"Merge branch \u0027AY2324S1-CS2113-W12-3:master\u0027 into Jason-feat-help-command","messageBody":"","fileTypesAndContributionMap":{}},{"hash":"b54f6a3a7dd00296f642cf1074ab200991d1843b","isMergeCommit":false,"messageTitle":"Add help command for specific commands","messageBody":"","fileTypesAndContributionMap":{"functional-code":{"insertions":81,"deletions":33}}},{"hash":"30b063ff4e7dcbff662de53ca81a30065022c169","isMergeCommit":false,"messageTitle":"Change code format","messageBody":"","fileTypesAndContributionMap":{"functional-code":{"insertions":10,"deletions":6}}},{"hash":"768d1a10dd3c0c412fe7247a390110a392912180","isMergeCommit":false,"messageTitle":"Change the code format","messageBody":"","fileTypesAndContributionMap":{"functional-code":{"insertions":8,"deletions":7}}},{"hash":"c4f3f68b1f244f127dee55f36f35ed31c633bd3a","isMergeCommit":false,"messageTitle":"Update updateOutput function","messageBody":"","fileTypesAndContributionMap":{"functional-code":{"insertions":5,"deletions":6}}},{"hash":"7f2d76c214e6d9974d173d87f0c0422ab116bde7","isMergeCommit":true,"messageTitle":"Merge branch \u0027AY2324S1-CS2113-W12-3:master\u0027 into Jason-feat-help-command","messageBody":"","fileTypesAndContributionMap":{}},{"hash":"bb0c81c0d8927d33ad26eae7931996a96b6621ff","isMergeCommit":true,"messageTitle":"Merge pull request #24 from ChoonSiang/Choonsiang-JUnit-Parser","messageBody":"Add JUnit tests for Parser class","fileTypesAndContributionMap":{}},{"hash":"e787b35840e95660a8aff9dc46667c21b857c6d1","isMergeCommit":true,"messageTitle":"Merge branch \u0027AY2324S1-CS2113-W12-3:master\u0027 into Jason-feat-help-command","messageBody":"","fileTypesAndContributionMap":{}},{"hash":"dbcd487745647af8cccca27c910e874e32da7cdd","isMergeCommit":false,"messageTitle":"Modify logic for updateOutput function","messageBody":"","fileTypesAndContributionMap":{"functional-code":{"insertions":29,"deletions":28}}},{"hash":"149427e10c48916c29c495d8e8f3a04170abed46","isMergeCommit":false,"messageTitle":"Create JUnit test for help","messageBody":"","fileTypesAndContributionMap":{"test-code":{"insertions":25,"deletions":0}}},{"hash":"531b611fe7c8d51a703bee109ab5590437952531","isMergeCommit":true,"messageTitle":"Merge pull request #11 from sRanay/Jason-feat-help-command","messageBody":"Add help command feature","fileTypesAndContributionMap":{}},{"hash":"6b5ee6f05ddfe6b6a9b43c1b436bb888c1647eca","isMergeCommit":true,"messageTitle":"Merge branch \u0027AY2324S1-CS2113-W12-3:master\u0027 into Jason-JUnit-Test-Help-Command","messageBody":"","fileTypesAndContributionMap":{}},{"hash":"ecf036b660eb403e189f28016d835c2fcd777720","isMergeCommit":false,"messageTitle":"Add test case for valid command","messageBody":"","fileTypesAndContributionMap":{"test-code":{"insertions":17,"deletions":3}}},{"hash":"2b7c371f0e528f650273afb2dd52cdcdd8a0aabb","isMergeCommit":false,"messageTitle":"Add more test cases for help command","messageBody":"","fileTypesAndContributionMap":{"test-code":{"insertions":111,"deletions":7}}},{"hash":"4bcd083cbb2e22c2861c26d963084d7404da52d6","isMergeCommit":false,"messageTitle":"Add in test case where commands are Case sensitive","messageBody":"","fileTypesAndContributionMap":{"test-code":{"insertions":34,"deletions":0}}},{"hash":"87cf6c3b913ca98a20816e18ce4f5cf88110601c","isMergeCommit":false,"messageTitle":"Fix bug where valid command in uppercase not detected","messageBody":"","fileTypesAndContributionMap":{"functional-code":{"insertions":1,"deletions":5}}},{"hash":"afba94765ac684c7fbdc0a0ba9e4fa44b3a422a1","isMergeCommit":false,"messageTitle":"Fix code format","messageBody":"","fileTypesAndContributionMap":{"functional-code":{"insertions":3,"deletions":3}}},{"hash":"a31f53ccfffd05106f06b08dc66c5159d216d4b1","isMergeCommit":true,"messageTitle":"Merge pull request #26 from sRanay/Jason-JUnit-Test-Help-Command","messageBody":"Add JUnit test for HelpCommand Class","fileTypesAndContributionMap":{}},{"hash":"7575b485abedd305f566a580f3fe504f347c9610","isMergeCommit":false,"messageTitle":"Change the directory for HelpCommandTest.java","messageBody":"","fileTypesAndContributionMap":{"other":{"insertions":1,"deletions":2}}},{"hash":"8d8b0f9aa7d7ff33a278a7600b26369bf22ac707","isMergeCommit":true,"messageTitle":"Merge pull request #27 from Jonoans/test-ui","messageBody":"Add more test cases for table printer","fileTypesAndContributionMap":{}},{"hash":"0818be8d3df97c4baa623bd3cd90f2f4d55273de","isMergeCommit":true,"messageTitle":"Merge pull request #31 from ChoonSiang/unit-test-RemoveTransactionCommand","messageBody":"Add unit tests for RemoveTransactionCommnad","fileTypesAndContributionMap":{}}]},{"date":"2023-10-22","commitResults":[{"hash":"6a7dd3148e9249206b07b653d33c0c2667c98eb6","isMergeCommit":false,"messageTitle":"Enable assertion on gradle","messageBody":"","fileTypesAndContributionMap":{"other":{"insertions":1,"deletions":0}}},{"hash":"2fe4898d675771c7689042e88d5fc74619af098d","isMergeCommit":false,"messageTitle":"Add user stories to DG","messageBody":"","fileTypesAndContributionMap":{"docs":{"insertions":7,"deletions":2}}},{"hash":"c40356b4bb8075116acb108b1a6d02e56ff8508f","isMergeCommit":false,"messageTitle":"Add proposed implementation for exporting data","messageBody":"","fileTypesAndContributionMap":{"docs":{"insertions":24,"deletions":1}}},{"hash":"b514c891ac18424bf31b9e805e1a013dda06e6f8","isMergeCommit":false,"messageTitle":"Add component summary under architecture","messageBody":"","fileTypesAndContributionMap":{"docs":{"insertions":5,"deletions":0}}}]},{"date":"2023-10-23","commitResults":[{"hash":"8b67980589ea49104b0b2285777ed8e97c170622","isMergeCommit":false,"messageTitle":"Add export feature for all transaction data","messageBody":"","fileTypesAndContributionMap":{"functional-code":{"insertions":122,"deletions":0},"other":{"insertions":2,"deletions":0}}}]},{"date":"2023-10-24","commitResults":[{"hash":"61d3f886a187e665cc534b49bf16d9d5b1ac8d8a","isMergeCommit":true,"messageTitle":"Merge branch \u0027master\u0027 into Jason-feat-export-csv","messageBody":"","fileTypesAndContributionMap":{}},{"hash":"dc912d244f06cbeef30b583ab6e24d807d2b1c0e","isMergeCommit":false,"messageTitle":"Modify to retrieve the goal and category","messageBody":"","fileTypesAndContributionMap":{"functional-code":{"insertions":5,"deletions":8}}}]},{"date":"2023-10-25","commitResults":[{"hash":"3f024b77bb5f7a26bafe21ff8acf818380e36c02","isMergeCommit":true,"messageTitle":"Merge pull request #58 from Jonoans/fix-test","messageBody":"Fix failing test","fileTypesAndContributionMap":{}},{"hash":"1b4b760afac46b9eff7661a4da041777502f8f2d","isMergeCommit":true,"messageTitle":"Merge pull request #59 from Jonoans/fix-failing-branch-tests","messageBody":"Fix failing branch tests","fileTypesAndContributionMap":{}},{"hash":"74605bd6be3f2d74fd6f7f3f27aefd192be6414b","isMergeCommit":false,"messageTitle":"Fix wrong test case result","messageBody":"","fileTypesAndContributionMap":{"functional-code":{"insertions":7,"deletions":3},"test-code":{"insertions":7,"deletions":3}}},{"hash":"dc8b6c22b5d56f2af6c64ac7de52e3637e01c471","isMergeCommit":false,"messageTitle":"Modify export command to be able to export only in or out transactions","messageBody":"","fileTypesAndContributionMap":{"functional-code":{"insertions":66,"deletions":27}}},{"hash":"03e912475318577583677bc16c1c720904b691b2","isMergeCommit":false,"messageTitle":"Add export command in help list","messageBody":"","fileTypesAndContributionMap":{"functional-code":{"insertions":18,"deletions":1}}}]},{"date":"2023-10-26","commitResults":[{"hash":"a3be881f48f600cc25d35e19ab5aa5d3584f224f","isMergeCommit":true,"messageTitle":"Merge pull request #64 from Jonoans/feat-transaction-enum-string","messageBody":"Method for string representation of TransactionRecurrence","fileTypesAndContributionMap":{}},{"hash":"b9a24d3244f8dc049960cb706c67e8e15f4ab3d0","isMergeCommit":true,"messageTitle":"Merge remote-tracking branch \u0027upstream/master\u0027 into Jason-feat-export-csv","messageBody":"","fileTypesAndContributionMap":{}}]},{"date":"2023-10-27","commitResults":[{"hash":"ad4203b97a5ab5b6b271ada3ae35de16203a3186","isMergeCommit":false,"messageTitle":"Create CsvReader and CsvWriter class","messageBody":"","fileTypesAndContributionMap":{"functional-code":{"insertions":39,"deletions":0},"other":{"insertions":8,"deletions":8}}},{"hash":"89781b0af05b38800968b489d44aebb71c872932","isMergeCommit":false,"messageTitle":"Update to use latest version for OpenCSV","messageBody":"","fileTypesAndContributionMap":{"other":{"insertions":48,"deletions":49}}},{"hash":"9b67a25be68728ebeb877ae9e598f93474c889b0","isMergeCommit":false,"messageTitle":"Change export command to export data using CsvWriter class","messageBody":"","fileTypesAndContributionMap":{"functional-code":{"insertions":108,"deletions":115}}},{"hash":"4c63c7c37b6b059a6266e5c10bcedbdf953d0100","isMergeCommit":false,"messageTitle":"Add save and load feature","messageBody":"","fileTypesAndContributionMap":{"functional-code":{"insertions":256,"deletions":1}}},{"hash":"9ddb51ed04bf745525545eb87014460bd06bcd59","isMergeCommit":false,"messageTitle":"Rearrange function placement","messageBody":"","fileTypesAndContributionMap":{"functional-code":{"insertions":39,"deletions":40}}},{"hash":"3aa46d3bbcaf813d2cfbe3a0841927855cc5b331","isMergeCommit":false,"messageTitle":"Add some test for Export Command and Storage Class","messageBody":"","fileTypesAndContributionMap":{"test-code":{"insertions":182,"deletions":0}}},{"hash":"66d412ce5d2eb00fdc9ff02e2482de995f312073","isMergeCommit":false,"messageTitle":"Fix checkstyle errors","messageBody":"","fileTypesAndContributionMap":{"test-code":{"insertions":2,"deletions":3}}},{"hash":"6c4c00b5d93797a6bbf57e068870fbbdbdf77dc3","isMergeCommit":false,"messageTitle":"Change to use parser function for checking double","messageBody":"","fileTypesAndContributionMap":{"functional-code":{"insertions":49,"deletions":30}}},{"hash":"4386d1bdd9da2f053406e8c85c8507e87fc1b290","isMergeCommit":false,"messageTitle":"Remove unused tests","messageBody":"","fileTypesAndContributionMap":{"test-code":{"insertions":0,"deletions":34}}},{"hash":"b86dd31a7ad031086ed7be7b7bf0569a21955568","isMergeCommit":false,"messageTitle":"Fix checkstyle errors","messageBody":"","fileTypesAndContributionMap":{"functional-code":{"insertions":6,"deletions":3}}},{"hash":"3875598619523ff8084c058b54e8863a23eef22c","isMergeCommit":true,"messageTitle":"Merge pull request #67 from AY2324S1-CS2113-W12-3/Jason-feat-export-csv","messageBody":"Export CSV Feature","fileTypesAndContributionMap":{}},{"hash":"92be92a89b1c60a597a1004fb5f77547ea2617a5","isMergeCommit":true,"messageTitle":"Merge pull request #68 from Jonoans/feat-recurring-transactions","messageBody":"Update recurring transactions as program runs","fileTypesAndContributionMap":{}},{"hash":"5849fb5efaef42141a475fd63d5a920d57a2d4e4","isMergeCommit":false,"messageTitle":"Update UG to latest commands","messageBody":"","fileTypesAndContributionMap":{"docs":{"insertions":70,"deletions":8}}}]},{"date":"2023-10-28","commitResults":[{"hash":"b0cfdbe76ca27d057fb6d680c5c6280288134a57","isMergeCommit":false,"messageTitle":"Update user guide to have export command","messageBody":"","fileTypesAndContributionMap":{"docs":{"insertions":23,"deletions":8}}},{"hash":"ec6a1c294ab0430f709f06ae65c5cd6fc8cd5a38","isMergeCommit":true,"messageTitle":"Update user guide","messageBody":"","fileTypesAndContributionMap":{}},{"hash":"6c541bd64212fbc8d992427251ede1b9aff90f62","isMergeCommit":true,"messageTitle":"Merge pull request #70 from Jonoans/feat-recurring-transactions","messageBody":"Update UG to include recurring transaction option","fileTypesAndContributionMap":{}},{"hash":"2c8e3d0f11f4c9af653dbe9109b82ae075f06fc2","isMergeCommit":false,"messageTitle":"Update help command for goal and category","messageBody":"","fileTypesAndContributionMap":{"functional-code":{"insertions":59,"deletions":7}}},{"hash":"ae425ff18e16ddae501619077ad5ea25320361e0","isMergeCommit":false,"messageTitle":"Tidy up code and remove magic numbers","messageBody":"","fileTypesAndContributionMap":{"functional-code":{"insertions":55,"deletions":45}}},{"hash":"90cb1709b7b49fe64acf9a30ed88388bd718848e","isMergeCommit":false,"messageTitle":"Fix test cases and style check errors","messageBody":"","fileTypesAndContributionMap":{"functional-code":{"insertions":4,"deletions":2},"test-code":{"insertions":87,"deletions":40}}},{"hash":"a45d9cbec4988211d762175979d8bbc8f20f49a6","isMergeCommit":false,"messageTitle":"Update DG","messageBody":"","fileTypesAndContributionMap":{"docs":{"insertions":6,"deletions":14}}}]},{"date":"2023-10-29","commitResults":[{"hash":"d72f11a031e24034bb8ea234cc1dbf9b63cdb11b","isMergeCommit":false,"messageTitle":"Add test for loading with valid storage files","messageBody":"","fileTypesAndContributionMap":{"test-code":{"insertions":106,"deletions":7}}},{"hash":"eea2c879f9ef344187001f62d2217d6129760d01","isMergeCommit":false,"messageTitle":"Add test for loading storage with empty columns","messageBody":"","fileTypesAndContributionMap":{"test-code":{"insertions":66,"deletions":0}}},{"hash":"6e0361f5393bc6f374c41977cde5357a77beb04d","isMergeCommit":false,"messageTitle":"Add test for saving data to storage files","messageBody":"","fileTypesAndContributionMap":{"other":{"insertions":1,"deletions":0},"test-code":{"insertions":120,"deletions":3}}},{"hash":"f2959ac34ea25892cc7f4029b91bd6dbc9dd941b","isMergeCommit":false,"messageTitle":"Add more test cases for export command","messageBody":"","fileTypesAndContributionMap":{"test-code":{"insertions":70,"deletions":15}}},{"hash":"b3da4d2266bf9ee5312b5586b8ffeec233a097b7","isMergeCommit":false,"messageTitle":"Fix gradle issue","messageBody":"","fileTypesAndContributionMap":{"test-code":{"insertions":204,"deletions":85}}},{"hash":"db55d5c1e0fb475095caed89c1407b9e6a8fc06c","isMergeCommit":false,"messageTitle":"Add debug message","messageBody":"","fileTypesAndContributionMap":{"test-code":{"insertions":3,"deletions":0}}},{"hash":"14c17b9b7de6906ac21bbfcd7ebfdad88a4339f1","isMergeCommit":false,"messageTitle":"Modify debug message","messageBody":"","fileTypesAndContributionMap":{"test-code":{"insertions":1,"deletions":1}}}]},{"date":"2023-10-30","commitResults":[{"hash":"5f2de3dd4313de5d9214f25b387fb625dd74848f","isMergeCommit":false,"messageTitle":"Fix carriage return issue on test files","messageBody":"","fileTypesAndContributionMap":{"test-code":{"insertions":0,"deletions":3}}},{"hash":"3dfe6fa0553967592cbf2e02f4b1f6b45bfae7ec","isMergeCommit":false,"messageTitle":"Modify saveDataWorking test case","messageBody":"","fileTypesAndContributionMap":{"test-code":{"insertions":1,"deletions":1}}},{"hash":"62e1944a74e990fcfcc6468dbe27f3a564e2978f","isMergeCommit":false,"messageTitle":"Modified CsvWriter to use CRLF","messageBody":"","fileTypesAndContributionMap":{"functional-code":{"insertions":4,"deletions":1}}},{"hash":"9d843f054bd48eabcb5af52cdadbbdfcc3667aa5","isMergeCommit":false,"messageTitle":"Add Test for MacOS and Linux","messageBody":"","fileTypesAndContributionMap":{"functional-code":{"insertions":1,"deletions":1},"test-code":{"insertions":157,"deletions":25}}},{"hash":"d2d6de4a1af4c50d5d2b5bd019031b66a92e83d5","isMergeCommit":false,"messageTitle":"Add comments for the functions","messageBody":"","fileTypesAndContributionMap":{"functional-code":{"insertions":36,"deletions":0}}},{"hash":"6e491568ff28c86381917c9b6dcabd8b479d0d49","isMergeCommit":false,"messageTitle":"Add the rest of the comments for Storage class","messageBody":"","fileTypesAndContributionMap":{"functional-code":{"insertions":74,"deletions":10}}},{"hash":"781d79f72b142ce1814188497f9c08075d7cb71c","isMergeCommit":true,"messageTitle":"Merge remote-tracking branch \u0027upstream/master\u0027 into Jason-junit-tests","messageBody":"","fileTypesAndContributionMap":{}},{"hash":"abd730ffb39d5221e10216729b2b6dc1118c4a6e","isMergeCommit":true,"messageTitle":"Merge pull request #77 from Jonoans/jon-docs-tests","messageBody":"Refactoring code","fileTypesAndContributionMap":{}},{"hash":"71e23023b44013c4efd658618f3459e7b24e234f","isMergeCommit":false,"messageTitle":"Add storage class diagram","messageBody":"","fileTypesAndContributionMap":{"docs":{"insertions":81,"deletions":1}}}]},{"date":"2023-10-31","commitResults":[{"hash":"02402589618d54475b3c63bc2e23de90aab082da","isMergeCommit":false,"messageTitle":"Fix missing method and variable for Storage class diagram","messageBody":"","fileTypesAndContributionMap":{"docs":{"insertions":75,"deletions":73}}},{"hash":"1ea583c1697f6ec347f0b51fe71171b7cc18f7af","isMergeCommit":true,"messageTitle":"Merge pull request #79 from Jonoans/ui-docs","messageBody":"Add diagrams for UI component","fileTypesAndContributionMap":{}},{"hash":"3baa00f2b3bc60e250418e26d827448e06ea15a7","isMergeCommit":false,"messageTitle":"Update class diagram for Storage class","messageBody":"","fileTypesAndContributionMap":{"docs":{"insertions":76,"deletions":75}}},{"hash":"e2ff9459bbbed09ca90b9b4becc0a52948f24f33","isMergeCommit":true,"messageTitle":"Merge pull request #82 from ChoonSiang/DG-update","messageBody":"Update DG to include diagrams","fileTypesAndContributionMap":{}},{"hash":"8def91d0f8700f6b436ce90f0bc13f6f8cf1b76e","isMergeCommit":true,"messageTitle":"Merge pull request #81 from hooami/modifyListCommand","messageBody":"Modified ListCommand to print sorted list and include recurrence column","fileTypesAndContributionMap":{}}]},{"date":"2023-11-01","commitResults":[{"hash":"fa08498aea0958674ff4a9f1ecc201db43338774","isMergeCommit":false,"messageTitle":"Remove reader error message","messageBody":"","fileTypesAndContributionMap":{"functional-code":{"insertions":1,"deletions":1}}},{"hash":"b6838624572712a2feeb9193187c9ee6259968d8","isMergeCommit":false,"messageTitle":"Fix test cases","messageBody":"","fileTypesAndContributionMap":{"test-code":{"insertions":17,"deletions":16}}}]},{"date":"2023-11-03","commitResults":[{"hash":"625fb7e6624d257e96d0d743f178506ed1351be9","isMergeCommit":true,"messageTitle":"Merge pull request #91 from ChoonSiang/Storage-File-location","messageBody":"Modify StorageTest and ExportCommandTest files location","fileTypesAndContributionMap":{}}]},{"date":"2023-11-04","commitResults":[{"hash":"a96e82dbe172e272291b139a48cc1e014e05c108","isMergeCommit":false,"messageTitle":"Change storage data location","messageBody":"","fileTypesAndContributionMap":{"functional-code":{"insertions":28,"deletions":11}}},{"hash":"5bb10831215d44bcdd7e5a497f40fb2b45882bcd","isMergeCommit":false,"messageTitle":"Remove magic literal for file path","messageBody":"","fileTypesAndContributionMap":{"functional-code":{"insertions":5,"deletions":5},"test-code":{"insertions":5,"deletions":5}}},{"hash":"89c1c8df1e7344613c5147252bc9b6582da82339","isMergeCommit":false,"messageTitle":"Add recurrence column for export command","messageBody":"","fileTypesAndContributionMap":{"functional-code":{"insertions":20,"deletions":14}}},{"hash":"1941030c1485fc081b86e497245f2f4cf3df810b","isMergeCommit":false,"messageTitle":"Fix test cases","messageBody":"","fileTypesAndContributionMap":{"functional-code":{"insertions":13,"deletions":11},"test-code":{"insertions":8,"deletions":4}}},{"hash":"982d3909e00e5decc78fea2b7077b916f0ba8ba1","isMergeCommit":false,"messageTitle":"Change test","messageBody":"","fileTypesAndContributionMap":{"test-code":{"insertions":10,"deletions":1}}},{"hash":"b482b5900e4af7c81337f9e859867a421af2d869","isMergeCommit":false,"messageTitle":"Add bye command in help list","messageBody":"","fileTypesAndContributionMap":{"functional-code":{"insertions":142,"deletions":0},"test-code":{"insertions":17,"deletions":2}}}]},{"date":"2023-11-05","commitResults":[{"hash":"8c4b5b8dd2d2f99273c47a5c20564b5bb98a73d6","isMergeCommit":false,"messageTitle":"Revert changes for empty column","messageBody":"","fileTypesAndContributionMap":{"functional-code":{"insertions":1,"deletions":1}}},{"hash":"f6df5bd95c0dc81715a7596d073c729c303ff2b9","isMergeCommit":true,"messageTitle":"Merge remote-tracking branch \u0027JH/ListCommand-Update\u0027 into Jason-fix-storage-bugs","messageBody":"","fileTypesAndContributionMap":{}},{"hash":"f157d42ae43c859f80dae108762207367e40108c","isMergeCommit":true,"messageTitle":"Merge remote-tracking branch \u0027upstream/master\u0027 into Jason-fix-storage-bugs","messageBody":"","fileTypesAndContributionMap":{}},{"hash":"33bb6352adb6890fe92f2b71968cc66dfa949601","isMergeCommit":false,"messageTitle":"Fix storage issue with nullpointerexception","messageBody":"","fileTypesAndContributionMap":{"functional-code":{"insertions":7,"deletions":0}}},{"hash":"cc2f8d211560d9cac369ee55142af2fd35560200","isMergeCommit":true,"messageTitle":"Merge pull request #130 from Jonoans/feat-recurrent-transactions-streams","messageBody":"Use streams to process recurrent transactions","fileTypesAndContributionMap":{}},{"hash":"5299cbf10d84213b4fd205a34df031320b4888e8","isMergeCommit":true,"messageTitle":"Merge pull request #129 from Jonoans/fix-double-parsing","messageBody":"Fix parsing of non-negative doubles","fileTypesAndContributionMap":{}},{"hash":"e29f7c95e8ba49c44700b1c2064f76bc265c5178","isMergeCommit":true,"messageTitle":"Merge pull request #92 from Jonoans/fix-diagrams","messageBody":"Fix UI diagram issues","fileTypesAndContributionMap":{}},{"hash":"4f06283e3f229f4245b5271f67b7b38ede5430c8","isMergeCommit":true,"messageTitle":"Merge remote-tracking branch \u0027upstream/master\u0027 into Jason-fix-storage-bugs","messageBody":"","fileTypesAndContributionMap":{}}]},{"date":"2023-11-06","commitResults":[{"hash":"c5c08e238153f3a9445f336d9a717ea48b6f76a9","isMergeCommit":true,"messageTitle":"Merge pull request #131 from Jonoans/feat-recurrent-transactions-streams","messageBody":"Update UG to clarify valid parameter values and other minor corrections","fileTypesAndContributionMap":{}},{"hash":"d0a3c553f65fec03557c3bc1a50d2c20bd1cae9f","isMergeCommit":true,"messageTitle":"Merge remote-tracking branch \u0027upstream/master\u0027 into Jason-fix-storage-bugs","messageBody":"","fileTypesAndContributionMap":{}},{"hash":"54ae85dccc87dd629029025f98d1875de93acff0","isMergeCommit":false,"messageTitle":"Fix test cases","messageBody":"","fileTypesAndContributionMap":{"functional-code":{"insertions":2,"deletions":4},"test-code":{"insertions":240,"deletions":186}}},{"hash":"0710448dd17279548b83ea7a7a63b0edd9e5eee3","isMergeCommit":false,"messageTitle":"Add details to UG","messageBody":"","fileTypesAndContributionMap":{"docs":{"insertions":1,"deletions":1}}}]},{"date":"2023-11-07","commitResults":[{"hash":"8794b841e0c96bf7952487efdbab67afc031f3fc","isMergeCommit":true,"messageTitle":"Merge branch \u0027master\u0027 into Jason-fix-storage-bugs","messageBody":"","fileTypesAndContributionMap":{}},{"hash":"711dcf76e2e956267b8d213af1a4fd1b930e7ab7","isMergeCommit":false,"messageTitle":"Add implementation of export command","messageBody":"","fileTypesAndContributionMap":{"docs":{"insertions":18,"deletions":1}}},{"hash":"86f5bd1c4a802bfb05c4f848623da8423692d9e0","isMergeCommit":false,"messageTitle":"Add comments for export command","messageBody":"","fileTypesAndContributionMap":{"functional-code":{"insertions":33,"deletions":2}}},{"hash":"eb6692ee52880d5923f6492f64a21c19958fa419","isMergeCommit":false,"messageTitle":"Change word from three to four","messageBody":"","fileTypesAndContributionMap":{"docs":{"insertions":4,"deletions":4}}},{"hash":"d66cf8d9956b09fb40da1f5eb02304674fe47bc1","isMergeCommit":true,"messageTitle":"Merge remote-tracking branch \u0027upstream/master\u0027 into Jason-update-guide-2","messageBody":"","fileTypesAndContributionMap":{}},{"hash":"ce3cb0522fd13d7044b3e48e04347a8d7f7a099b","isMergeCommit":false,"messageTitle":"Add PPP","messageBody":"","fileTypesAndContributionMap":{"docs":{"insertions":38,"deletions":0}}},{"hash":"86b89d916b3a1f9f477a772120f7b3e5700e4fad","isMergeCommit":false,"messageTitle":"Change phrasing for export feature","messageBody":"","fileTypesAndContributionMap":{"docs":{"insertions":2,"deletions":2}}},{"hash":"0ed67c175a7ffa85389a9e2e5db38ec6384dd8ba","isMergeCommit":true,"messageTitle":"Merge pull request #135 from ChoonSiang/summary-command","messageBody":"Add summary command to view total transaction","fileTypesAndContributionMap":{}}]},{"date":"2023-11-08","commitResults":[{"hash":"591447d6c80ad884a3fe449e801e86b30e4cc1c5","isMergeCommit":false,"messageTitle":"Fix test cases","messageBody":"","fileTypesAndContributionMap":{"test-code":{"insertions":6,"deletions":4}}},{"hash":"7fc2bda0fc0966deb53130d943d86c84bfdf3c10","isMergeCommit":false,"messageTitle":"Shift test case for expense command","messageBody":"","fileTypesAndContributionMap":{"test-code":{"insertions":8,"deletions":8}}}]},{"date":"2023-11-09","commitResults":[{"hash":"6f27c38411386a2c18ffca20a94349d54bb78b17","isMergeCommit":true,"messageTitle":"Merge pull request #154 from Jonoans/update-ug-goal-category","messageBody":"Update DG \u0026 UG to reflect income \u0026 expenses information","fileTypesAndContributionMap":{}},{"hash":"869ac2984e658eaa24c1984b278b91095c56b243","isMergeCommit":false,"messageTitle":"Add edit and summary to help list","messageBody":"","fileTypesAndContributionMap":{"functional-code":{"insertions":83,"deletions":7},"docs":{"insertions":0,"deletions":6},"test-code":{"insertions":56,"deletions":10}}},{"hash":"c1a565548f6e12c2f4e20e03c06f9e8d1069400d","isMergeCommit":false,"messageTitle":"Update PPP","messageBody":"","fileTypesAndContributionMap":{"docs":{"insertions":1,"deletions":1}}},{"hash":"c9eb6ac251a7a037fdb66db328e22b9108b78025","isMergeCommit":false,"messageTitle":"Fix sentence for in and out command","messageBody":"","fileTypesAndContributionMap":{"functional-code":{"insertions":2,"deletions":2},"docs":{"insertions":2,"deletions":2},"test-code":{"insertions":4,"deletions":4}}}]}],"itayrefaely":[{"date":"2023-10-04","commitResults":[{"hash":"9267dd8a7057b39618d0d09faf93a29dde8d3a51","isMergeCommit":false,"messageTitle":"Itay","messageBody":"","fileTypesAndContributionMap":{"docs":{"insertions":1,"deletions":1}}},{"hash":"9a791fd395fe0025b5ad3179fb6a641a15175c3b","isMergeCommit":true,"messageTitle":"Merge branch \u0027master\u0027 into ChoonSiang-AboutUs","messageBody":"","fileTypesAndContributionMap":{}},{"hash":"ab2c4b6200d58c654fe730f96434eb54fb7fc1c2","isMergeCommit":true,"messageTitle":"Merge pull request #2 from ChoonSiang/ChoonSiang-AboutUs","messageBody":"Update AboutUs.md to include name","fileTypesAndContributionMap":{}}]},{"date":"2023-10-27","commitResults":[{"hash":"b28d73b3f5231460f7cfe81907aec1f054d2bcf9","isMergeCommit":false,"messageTitle":"DG-update","messageBody":"","fileTypesAndContributionMap":{"docs":{"insertions":9,"deletions":3}}}]},{"date":"2023-11-07","commitResults":[{"hash":"8a159e0ccabb64eb0873c0fb64a078fa76797090","isMergeCommit":false,"messageTitle":"Create itayrefaely.md","messageBody":"Add PPP","fileTypesAndContributionMap":{"docs":{"insertions":21,"deletions":0}}},{"hash":"0aa11b94b097349174609f955c6d8683ede41627","isMergeCommit":false,"messageTitle":"Add edit feature","messageBody":"","fileTypesAndContributionMap":{"functional-code":{"insertions":225,"deletions":4},"test-code":{"insertions":104,"deletions":0}}}]},{"date":"2023-11-08","commitResults":[{"hash":"64faf1d50bc534e423dd87238d58d0e8de85b681","isMergeCommit":false,"messageTitle":"Update PPP","messageBody":"","fileTypesAndContributionMap":{"docs":{"insertions":2,"deletions":0}}},{"hash":"6b8641ac20d1788c69b7ef9376e5e163476d111a","isMergeCommit":false,"messageTitle":"Update UserGuide.md edit transaction command","messageBody":"","fileTypesAndContributionMap":{"docs":{"insertions":19,"deletions":1}}},{"hash":"069aad4bb3a315759144f21afabd8480a409fc25","isMergeCommit":false,"messageTitle":"Update DeveloperGuide.md Edit Transaction Command","messageBody":"","fileTypesAndContributionMap":{"docs":{"insertions":1,"deletions":0}}},{"hash":"503e41c74dccd0290c052612df47e804d3d6e7cf","isMergeCommit":false,"messageTitle":"Addressed comment in PR","messageBody":"","fileTypesAndContributionMap":{"docs":{"insertions":14,"deletions":13}}},{"hash":"31d9f9bd0f8de575005577b3f0b8e049d8642c5e","isMergeCommit":true,"messageTitle":"Merge pull request #150 from itayrefaely/itayrefaely-patch-3","messageBody":"Addressed comment in PR","fileTypesAndContributionMap":{}},{"hash":"f41d6b751d320010de4769b84bb2065d3bbb0e0e","isMergeCommit":false,"messageTitle":"Addressed comments on pull request","messageBody":"","fileTypesAndContributionMap":{"functional-code":{"insertions":14,"deletions":27}}},{"hash":"97cde6c361967ae702a08828354c3bdf3330dcfd","isMergeCommit":false,"messageTitle":"Update UserGuide.md","messageBody":"","fileTypesAndContributionMap":{"docs":{"insertions":2,"deletions":2}}},{"hash":"3aad542fb5ade999f7fcfaefdbcdc6d7d53f598b","isMergeCommit":true,"messageTitle":"Merge pull request #1 from itayrefaely/UG-update","messageBody":"Update UserGuide.md minor cosmetic changes for consistency","fileTypesAndContributionMap":{}},{"hash":"0e70f9f2ed2ba486c1ae415b152bed82534f879e","isMergeCommit":false,"messageTitle":"Cosmetic changes","messageBody":"","fileTypesAndContributionMap":{"functional-code":{"insertions":2,"deletions":2}}}]}],"hooami":[{"date":"2023-10-04","commitResults":[{"hash":"8f0ad01668b3d4188ccf28a7f9b150f687dcd14d","isMergeCommit":false,"messageTitle":"Update README.md","messageBody":"","fileTypesAndContributionMap":{"docs":{"insertions":1,"deletions":1}}},{"hash":"0f20ce716034420955215f135e3ef3dd7e180a66","isMergeCommit":false,"messageTitle":"Update AboutUs.md","messageBody":"","fileTypesAndContributionMap":{"docs":{"insertions":1,"deletions":1}}},{"hash":"0dba94ff83f3615fe69acb4df5e0197c4a5f3961","isMergeCommit":true,"messageTitle":"Merge pull request #5 from sRanay/Jason-AboutUs","messageBody":"Modify AboutUs","fileTypesAndContributionMap":{}}]},{"date":"2023-10-15","commitResults":[{"hash":"2134a9aa87ad5516dfb71bc5036e9acdf7f9023b","isMergeCommit":false,"messageTitle":"Added List feature and replace category with goal in Income and vice-versa","messageBody":"","fileTypesAndContributionMap":{"functional-code":{"insertions":167,"deletions":18}}},{"hash":"c178981922b69962933adb39c0d666244666bbe5","isMergeCommit":true,"messageTitle":"Merge branch \u0027feat-add-remove-transactions\u0027 of https://github.com/jonoans/tp into feat-list","messageBody":"","fileTypesAndContributionMap":{}}]},{"date":"2023-10-16","commitResults":[{"hash":"50485ba04a5e5f14f5a6df675ba5fb4f8092d763","isMergeCommit":false,"messageTitle":"Added custom width for table and fixed checkstyle errors","messageBody":"","fileTypesAndContributionMap":{"functional-code":{"insertions":19,"deletions":12}}}]},{"date":"2023-10-17","commitResults":[{"hash":"c2f7f1e8ce67913acf49fd1a15ec14ca0c544048","isMergeCommit":false,"messageTitle":"Added v1.0 user guide and theme","messageBody":"","fileTypesAndContributionMap":{"docs":{"insertions":102,"deletions":20}}},{"hash":"ecb48a114a785f2bacb9e853eb4f7f43cadfc7fa","isMergeCommit":false,"messageTitle":"Edited README.md","messageBody":"","fileTypesAndContributionMap":{"docs":{"insertions":2,"deletions":1}}},{"hash":"d270a28fe45c581de28b9d419ef13e81f8a91033","isMergeCommit":false,"messageTitle":"Update UserGuide.md","messageBody":"","fileTypesAndContributionMap":{"docs":{"insertions":1,"deletions":1}}},{"hash":"578c32cae311f2542dd2370d96fda28b512df796","isMergeCommit":false,"messageTitle":"Update UserGuide.md","messageBody":"","fileTypesAndContributionMap":{"docs":{"insertions":1,"deletions":1}}},{"hash":"b65c9461926d6699d43cec125c96e706557f1384","isMergeCommit":false,"messageTitle":"Fixed typo in UserGuide.md","messageBody":"","fileTypesAndContributionMap":{"docs":{"insertions":2,"deletions":2}}},{"hash":"beaa9f29afcc99d32fa631717d85acdcafff34e3","isMergeCommit":false,"messageTitle":"Fixed UserGuide.md typo","messageBody":"","fileTypesAndContributionMap":{"docs":{"insertions":4,"deletions":4}}},{"hash":"5a289a7cb3142b65a33d555f6586440974611ced","isMergeCommit":false,"messageTitle":"Fixed typo and formatting issues","messageBody":"","fileTypesAndContributionMap":{"docs":{"insertions":10,"deletions":10}}},{"hash":"daa159a337cda36687a3172637445394b24e5afb","isMergeCommit":true,"messageTitle":"Merge remote-tracking branch \u0027JH/feat-UG\u0027 into feat-UG","messageBody":"# Conflicts:\n#\tdocs/UserGuide.md\n","fileTypesAndContributionMap":{}},{"hash":"bc5bf17a10e7c1d9318a7b3bf52ee88d62726131","isMergeCommit":false,"messageTitle":"Added unit testing for List Command","messageBody":"","fileTypesAndContributionMap":{"test-code":{"insertions":121,"deletions":0}}},{"hash":"c01e28d04c6ca7a5ee82ccc195d3478b2d01eaa9","isMergeCommit":false,"messageTitle":"Added unit testing for List Command and corrected output for UserGuide.md","messageBody":"","fileTypesAndContributionMap":{"docs":{"insertions":3,"deletions":3},"test-code":{"insertions":15,"deletions":31}}},{"hash":"8c4d5117fddd6bf6eee61a3295d158a4dc072222","isMergeCommit":false,"messageTitle":"Edited UserGuide.md","messageBody":"","fileTypesAndContributionMap":{"docs":{"insertions":1,"deletions":1}}}]},{"date":"2023-10-21","commitResults":[{"hash":"84edddea23a94d0a9ee44eadb109fbc156b491b1","isMergeCommit":true,"messageTitle":"Merge pull request #38 from Jonoans/fix-list-test","messageBody":"Fix ListCommand test","fileTypesAndContributionMap":{}}]},{"date":"2023-10-22","commitResults":[{"hash":"944bd7cc91f592f9ca226c932b4042969e04b218","isMergeCommit":true,"messageTitle":"Merge pull request #40 from sRanay/Jason-enable-assertion-gradle","messageBody":"Enable assertion on gradle","fileTypesAndContributionMap":{}},{"hash":"f70dcda91dc30a87269c13992bc722c6fe5a570c","isMergeCommit":false,"messageTitle":"Added adding/removing of Goal and Category and relevant JUnit tests","messageBody":"","fileTypesAndContributionMap":{"functional-code":{"insertions":271,"deletions":18},"test-code":{"insertions":204,"deletions":6}}},{"hash":"3050104017596a95b9f49c6cf9ed869e055179ec","isMergeCommit":true,"messageTitle":"Merge pull request #41 from sRanay/Jason-dev-guide","messageBody":"Update DG","fileTypesAndContributionMap":{}},{"hash":"e7a071c8478a969161a9e83a13323d97e1be6fb1","isMergeCommit":true,"messageTitle":"Merge pull request #42 from Jonoans/feat-ui","messageBody":"Move user input retrieval functionality to UI","fileTypesAndContributionMap":{}},{"hash":"ddc86602886f732c84110588493bdbce78521e30","isMergeCommit":false,"messageTitle":"Fixed checkstyle errors","messageBody":"","fileTypesAndContributionMap":{"test-code":{"insertions":5,"deletions":3}}}]},{"date":"2023-10-24","commitResults":[{"hash":"dbe48cf27d15f24643a7ea945b682e97a7d7c48b","isMergeCommit":false,"messageTitle":"Add Developer Guide for Command component","messageBody":"","fileTypesAndContributionMap":{"docs":{"insertions":29,"deletions":1}}},{"hash":"57173756d6a99eb10811b41fbb4873c6d223b173","isMergeCommit":true,"messageTitle":"Merge pull request #54 from ChoonSiang/DG","messageBody":"Add Developer Guide for Parser class","fileTypesAndContributionMap":{}},{"hash":"245eb2028e676b2a59baafc5f4198a1a8db15553","isMergeCommit":false,"messageTitle":"Fixed error in DG for Command","messageBody":"","fileTypesAndContributionMap":{"docs":{"insertions":0,"deletions":14}}},{"hash":"b634fd94bb10ef98cc64e216f6ce5b3119f6cf8d","isMergeCommit":true,"messageTitle":"Merge pull request #51 from Jonoans/feat-recurring-transactions","messageBody":"Recurring transactions","fileTypesAndContributionMap":{}},{"hash":"a2b7cede12729a30c92484c617b1b7ada3dd38ad","isMergeCommit":true,"messageTitle":"Merge pull request #50 from sRanay/Jason-feat-export-csv","messageBody":"Add export feature for all transaction data","fileTypesAndContributionMap":{}}]},{"date":"2023-10-28","commitResults":[{"hash":"623c9dd6aca855ecc3ba68a9c15c8f02e013583d","isMergeCommit":true,"messageTitle":"Merge pull request #75 from sRanay/Jason-update-guide","messageBody":"Update test cases for Help command","fileTypesAndContributionMap":{}}]},{"date":"2023-10-30","commitResults":[{"hash":"0481f2c299b8b5f40bf4688a40737a1f4cf1ac25","isMergeCommit":true,"messageTitle":"Merge pull request #76 from sRanay/Jason-junit-tests","messageBody":"Add test cases for Storage, CsvReader, CsvWriter and ExportCommand Class","fileTypesAndContributionMap":{}},{"hash":"6aae6e2f8755ac7f0ee32355f81337843635dd8b","isMergeCommit":false,"messageTitle":"Add list by goal and category","messageBody":"","fileTypesAndContributionMap":{"functional-code":{"insertions":55,"deletions":19},"test-code":{"insertions":76,"deletions":0}}}]},{"date":"2023-10-31","commitResults":[{"hash":"9fb6acc48b317ad9ae0abb38496bd6967d43ba49","isMergeCommit":true,"messageTitle":"Merge pull request #80 from ChoonSiang/list-summary","messageBody":"Add list current week/month transactions","fileTypesAndContributionMap":{}},{"hash":"abb3654c88ee0c70eb009acdb9c313ba480a1006","isMergeCommit":true,"messageTitle":"Merge branch \u0027master\u0027 into modifyListCommand","messageBody":"# Conflicts:\n#\tsrc/main/java/seedu/duke/command/ListCommand.java\n#\tsrc/test/java/seedu/duke/command/ListCommandTest.java\n","fileTypesAndContributionMap":{}},{"hash":"01728c953406473b2d0556db9f9bbde17adc2d5e","isMergeCommit":false,"messageTitle":"Add column for recurrence status","messageBody":"","fileTypesAndContributionMap":{"functional-code":{"insertions":19,"deletions":15},"test-code":{"insertions":145,"deletions":111}}},{"hash":"c9ede49bd1b6482a1ac77cc691335ed862508d2d","isMergeCommit":false,"messageTitle":"Fixed checkstyle errors","messageBody":"","fileTypesAndContributionMap":{"test-code":{"insertions":20,"deletions":14}}},{"hash":"8c615d5efe3b06830fc9d4a2161d827d7075aec7","isMergeCommit":false,"messageTitle":"Modified ListCommand to return a sorted list by date and name","messageBody":"","fileTypesAndContributionMap":{"functional-code":{"insertions":30,"deletions":9},"test-code":{"insertions":43,"deletions":44}}},{"hash":"ac4e0357282183b7757dd09037d8d16f8e90df40","isMergeCommit":false,"messageTitle":"Fix checkstyle error","messageBody":"","fileTypesAndContributionMap":{"test-code":{"insertions":2,"deletions":1}}},{"hash":"58762f70cd065c18155ed8ace1074a499e304143","isMergeCommit":false,"messageTitle":"Reduced string literals and reduced repeated condition checks","messageBody":"","fileTypesAndContributionMap":{"functional-code":{"insertions":30,"deletions":29}}},{"hash":"a88349a9572e1abd4f1673d4d7904efc1689dabf","isMergeCommit":false,"messageTitle":"Updated UG","messageBody":"","fileTypesAndContributionMap":{"docs":{"insertions":35,"deletions":7}}},{"hash":"046b84a6ccfdc87c1cd5b0573b0a691eef317816","isMergeCommit":false,"messageTitle":"Updated UG","messageBody":"","fileTypesAndContributionMap":{"docs":{"insertions":6,"deletions":4}}},{"hash":"223249f7760390c83abc85114260d02ddb9c7a36","isMergeCommit":false,"messageTitle":"Updated UG","messageBody":"","fileTypesAndContributionMap":{"docs":{"insertions":2,"deletions":2}}},{"hash":"049ff4ec2a44681d882433af59bd55d8927ade6c","isMergeCommit":false,"messageTitle":"Changed sorted list to print most recent transaction first","messageBody":"","fileTypesAndContributionMap":{"functional-code":{"insertions":4,"deletions":4},"test-code":{"insertions":8,"deletions":10}}},{"hash":"f982927a07957bbff4132b051aa006d47621f68f","isMergeCommit":false,"messageTitle":"Updated List Transaction in UG","messageBody":"","fileTypesAndContributionMap":{"docs":{"insertions":3,"deletions":3}}}]},{"date":"2023-11-02","commitResults":[{"hash":"442f2ef541c73c3b37153a1badb50a6d64838d1c","isMergeCommit":false,"messageTitle":"Added padding for column width for ID column","messageBody":"","fileTypesAndContributionMap":{"functional-code":{"insertions":2,"deletions":2}}},{"hash":"f3bc0e4affb173d707da73886c8bb39ff896cfd2","isMergeCommit":false,"messageTitle":"Updated UserGuide to fix error","messageBody":"","fileTypesAndContributionMap":{"docs":{"insertions":1,"deletions":1}}},{"hash":"3e7396bfaf4d8a4d0a27558548f3ba09c975e5c8","isMergeCommit":false,"messageTitle":"Fixed checkstyle error","messageBody":"","fileTypesAndContributionMap":{"functional-code":{"insertions":2,"deletions":2}}}]},{"date":"2023-11-03","commitResults":[{"hash":"6be3167a5e3930b46bcf6541953e15826eae10a5","isMergeCommit":true,"messageTitle":"Merge pull request #90 from ChoonSiang/UI-update","messageBody":"Update UI to show user text interface and update UserGuide help command","tags":["v2.0"],"fileTypesAndContributionMap":{}}]},{"date":"2023-11-04","commitResults":[{"hash":"0abcbace58c6c4b56b9f19302f5bad103cfa58a2","isMergeCommit":false,"messageTitle":"Allow empty goal/category","messageBody":"","fileTypesAndContributionMap":{"functional-code":{"insertions":8,"deletions":2}}}]},{"date":"2023-11-05","commitResults":[{"hash":"ce21fe66d886e603642385c19bc6ce7923194b2d","isMergeCommit":false,"messageTitle":"Allow listing of goals/categories and shows their status","messageBody":"","fileTypesAndContributionMap":{"functional-code":{"insertions":259,"deletions":12}}},{"hash":"5a51283aa86ebbc7b77cb8f8a4d2057de1af0425","isMergeCommit":false,"messageTitle":"Fixed error handling for ListCommand","messageBody":"","fileTypesAndContributionMap":{"functional-code":{"insertions":124,"deletions":75},"other":{"insertions":3,"deletions":3}}}]},{"date":"2023-11-06","commitResults":[{"hash":"01a70995289c34dc59852a64c135a2ea5ca92e75","isMergeCommit":false,"messageTitle":"Changed error handling behaviour for categorycommand","messageBody":"","fileTypesAndContributionMap":{"functional-code":{"insertions":15,"deletions":0}}},{"hash":"4b925789542f2231fc82afd92e6f397cf22bcab6","isMergeCommit":false,"messageTitle":"Changed error handling behaviour for goal and category","messageBody":"","fileTypesAndContributionMap":{"functional-code":{"insertions":80,"deletions":66}}}]},{"date":"2023-11-07","commitResults":[{"hash":"02a86c9401aa502c4e2224345a6448c4fe655bd7","isMergeCommit":true,"messageTitle":"Merge branch \u0027ListCommand-Update\u0027 of https://github.com/hooami/tp into ListCommand-Update","messageBody":"","fileTypesAndContributionMap":{}},{"hash":"c86796edfc84bd0b4c5d0c2c6a5eb03955892bf8","isMergeCommit":false,"messageTitle":"Fixed Tests for ListCommand output","messageBody":"","fileTypesAndContributionMap":{"test-code":{"insertions":211,"deletions":164}}},{"hash":"21d14d4fe8dd1fbf39c60bc7e0f344b4eda004b6","isMergeCommit":true,"messageTitle":"Merge branch \u0027BugFix-ErrorHandling\u0027 of https://github.com/hooami/tp into BugFix-ErrorHandling","messageBody":"","fileTypesAndContributionMap":{}},{"hash":"b4aa8e9b18aa04471d5e772786e8bcc976318cc7","isMergeCommit":false,"messageTitle":"Fixed tests to allow for /goal and /category to not be specified","messageBody":"","fileTypesAndContributionMap":{"functional-code":{"insertions":8,"deletions":4},"test-code":{"insertions":6,"deletions":3}}},{"hash":"821bb299d9ab2623ea5ef81c7f33828da01b6f9f","isMergeCommit":false,"messageTitle":"Fixed error handling for Goal and Category commands","messageBody":"","fileTypesAndContributionMap":{"functional-code":{"insertions":7,"deletions":5}}},{"hash":"6c071cd0df59d69cb06b7b3328cf9654f621efe8","isMergeCommit":false,"messageTitle":"Removed unused imports","messageBody":"","fileTypesAndContributionMap":{"test-code":{"insertions":0,"deletions":2}}},{"hash":"7ee7a3643cca95d3181239a63089e0dbeb71d0f2","isMergeCommit":false,"messageTitle":"Removed unused imports","messageBody":"","fileTypesAndContributionMap":{"functional-code":{"insertions":0,"deletions":2}}},{"hash":"f3b4044c2a50fb6403f7ef056e4aa7061b10c780","isMergeCommit":false,"messageTitle":"Removed check for empty description","messageBody":"","fileTypesAndContributionMap":{"functional-code":{"insertions":0,"deletions":10}}},{"hash":"4b524b6eb125d6302069169650df0ffd378eb05e","isMergeCommit":false,"messageTitle":"Added PPP","messageBody":"","fileTypesAndContributionMap":{"docs":{"insertions":40,"deletions":0}}},{"hash":"76de11f9029783e885538d466e6c7aeb870d1fc4","isMergeCommit":true,"messageTitle":"Merge pull request #141 from ChoonSiang/cs-ppp","messageBody":"Add choonsiang PPP","fileTypesAndContributionMap":{}},{"hash":"0f360589e688fd48429f358ff05b59577e86e147","isMergeCommit":false,"messageTitle":"Abstracted input validation for Goal and Category into ClassificationCommand class","messageBody":"","fileTypesAndContributionMap":{"functional-code":{"insertions":65,"deletions":0}}},{"hash":"7275820b004eeb11e77452970c7ca99f5fbdb2f7","isMergeCommit":false,"messageTitle":"Resolve exception for progress bar when amount exceeds target goal amount and formatted amount output to 2 decimal places.","messageBody":"","fileTypesAndContributionMap":{"functional-code":{"insertions":5,"deletions":2}}},{"hash":"8d11ed79bf1387221d9fb962bd2df7aba28d842b","isMergeCommit":false,"messageTitle":"Changed behaviour of Category and Goal command to replace transaction goal/category to \u0027Uncategorised\u0027 when goal/category is removed","messageBody":"","fileTypesAndContributionMap":{"functional-code":{"insertions":33,"deletions":76}}},{"hash":"18ce6e030abd8f51aa7a324175790291642432d2","isMergeCommit":false,"messageTitle":"Reformat lines","messageBody":"","fileTypesAndContributionMap":{"functional-code":{"insertions":7,"deletions":5},"test-code":{"insertions":4,"deletions":1}}},{"hash":"95e24d7db3dc8915a1888296ff36648bfbc7aadc","isMergeCommit":false,"messageTitle":"Fixed checkstyle error","messageBody":"","fileTypesAndContributionMap":{"functional-code":{"insertions":1,"deletions":1}}},{"hash":"0f9a1df9ffc8a55d2f66a842cf429f8fc55f5592","isMergeCommit":false,"messageTitle":"Update PPP","messageBody":"","fileTypesAndContributionMap":{"docs":{"insertions":0,"deletions":1}}},{"hash":"2fd2eb77fce229f25d8dade17485e4088cf98579","isMergeCommit":true,"messageTitle":"Merge pull request #146 from Jonoans/jon-ppp","messageBody":"Update theme \u0026 update links in about us page","fileTypesAndContributionMap":{}}]},{"date":"2023-11-09","commitResults":[{"hash":"4fbc9482fde082cc71557b1daa91f42a9ca2fc1b","isMergeCommit":true,"messageTitle":"Merge branch \u0027master\u0027 into ped-issues","messageBody":"","fileTypesAndContributionMap":{}},{"hash":"b4efd4dc82eb78a93b4f33abe566923f22cec808","isMergeCommit":false,"messageTitle":"Fix ListCommand message grammatical issue","messageBody":"","fileTypesAndContributionMap":{"functional-code":{"insertions":1,"deletions":1}}},{"hash":"edda38e3df9e6c208ca7086214e0fe973e9905f0","isMergeCommit":false,"messageTitle":"Changed sorting behaviour of program to sort on addition/import instead of on List","messageBody":"","fileTypesAndContributionMap":{"functional-code":{"insertions":18,"deletions":19}}},{"hash":"77d65b12e5e9bec3092ff60a6364cd84ab862303","isMergeCommit":false,"messageTitle":"Fixed tests to compensate for changed behaviour of the list command and increased test coverage for list","messageBody":"","fileTypesAndContributionMap":{"test-code":{"insertions":92,"deletions":94}}},{"hash":"21555055f97d87fd85fb1d2d066bd9c201cca49b","isMergeCommit":false,"messageTitle":"Fix recurrence typo and corrected output for test for MacOS and Linux","messageBody":"","fileTypesAndContributionMap":{"functional-code":{"insertions":1,"deletions":1}}},{"hash":"dd161783d857d5438815bdb0f52948e74290e242","isMergeCommit":false,"messageTitle":"Fix checkstyle issue","messageBody":"","fileTypesAndContributionMap":{"test-code":{"insertions":0,"deletions":1}}},{"hash":"8e961dc77f44f09636b2f4c26b28f618dc433e06","isMergeCommit":false,"messageTitle":"Change test case for AddIncomeCommandTest","messageBody":"","fileTypesAndContributionMap":{"test-code":{"insertions":2,"deletions":2}}},{"hash":"1f46c447843404d334bfcf9a2c04590f89acab68","isMergeCommit":false,"messageTitle":"Fix error handling for GoalCommand","messageBody":"","fileTypesAndContributionMap":{"functional-code":{"insertions":6,"deletions":3}}},{"hash":"4e976a812d89feffd326f5e5faa46c5f2a73e3dd","isMergeCommit":false,"messageTitle":"Fix error handling behaviour","messageBody":"","fileTypesAndContributionMap":{"functional-code":{"insertions":10,"deletions":15}}},{"hash":"8c13ce7528434ee93698e305fd8675baf8ff8571","isMergeCommit":true,"messageTitle":"Merge branch \u0027master\u0027 of https://github.com/hooami/tp into ped-issues","messageBody":"","fileTypesAndContributionMap":{}},{"hash":"435e757fd50e53f23cc6d91bf4a6e4f72ae516eb","isMergeCommit":false,"messageTitle":"Fix failing tests","messageBody":"","fileTypesAndContributionMap":{"test-code":{"insertions":4,"deletions":18}}}]},{"date":"2023-11-10","commitResults":[{"hash":"ed9eac54fa73269a4c660447479ef94c9bce3848","isMergeCommit":false,"messageTitle":"Change category behaviour","messageBody":"","fileTypesAndContributionMap":{"functional-code":{"insertions":3,"deletions":8}}},{"hash":"1e82b2561585fc6d03c2b91567940024b7683e5b","isMergeCommit":false,"messageTitle":"Improve error handling for list command and change sorting behaviour to not sort by name","messageBody":"","fileTypesAndContributionMap":{"functional-code":{"insertions":40,"deletions":29},"test-code":{"insertions":21,"deletions":21}}}]}],"ChoonSiang":[{"date":"2023-10-04","commitResults":[{"hash":"6c4c010e13269bf72b24b6e5ddcc4362be7633c6","isMergeCommit":false,"messageTitle":"Update AboutUs.md to include name.","messageBody":"","fileTypesAndContributionMap":{"docs":{"insertions":1,"deletions":1}}},{"hash":"0c1d93f827a571c2070a992ce72ffa3fc476c9ee","isMergeCommit":true,"messageTitle":"Merge pull request #1 from Jonoans/jonathantan-AboutUs","messageBody":"Add name and github profile in table","fileTypesAndContributionMap":{}},{"hash":"d73a0438bcd76d5892d5cb396e136595e26c81df","isMergeCommit":true,"messageTitle":"Merge pull request #4 from hooami/JunHong-AboutUs","messageBody":"Update AboutUs.md to include name","fileTypesAndContributionMap":{}}]},{"date":"2023-10-12","commitResults":[{"hash":"5b28ba4d649ac66daf65f8d00c5d5e24b6a72273","isMergeCommit":false,"messageTitle":"Add DukeExecption class","messageBody":"","fileTypesAndContributionMap":{"functional-code":{"insertions":8,"deletions":0}}},{"hash":"97e5c68c99187af92ff48c10052c1db47002bd34","isMergeCommit":false,"messageTitle":"Add Command, ExitCommand and Ui class","messageBody":"","fileTypesAndContributionMap":{"functional-code":{"insertions":39,"deletions":0}}},{"hash":"1bebffb9a45f56d1058fbbdbbe4308abf69cce02","isMergeCommit":false,"messageTitle":"Add Parser class to parse user command and arguments","messageBody":"","fileTypesAndContributionMap":{"functional-code":{"insertions":82,"deletions":0}}},{"hash":"338578486585441e41fde23c3bd9084802ff6008","isMergeCommit":false,"messageTitle":"Modify Duke to continuously get user input in a loop and parse command","messageBody":"","fileTypesAndContributionMap":{"functional-code":{"insertions":34,"deletions":10}}},{"hash":"7d5e476a6e6a64e6f40faad4dfd45389719effc0","isMergeCommit":false,"messageTitle":"Remove unused variable and format to comply with coding standard","messageBody":"","fileTypesAndContributionMap":{"functional-code":{"insertions":3,"deletions":5}}}]},{"date":"2023-10-13","commitResults":[{"hash":"5cddfe3651f75443e1d474e8b574bc1d417111f3","isMergeCommit":false,"messageTitle":"Wrap line to prevent long lines and add private access modifier to PROGRAM_NAME","messageBody":"","fileTypesAndContributionMap":{"functional-code":{"insertions":3,"deletions":3}}},{"hash":"03ef2bdb48d910b3977c2ade4a4024297f792d67","isMergeCommit":false,"messageTitle":"Remove unnecessary strip when parsing user input","messageBody":"","fileTypesAndContributionMap":{"functional-code":{"insertions":1,"deletions":1}}}]},{"date":"2023-10-17","commitResults":[{"hash":"26d351cc466ea6f2a1c5b67b6c0a22e6f6aa981c","isMergeCommit":false,"messageTitle":"Add remove transaction feature","messageBody":"","fileTypesAndContributionMap":{"functional-code":{"insertions":11,"deletions":0}}},{"hash":"f12c4ad85a417f163569951103b8bd760f7e86e3","isMergeCommit":false,"messageTitle":"Add remove transaction feature","messageBody":"","fileTypesAndContributionMap":{"functional-code":{"insertions":109,"deletions":0}}},{"hash":"d2efeb8010c0ca88e7777bfa576161d517b2204c","isMergeCommit":false,"messageTitle":"Format to add a space after function declaration","messageBody":"","fileTypesAndContributionMap":{"functional-code":{"insertions":3,"deletions":2}}},{"hash":"fb44b430360a128bd4a92a7ae503687caef6d8ed","isMergeCommit":false,"messageTitle":"Remove unused imports","messageBody":"","fileTypesAndContributionMap":{"functional-code":{"insertions":0,"deletions":2}}},{"hash":"12fa2afa2a73a7de9967ecfa30974f8a9b0ee8f6","isMergeCommit":false,"messageTitle":"Add assertion to RemoveTransactionCommand","messageBody":"","fileTypesAndContributionMap":{"functional-code":{"insertions":2,"deletions":0}}},{"hash":"0d35c543b12a74b6b9c63f9b1d323b45e277c227","isMergeCommit":false,"messageTitle":"Fix parser not returning correct value when description is empty","messageBody":"","fileTypesAndContributionMap":{"functional-code":{"insertions":5,"deletions":1}}},{"hash":"83a542bad81905c34c24a1f2e6ea859e8b70f616","isMergeCommit":false,"messageTitle":"Fix parser not storing null when argument value is empty","messageBody":"","fileTypesAndContributionMap":{"functional-code":{"insertions":3,"deletions":0}}},{"hash":"5cb278d16d53ddc78b514f901a1a8bb550dda0fd","isMergeCommit":false,"messageTitle":"Add JUnit tests for Parser class","messageBody":"","fileTypesAndContributionMap":{"functional-code":{"insertions":8,"deletions":1},"test-code":{"insertions":81,"deletions":0}}},{"hash":"2bc8b18a58ce7761821181851f4719eb329c9884","isMergeCommit":true,"messageTitle":"Merge branch \u0027master\u0027 into choonsiang-remove-transaction","messageBody":"","fileTypesAndContributionMap":{}},{"hash":"05f680e60ade11696dc0726ce30abec396ffbece","isMergeCommit":true,"messageTitle":"Merge pull request #14 from ChoonSiang/choonsiang-remove-transaction","messageBody":"Add remove transaction feature","fileTypesAndContributionMap":{}},{"hash":"adca307dee9a225b9338d48e0b99187dff59dfdb","isMergeCommit":true,"messageTitle":"Merge pull request #23 from ChoonSiang/choonsiang-fix-parser","messageBody":"Fix parser not returning correct value when description is empty","fileTypesAndContributionMap":{}},{"hash":"5a3f74ff91d7bc026fa325a39c8ce221b6b93845","isMergeCommit":false,"messageTitle":"Move HelpCommandTest to correct directory","messageBody":"","fileTypesAndContributionMap":{"other":{"insertions":1,"deletions":1}}},{"hash":"c90b6f30c2229345293ff3759bb7e6fe4c55275d","isMergeCommit":false,"messageTitle":"Remove unused import","messageBody":"","fileTypesAndContributionMap":{"test-code":{"insertions":0,"deletions":1}}},{"hash":"042c2f6d0448e15d1b2b80f66ecdb88a671a9fe0","isMergeCommit":false,"messageTitle":"Add unit tests for RemoveTransactionCommand","messageBody":"","fileTypesAndContributionMap":{"test-code":{"insertions":102,"deletions":0}}},{"hash":"a6c2942524941aa815b188692f21c4c31a0c8065","isMergeCommit":true,"messageTitle":"Merge pull request #32 from hooami/feat-UG","messageBody":"Added UserGuide v1.0","fileTypesAndContributionMap":{}},{"hash":"0fa91a93a429aa4480f56146e2ad8e49af12f03b","isMergeCommit":true,"messageTitle":"Merge pull request #34 from hooami/feat-UG","messageBody":"Fixed UserGuide","fileTypesAndContributionMap":{}}]},{"date":"2023-10-24","commitResults":[{"hash":"4ec72007979ea78e93182ee36e1fce48cb5c1495","isMergeCommit":false,"messageTitle":"Modify parser to return empty string instead of null when user never specify argument value","messageBody":"","fileTypesAndContributionMap":{"functional-code":{"insertions":2,"deletions":2},"test-code":{"insertions":22,"deletions":5}}},{"hash":"0132a201e2af82487aca526441f7045587ffa1de","isMergeCommit":true,"messageTitle":"Merge pull request #46 from Jonoans/dg-add-ui-section","messageBody":"Add UI section for DG","fileTypesAndContributionMap":{}},{"hash":"b886d5e111aae7ca3556cf9b815839b2c286473b","isMergeCommit":false,"messageTitle":"Add Developer Guide for Parser class","messageBody":"","fileTypesAndContributionMap":{"docs":{"insertions":12,"deletions":0}}},{"hash":"bd287d4d8ec63f5e937eed544ce6df6fabef5a41","isMergeCommit":true,"messageTitle":"Merge pull request #55 from hooami/DG","messageBody":"Add Developer Guide for Command component","fileTypesAndContributionMap":{}}]},{"date":"2023-10-30","commitResults":[{"hash":"2674670209b5163b059ff00909087475ebf3221a","isMergeCommit":false,"messageTitle":"Add feature to list transaction by current week/month","messageBody":"","fileTypesAndContributionMap":{"functional-code":{"insertions":67,"deletions":0}}},{"hash":"ce2bb69fed831480ef658f7c8229f991634d7e5e","isMergeCommit":false,"messageTitle":"Add test cases for list current week/month transaction","messageBody":"","fileTypesAndContributionMap":{"functional-code":{"insertions":4,"deletions":8},"test-code":{"insertions":134,"deletions":0}}},{"hash":"3b1ef2b56deafdb56139bf0a3e5208dcc761115e","isMergeCommit":false,"messageTitle":"Update UG for List command","messageBody":"","fileTypesAndContributionMap":{"docs":{"insertions":7,"deletions":2}}},{"hash":"a47d7edb79cdc56a8236998542d754179512be28","isMergeCommit":false,"messageTitle":"Add Architecture diagram and Parser sequence diagram","messageBody":"","fileTypesAndContributionMap":{"docs":{"insertions":66,"deletions":0}}}]},{"date":"2023-10-31","commitResults":[{"hash":"678c517859791b5a11a4b1e9193731c2b5f3e434","isMergeCommit":true,"messageTitle":"Merge remote-tracking branch \u0027origin/master\u0027 into DG-update","messageBody":"","fileTypesAndContributionMap":{}},{"hash":"7488d5656caf5b5e22af70d62a19779f7955005a","isMergeCommit":false,"messageTitle":"Add Class Diagram for Expense and Income","messageBody":"","fileTypesAndContributionMap":{"docs":{"insertions":112,"deletions":0}}},{"hash":"40c4c6842c4606b552ef26e942fe5c97e3e2572c","isMergeCommit":false,"messageTitle":"Change Sequence diagram box color to make the text more visible","messageBody":"","fileTypesAndContributionMap":{"docs":{"insertions":1,"deletions":1}}},{"hash":"9eb1408069379cde54afb9dc41227cc82d30c81c","isMergeCommit":true,"messageTitle":"Merge pull request #84 from hooami/update-UG","messageBody":"Update UserGuide","fileTypesAndContributionMap":{}}]},{"date":"2023-11-02","commitResults":[{"hash":"fae4098dadb6bdea992f861a77282b7c1a9e2822","isMergeCommit":false,"messageTitle":"Add basic user text interface","messageBody":"","fileTypesAndContributionMap":{"functional-code":{"insertions":6,"deletions":3}}},{"hash":"10ac27c3f928dffe202f19f3a6d6fe5235696955","isMergeCommit":false,"messageTitle":"Update UG to show examples of help command","messageBody":"","fileTypesAndContributionMap":{"docs":{"insertions":14,"deletions":1}}}]},{"date":"2023-11-03","commitResults":[{"hash":"986b06efd6cde801bba6c25ee1c4d5c2bf9fb346","isMergeCommit":false,"messageTitle":"Modify StorageTest and ExportCommandTest files location","messageBody":"","fileTypesAndContributionMap":{"functional-code":{"insertions":54,"deletions":30},"test-code":{"insertions":99,"deletions":59}}}]},{"date":"2023-11-06","commitResults":[{"hash":"2da581a1a04e0f0fa00a055e8c5671068553a586","isMergeCommit":false,"messageTitle":"Modify Parser to detect duplicate arguments","messageBody":"","fileTypesAndContributionMap":{"functional-code":{"insertions":15,"deletions":2}}},{"hash":"0f3b1ef1d305e56520868a5aa326bba7c3f12c2f","isMergeCommit":false,"messageTitle":"Add throws DukeException to Command tests","messageBody":"","fileTypesAndContributionMap":{"test-code":{"insertions":27,"deletions":26}}},{"hash":"a1e40807ce28fd790e7dbb5ca8d5068ba23f9525","isMergeCommit":false,"messageTitle":"Modify ListCommandTest to use current date for test","messageBody":"","fileTypesAndContributionMap":{"test-code":{"insertions":117,"deletions":30}}},{"hash":"1429bb466948055c1736916ec4842c4eeacd7327","isMergeCommit":false,"messageTitle":"Add Parser tests for duplicate arguments","messageBody":"","fileTypesAndContributionMap":{"test-code":{"insertions":24,"deletions":0}}},{"hash":"4bc694fad9bb6b0709d28bfcbe9ee5ef5e4ab0b4","isMergeCommit":false,"messageTitle":"Modify UG for clarity in duplicate arguments","messageBody":"","fileTypesAndContributionMap":{"docs":{"insertions":5,"deletions":4}}},{"hash":"103bd7fe88ff00cad02641587999da993981e913","isMergeCommit":false,"messageTitle":"Add summary command to view total income/expense","messageBody":"","fileTypesAndContributionMap":{"functional-code":{"insertions":187,"deletions":0}}}]},{"date":"2023-11-07","commitResults":[{"hash":"652b859776723b0e91722e3aafc23a3497d104aa","isMergeCommit":false,"messageTitle":"Add test cases for SummaryCommand","messageBody":"","fileTypesAndContributionMap":{"functional-code":{"insertions":10,"deletions":3},"test-code":{"insertions":243,"deletions":0}}},{"hash":"337f5aa85c2927c0fd810dce1b1f722086f80849","isMergeCommit":false,"messageTitle":"Modify UG to include Summary Command","messageBody":"","fileTypesAndContributionMap":{"docs":{"insertions":29,"deletions":3}}},{"hash":"ff14c6e4b8a993e9597793058e49366fb4baf776","isMergeCommit":true,"messageTitle":"Merge branch \u0027master\u0027 into summary-command","messageBody":"","fileTypesAndContributionMap":{}},{"hash":"742a7b8af0919c7aa592dc833c49c08454e07cae","isMergeCommit":true,"messageTitle":"Merge pull request #132 from hooami/ListCommand-Update","messageBody":"Updated ListCommand to show Goal and Category status","fileTypesAndContributionMap":{}},{"hash":"fc361c55c1946be2945a60ac2786e7efbb567831","isMergeCommit":true,"messageTitle":"Merge pull request #133 from sRanay/Jason-fix-storage-bugs","messageBody":"Fix Storage Bugs","fileTypesAndContributionMap":{}},{"hash":"469af19346307782fd5353df519e01e4eb9b4889","isMergeCommit":true,"messageTitle":"Merge pull request #136 from hooami/BugFix-ErrorHandling","messageBody":"Fixed error handling for goal and category commands","fileTypesAndContributionMap":{}},{"hash":"31ea6d0849997290a7ba41882cb5d675030e69f5","isMergeCommit":true,"messageTitle":"Merge pull request #137 from sRanay/Jason-update-guide-2","messageBody":"Updating DG","fileTypesAndContributionMap":{}},{"hash":"343ee7978053062fa079d52397511f72eebe36f3","isMergeCommit":false,"messageTitle":"Add PPP for ChoonSiang","messageBody":"","fileTypesAndContributionMap":{"docs":{"insertions":40,"deletions":0}}},{"hash":"710edba52fe1e0ffef968a89a9972cceaf3d9d92","isMergeCommit":true,"messageTitle":"Merge pull request #138 from AY2324S1-CS2113-W12-3/itayrefaely-patch-1","messageBody":"Create itayrefaely.md","fileTypesAndContributionMap":{}},{"hash":"3ca2383cdefaa66fd26cc6511f10b643d0af5b65","isMergeCommit":true,"messageTitle":"Merge pull request #139 from Jonoans/jon-ppp","messageBody":"Add PPP","fileTypesAndContributionMap":{}},{"hash":"771b795d1a2b3c701f23aeb9b79ee146e9b4b663","isMergeCommit":true,"messageTitle":"Merge pull request #140 from hooami/ppp-update","messageBody":"Added PPP","fileTypesAndContributionMap":{}},{"hash":"d129607d2094e96478e4329bd2b869fed68bc2ad","isMergeCommit":false,"messageTitle":"Modify the program to safely exit when ctrl-c or ctrl-d is input by the user","messageBody":"","fileTypesAndContributionMap":{"functional-code":{"insertions":22,"deletions":4}}},{"hash":"2d665e128b119027851c8f6e8d1ee02bba615d78","isMergeCommit":false,"messageTitle":"Modify UG to include details on the usage of Ctrl-d and Ctrl-d to end the program","messageBody":"","fileTypesAndContributionMap":{"docs":{"insertions":3,"deletions":1}}}]}]},"authorFileTypeContributionMap":{"Jonoans":{"docs":234,"functional-code":874,"test-code":672},"sRanay":{"docs":177,"functional-code":1167,"test-code":987,"other":3},"itayrefaely":{"docs":56,"functional-code":212,"test-code":100},"hooami":{"docs":168,"functional-code":907,"test-code":549},"ChoonSiang":{"docs":274,"functional-code":600,"test-code":708}},"authorContributionVariance":{"Jonoans":28194.45,"sRanay":42579.156,"itayrefaely":2618.0645,"hooami":26446.912,"ChoonSiang":10747.241},"authorDisplayNameMap":{"Jonoans":"CS2113-W12-3 TAN ..THAN","sRanay":"CS2113-W12-3 JASO.. JIE","itayrefaely":"CS2113-W12-3 REFA..ITAY","hooami":"CS2113-W12-3 HOO ..HONG","ChoonSiang":"CS2113-W12-3 CHAN..IANG"}}
