{"authorDailyContributionsMap":{"Jonoans":[{"date":"2023-10-04","commitResults":[{"hash":"ef4b021f95f8b9e181886cac55adb368f52017da","isMergeCommit":false,"messageTitle":"Add name and github profile in table","messageBody":"","fileTypesAndContributionMap":{"docs":{"insertions":1,"deletions":1}}},{"hash":"c7ac1c499a99bd29e9ea9d8383ac4a7c0fd5e798","isMergeCommit":true,"messageTitle":"Merge branch \u0027master\u0027 into Itay-AboutUs","messageBody":"","fileTypesAndContributionMap":{}},{"hash":"8d196dc524d6c49dd948c6e5b8eeedae48064f2d","isMergeCommit":true,"messageTitle":"Merge pull request #3 from itayrefaely/Itay-AboutUs","messageBody":"Itay","fileTypesAndContributionMap":{}}]},{"date":"2023-10-15","commitResults":[{"hash":"9cc0ee4d48b718ea18e5133db17fae20ec1be5eb","isMergeCommit":false,"messageTitle":"Add income and expense models","messageBody":"","fileTypesAndContributionMap":{"functional-code":{"insertions":55,"deletions":0}}},{"hash":"dd43e447553e0a48efe1da33c5f68f2202d8ac57","isMergeCommit":false,"messageTitle":"Remove extra line","messageBody":"","fileTypesAndContributionMap":{"functional-code":{"insertions":0,"deletions":1}}},{"hash":"7bb6b90ce52c2e8601f13ad2c0a9080a2d08e4ed","isMergeCommit":false,"messageTitle":"Add feature to insert new income entries","messageBody":"","fileTypesAndContributionMap":{"functional-code":{"insertions":329,"deletions":7}}},{"hash":"7f40f45902235c0b1b9630a402bf06a447f4b57f","isMergeCommit":false,"messageTitle":"Refactor some variables and move table header printing to printTableHeader method","messageBody":"","fileTypesAndContributionMap":{"functional-code":{"insertions":13,"deletions":9}}},{"hash":"1474a119c8340c143fc2bd9eb0dd85bb9f43f79e","isMergeCommit":false,"messageTitle":"Add printTableRows method and add outputstream member variable to Ui","messageBody":"","fileTypesAndContributionMap":{"functional-code":{"insertions":68,"deletions":7}}},{"hash":"9c2f61766e02cf5c5a34ecc01714845ffe3182c0","isMergeCommit":false,"messageTitle":"Fix typo","messageBody":"","fileTypesAndContributionMap":{"functional-code":{"insertions":2,"deletions":2}}},{"hash":"32cdcd3c4b8afaa791341d901ca07da45cba1b73","isMergeCommit":false,"messageTitle":"Add test for Ui class","messageBody":"","fileTypesAndContributionMap":{"functional-code":{"insertions":4,"deletions":0},"test-code":{"insertions":29,"deletions":0}}},{"hash":"a59ac146ac5c9cb6162838544fcfb60aaa003af8","isMergeCommit":false,"messageTitle":"Add expense tracking command","messageBody":"","fileTypesAndContributionMap":{"functional-code":{"insertions":80,"deletions":0}}},{"hash":"2e82999c6a579046ecb5eb8b3f399f08dde10d2e","isMergeCommit":false,"messageTitle":"Remove padding for last item in table row","messageBody":"","fileTypesAndContributionMap":{"functional-code":{"insertions":2,"deletions":1},"test-code":{"insertions":1,"deletions":1}}},{"hash":"ddd1fa81e294438e4e451be6eb4462fcf92fd864","isMergeCommit":true,"messageTitle":"Merge pull request #8 from Jonoans/feat-transaction-models","messageBody":"Add income and expense models","fileTypesAndContributionMap":{}},{"hash":"97e1cf066a0f47c6d8b1bad1860b96ededa115e0","isMergeCommit":false,"messageTitle":"Fix index out of bound bug in mergeColWidths","messageBody":"","fileTypesAndContributionMap":{"functional-code":{"insertions":2,"deletions":1},"test-code":{"insertions":19,"deletions":0}}},{"hash":"fac8bb732586ffa6dce194d347c45baaccccb5cf","isMergeCommit":true,"messageTitle":"Merge pull request #9 from Jonoans/feat-add-remove-transactions","messageBody":"Feature: Add \u0026 remove transactions","fileTypesAndContributionMap":{}}]},{"date":"2023-10-16","commitResults":[{"hash":"c8f1790f7a5d139d09cb5478a18604c23dbc5a5b","isMergeCommit":true,"messageTitle":"Merge pull request #10 from hooami/feat-list","messageBody":"Added List feature ","fileTypesAndContributionMap":{}},{"hash":"67de7cf9c4fdffec95a415b000e53ce5087fed81","isMergeCommit":false,"messageTitle":"Fix table printer - Table printer now ignores default column widths if custom widths are specified - Printer will still take max of column header and stated width - i.e. column headers will never be truncated - Correct other minor formatting issues","messageBody":"","fileTypesAndContributionMap":{"functional-code":{"insertions":24,"deletions":6}}}]},{"date":"2023-10-17","commitResults":[{"hash":"04a347ee3b490ae56695eea57033ef2a085e9165","isMergeCommit":true,"messageTitle":"Merge pull request #12 from Jonoans/fix-table-print","messageBody":"Fix table printer","fileTypesAndContributionMap":{}}]}],"sRanay":[{"date":"2023-10-04","commitResults":[{"hash":"432fb4b7b27f1f55e828430634b5f8b93ad4e13a","isMergeCommit":false,"messageTitle":"Modify AboutUs","messageBody":"","fileTypesAndContributionMap":{"docs":{"insertions":1,"deletions":1}}}]},{"date":"2023-10-13","commitResults":[{"hash":"850d0eead8d175081a263218cdf2670acd7a2321","isMergeCommit":true,"messageTitle":"Merge pull request #6 from ChoonSiang/ChoonSiang-Parser","messageBody":"Add Ui, Exception, Command and Parser class","fileTypesAndContributionMap":{}},{"hash":"ed55adec9aabec1d92f9dde34177e284c69e55ee","isMergeCommit":false,"messageTitle":"Add Transaction class","messageBody":"","fileTypesAndContributionMap":{"functional-code":{"insertions":40,"deletions":0}}},{"hash":"160ab9d5811b42ba9c1eea6cc9f37d36cef7b662","isMergeCommit":false,"messageTitle":"Add Goal Class","messageBody":"","fileTypesAndContributionMap":{"functional-code":{"insertions":28,"deletions":0}}},{"hash":"88b55b6c2329c254c203615b87c749854d2e0cbb","isMergeCommit":false,"messageTitle":"Add Category class","messageBody":"","fileTypesAndContributionMap":{"functional-code":{"insertions":13,"deletions":0}}},{"hash":"72c70969e0705ccbff0ce683a0120287e6d491b5","isMergeCommit":false,"messageTitle":"Add constructor for for Category class","messageBody":"","fileTypesAndContributionMap":{"functional-code":{"insertions":5,"deletions":1}}},{"hash":"3aa3f428ac90fb7808094ec0521057d971016eac","isMergeCommit":true,"messageTitle":"Merge pull request #7 from sRanay/Jason-ClassCreation","messageBody":"Class Creation for Transaction, Goal and Category","fileTypesAndContributionMap":{}}]},{"date":"2023-10-16","commitResults":[{"hash":"45589a916577c5b3e36a6c98ce2281879442a45e","isMergeCommit":true,"messageTitle":"Merge branch \u0027Jason-feat-help-command\u0027 of https://github.com/sRanay/tp into Jason-feat-help-command","messageBody":"","fileTypesAndContributionMap":{}},{"hash":"0a0f00cc657760ee4ac55e0e2add2ba86a8ff3da","isMergeCommit":false,"messageTitle":"Add full list help command","messageBody":"","fileTypesAndContributionMap":{"functional-code":{"insertions":120,"deletions":0}}}]},{"date":"2023-10-17","commitResults":[{"hash":"3c84d10e1aa646371926f198513a39028316e162","isMergeCommit":true,"messageTitle":"Merge branch \u0027AY2324S1-CS2113-W12-3:master\u0027 into Jason-feat-help-command","messageBody":"","fileTypesAndContributionMap":{}},{"hash":"b54f6a3a7dd00296f642cf1074ab200991d1843b","isMergeCommit":false,"messageTitle":"Add help command for specific commands","messageBody":"","fileTypesAndContributionMap":{"functional-code":{"insertions":81,"deletions":33}}},{"hash":"30b063ff4e7dcbff662de53ca81a30065022c169","isMergeCommit":false,"messageTitle":"Change code format","messageBody":"","fileTypesAndContributionMap":{"functional-code":{"insertions":10,"deletions":6}}},{"hash":"768d1a10dd3c0c412fe7247a390110a392912180","isMergeCommit":false,"messageTitle":"Change the code format","messageBody":"","fileTypesAndContributionMap":{"functional-code":{"insertions":8,"deletions":7}}},{"hash":"c4f3f68b1f244f127dee55f36f35ed31c633bd3a","isMergeCommit":false,"messageTitle":"Update updateOutput function","messageBody":"","fileTypesAndContributionMap":{"functional-code":{"insertions":5,"deletions":6}}},{"hash":"7f2d76c214e6d9974d173d87f0c0422ab116bde7","isMergeCommit":true,"messageTitle":"Merge branch \u0027AY2324S1-CS2113-W12-3:master\u0027 into Jason-feat-help-command","messageBody":"","fileTypesAndContributionMap":{}},{"hash":"bb0c81c0d8927d33ad26eae7931996a96b6621ff","isMergeCommit":true,"messageTitle":"Merge pull request #24 from ChoonSiang/Choonsiang-JUnit-Parser","messageBody":"Add JUnit tests for Parser class","fileTypesAndContributionMap":{}},{"hash":"e787b35840e95660a8aff9dc46667c21b857c6d1","isMergeCommit":true,"messageTitle":"Merge branch \u0027AY2324S1-CS2113-W12-3:master\u0027 into Jason-feat-help-command","messageBody":"","fileTypesAndContributionMap":{}},{"hash":"531b611fe7c8d51a703bee109ab5590437952531","isMergeCommit":true,"messageTitle":"Merge pull request #11 from sRanay/Jason-feat-help-command","messageBody":"Add help command feature","fileTypesAndContributionMap":{}}]}],"itayrefaely":[{"date":"2023-10-04","commitResults":[{"hash":"9267dd8a7057b39618d0d09faf93a29dde8d3a51","isMergeCommit":false,"messageTitle":"Itay","messageBody":"","fileTypesAndContributionMap":{"docs":{"insertions":1,"deletions":1}}},{"hash":"9a791fd395fe0025b5ad3179fb6a641a15175c3b","isMergeCommit":true,"messageTitle":"Merge branch \u0027master\u0027 into ChoonSiang-AboutUs","messageBody":"","fileTypesAndContributionMap":{}},{"hash":"ab2c4b6200d58c654fe730f96434eb54fb7fc1c2","isMergeCommit":true,"messageTitle":"Merge pull request #2 from ChoonSiang/ChoonSiang-AboutUs","messageBody":"Update AboutUs.md to include name","fileTypesAndContributionMap":{}}]}],"hooami":[{"date":"2023-10-04","commitResults":[{"hash":"8f0ad01668b3d4188ccf28a7f9b150f687dcd14d","isMergeCommit":false,"messageTitle":"Update README.md","messageBody":"","fileTypesAndContributionMap":{"docs":{"insertions":1,"deletions":1}}},{"hash":"0f20ce716034420955215f135e3ef3dd7e180a66","isMergeCommit":false,"messageTitle":"Update AboutUs.md","messageBody":"","fileTypesAndContributionMap":{"docs":{"insertions":1,"deletions":1}}},{"hash":"0dba94ff83f3615fe69acb4df5e0197c4a5f3961","isMergeCommit":true,"messageTitle":"Merge pull request #5 from sRanay/Jason-AboutUs","messageBody":"Modify AboutUs","fileTypesAndContributionMap":{}}]},{"date":"2023-10-15","commitResults":[{"hash":"2134a9aa87ad5516dfb71bc5036e9acdf7f9023b","isMergeCommit":false,"messageTitle":"Added List feature and replace category with goal in Income and vice-versa","messageBody":"","fileTypesAndContributionMap":{"functional-code":{"insertions":167,"deletions":18}}},{"hash":"c178981922b69962933adb39c0d666244666bbe5","isMergeCommit":true,"messageTitle":"Merge branch \u0027feat-add-remove-transactions\u0027 of https://github.com/jonoans/tp into feat-list","messageBody":"","fileTypesAndContributionMap":{}}]},{"date":"2023-10-16","commitResults":[{"hash":"50485ba04a5e5f14f5a6df675ba5fb4f8092d763","isMergeCommit":false,"messageTitle":"Added custom width for table and fixed checkstyle errors","messageBody":"","fileTypesAndContributionMap":{"functional-code":{"insertions":19,"deletions":12}}}]}],"ChoonSiang":[{"date":"2023-10-04","commitResults":[{"hash":"6c4c010e13269bf72b24b6e5ddcc4362be7633c6","isMergeCommit":false,"messageTitle":"Update AboutUs.md to include name.","messageBody":"","fileTypesAndContributionMap":{"docs":{"insertions":1,"deletions":1}}},{"hash":"0c1d93f827a571c2070a992ce72ffa3fc476c9ee","isMergeCommit":true,"messageTitle":"Merge pull request #1 from Jonoans/jonathantan-AboutUs","messageBody":"Add name and github profile in table","fileTypesAndContributionMap":{}},{"hash":"d73a0438bcd76d5892d5cb396e136595e26c81df","isMergeCommit":true,"messageTitle":"Merge pull request #4 from hooami/JunHong-AboutUs","messageBody":"Update AboutUs.md to include name","fileTypesAndContributionMap":{}}]},{"date":"2023-10-12","commitResults":[{"hash":"5b28ba4d649ac66daf65f8d00c5d5e24b6a72273","isMergeCommit":false,"messageTitle":"Add DukeExecption class","messageBody":"","fileTypesAndContributionMap":{"functional-code":{"insertions":8,"deletions":0}}},{"hash":"97e5c68c99187af92ff48c10052c1db47002bd34","isMergeCommit":false,"messageTitle":"Add Command, ExitCommand and Ui class","messageBody":"","fileTypesAndContributionMap":{"functional-code":{"insertions":39,"deletions":0}}},{"hash":"1bebffb9a45f56d1058fbbdbbe4308abf69cce02","isMergeCommit":false,"messageTitle":"Add Parser class to parse user command and arguments","messageBody":"","fileTypesAndContributionMap":{"functional-code":{"insertions":82,"deletions":0}}},{"hash":"338578486585441e41fde23c3bd9084802ff6008","isMergeCommit":false,"messageTitle":"Modify Duke to continuously get user input in a loop and parse command","messageBody":"","fileTypesAndContributionMap":{"functional-code":{"insertions":34,"deletions":10}}},{"hash":"7d5e476a6e6a64e6f40faad4dfd45389719effc0","isMergeCommit":false,"messageTitle":"Remove unused variable and format to comply with coding standard","messageBody":"","fileTypesAndContributionMap":{"functional-code":{"insertions":3,"deletions":5}}}]},{"date":"2023-10-13","commitResults":[{"hash":"5cddfe3651f75443e1d474e8b574bc1d417111f3","isMergeCommit":false,"messageTitle":"Wrap line to prevent long lines and add private access modifier to PROGRAM_NAME","messageBody":"","fileTypesAndContributionMap":{"functional-code":{"insertions":3,"deletions":3}}},{"hash":"03ef2bdb48d910b3977c2ade4a4024297f792d67","isMergeCommit":false,"messageTitle":"Remove unnecessary strip when parsing user input","messageBody":"","fileTypesAndContributionMap":{"functional-code":{"insertions":1,"deletions":1}}}]},{"date":"2023-10-17","commitResults":[{"hash":"5cb278d16d53ddc78b514f901a1a8bb550dda0fd","isMergeCommit":false,"messageTitle":"Add JUnit tests for Parser class","messageBody":"","fileTypesAndContributionMap":{"functional-code":{"insertions":8,"deletions":1},"test-code":{"insertions":81,"deletions":0}}}]}]},"authorFileTypeContributionMap":{"Jonoans":{"docs":1,"functional-code":536,"test-code":48},"sRanay":{"docs":1,"functional-code":253,"test-code":0},"itayrefaely":{"docs":1,"functional-code":0,"test-code":0},"hooami":{"docs":2,"functional-code":174,"test-code":0},"ChoonSiang":{"docs":1,"functional-code":163,"test-code":81}},"authorContributionVariance":{"Jonoans":14791.707,"sRanay":1584.037,"itayrefaely":0.14792894,"hooami":1282.3256,"ChoonSiang":1457.3861},"authorDisplayNameMap":{"Jonoans":"CS2113-W12-3 TAN ..THAN","sRanay":"CS2113-W12-3 JASO.. JIE","itayrefaely":"CS2113-W12-3 REFA..ITAY","hooami":"CS2113-W12-3 HOO ..HONG","ChoonSiang":"CS2113-W12-3 CHAN..IANG"}}
