[{"path":"README.md","fileType":"docs","lines":[{"lineNumber":1,"author":{"gitId":"-"},"content":"# Duke project template","lastModifiedDate":"2020-05-25"},{"lineNumber":2,"author":{"gitId":"-"},"content":"","lastModifiedDate":"2020-05-25"},{"lineNumber":3,"author":{"gitId":"-"},"content":"This is a project template for a greenfield Java project. It\u0027s named after the Java mascot _Duke_. Given below are instructions on how to use it.","lastModifiedDate":"2020-05-25"},{"lineNumber":4,"author":{"gitId":"-"},"content":"","lastModifiedDate":"2020-05-25"},{"lineNumber":5,"author":{"gitId":"-"},"content":"## Setting up in Intellij","lastModifiedDate":"2020-05-25"},{"lineNumber":6,"author":{"gitId":"-"},"content":"","lastModifiedDate":"2020-05-25"},{"lineNumber":7,"author":{"gitId":"-"},"content":"Prerequisites: JDK 11 (use the exact version), update Intellij to the most recent version.","lastModifiedDate":"2020-05-24"},{"lineNumber":8,"author":{"gitId":"-"},"content":"","lastModifiedDate":"2020-05-24"},{"lineNumber":9,"author":{"gitId":"-"},"content":"1. **Ensure Intellij JDK 11 is defined as an SDK**, as described [here](https://www.jetbrains.com/help/idea/sdk.html#set-up-jdk) -- this step is not needed if you have used JDK 11 in a previous Intellij project.","lastModifiedDate":"2020-05-24"},{"lineNumber":10,"author":{"gitId":"-"},"content":"1. **Import the project _as a Gradle project_**, as described [here](https://se-education.org/guides/tutorials/intellijImportGradleProject.html).","lastModifiedDate":"2020-05-24"},{"lineNumber":11,"author":{"gitId":"SebasFok"},"content":"1. **Verify the set up**: After the importing is complete, locate the `src/main/java/seedu/duke/Duke.java` file, right-click it, and choose `Run Duke.main()`. If the setup is correct, you should see something like the below: i love 2113 ","lastModifiedDate":"2023-10-05"},{"lineNumber":12,"author":{"gitId":"-"},"content":"   ```","lastModifiedDate":"2020-05-25"},{"lineNumber":13,"author":{"gitId":"-"},"content":"   \u003e Task :compileJava","lastModifiedDate":"2020-05-24"},{"lineNumber":14,"author":{"gitId":"-"},"content":"   \u003e Task :processResources NO-SOURCE","lastModifiedDate":"2020-05-24"},{"lineNumber":15,"author":{"gitId":"-"},"content":"   \u003e Task :classes","lastModifiedDate":"2020-05-24"},{"lineNumber":16,"author":{"gitId":"-"},"content":"   ","lastModifiedDate":"2020-05-24"},{"lineNumber":17,"author":{"gitId":"-"},"content":"   \u003e Task :Duke.main()","lastModifiedDate":"2020-05-24"},{"lineNumber":18,"author":{"gitId":"-"},"content":"   Hello from","lastModifiedDate":"2020-05-25"},{"lineNumber":19,"author":{"gitId":"-"},"content":"    ____        _        ","lastModifiedDate":"2020-05-25"},{"lineNumber":20,"author":{"gitId":"-"},"content":"   |  _ \\ _   _| | _____ ","lastModifiedDate":"2020-05-25"},{"lineNumber":21,"author":{"gitId":"-"},"content":"   | | | | | | | |/ / _ \\","lastModifiedDate":"2020-05-25"},{"lineNumber":22,"author":{"gitId":"-"},"content":"   | |_| | |_| |   \u003c  __/","lastModifiedDate":"2020-05-25"},{"lineNumber":23,"author":{"gitId":"-"},"content":"   |____/ \\__,_|_|\\_\\___|","lastModifiedDate":"2020-05-25"},{"lineNumber":24,"author":{"gitId":"-"},"content":"   ","lastModifiedDate":"2020-05-24"},{"lineNumber":25,"author":{"gitId":"-"},"content":"   What is your name?","lastModifiedDate":"2020-05-24"},{"lineNumber":26,"author":{"gitId":"-"},"content":"   ```","lastModifiedDate":"2020-05-25"},{"lineNumber":27,"author":{"gitId":"-"},"content":"   Type some word and press enter to let the execution proceed to the end.","lastModifiedDate":"2020-05-24"},{"lineNumber":28,"author":{"gitId":"-"},"content":"","lastModifiedDate":"2020-05-24"},{"lineNumber":29,"author":{"gitId":"-"},"content":"## Build automation using Gradle","lastModifiedDate":"2020-05-24"},{"lineNumber":30,"author":{"gitId":"-"},"content":"","lastModifiedDate":"2020-05-24"},{"lineNumber":31,"author":{"gitId":"-"},"content":"* This project uses Gradle for build automation and dependency management. It includes a basic build script as well (i.e. the `build.gradle` file).","lastModifiedDate":"2020-05-24"},{"lineNumber":32,"author":{"gitId":"-"},"content":"* If you are new to Gradle, refer to the [Gradle Tutorial at se-education.org/guides](https://se-education.org/guides/tutorials/gradle.html).","lastModifiedDate":"2020-05-24"},{"lineNumber":33,"author":{"gitId":"-"},"content":"","lastModifiedDate":"2020-05-24"},{"lineNumber":34,"author":{"gitId":"-"},"content":"## Testing","lastModifiedDate":"2020-05-24"},{"lineNumber":35,"author":{"gitId":"-"},"content":"","lastModifiedDate":"2020-05-24"},{"lineNumber":36,"author":{"gitId":"-"},"content":"### I/O redirection tests","lastModifiedDate":"2020-05-24"},{"lineNumber":37,"author":{"gitId":"-"},"content":"","lastModifiedDate":"2020-05-24"},{"lineNumber":38,"author":{"gitId":"-"},"content":"* To run _I/O redirection_ tests (aka _Text UI tests_), navigate to the `text-ui-test` and run the `runtest(.bat/.sh)` script.","lastModifiedDate":"2020-05-24"},{"lineNumber":39,"author":{"gitId":"-"},"content":"","lastModifiedDate":"2020-05-24"},{"lineNumber":40,"author":{"gitId":"-"},"content":"### JUnit tests","lastModifiedDate":"2020-05-24"},{"lineNumber":41,"author":{"gitId":"-"},"content":"","lastModifiedDate":"2020-05-24"},{"lineNumber":42,"author":{"gitId":"-"},"content":"* A skeleton JUnit test (`src/test/java/seedu/duke/DukeTest.java`) is provided with this project template. ","lastModifiedDate":"2020-05-24"},{"lineNumber":43,"author":{"gitId":"-"},"content":"* If you are new to JUnit, refer to the [JUnit Tutorial at se-education.org/guides](https://se-education.org/guides/tutorials/junit.html).","lastModifiedDate":"2020-05-24"},{"lineNumber":44,"author":{"gitId":"-"},"content":"","lastModifiedDate":"2020-05-24"},{"lineNumber":45,"author":{"gitId":"-"},"content":"## Checkstyle","lastModifiedDate":"2020-05-24"},{"lineNumber":46,"author":{"gitId":"-"},"content":"","lastModifiedDate":"2020-05-24"},{"lineNumber":47,"author":{"gitId":"-"},"content":"* A sample CheckStyle rule configuration is provided in this project.","lastModifiedDate":"2020-05-24"},{"lineNumber":48,"author":{"gitId":"-"},"content":"* If you are new to Checkstyle, refer to the [Checkstyle Tutorial at se-education.org/guides](https://se-education.org/guides/tutorials/checkstyle.html).","lastModifiedDate":"2020-05-24"},{"lineNumber":49,"author":{"gitId":"-"},"content":"","lastModifiedDate":"2020-05-24"},{"lineNumber":50,"author":{"gitId":"-"},"content":"## CI using GitHub Actions","lastModifiedDate":"2020-05-24"},{"lineNumber":51,"author":{"gitId":"-"},"content":"","lastModifiedDate":"2020-05-24"},{"lineNumber":52,"author":{"gitId":"-"},"content":"The project uses [GitHub actions](https://github.com/features/actions) for CI. When you push a commit to this repo or PR against it, GitHub actions will run automatically to build and verify the code as updated by the commit/PR.","lastModifiedDate":"2020-05-24"},{"lineNumber":53,"author":{"gitId":"-"},"content":"","lastModifiedDate":"2020-05-24"},{"lineNumber":54,"author":{"gitId":"-"},"content":"## Documentation","lastModifiedDate":"2020-05-24"},{"lineNumber":55,"author":{"gitId":"-"},"content":"","lastModifiedDate":"2020-05-24"},{"lineNumber":56,"author":{"gitId":"-"},"content":"`/docs` folder contains a skeleton version of the project documentation.","lastModifiedDate":"2020-05-24"},{"lineNumber":57,"author":{"gitId":"-"},"content":"","lastModifiedDate":"2020-05-24"},{"lineNumber":58,"author":{"gitId":"-"},"content":"Steps for publishing documentation to the public: ","lastModifiedDate":"2020-05-24"},{"lineNumber":59,"author":{"gitId":"-"},"content":"1. If you are using this project template for an individual project, go your fork on GitHub.\u003cbr\u003e","lastModifiedDate":"2020-05-24"},{"lineNumber":60,"author":{"gitId":"-"},"content":"   If you are using this project template for a team project, go to the team fork on GitHub.","lastModifiedDate":"2020-05-24"},{"lineNumber":61,"author":{"gitId":"-"},"content":"1. Click on the `settings` tab.","lastModifiedDate":"2020-05-24"},{"lineNumber":62,"author":{"gitId":"-"},"content":"1. Scroll down to the `GitHub Pages` section.","lastModifiedDate":"2020-05-24"},{"lineNumber":63,"author":{"gitId":"-"},"content":"1. Set the `source` as `master branch /docs folder`.","lastModifiedDate":"2020-05-24"},{"lineNumber":64,"author":{"gitId":"-"},"content":"1. Optionally, use the `choose a theme` button to choose a theme for your documentation.","lastModifiedDate":"2020-05-24"}],"authorContributionMap":{"SebasFok":1,"-":63}},{"path":"docs/AboutUs.md","fileType":"docs","lines":[{"lineNumber":1,"author":{"gitId":"-"},"content":"# About us","lastModifiedDate":"2020-05-24"},{"lineNumber":2,"author":{"gitId":"-"},"content":"","lastModifiedDate":"2020-05-24"},{"lineNumber":3,"author":{"gitId":"SebasFok"},"content":"| Display                        |          Name           |              Github Profile               |                     Portfolio                     |","lastModifiedDate":"2023-10-14"},{"lineNumber":4,"author":{"gitId":"SebasFok"},"content":"|--------------------------------|:-----------------------:|:-----------------------------------------:|:-------------------------------------------------:|","lastModifiedDate":"2023-10-14"},{"lineNumber":5,"author":{"gitId":"SebasFok"},"content":"| ![](photos/disney_selfie.png)  | Sebastian Fok Shin Hung |  [Github](https://github.com/SebasFok/)   |         [Portfolio](team/sebastianfok.md)         |","lastModifiedDate":"2023-10-14"},{"lineNumber":6,"author":{"gitId":"SebasFok"},"content":"| ![](photos/j.png)              |    Liow Enqi Janelle    | [Github](https://github.com/janelleenqi/) |       [Portfolio](team/liowenqijanelle.md)        |","lastModifiedDate":"2023-10-14"},{"lineNumber":7,"author":{"gitId":"SebasFok"},"content":"| ![](photos/rohit_pic.png)      |         Rohit R         |  [Github](https://github.com/rohitcube)   |           [Portfolio](team/johndoe.md)            |","lastModifiedDate":"2023-10-14"},{"lineNumber":8,"author":{"gitId":"SebasFok"},"content":"| ![](photos/ryanPic.JPG)        |        Ryan Loh         |  [Github](https://github.com/ryanlohyr)   | [Portfolio](https://ryanlohyr.github.io/ryanloh/) |","lastModifiedDate":"2023-10-14"},{"lineNumber":9,"author":{"gitId":"SebasFok"},"content":"| ![](photos/isaiah_profile.png) |      Isaiah Cerven      |  [Github](https://github.com/CerIsaiah/)  |            [Portfolio](team/isaiah.md)            |","lastModifiedDate":"2023-10-14"}],"authorContributionMap":{"SebasFok":7,"-":2}},{"path":"docs/team/isaiah.md","fileType":"docs","lines":[{"lineNumber":1,"author":{"gitId":"CerIsaiah"},"content":"# Isaiah - Project Portfolio Page","lastModifiedDate":"2023-10-08"},{"lineNumber":2,"author":{"gitId":"CerIsaiah"},"content":"","lastModifiedDate":"2023-10-08"},{"lineNumber":3,"author":{"gitId":"CerIsaiah"},"content":"## Overview","lastModifiedDate":"2023-10-08"},{"lineNumber":4,"author":{"gitId":"CerIsaiah"},"content":"","lastModifiedDate":"2023-10-08"},{"lineNumber":5,"author":{"gitId":"CerIsaiah"},"content":"","lastModifiedDate":"2023-10-08"},{"lineNumber":6,"author":{"gitId":"CerIsaiah"},"content":"### Summary of Contributions","lastModifiedDate":"2023-10-08"}],"authorContributionMap":{"CerIsaiah":6}},{"path":"docs/team/liowenqijanelle.md","fileType":"docs","lines":[{"lineNumber":1,"author":{"gitId":"janelleenqi"},"content":"# Liow Enqi Janelle - Project Portfolio Page","lastModifiedDate":"2023-10-07"},{"lineNumber":2,"author":{"gitId":"janelleenqi"},"content":"","lastModifiedDate":"2023-10-07"},{"lineNumber":3,"author":{"gitId":"janelleenqi"},"content":"## Overview","lastModifiedDate":"2023-10-07"},{"lineNumber":4,"author":{"gitId":"janelleenqi"},"content":"","lastModifiedDate":"2023-10-07"},{"lineNumber":5,"author":{"gitId":"janelleenqi"},"content":"","lastModifiedDate":"2023-10-07"},{"lineNumber":6,"author":{"gitId":"janelleenqi"},"content":"### Summary of Contributions","lastModifiedDate":"2023-10-07"}],"authorContributionMap":{"janelleenqi":6}},{"path":"docs/team/sebastianfok.md","fileType":"docs","lines":[{"lineNumber":1,"author":{"gitId":"SebasFok"},"content":"# Sebastian Fok - Project Portfolio Page","lastModifiedDate":"2023-10-06"},{"lineNumber":2,"author":{"gitId":"SebasFok"},"content":"","lastModifiedDate":"2023-10-06"},{"lineNumber":3,"author":{"gitId":"SebasFok"},"content":"## Overview","lastModifiedDate":"2023-10-06"},{"lineNumber":4,"author":{"gitId":"SebasFok"},"content":"","lastModifiedDate":"2023-10-06"},{"lineNumber":5,"author":{"gitId":"SebasFok"},"content":"","lastModifiedDate":"2023-10-06"},{"lineNumber":6,"author":{"gitId":"SebasFok"},"content":"### Summary of Contributions","lastModifiedDate":"2023-10-06"}],"authorContributionMap":{"SebasFok":6}},{"path":"src/main/java/seedu/duke/Duke.java","fileType":"functional-code","lines":[{"lineNumber":1,"author":{"gitId":"-"},"content":"package seedu.duke;","lastModifiedDate":"2020-05-24"},{"lineNumber":2,"author":{"gitId":"ryanlohyr"},"content":"import seedu.duke.controllers.ModulePlannerController;","lastModifiedDate":"2023-10-12"},{"lineNumber":3,"author":{"gitId":"-"},"content":"public class Duke {","lastModifiedDate":"2019-07-29"},{"lineNumber":4,"author":{"gitId":"-"},"content":"    /**","lastModifiedDate":"2020-05-24"},{"lineNumber":5,"author":{"gitId":"-"},"content":"     * Main entry-point for the java.duke.Duke application.","lastModifiedDate":"2020-05-24"},{"lineNumber":6,"author":{"gitId":"-"},"content":"     */","lastModifiedDate":"2020-05-24"},{"lineNumber":7,"author":{"gitId":"ryanlohyr"},"content":"    //main should have basically no code except start","lastModifiedDate":"2023-10-12"},{"lineNumber":8,"author":{"gitId":"-"},"content":"    public static void main(String[] args) {","lastModifiedDate":"2019-07-29"},{"lineNumber":9,"author":{"gitId":"ryanlohyr"},"content":"        ModulePlannerController controller \u003d new ModulePlannerController();","lastModifiedDate":"2023-10-12"},{"lineNumber":10,"author":{"gitId":"ryanlohyr"},"content":"        controller.start();","lastModifiedDate":"2023-10-12"},{"lineNumber":11,"author":{"gitId":"-"},"content":"","lastModifiedDate":"2020-05-24"},{"lineNumber":12,"author":{"gitId":"-"},"content":"    }","lastModifiedDate":"2019-07-29"},{"lineNumber":13,"author":{"gitId":"ryanlohyr"},"content":"","lastModifiedDate":"2023-10-12"},{"lineNumber":14,"author":{"gitId":"-"},"content":"}","lastModifiedDate":"2019-07-29"}],"authorContributionMap":{"ryanlohyr":5,"-":9}},{"path":"src/main/java/seedu/duke/controllers/ModulePlannerController.java","fileType":"functional-code","lines":[{"lineNumber":1,"author":{"gitId":"ryanlohyr"},"content":"package seedu.duke.controllers;","lastModifiedDate":"2023-10-12"},{"lineNumber":2,"author":{"gitId":"ryanlohyr"},"content":"import seedu.duke.views.CommandLineView;","lastModifiedDate":"2023-10-12"},{"lineNumber":3,"author":{"gitId":"ryanlohyr"},"content":"","lastModifiedDate":"2023-10-12"},{"lineNumber":4,"author":{"gitId":"ryanlohyr"},"content":"import java.util.Scanner;","lastModifiedDate":"2023-10-12"},{"lineNumber":5,"author":{"gitId":"ryanlohyr"},"content":"","lastModifiedDate":"2023-10-12"},{"lineNumber":6,"author":{"gitId":"ryanlohyr"},"content":"public class ModulePlannerController {","lastModifiedDate":"2023-10-12"},{"lineNumber":7,"author":{"gitId":"ryanlohyr"},"content":"    private CommandLineView view;","lastModifiedDate":"2023-10-12"},{"lineNumber":8,"author":{"gitId":"ryanlohyr"},"content":"    public ModulePlannerController(){","lastModifiedDate":"2023-10-12"},{"lineNumber":9,"author":{"gitId":"ryanlohyr"},"content":"        this.view \u003d new CommandLineView();","lastModifiedDate":"2023-10-12"},{"lineNumber":10,"author":{"gitId":"ryanlohyr"},"content":"    }","lastModifiedDate":"2023-10-12"},{"lineNumber":11,"author":{"gitId":"ryanlohyr"},"content":"    public void start(){","lastModifiedDate":"2023-10-12"},{"lineNumber":12,"author":{"gitId":"ryanlohyr"},"content":"        view.displayWelcome();","lastModifiedDate":"2023-10-12"},{"lineNumber":13,"author":{"gitId":"ryanlohyr"},"content":"        Scanner in \u003d new Scanner(System.in);","lastModifiedDate":"2023-10-12"},{"lineNumber":14,"author":{"gitId":"ryanlohyr"},"content":"        String userInput \u003d in.nextLine();","lastModifiedDate":"2023-10-12"},{"lineNumber":15,"author":{"gitId":"ryanlohyr"},"content":"","lastModifiedDate":"2023-10-12"},{"lineNumber":16,"author":{"gitId":"ryanlohyr"},"content":"        while(!userInput.equals(\"Bye\")){","lastModifiedDate":"2023-10-12"},{"lineNumber":17,"author":{"gitId":"ryanlohyr"},"content":"","lastModifiedDate":"2023-10-12"},{"lineNumber":18,"author":{"gitId":"ryanlohyr"},"content":"            String[] words \u003d userInput.split(\" \");","lastModifiedDate":"2023-10-12"},{"lineNumber":19,"author":{"gitId":"ryanlohyr"},"content":"","lastModifiedDate":"2023-10-12"},{"lineNumber":20,"author":{"gitId":"ryanlohyr"},"content":"            String initialWord \u003d words[0];","lastModifiedDate":"2023-10-12"},{"lineNumber":21,"author":{"gitId":"ryanlohyr"},"content":"","lastModifiedDate":"2023-10-12"},{"lineNumber":22,"author":{"gitId":"ryanlohyr"},"content":"            switch(initialWord){","lastModifiedDate":"2023-10-12"},{"lineNumber":23,"author":{"gitId":"ryanlohyr"},"content":"            case \"hi\":{","lastModifiedDate":"2023-10-12"},{"lineNumber":24,"author":{"gitId":"ryanlohyr"},"content":"                view.displayMessage(\"can put the commands here\");","lastModifiedDate":"2023-10-12"},{"lineNumber":25,"author":{"gitId":"ryanlohyr"},"content":"                break;","lastModifiedDate":"2023-10-12"},{"lineNumber":26,"author":{"gitId":"ryanlohyr"},"content":"            }","lastModifiedDate":"2023-10-12"},{"lineNumber":27,"author":{"gitId":"ryanlohyr"},"content":"            case \"hello\":{","lastModifiedDate":"2023-10-12"},{"lineNumber":28,"author":{"gitId":"ryanlohyr"},"content":"                view.displayMessage(\"yup\");","lastModifiedDate":"2023-10-12"},{"lineNumber":29,"author":{"gitId":"ryanlohyr"},"content":"                break;","lastModifiedDate":"2023-10-12"},{"lineNumber":30,"author":{"gitId":"ryanlohyr"},"content":"            }","lastModifiedDate":"2023-10-12"},{"lineNumber":31,"author":{"gitId":"ryanlohyr"},"content":"            default:{","lastModifiedDate":"2023-10-12"},{"lineNumber":32,"author":{"gitId":"ryanlohyr"},"content":"                view.displayMessage(\"Hello \" + userInput);","lastModifiedDate":"2023-10-12"},{"lineNumber":33,"author":{"gitId":"ryanlohyr"},"content":"                break;","lastModifiedDate":"2023-10-12"},{"lineNumber":34,"author":{"gitId":"ryanlohyr"},"content":"            }","lastModifiedDate":"2023-10-12"},{"lineNumber":35,"author":{"gitId":"ryanlohyr"},"content":"","lastModifiedDate":"2023-10-12"},{"lineNumber":36,"author":{"gitId":"ryanlohyr"},"content":"            }","lastModifiedDate":"2023-10-12"},{"lineNumber":37,"author":{"gitId":"ryanlohyr"},"content":"            userInput \u003d in.nextLine();","lastModifiedDate":"2023-10-12"},{"lineNumber":38,"author":{"gitId":"ryanlohyr"},"content":"        }","lastModifiedDate":"2023-10-12"},{"lineNumber":39,"author":{"gitId":"ryanlohyr"},"content":"    }","lastModifiedDate":"2023-10-12"},{"lineNumber":40,"author":{"gitId":"ryanlohyr"},"content":"}","lastModifiedDate":"2023-10-12"}],"authorContributionMap":{"ryanlohyr":40}},{"path":"src/main/java/seedu/duke/models/Module.java","fileType":"functional-code","lines":[{"lineNumber":1,"author":{"gitId":"ryanlohyr"},"content":"package seedu.duke.models;","lastModifiedDate":"2023-10-12"},{"lineNumber":2,"author":{"gitId":"ryanlohyr"},"content":"public class Module {","lastModifiedDate":"2023-10-12"},{"lineNumber":3,"author":{"gitId":"ryanlohyr"},"content":"    //defining your module object etc","lastModifiedDate":"2023-10-12"},{"lineNumber":4,"author":{"gitId":"ryanlohyr"},"content":"}","lastModifiedDate":"2023-10-12"}],"authorContributionMap":{"ryanlohyr":4}},{"path":"src/main/java/seedu/duke/views/CommandLineView.java","fileType":"functional-code","lines":[{"lineNumber":1,"author":{"gitId":"ryanlohyr"},"content":"package seedu.duke.views;","lastModifiedDate":"2023-10-12"},{"lineNumber":2,"author":{"gitId":"ryanlohyr"},"content":"","lastModifiedDate":"2023-10-12"},{"lineNumber":3,"author":{"gitId":"ryanlohyr"},"content":"public class CommandLineView {","lastModifiedDate":"2023-10-12"},{"lineNumber":4,"author":{"gitId":"ryanlohyr"},"content":"    public void displayWelcome(){","lastModifiedDate":"2023-10-12"},{"lineNumber":5,"author":{"gitId":"ryanlohyr"},"content":"        String logo \u003d \" ____        _        \\n\"","lastModifiedDate":"2023-10-12"},{"lineNumber":6,"author":{"gitId":"ryanlohyr"},"content":"                + \"|  _ \\\\ _   _| | _____ \\n\"","lastModifiedDate":"2023-10-12"},{"lineNumber":7,"author":{"gitId":"ryanlohyr"},"content":"                + \"| | | | | | | |/ / _ \\\\\\n\"","lastModifiedDate":"2023-10-12"},{"lineNumber":8,"author":{"gitId":"ryanlohyr"},"content":"                + \"| |_| | |_| |   \u003c  __/\\n\"","lastModifiedDate":"2023-10-12"},{"lineNumber":9,"author":{"gitId":"ryanlohyr"},"content":"                + \"|____/ \\\\__,_|_|\\\\_\\\\___|\\n\";","lastModifiedDate":"2023-10-12"},{"lineNumber":10,"author":{"gitId":"ryanlohyr"},"content":"        System.out.println(\"Hello from\\n\" + logo);","lastModifiedDate":"2023-10-12"},{"lineNumber":11,"author":{"gitId":"ryanlohyr"},"content":"        System.out.println(\"What is your name?\");","lastModifiedDate":"2023-10-12"},{"lineNumber":12,"author":{"gitId":"ryanlohyr"},"content":"    }","lastModifiedDate":"2023-10-12"},{"lineNumber":13,"author":{"gitId":"ryanlohyr"},"content":"","lastModifiedDate":"2023-10-12"},{"lineNumber":14,"author":{"gitId":"ryanlohyr"},"content":"    public void displayMessage(String message) {","lastModifiedDate":"2023-10-12"},{"lineNumber":15,"author":{"gitId":"ryanlohyr"},"content":"        System.out.println(message);","lastModifiedDate":"2023-10-12"},{"lineNumber":16,"author":{"gitId":"ryanlohyr"},"content":"    }","lastModifiedDate":"2023-10-12"},{"lineNumber":17,"author":{"gitId":"ryanlohyr"},"content":"","lastModifiedDate":"2023-10-12"},{"lineNumber":18,"author":{"gitId":"ryanlohyr"},"content":"}","lastModifiedDate":"2023-10-12"}],"authorContributionMap":{"ryanlohyr":18}}]
