{"authorDailyContributionsMap":{"SebasFok":[{"date":"2023-10-05","commitResults":[{"hash":"aeef6fad05b0f6d0f0c354e9db79ba3ecbdfbef9","isMergeCommit":false,"messageTitle":"Update README.md","messageBody":"","fileTypesAndContributionMap":{"docs":{"insertions":1,"deletions":1}}}]},{"date":"2023-10-06","commitResults":[{"hash":"2039386c7d8e661b4e7bf66f1d4fa3ea80da23ac","isMergeCommit":false,"messageTitle":"Add AboutUs information for Sebastian","messageBody":"","fileTypesAndContributionMap":{"docs":{"insertions":13,"deletions":7}}}]},{"date":"2023-10-07","commitResults":[{"hash":"de8365c98e9274e9c7b40228f5c687bbb7774a2e","isMergeCommit":true,"messageTitle":"Merge branch \u0027master\u0027 into master","messageBody":"","fileTypesAndContributionMap":{}}]},{"date":"2023-10-08","commitResults":[{"hash":"a728f005673371e58b95131d45ece32ea30c5cf6","isMergeCommit":true,"messageTitle":"Merge pull request #4 from janelleenqi/branch-Edit-AboutUs-v1","messageBody":"janelleenqi-AboutUs","fileTypesAndContributionMap":{}},{"hash":"a53713ffad1e3c43fb6821740bbbae2f0b934975","isMergeCommit":true,"messageTitle":"Merge branch \u0027master\u0027 into master","messageBody":"","fileTypesAndContributionMap":{}},{"hash":"2336e0f03aede437eefc987d98349c05b02aecc3","isMergeCommit":true,"messageTitle":"Merge branch \u0027master\u0027 of https://github.com/AY2324S1-CS2113-T17-4/tp","messageBody":"","fileTypesAndContributionMap":{}},{"hash":"5677d80546a6e55ae3fc9b3c2f9efc6cc36ddfbc","isMergeCommit":true,"messageTitle":"Merge pull request #5 from ryanlohyr/master","messageBody":"Ryanlohyr-AboutUs","fileTypesAndContributionMap":{}},{"hash":"f10394ae22fddfcc20621826cb53a03dd516d990","isMergeCommit":true,"messageTitle":"Merge branch \u0027master\u0027 of https://github.com/AY2324S1-CS2113-T17-4/tp","messageBody":"","fileTypesAndContributionMap":{}}]},{"date":"2023-10-14","commitResults":[{"hash":"0d840309811b905770039ac8ee89b6c803eb14ee","isMergeCommit":true,"messageTitle":"Merge remote-tracking branch \u0027upstream/master\u0027","messageBody":"","fileTypesAndContributionMap":{}},{"hash":"9c3ef1f3c1cd7136c584fdbcd2b00be6f53e8069","isMergeCommit":false,"messageTitle":"Fix AboutUs page","messageBody":"","fileTypesAndContributionMap":{"docs":{"insertions":7,"deletions":7}}},{"hash":"d97257fe38507e38b90b874e965ec94cc6b5c00a","isMergeCommit":false,"messageTitle":"Revert \"Fix AboutUs page\"","messageBody":"This reverts commit 9c3ef1f3c1cd7136c584fdbcd2b00be6f53e8069.\n","fileTypesAndContributionMap":{"docs":{"insertions":7,"deletions":7}}},{"hash":"d0a5cf6d3dab23e3ab691ed2f8a77ddb0e301864","isMergeCommit":false,"messageTitle":"Fix AboutUs page","messageBody":"","fileTypesAndContributionMap":{"docs":{"insertions":7,"deletions":7}}},{"hash":"a6429ace4f7089682cc2c231fd5a974b2abacea8","isMergeCommit":true,"messageTitle":"Merge pull request #8 from SebasFok/branch-FixAboutUs","messageBody":"Fix about us page","fileTypesAndContributionMap":{}}]},{"date":"2023-10-17","commitResults":[{"hash":"be9eda9ae041c25d60d33065384ebbafb11b421b","isMergeCommit":false,"messageTitle":"Add student class","messageBody":"","fileTypesAndContributionMap":{"functional-code":{"insertions":37,"deletions":0}}},{"hash":"f37c8d8033f4f5340abf8af3f6cfee7194242bee","isMergeCommit":false,"messageTitle":"Add \"major\" feature","messageBody":"","fileTypesAndContributionMap":{"functional-code":{"insertions":6,"deletions":0}}},{"hash":"2ed39fab10850f7beac9b1dea7710dab4ee3b966","isMergeCommit":false,"messageTitle":"Add enum for majors","messageBody":"","fileTypesAndContributionMap":{"functional-code":{"insertions":22,"deletions":8}}},{"hash":"a777fd584c0ae40bcd4d764c056dde18112af52d","isMergeCommit":false,"messageTitle":"Add tests for \u0027updateMajor\u0027 function","messageBody":"","fileTypesAndContributionMap":{"test-code":{"insertions":26,"deletions":0}}},{"hash":"88ac029553890db8c4945a2fd9d5dce17ff67011","isMergeCommit":false,"messageTitle":"Remove unused imports","messageBody":"","fileTypesAndContributionMap":{"test-code":{"insertions":0,"deletions":1}}},{"hash":"20e6817a7cccc59b82ffed3fccf09a44a67b767c","isMergeCommit":true,"messageTitle":"Merge pull request #16 from SebasFok/branch-SelectMajor","messageBody":"Add major feature","fileTypesAndContributionMap":{}}]},{"date":"2023-10-25","commitResults":[{"hash":"f8bdc1bbed8355ad7010bcf3a1dfe6a49b2ac42d","isMergeCommit":false,"messageTitle":"Fix Major command bugs","messageBody":"","fileTypesAndContributionMap":{"functional-code":{"insertions":25,"deletions":11},"test-code":{"insertions":34,"deletions":24}}},{"hash":"1fd6f85f957f1380b71520ff1ccca4efea83951c","isMergeCommit":true,"messageTitle":"Merge branch \u0027master\u0027 into SebasFok-FixMajor","messageBody":"# Conflicts:\n#\tsrc/test/java/seedu/duke/controllers/ModulePlannerControllerTest.java\n","fileTypesAndContributionMap":{}},{"hash":"7ef09a89be73ba92a5b1c84aa9bb8ed37f8681d0","isMergeCommit":false,"messageTitle":"Fix CheckStyle Issue","messageBody":"","fileTypesAndContributionMap":{"functional-code":{"insertions":3,"deletions":0}}},{"hash":"d98977a14d7f4b3d2de12892a24cd09b46fc462d","isMergeCommit":true,"messageTitle":"Merge pull request #36 from SebasFok/SebasFok-FixMajor","messageBody":"Fix major bugs","fileTypesAndContributionMap":{}},{"hash":"f179c1478f01690019185e566c6739999e30a483","isMergeCommit":false,"messageTitle":"Create Developer Guide for Major feature","messageBody":"","fileTypesAndContributionMap":{"docs":{"insertions":38,"deletions":0}}},{"hash":"f2b9bf9248cc0a203e4a62ab5303f80e85729dad","isMergeCommit":true,"messageTitle":"Merge pull request #37 from SebasFok/SebasFok-DGForMajorFeature","messageBody":"Create Developer Guide for Major feature","fileTypesAndContributionMap":{}}]},{"date":"2023-10-29","commitResults":[{"hash":"6a58a6751ee1a84baf1623b1201b1b840108544d","isMergeCommit":false,"messageTitle":"Add addModule function with many bugs","messageBody":"","fileTypesAndContributionMap":{"functional-code":{"insertions":79,"deletions":1}}}]},{"date":"2023-10-30","commitResults":[{"hash":"cf2a0ce5fe1067ed64f5c5ba55deae1e6a50b1aa","isMergeCommit":false,"messageTitle":"Improve addModule function to include mods outside of CEG","messageBody":"","fileTypesAndContributionMap":{"functional-code":{"insertions":183,"deletions":34},"test-code":{"insertions":4,"deletions":4}}},{"hash":"9f4bc310f738e82ecd1df2fd2dd43a9769f43ad6","isMergeCommit":false,"messageTitle":"Add javadocs","messageBody":"","fileTypesAndContributionMap":{"functional-code":{"insertions":72,"deletions":0}}},{"hash":"5f9c2fdbb5d1045ad9b5ea7a848473d675df96a4","isMergeCommit":true,"messageTitle":"Merge branch \u0027master\u0027 into SebasFok/feat/addModule","messageBody":"# Conflicts:\n#\tsrc/main/java/seedu/duke/controllers/ModulePlannerController.java\n#\tsrc/main/java/seedu/duke/models/schema/Student.java\n#\tsrc/main/java/seedu/duke/views/CommandLineView.java\n","fileTypesAndContributionMap":{}}]},{"date":"2023-10-31","commitResults":[{"hash":"864e30c9844e51150ee31b52dfe169b0cec01173","isMergeCommit":false,"messageTitle":"Integrate add and major with parser function","messageBody":"","fileTypesAndContributionMap":{"functional-code":{"insertions":152,"deletions":125}}},{"hash":"d504b38d405a6f65395c26b49fd08db0f46d2a3b","isMergeCommit":false,"messageTitle":"Add tests for schedule class","messageBody":"","fileTypesAndContributionMap":{"test-code":{"insertions":54,"deletions":35}}},{"hash":"53d1bb6d5e07e59e9983d68248b770bb700994de","isMergeCommit":true,"messageTitle":"Merge branch \u0027master\u0027 into SebasFok/feat/addModule","messageBody":"","fileTypesAndContributionMap":{}},{"hash":"bca44c9428f6726e104d285b298432ced794735a","isMergeCommit":false,"messageTitle":"Rearrange ModuleList class and improve code quality","messageBody":"","fileTypesAndContributionMap":{"functional-code":{"insertions":4,"deletions":7},"other":{"insertions":3,"deletions":3},"test-code":{"insertions":4,"deletions":8}}},{"hash":"081610573924cba8d01e88d9ecd08756a41b5c5d","isMergeCommit":false,"messageTitle":"Fix checkstyleTest","messageBody":"","fileTypesAndContributionMap":{"test-code":{"insertions":0,"deletions":1}}},{"hash":"96518e79c1e6dcca8c49d7eebb5efa6a9d473696","isMergeCommit":true,"messageTitle":"Merge pull request #48 from SebasFok/SebasFok/feat/addModule","messageBody":"Add feature \u0027add\u0027","fileTypesAndContributionMap":{}},{"hash":"1280f14dda8423e1883881f5a091b07c96e6e314","isMergeCommit":false,"messageTitle":"Add delete function without tests","messageBody":"","fileTypesAndContributionMap":{"functional-code":{"insertions":134,"deletions":0}}},{"hash":"c18c201d74b0f9cd7ab73d2209f91b40159ed227","isMergeCommit":true,"messageTitle":"Merge pull request #49 from SebasFok/SebasFok/feat/deleteModule","messageBody":"Add delete function without tests","fileTypesAndContributionMap":{}}]},{"date":"2023-11-01","commitResults":[{"hash":"5f40e9843e87f5a96df8d50e2cca9a775d078bd4","isMergeCommit":false,"messageTitle":"Fix \u0027satisfiesAllPrereq\u0027 bug and change error handling for add and delete functions","messageBody":"","fileTypesAndContributionMap":{"functional-code":{"insertions":41,"deletions":53}}},{"hash":"62a05cd4874eb97695d36f3f84c36e9a1687eb7a","isMergeCommit":true,"messageTitle":"Merge branch \u0027master\u0027 into SebasFok/feat/deleteModule","messageBody":"# Conflicts:\n#\tsrc/main/java/seedu/duke/controllers/ModulePlannerController.java\n","fileTypesAndContributionMap":{}},{"hash":"67c2257f949528614651163941e816a17730a797","isMergeCommit":true,"messageTitle":"Merge pull request #51 from SebasFok/SebasFok/feat/deleteModule","messageBody":"Fix \u0027satisfiesAllPrereq\u0027 bug and change error handling for add and delete functions","fileTypesAndContributionMap":{}}]},{"date":"2023-11-02","commitResults":[{"hash":"f1135994d5a47c0ff1552c282cc228cc01c45478","isMergeCommit":false,"messageTitle":"Fix out of range integer causing application to crash","messageBody":"","fileTypesAndContributionMap":{"functional-code":{"insertions":1,"deletions":0}}},{"hash":"1d9bbb153908b9557ed64709520ba2baff34bdc8","isMergeCommit":true,"messageTitle":"Merge pull request #62 from SebasFok/SebasFok/bug/FixAdd","messageBody":"Fix out of range integer for add function causing application to crash","fileTypesAndContributionMap":{}},{"hash":"9c1e2f98aafc233c490d43419cfd1fcfb2b3146c","isMergeCommit":false,"messageTitle":"Add UG for add and delete features","messageBody":"","fileTypesAndContributionMap":{"docs":{"insertions":74,"deletions":13}}},{"hash":"e84f9903ede1659394d7489dc1ccc05e636141ab","isMergeCommit":false,"messageTitle":"Fix spacing in aboutUs","messageBody":"","fileTypesAndContributionMap":{"docs":{"insertions":1,"deletions":1}}},{"hash":"6b53c13ee03a04940f7568ae01707cd9a5fe7909","isMergeCommit":true,"messageTitle":"Merge pull request #70 from SebasFok/SebasFok/docs/UGForAddAndDelete","messageBody":"Update UG for add and delete","fileTypesAndContributionMap":{}},{"hash":"fc090101766fa7c9599ec8ff80fd98353ec9c6d6","isMergeCommit":false,"messageTitle":"Change add and delete to void functions and improve error handling","messageBody":"","fileTypesAndContributionMap":{"functional-code":{"insertions":67,"deletions":49},"docs":{"insertions":4,"deletions":2},"test-code":{"insertions":25,"deletions":19}}},{"hash":"09ac0893fcb897e7cb958544284c01e32acfeafb","isMergeCommit":true,"messageTitle":"Merge pull request #71 from SebasFok/SebasFok/feat/improveErrorHandlingForAddDelete","messageBody":"Change add and delete to void functions and improve error handling","fileTypesAndContributionMap":{}}]},{"date":"2023-11-08","commitResults":[{"hash":"0a2c1b16bbbad9a3090f32fcd5cd6289c869b015","isMergeCommit":false,"messageTitle":"Add shift module feature","messageBody":"","fileTypesAndContributionMap":{"functional-code":{"insertions":123,"deletions":6}}},{"hash":"3506d171204aae392ac7c22da6f9628047aa9125","isMergeCommit":true,"messageTitle":"Merge branch \u0027master\u0027 into SebasFok/feat/shiftModule","messageBody":"# Conflicts:\n#\tsrc/main/java/seedu/duke/models/schema/Schedule.java\n","fileTypesAndContributionMap":{}},{"hash":"43b62639ab0a23d904e5c73c61d084357a07c850","isMergeCommit":false,"messageTitle":"Incorporate shift module feature to user command \"shift\"","messageBody":"","fileTypesAndContributionMap":{"functional-code":{"insertions":83,"deletions":48}}},{"hash":"142e0b5dd1d009d6adc33dc31dab88df3b53930d","isMergeCommit":false,"messageTitle":"Add relavant tests for shift feature","messageBody":"","fileTypesAndContributionMap":{"test-code":{"insertions":115,"deletions":1}}},{"hash":"5beb1ee3d680c3b8a44ec6d74eec0ecaa8ac59cd","isMergeCommit":false,"messageTitle":"Update user guide for add, delete and shift commands","messageBody":"","fileTypesAndContributionMap":{"docs":{"insertions":35,"deletions":14}}},{"hash":"6ff508e1360d6fb4336b6fc8d76e8dd33f4aa324","isMergeCommit":true,"messageTitle":"Merge branch \u0027master\u0027 into SebasFok/feat/shiftModule","messageBody":"# Conflicts:\n#\tsrc/main/java/seedu/duke/controllers/ModuleMethodsController.java\n#\tsrc/main/java/seedu/duke/models/schema/Schedule.java\n#\tsrc/main/java/seedu/duke/models/schema/Student.java\n#\tsrc/main/java/seedu/duke/utils/exceptions/MandatoryPrereqException.java\n#\tsrc/test/java/seedu/duke/models/schema/ScheduleTest.java\n#\tsrc/test/java/seedu/duke/models/schema/StudentTest.java\n","fileTypesAndContributionMap":{}},{"hash":"e58f877dbfa8f5771096167e6ac6ae01777c9b8d","isMergeCommit":true,"messageTitle":"Merge branch \u0027master\u0027 into SebasFok/feat/shiftModule","messageBody":"# Conflicts:\n#\tsrc/main/java/seedu/duke/controllers/ModuleMethodsController.java\n","fileTypesAndContributionMap":{}},{"hash":"87d630d3c40b8e6f547448bcceaa0381306a3e7d","isMergeCommit":true,"messageTitle":"Merge pull request #157 from SebasFok/SebasFok/feat/shiftModule","messageBody":"Add shift module feature","fileTypesAndContributionMap":{}}]}],"ryanlohyr":[{"date":"2023-10-07","commitResults":[{"hash":"a04733a9b91f0436d9e7599a9dbe7438aa6089a5","isMergeCommit":false,"messageTitle":"Update ryan portfolio","messageBody":"","fileTypesAndContributionMap":{"docs":{"insertions":2,"deletions":2}}}]},{"date":"2023-10-12","commitResults":[{"hash":"f7df8565f0f1c09b3e97078aa0914ec8c8beb51e","isMergeCommit":false,"messageTitle":"create project base layout","messageBody":"","fileTypesAndContributionMap":{"functional-code":{"insertions":66,"deletions":12}}},{"hash":"448ac15a82ee8f25745d15ad226d9a5dd0f6bc55","isMergeCommit":false,"messageTitle":"Create base project layout","messageBody":"","fileTypesAndContributionMap":{"functional-code":{"insertions":66,"deletions":12}}},{"hash":"9bddadace6b3fe56ea34260bfbf808a576b7e336","isMergeCommit":false,"messageTitle":"Revert \"Create base project layout\"","messageBody":"This reverts commit 448ac15a82ee8f25745d15ad226d9a5dd0f6bc55.\n","fileTypesAndContributionMap":{"functional-code":{"insertions":12,"deletions":66}}},{"hash":"5cb0e57054f2e47ba0c944876577e4b36e3cb793","isMergeCommit":true,"messageTitle":"Merge branch \u0027ryan-createLayout\u0027 of https://github.com/ryanlohyr/tp into ryan-createLayout","messageBody":"","fileTypesAndContributionMap":{}},{"hash":"de707c380d524d5b537fa700b0bd3337eb46c778","isMergeCommit":false,"messageTitle":"Fix test bug","messageBody":"","fileTypesAndContributionMap":{"functional-code":{"insertions":2,"deletions":1}}},{"hash":"52772484e68d1498e236d83c230d6226cc9b0dc3","isMergeCommit":true,"messageTitle":"Merge pull request #7 from ryanlohyr/ryan-createLayout","messageBody":"Create project base layout","fileTypesAndContributionMap":{}}]},{"date":"2023-10-15","commitResults":[{"hash":"813fa09444c9155f79f736faadd281e068a13fe7","isMergeCommit":false,"messageTitle":"Add pace feature","messageBody":"","fileTypesAndContributionMap":{"functional-code":{"insertions":3,"deletions":1},"test-code":{"insertions":4,"deletions":0}}},{"hash":"92685f4a8354d7c9339df54862e8ad730875ae31","isMergeCommit":false,"messageTitle":"Add pace feature v2","messageBody":"","fileTypesAndContributionMap":{"functional-code":{"insertions":88,"deletions":3},"test-code":{"insertions":86,"deletions":3}}},{"hash":"e4f352e491e6bee1e281a3aeac2b5cbec16e50ce","isMergeCommit":false,"messageTitle":"fix window os bug","messageBody":"","fileTypesAndContributionMap":{"functional-code":{"insertions":19,"deletions":16},"test-code":{"insertions":2,"deletions":4}}},{"hash":"ab09a619ac2be800ae064c73f1b41ce734c8f64b","isMergeCommit":true,"messageTitle":"Merge pull request #9 from ryanlohyr/ryan-paceFeature","messageBody":"Add pace feature","fileTypesAndContributionMap":{}}]},{"date":"2023-10-17","commitResults":[{"hash":"22c9f54fa9950fed39f4313ac4569cfa59a40694","isMergeCommit":false,"messageTitle":"add pace feature","messageBody":"","fileTypesAndContributionMap":{"functional-code":{"insertions":20,"deletions":18}}},{"hash":"d3fc98e585ca694c04d379ebc953ff02c874042a","isMergeCommit":true,"messageTitle":"Merge pull request #14 from ryanlohyr/ryan-paceFeature","messageBody":"add pace feature","fileTypesAndContributionMap":{}}]},{"date":"2023-10-19","commitResults":[{"hash":"c12b196537f7101680d6b70f81d40496e13cb010","isMergeCommit":false,"messageTitle":"fix format bugs","messageBody":"","fileTypesAndContributionMap":{"functional-code":{"insertions":82,"deletions":79}}},{"hash":"7b5a888b1c9c716564aee6458077499f76f301ab","isMergeCommit":true,"messageTitle":"fix test bug","messageBody":"","fileTypesAndContributionMap":{}},{"hash":"0e0f7bfab9fd4d4c361e5a315b233c8e07248f71","isMergeCommit":true,"messageTitle":"Merge pull request #22 from ryanlohyr/master","messageBody":"fix formatting and unit test bug","fileTypesAndContributionMap":{}},{"hash":"94d07e6718756e5e3ca942fe01955a4ba192be5c","isMergeCommit":true,"messageTitle":"Merge pull request #21 from rohitcube/master","messageBody":"Add API class","fileTypesAndContributionMap":{}}]},{"date":"2023-10-23","commitResults":[{"hash":"b36f87967ffacbc039d25221df0214ffb7ec9530","isMergeCommit":false,"messageTitle":"Create developer guide for pace feature","messageBody":"","fileTypesAndContributionMap":{"functional-code":{"insertions":4,"deletions":2},"other":{"insertions":1,"deletions":1},"docs":{"insertions":28,"deletions":0},"test-code":{"insertions":2,"deletions":1}}},{"hash":"ff1fed86da7619c2faa142dc10f0a5c93da3f6e7","isMergeCommit":true,"messageTitle":"Merge pull request #27 from ryanlohyr/ryan/developer-guide","messageBody":"Create developer guide for pace feature","tags":["v1.0"],"fileTypesAndContributionMap":{}}]},{"date":"2023-10-27","commitResults":[{"hash":"bd43a06ecf5d38a83e18e921c2b2471b97d790f3","isMergeCommit":false,"messageTitle":"Fix repo structure and api mods issue","messageBody":"","fileTypesAndContributionMap":{"functional-code":{"insertions":38,"deletions":10},"other":{"insertions":6,"deletions":9},"test-code":{"insertions":4,"deletions":3}}},{"hash":"71fc4612770b0946010116462f06af6ebe347f79","isMergeCommit":true,"messageTitle":"Merge pull request #41 from ryanlohyr/ryan/fix/repo-structure","messageBody":"Fix repo structure and api mods issue","fileTypesAndContributionMap":{}}]},{"date":"2023-10-28","commitResults":[{"hash":"472947849c656b0915df4c8752e547ff55cbb61b","isMergeCommit":false,"messageTitle":"Restructure project and add prerequisite function","messageBody":"","fileTypesAndContributionMap":{"functional-code":{"insertions":242,"deletions":35},"test-code":{"insertions":22,"deletions":50}}},{"hash":"d28259e7dc130809d475536cfcad9c14f94ae623","isMergeCommit":true,"messageTitle":"Merge pull request #42 from ryanlohyr/ryan/feat/prerequisite","messageBody":"Restructure project and add prerequisite function","fileTypesAndContributionMap":{}}]},{"date":"2023-10-30","commitResults":[{"hash":"b1828a422a3e3a19c118015fb0f9374d930d30de","isMergeCommit":false,"messageTitle":"Add prerequisite situation","messageBody":"","fileTypesAndContributionMap":{"functional-code":{"insertions":160,"deletions":72}}},{"hash":"cda218d71e6ee63c97c7e20f1e8fe7d3670ece32","isMergeCommit":false,"messageTitle":"Add Schedule test","messageBody":"","fileTypesAndContributionMap":{"test-code":{"insertions":0,"deletions":0}}},{"hash":"6c9ea469481379ecb26005d228c5988712575256","isMergeCommit":false,"messageTitle":"Add Schedule test","messageBody":"","fileTypesAndContributionMap":{"functional-code":{"insertions":0,"deletions":1},"test-code":{"insertions":16,"deletions":0}}},{"hash":"997497f77a16f936a1ffd5a6a4688833de9ef88e","isMergeCommit":true,"messageTitle":"Resolve Merge Conflicts","messageBody":"","fileTypesAndContributionMap":{}},{"hash":"0478bda092fd4425af775eac75fb11519c565e6b","isMergeCommit":false,"messageTitle":"Fix Bugs","messageBody":"","fileTypesAndContributionMap":{"functional-code":{"insertions":6,"deletions":69}}},{"hash":"4805ee511043b604fe9ed08f7cc3869590a28481","isMergeCommit":false,"messageTitle":"Fix styling","messageBody":"","fileTypesAndContributionMap":{"test-code":{"insertions":2,"deletions":2}}},{"hash":"ea979917405714aaf2774d6a957fc747151c8e35","isMergeCommit":true,"messageTitle":"Merge pull request #45 from ryanlohyr/ryan/feat/prerequisite","messageBody":"Add Feature Recommend Schedule based on course","fileTypesAndContributionMap":{}}]},{"date":"2023-11-01","commitResults":[{"hash":"4b916b4c12831abc3498377015b36ef83cfed004","isMergeCommit":false,"messageTitle":"Add feature to add recommended schedule to current","messageBody":"","fileTypesAndContributionMap":{"functional-code":{"insertions":68,"deletions":14}}},{"hash":"24508d6f66ab2c9538ab011f5d05d9bcff3d44b5","isMergeCommit":true,"messageTitle":"Merge changes","messageBody":"","fileTypesAndContributionMap":{}},{"hash":"0ed9c6273f0349c55fdb0b9792debee61c287456","isMergeCommit":true,"messageTitle":"Merge pull request #50 from ryanlohyr/feat/implementCustomErrors","messageBody":"Merge code","fileTypesAndContributionMap":{}},{"hash":"aad140b9ae476c31ea8e82e0e40b12b4e28fdb2a","isMergeCommit":false,"messageTitle":"Fix schedule function","messageBody":"","fileTypesAndContributionMap":{"functional-code":{"insertions":15,"deletions":3}}}]},{"date":"2023-11-02","commitResults":[{"hash":"79f991ce7a81a0813e7e75fe8a090e07f9019c44","isMergeCommit":true,"messageTitle":"Fix bugs","messageBody":"","fileTypesAndContributionMap":{}},{"hash":"4f4e3c0ebad7ce3253c85faa5edbbcf96a0b87cb","isMergeCommit":true,"messageTitle":"Merge branch \u0027AY2324S1-CS2113-T17-4:master\u0027 into master","messageBody":"","fileTypesAndContributionMap":{}},{"hash":"2c9a30db8402b7ca5daec3ae84e18a68e601db18","isMergeCommit":false,"messageTitle":"Fix linting","messageBody":"","fileTypesAndContributionMap":{"functional-code":{"insertions":2,"deletions":2}}},{"hash":"a1c318bf054e75ef63aea4154e840b1ed107470a","isMergeCommit":true,"messageTitle":"Merge branch \u0027master\u0027 of https://github.com/ryanlohyr/tp","messageBody":"","fileTypesAndContributionMap":{}},{"hash":"7dff28309f8c6ab74c57f9956a2027119c99cc1b","isMergeCommit":true,"messageTitle":"Merge pull request #61 from ryanlohyr/master","messageBody":"Fix bugs","fileTypesAndContributionMap":{}},{"hash":"dd8d7f914d7786727e3b6d847ecaadbd4f3a18ec","isMergeCommit":false,"messageTitle":"Actually removed dummy code","messageBody":"","fileTypesAndContributionMap":{"functional-code":{"insertions":1,"deletions":14}}},{"hash":"a5e00fb54d59552a32c11c139e52f9da603922fd","isMergeCommit":true,"messageTitle":"Merge pull request #64 from ryanlohyr/master","messageBody":"Remove dummy code ","fileTypesAndContributionMap":{}},{"hash":"798985f4bd10030d227468fe99d007edc2bed3ef","isMergeCommit":false,"messageTitle":"Add static data","messageBody":"","fileTypesAndContributionMap":{"functional-code":{"insertions":11,"deletions":2}}},{"hash":"dc68bc6eb23a9bd050722c4118b58846733074ce","isMergeCommit":false,"messageTitle":"Fix checkstylemain","messageBody":"","fileTypesAndContributionMap":{"functional-code":{"insertions":10,"deletions":9}}},{"hash":"14b3bbc2e8e8a26b550bb71b6c8311ca7cc57c3f","isMergeCommit":false,"messageTitle":"Remove print statement","messageBody":"","fileTypesAndContributionMap":{"functional-code":{"insertions":0,"deletions":1}}},{"hash":"2d4163786f8cfad399c9fa76701b3909bee7283b","isMergeCommit":true,"messageTitle":"Merge pull request #67 from ryanlohyr/master","messageBody":"Add static data","fileTypesAndContributionMap":{}},{"hash":"73fc538e4d54dd0569516f04702c820219c9c1c7","isMergeCommit":false,"messageTitle":"Update DeveloperGuide.md","messageBody":"","fileTypesAndContributionMap":{"docs":{"insertions":38,"deletions":0}}},{"hash":"08fc0bc276ee4dc66c06d5aa7e052415d3403f39","isMergeCommit":true,"messageTitle":"Merge pull request #72 from ryanlohyr/master","messageBody":"Add Recommend Feature to  DeveloperGuide.md","fileTypesAndContributionMap":{}}]},{"date":"2023-11-03","commitResults":[{"hash":"714f5a6392becf5a4a990f224fab7c7f0d1b64bf","isMergeCommit":false,"messageTitle":"Refactor magic literals into commands interface and added help function","messageBody":"","fileTypesAndContributionMap":{"functional-code":{"insertions":168,"deletions":26},"test-code":{"insertions":5,"deletions":1}}},{"hash":"91cc8d43440b01de0911f46a91dd155f80b68b37","isMergeCommit":false,"messageTitle":"Restructure codebase","messageBody":"","fileTypesAndContributionMap":{"functional-code":{"insertions":477,"deletions":274},"other":{"insertions":11,"deletions":8},"test-code":{"insertions":16,"deletions":18}}},{"hash":"3a306344d094002d3fbfb95e254eed41bd00560b","isMergeCommit":false,"messageTitle":"Add ModulesTaken and Completed variables","messageBody":"","fileTypesAndContributionMap":{"functional-code":{"insertions":5,"deletions":1}}},{"hash":"3f1c3d637bb30e69ae36ac183dab37d3a0139aa9","isMergeCommit":false,"messageTitle":"Add Module class","messageBody":"","fileTypesAndContributionMap":{"functional-code":{"insertions":90,"deletions":8}}},{"hash":"1c57038e24ec1e0fccdb829561b9fac9412fe5f9","isMergeCommit":false,"messageTitle":"fix checkstyle","messageBody":"","fileTypesAndContributionMap":{"functional-code":{"insertions":0,"deletions":2}}},{"hash":"a05b0dde3c5f9dffc3aaeda5997eac2e84c4f6f5","isMergeCommit":true,"messageTitle":"Merge pull request #73 from ryanlohyr/ryan/feat/restructureCodebase","messageBody":"Restructure Codebase","fileTypesAndContributionMap":{}},{"hash":"b37110256c26ccc1e28713ad80d5f6d37c122adb","isMergeCommit":false,"messageTitle":"Update UserGuide.md","messageBody":"","fileTypesAndContributionMap":{"docs":{"insertions":24,"deletions":0}}},{"hash":"c62f61193678485139e8334b14d48b85330617ad","isMergeCommit":true,"messageTitle":"Merge pull request #76 from AY2324S1-CS2113-T17-4/ryanlohyr-updateUserGuide","messageBody":"Update UserGuide.md","fileTypesAndContributionMap":{}},{"hash":"be00f82ee808605355150f3909b24f9ad65c064a","isMergeCommit":false,"messageTitle":"Update UserGuide.md","messageBody":"","fileTypesAndContributionMap":{"docs":{"insertions":2,"deletions":0}}},{"hash":"59abb8850440768f83370de48e152f0c0d48c336","isMergeCommit":true,"messageTitle":"Merge pull request #77 from AY2324S1-CS2113-T17-4/ryanlohyr/updateUserGuide","messageBody":"Update UserGuide.md","fileTypesAndContributionMap":{}},{"hash":"59d46c90c06c4644e993cd927219a69ea0971bd0","isMergeCommit":false,"messageTitle":"Add overall architecture diagram and sequence diagram","messageBody":"","fileTypesAndContributionMap":{"functional-code":{"insertions":1,"deletions":0},"docs":{"insertions":26,"deletions":2}}},{"hash":"a14684604466a12de7464f2712c15d8961988de6","isMergeCommit":false,"messageTitle":"Restructure Error handler","messageBody":"","fileTypesAndContributionMap":{"functional-code":{"insertions":37,"deletions":27},"other":{"insertions":4,"deletions":4},"test-code":{"insertions":48,"deletions":0}}},{"hash":"02b7d4f6cb9130dd16e4875d605279490acbed40","isMergeCommit":true,"messageTitle":"Merge pull request #78 from ryanlohyr/ryan/feat/updateDG","messageBody":"Add overall architecture diagram and sequence diagram","fileTypesAndContributionMap":{}},{"hash":"2e12ea66085f5133768d1539accbff3c00931083","isMergeCommit":true,"messageTitle":"Merge pull request #79 from ryanlohyr/ryan/feat/integrationTest","messageBody":"Restructure Error handler","fileTypesAndContributionMap":{}},{"hash":"e7f952e70d426fee6516b809491aff44e53a8216","isMergeCommit":false,"messageTitle":"Refactor major to string","messageBody":"","fileTypesAndContributionMap":{"functional-code":{"insertions":99,"deletions":99},"test-code":{"insertions":6,"deletions":7}}},{"hash":"780abdb4661b0f2f205a58eeb2dcb8e4eb4aeef3","isMergeCommit":false,"messageTitle":"Fix checkstyletest errors","messageBody":"","fileTypesAndContributionMap":{"functional-code":{"insertions":7,"deletions":0},"other":{"insertions":1,"deletions":1},"test-code":{"insertions":0,"deletions":2}}},{"hash":"0ee6847b1bd1dee15807d32de2bdb8998f933720","isMergeCommit":false,"messageTitle":"Update ModuleMethodsController.java","messageBody":"Fix check style","fileTypesAndContributionMap":{"functional-code":{"insertions":2,"deletions":1}}},{"hash":"4a9da733161f3cb61b8864be06a17002d3a08479","isMergeCommit":false,"messageTitle":"Add integration tests for add module","messageBody":"","fileTypesAndContributionMap":{"functional-code":{"insertions":37,"deletions":17},"test-code":{"insertions":218,"deletions":146}}},{"hash":"4bc55d929ed00a053f9acebdc3212bed4f97f026","isMergeCommit":true,"messageTitle":"Merge pull request #80 from ryanlohyr/ryan/feat/integrationTest","messageBody":"Refactor major to string as well as code quality enhancements","fileTypesAndContributionMap":{}},{"hash":"5216aea0afec95b88b830c36d29866f7a0fbc961","isMergeCommit":true,"messageTitle":"Merge master changes","messageBody":"","fileTypesAndContributionMap":{}},{"hash":"6e4f64b88370dc08a61bb8ada4f4d9902bf00f89","isMergeCommit":false,"messageTitle":"Fix windows newline error","messageBody":"","fileTypesAndContributionMap":{"test-code":{"insertions":13,"deletions":0}}},{"hash":"a887e6ec49588e4a8ebf39a59cd8db6e99db22a2","isMergeCommit":false,"messageTitle":"Fix windows bug","messageBody":"","fileTypesAndContributionMap":{"test-code":{"insertions":8,"deletions":0}}},{"hash":"df49fbdae4b57e96554b689a610f990c65132794","isMergeCommit":true,"messageTitle":"Merge pull request #81 from ryanlohyr/ryan/feat/integrationTest","messageBody":"Integration tests for \u0027add module to student\u0027","fileTypesAndContributionMap":{}}]},{"date":"2023-11-04","commitResults":[{"hash":"0c027b646ac0bc5c0d4df7443cc52d397cfd7906","isMergeCommit":false,"messageTitle":"Add Integration tests and optimise recommended schedule","messageBody":"","fileTypesAndContributionMap":{"functional-code":{"insertions":80,"deletions":41},"test-code":{"insertions":33,"deletions":0}}},{"hash":"4297caf49c394475bf0282c1fa04f6d7c1a01836","isMergeCommit":false,"messageTitle":"Fix windows failed test","messageBody":"","fileTypesAndContributionMap":{"test-code":{"insertions":10,"deletions":3}}},{"hash":"7ecccaa08fdb2ea93d8d7e0033b6712fb923edfd","isMergeCommit":true,"messageTitle":"Merge pull request #131 from ryanlohyr/ryan/feat/optimise","messageBody":"Add Integration tests and optimise recommended schedule","fileTypesAndContributionMap":{}},{"hash":"a5f3dc0e9acdebae40163dce9630af84397eb9b2","isMergeCommit":false,"messageTitle":"Add support for CS and integration tests for adding CS to schedule","messageBody":"","fileTypesAndContributionMap":{"functional-code":{"insertions":177,"deletions":100},"test-code":{"insertions":39,"deletions":3}}},{"hash":"a9e8048156cd07128a7479376f8d61037a9c7fbb","isMergeCommit":false,"messageTitle":"Fix checkstyle","messageBody":"","fileTypesAndContributionMap":{"functional-code":{"insertions":24,"deletions":18}}},{"hash":"0e66e0c0190a2dc205dc6b2aa151d9302190607a","isMergeCommit":false,"messageTitle":"Fix unit test","messageBody":"","fileTypesAndContributionMap":{"test-code":{"insertions":0,"deletions":11}}},{"hash":"56a505c4ccf188f7a9d005631b4e4210faffed44","isMergeCommit":false,"messageTitle":"Add invalidModuleCode Exception","messageBody":"","fileTypesAndContributionMap":{"functional-code":{"insertions":22,"deletions":1},"test-code":{"insertions":1,"deletions":1}}},{"hash":"591b990c47d6ecf0b35265d1c3929c280b370361","isMergeCommit":true,"messageTitle":"Merge pull request #132 from ryanlohyr/ryan/feat/addCSRecommended","messageBody":"Add support for CS and integration tests for adding CS to schedule","fileTypesAndContributionMap":{}},{"hash":"c3c51f20182eccfe541c4a622dd2de947526b7f8","isMergeCommit":false,"messageTitle":"Add beautifed ui for arrays","messageBody":"","fileTypesAndContributionMap":{"functional-code":{"insertions":90,"deletions":58},"test-code":{"insertions":2,"deletions":2}}},{"hash":"85f0b935aadba2e6be0220273f33102c4f9c14ae","isMergeCommit":true,"messageTitle":"Merge pull request #133 from ryanlohyr/ryan/feat/addCSRecommended","messageBody":"Add beautifed ui for arrays","fileTypesAndContributionMap":{}}]},{"date":"2023-11-06","commitResults":[{"hash":"ec89fdcf5ddda4992fa77882692fd06b0aeb6b31","isMergeCommit":false,"messageTitle":"Reformat user guide","messageBody":"","fileTypesAndContributionMap":{"functional-code":{"insertions":13,"deletions":8},"docs":{"insertions":112,"deletions":83},"test-code":{"insertions":13,"deletions":11}}},{"hash":"696cc1b8647169520cb744c73fd604e564ba069f","isMergeCommit":true,"messageTitle":"Merge changes","messageBody":"","fileTypesAndContributionMap":{}},{"hash":"26b5036d4a729b5fd914cd614101747c796a2499","isMergeCommit":true,"messageTitle":"Merge pull request #146 from ryanlohyr/ryan/feat/updateUserGuide","messageBody":"Update user guide","fileTypesAndContributionMap":{}},{"hash":"4664ac703a47c9477461ac0608fe2fe9591166f7","isMergeCommit":false,"messageTitle":"Fix some PED bugs and optimised delete and add schedule functions","messageBody":"","fileTypesAndContributionMap":{"functional-code":{"insertions":187,"deletions":145},"test-code":{"insertions":26,"deletions":16}}}]},{"date":"2023-11-07","commitResults":[{"hash":"b452b007813572708caa11f2f33b57f7d64394e9","isMergeCommit":true,"messageTitle":"Merged main branches changes","messageBody":"","fileTypesAndContributionMap":{}},{"hash":"e5ae0781f77735c1b39fa7c8aa1290301c371b08","isMergeCommit":false,"messageTitle":"fix unused imports","messageBody":"","fileTypesAndContributionMap":{"test-code":{"insertions":0,"deletions":2}}},{"hash":"1d0568f75f0fd2ab2dad29ee77d5204ed8d2517e","isMergeCommit":true,"messageTitle":"Merge pull request #148 from ryanlohyr/ryan/fix/PEDBugs","messageBody":"Fixed some PED bugs, optimised addRecommendedSchedule and optimised delete function ","fileTypesAndContributionMap":{}},{"hash":"d24880e54f1b6cc7ce781008d66d7894ed71d966","isMergeCommit":false,"messageTitle":"Add PED Bug fixes. Closes #128, closes #127, closes #124, closes #120, closes #116, closes #112, closes #68, closes #58","messageBody":"","fileTypesAndContributionMap":{"functional-code":{"insertions":127,"deletions":21},"other":{"insertions":1,"deletions":1}}},{"hash":"c7c220f1fbf2d8d0466ff6e92b128ca91a2335f3","isMergeCommit":true,"messageTitle":"Merge pull request #149 from ryanlohyr/ryan/fix/PEDBugs","messageBody":"Add PED Bug fixes. Closes #128, closes #127, closes #124, closes #120…","fileTypesAndContributionMap":{}},{"hash":"4beacc46c1a4a302a57e680cb69949d5fda1a9dd","isMergeCommit":false,"messageTitle":"Fix completion bug and beautify outputs","messageBody":"","fileTypesAndContributionMap":{"functional-code":{"insertions":5,"deletions":3},"test-code":{"insertions":15,"deletions":13}}},{"hash":"6da03ea12228cff5e42852098df5a4caabf8e3e7","isMergeCommit":true,"messageTitle":"Merge pull request #150 from ryanlohyr/ryan/fix/PEDBugs","messageBody":"Fix completion bug and beautify outputs","fileTypesAndContributionMap":{}},{"hash":"a8ee5daa64f527ffa59d313a526310bf83ae2919","isMergeCommit":false,"messageTitle":"Add draft personal portfolio page","messageBody":"","fileTypesAndContributionMap":{"functional-code":{"insertions":1,"deletions":0},"docs":{"insertions":106,"deletions":8}}},{"hash":"e3053bdf896821d2a7458dd12307cb508454eee7","isMergeCommit":true,"messageTitle":"Merge branch \u0027master\u0027 of https://github.com/ryanlohyr/tp","messageBody":"","fileTypesAndContributionMap":{}},{"hash":"13b3fd2b8479dac8c82ef0d3038060a83bb9f792","isMergeCommit":true,"messageTitle":"Merge pull request #153 from ryanlohyr/master","messageBody":"Draft of personal portfolio page","fileTypesAndContributionMap":{}}]},{"date":"2023-11-08","commitResults":[{"hash":"f44783e5ec136d6cba41dda33450c1f0e14feef3","isMergeCommit":false,"messageTitle":"Add prerequisite validation for complete function and some integration tests","messageBody":"","fileTypesAndContributionMap":{"functional-code":{"insertions":74,"deletions":31},"docs":{"insertions":1,"deletions":1},"test-code":{"insertions":83,"deletions":2}}},{"hash":"fbcfce3a5f6795c415de0f78fb25260d1a510c76","isMergeCommit":false,"messageTitle":"Fix checkstyle and unit tests","messageBody":"","fileTypesAndContributionMap":{"functional-code":{"insertions":38,"deletions":28},"test-code":{"insertions":13,"deletions":9}}},{"hash":"e89a971b53b1996ad397f80730412430d39392b0","isMergeCommit":false,"messageTitle":"Shift exceptions to util class","messageBody":"","fileTypesAndContributionMap":{"functional-code":{"insertions":9,"deletions":9},"other":{"insertions":4,"deletions":4},"test-code":{"insertions":6,"deletions":6}}},{"hash":"40dc7a14693843ed4df9b7fd28a4a8d42485893a","isMergeCommit":false,"messageTitle":"remove completion status question in added recommended schedule function","messageBody":"","fileTypesAndContributionMap":{"functional-code":{"insertions":33,"deletions":27}}},{"hash":"ae85bccac7763aeead6575ee26056325284a25c4","isMergeCommit":false,"messageTitle":"remove modular credits if module deleted is completed","messageBody":"","fileTypesAndContributionMap":{"functional-code":{"insertions":10,"deletions":1}}},{"hash":"ed98650cd35777ad8b24c7481d8e51e5bb933eb3","isMergeCommit":false,"messageTitle":"one line","messageBody":"","fileTypesAndContributionMap":{"functional-code":{"insertions":3,"deletions":1}}},{"hash":"6083bd1c6ccb4cbf0d69b5a1d391cb4a613b3f69","isMergeCommit":false,"messageTitle":"Fix checkstyle","messageBody":"","fileTypesAndContributionMap":{"functional-code":{"insertions":28,"deletions":29}}}]}],"janelleenqi":[{"date":"2023-10-07","commitResults":[{"hash":"b8e95e351ff1f9e8058d1fa4512b9fed2a801ff5","isMergeCommit":true,"messageTitle":"Merge pull request #1 from SebasFok/SebasFok-AboutUs","messageBody":"Add AboutUs information for Sebastian","fileTypesAndContributionMap":{}},{"hash":"215bbf707ba73e12fe4a3852bd195add31b9563b","isMergeCommit":false,"messageTitle":"Edit AboutUs.md","messageBody":"","fileTypesAndContributionMap":{"docs":{"insertions":7,"deletions":7}}},{"hash":"20248cfdb579d3a65dba6b00480f73fd6818e9de","isMergeCommit":true,"messageTitle":"Merge pull request #3 from rohitcube/master","messageBody":"added profile - rohit","fileTypesAndContributionMap":{}},{"hash":"320cf1073f08efaeb681a28d2a71a2c05d03f61a","isMergeCommit":false,"messageTitle":"Edit AboutUs.md to include github","messageBody":"","fileTypesAndContributionMap":{"docs":{"insertions":7,"deletions":7}}},{"hash":"eeadb9d732a337b8cd7c73ed135d8d5aabf3ba2e","isMergeCommit":true,"messageTitle":"Merge AboutUs.md","messageBody":"","fileTypesAndContributionMap":{}}]},{"date":"2023-10-16","commitResults":[{"hash":"e9a420df1a3a38da09d884a238231f1d151f3f37","isMergeCommit":false,"messageTitle":"add \"left\" feature","messageBody":"","fileTypesAndContributionMap":{"functional-code":{"insertions":97,"deletions":22}}},{"hash":"d61cfbec5c631f4536a0498f84b53a469717b7a9","isMergeCommit":false,"messageTitle":"delete unnecessary lines","messageBody":"","fileTypesAndContributionMap":{"functional-code":{"insertions":0,"deletions":1}}},{"hash":"9fec7539e4da6bde4964b8bb37ea3827706ac546","isMergeCommit":false,"messageTitle":"add ModuleListTest","messageBody":"","fileTypesAndContributionMap":{"test-code":{"insertions":44,"deletions":0}}},{"hash":"22d2823da7d4c2553ed68abf4765cc2f69476943","isMergeCommit":false,"messageTitle":"add listModulesLeftTest for successful scenario in ModulePlannerControllerTest","messageBody":"","fileTypesAndContributionMap":{"test-code":{"insertions":20,"deletions":0}}},{"hash":"c14bd0e9753371612f42b4a7653b130eedb55459","isMergeCommit":false,"messageTitle":"add existsTest for successful scenarios in ModuleListTest","messageBody":"","fileTypesAndContributionMap":{"test-code":{"insertions":24,"deletions":2}}},{"hash":"fe408d5d36d769ff7ccd93af2aa871dbb174bc36","isMergeCommit":false,"messageTitle":"add some exception handling for ModuleList","messageBody":"","fileTypesAndContributionMap":{"functional-code":{"insertions":23,"deletions":14}}},{"hash":"fff60307f1c5bdb366bcd603e5b712359400b076","isMergeCommit":false,"messageTitle":"add failure scenarios for existsTest and getDifferenceTest in ModuleListTest","messageBody":"","fileTypesAndContributionMap":{"functional-code":{"insertions":24,"deletions":8},"test-code":{"insertions":30,"deletions":7}}},{"hash":"21c26955eebadc657445a51c384758035a3bde48","isMergeCommit":false,"messageTitle":"add javadoc comments for functions in the \"left\" feature","messageBody":"","fileTypesAndContributionMap":{"functional-code":{"insertions":26,"deletions":0}}},{"hash":"8789c06c3791750c5fd338706ea328ffb9040de7","isMergeCommit":false,"messageTitle":"Add success scenario where mainModuleList is empty for existsTest for ModuleListTest. This closes #10","messageBody":"","fileTypesAndContributionMap":{"functional-code":{"insertions":13,"deletions":16},"test-code":{"insertions":11,"deletions":0}}},{"hash":"bd71200339e77f407935b3039a6437d4e41a9cd7","isMergeCommit":false,"messageTitle":"Edit for build-and-check Gradle","messageBody":"","fileTypesAndContributionMap":{"functional-code":{"insertions":39,"deletions":30},"test-code":{"insertions":9,"deletions":7}}},{"hash":"1c3dba0cc588f9746f2a6706955df611cf1dac8c","isMergeCommit":false,"messageTitle":"Edit 2 for build-and-check Gradle (add new line at the end of the file)","messageBody":"","fileTypesAndContributionMap":{"test-code":{"insertions":1,"deletions":1}}},{"hash":"7103ecb9071ddb693815469edc4a98c724696ce3","isMergeCommit":false,"messageTitle":"Edit 3 for build-and-check Gradle","messageBody":"","fileTypesAndContributionMap":{"test-code":{"insertions":1,"deletions":1}}},{"hash":"28c461ff31ca243dacb48ca80caca708351319c5","isMergeCommit":true,"messageTitle":"Merge pull request #13 from janelleenqi/branch-left-command","messageBody":"Add Left Command","fileTypesAndContributionMap":{}}]},{"date":"2023-10-19","commitResults":[{"hash":"4dad4e47e3274967b37f8fdf9168819dc7d8c360","isMergeCommit":true,"messageTitle":"Merge remote-tracking branch \u0027upstream/master\u0027","messageBody":"","fileTypesAndContributionMap":{}}]},{"date":"2023-10-24","commitResults":[{"hash":"ee22092cdb466e755f74b1d931009faf2a8450a3","isMergeCommit":false,"messageTitle":"Reorganise files in directory","messageBody":"","fileTypesAndContributionMap":{"functional-code":{"insertions":3,"deletions":1},"other":{"insertions":1,"deletions":1},"test-code":{"insertions":2,"deletions":1}}},{"hash":"4bb7e1ca9fd650a59260929e471b6fdcc5cf9ae8","isMergeCommit":true,"messageTitle":"Merge remote-tracking branch \u0027upstream/master\u0027","messageBody":"","fileTypesAndContributionMap":{}},{"hash":"86a67bc781962dfebf96ff33220836d88f56949d","isMergeCommit":true,"messageTitle":"Merge branch \u0027master\u0027 into branch-shift-file","messageBody":"","fileTypesAndContributionMap":{}},{"hash":"844497020cb6212656e880719bbbd03584f59310","isMergeCommit":false,"messageTitle":"Assertions Enabled in the build.gradle","messageBody":"","fileTypesAndContributionMap":{"other":{"insertions":2,"deletions":1}}},{"hash":"8fe8d35becdda7684f96ce0a750afda64d581a87","isMergeCommit":false,"messageTitle":"Add assertions to ModuleList","messageBody":"","fileTypesAndContributionMap":{"functional-code":{"insertions":7,"deletions":0}}},{"hash":"634977a79898a14c9da7a96127606077f40d63f6","isMergeCommit":false,"messageTitle":"Update DeveloperGuide for Left","messageBody":"","fileTypesAndContributionMap":{"docs":{"insertions":34,"deletions":8}}},{"hash":"71a99acc2f14adcb21441720314b3036f25b8db3","isMergeCommit":false,"messageTitle":"Fixes #10, fixes #33","messageBody":"","fileTypesAndContributionMap":{"docs":{"insertions":1,"deletions":1}}},{"hash":"a4358197e7e9da71f5b3a7cce3beb7eabcd57224","isMergeCommit":true,"messageTitle":"Merge pull request #34 from janelleenqi/branch-ensure-project-deliverables","messageBody":"Add assertions, Update Developer Guide","fileTypesAndContributionMap":{}}]},{"date":"2023-10-28","commitResults":[{"hash":"b9fac348cbba2fe6641b522779774367f60831de","isMergeCommit":false,"messageTitle":"Update getRequirements to get only module codes from full CEGRequirements.txt","messageBody":"","fileTypesAndContributionMap":{"functional-code":{"insertions":28,"deletions":1}}},{"hash":"449948670f2fb2639a341e9afc3dbb1d1699d626","isMergeCommit":false,"messageTitle":"Add skeleton of \"required\" feature","messageBody":"","fileTypesAndContributionMap":{"functional-code":{"insertions":50,"deletions":8}}}]},{"date":"2023-10-29","commitResults":[{"hash":"67ba22e5c71002d4c29b71c0e9bc4aa7e1c8f176","isMergeCommit":false,"messageTitle":"Show half table","messageBody":"","fileTypesAndContributionMap":{"functional-code":{"insertions":40,"deletions":1}}},{"hash":"a457e05e8264244efecf3d6ea200b01d860c35a1","isMergeCommit":false,"messageTitle":"Complete simple formatting for \"required\" feature","messageBody":"","fileTypesAndContributionMap":{"functional-code":{"insertions":68,"deletions":41}}},{"hash":"0dcce0323d8643c7a55fcfe68a49bb214cd8cacc","isMergeCommit":false,"messageTitle":"add \"required\" feature for the major \"CS\"","messageBody":"","fileTypesAndContributionMap":{"functional-code":{"insertions":3,"deletions":0}}},{"hash":"18be58c5dbf0b09b3bb9857962bd2280647d269c","isMergeCommit":false,"messageTitle":"fix formatting","messageBody":"","fileTypesAndContributionMap":{"functional-code":{"insertions":7,"deletions":41}}},{"hash":"1faae023633cccdbcfc83c9a94571c4ce4e45f12","isMergeCommit":false,"messageTitle":"extract getLongestStringLength(File f)","messageBody":"","fileTypesAndContributionMap":{"functional-code":{"insertions":22,"deletions":18}}},{"hash":"c05f39be85d642b4f2a36be9ee52c10f29533ab7","isMergeCommit":false,"messageTitle":"Add javadoc comments for DataRepository.java and CommandLineView.java Fixes #32","messageBody":"","fileTypesAndContributionMap":{"functional-code":{"insertions":68,"deletions":13}}},{"hash":"12fd2b79dbf99a1a8a651b64d25f9fb6181b4fb4","isMergeCommit":false,"messageTitle":"Attempt 1 of fixing unicode problems","messageBody":"","fileTypesAndContributionMap":{"functional-code":{"insertions":1,"deletions":1}}},{"hash":"e2871c016b80321b3234435cc5974b8129f695c9","isMergeCommit":false,"messageTitle":"Attempt 2 of fixing unicode problems","messageBody":"","fileTypesAndContributionMap":{"functional-code":{"insertions":2,"deletions":2}}},{"hash":"eea92354de414fdad713768272e01cfdce39024e","isMergeCommit":false,"messageTitle":"Attempt 3 of fixing unicode problems","messageBody":"","fileTypesAndContributionMap":{"functional-code":{"insertions":1,"deletions":1}}},{"hash":"254e7224502763d17b0a1c66d8e6515a1a8a1e84","isMergeCommit":false,"messageTitle":"Attempt 4 of fixing unicode problems","messageBody":"","fileTypesAndContributionMap":{"functional-code":{"insertions":4,"deletions":4}}},{"hash":"1ffc685b47a7f14c4b49644b8b3db652af1b0510","isMergeCommit":false,"messageTitle":"Attempt 5 of fixing unicode problems","messageBody":"","fileTypesAndContributionMap":{"functional-code":{"insertions":2,"deletions":2}}},{"hash":"f0a922ee6e36aba351cdef5d26c728ad822b153a","isMergeCommit":false,"messageTitle":"Attempt 6 of fixing unicode problems","messageBody":"","fileTypesAndContributionMap":{"functional-code":{"insertions":1,"deletions":1}}},{"hash":"9ce59a225b8d020f0c5382d2b1df7d3a1b5e2dbb","isMergeCommit":false,"messageTitle":"Attempt 7 of fixing unicode problems","messageBody":"","fileTypesAndContributionMap":{"functional-code":{"insertions":3,"deletions":3}}},{"hash":"d1d510937b71872b8a2b0811da87577be201e34b","isMergeCommit":false,"messageTitle":"Attempt 8 of fixing unicode problems","messageBody":"","fileTypesAndContributionMap":{"functional-code":{"insertions":4,"deletions":4}}},{"hash":"c2e9b4592b7961585605487af164075e734256d9","isMergeCommit":false,"messageTitle":"Attempt 9 of fixing unicode problems","messageBody":"","fileTypesAndContributionMap":{"functional-code":{"insertions":4,"deletions":4}}},{"hash":"206bda85747cccf85dd05ad738bd880a6e1470b9","isMergeCommit":false,"messageTitle":"Fixes #32","messageBody":"","fileTypesAndContributionMap":{"functional-code":{"insertions":1,"deletions":1}}},{"hash":"01ac435a7756ed81d1085a174bf4719f2805934e","isMergeCommit":true,"messageTitle":"Merge pull request #43 from janelleenqi/Janelle/feature/required-modules","messageBody":"Add feature \"required\"","fileTypesAndContributionMap":{}}]},{"date":"2023-10-31","commitResults":[{"hash":"c3d197e0536be889cb750228d5f7d4c652222802","isMergeCommit":false,"messageTitle":"Add \u0027left\u0027 and \u0027required\u0027 features into UserGuide #46","messageBody":"","fileTypesAndContributionMap":{"docs":{"insertions":63,"deletions":0}}},{"hash":"9267bc7e448778e21a576ee511e19d71d32185b2","isMergeCommit":false,"messageTitle":"Add \u0027required\u0027 feature for DeveloperGuide","messageBody":"","fileTypesAndContributionMap":{"docs":{"insertions":22,"deletions":0}}},{"hash":"3c2031b0be0f32d6db441a45bcf41f589de4172d","isMergeCommit":false,"messageTitle":"Code Quality for ModuleListTest. Fixes #39","messageBody":"","fileTypesAndContributionMap":{"test-code":{"insertions":2,"deletions":4}}},{"hash":"1776269a3b23aaf47c7c7659c451d44a3b95efc3","isMergeCommit":false,"messageTitle":"Fix for unmappable characters by changing to # and +","messageBody":"","fileTypesAndContributionMap":{"functional-code":{"insertions":4,"deletions":4}}},{"hash":"0566fe1c15652802ee08dbb73ab2d4808bfd8792","isMergeCommit":false,"messageTitle":"Refactor getRequiredModules","messageBody":"","fileTypesAndContributionMap":{"functional-code":{"insertions":9,"deletions":5}}},{"hash":"39f679c867106583dd3cce7d80189ebcbb0cc2b5","isMergeCommit":false,"messageTitle":"Add success test case for \u0027required\u0027 feature","messageBody":"","fileTypesAndContributionMap":{"test-code":{"insertions":93,"deletions":0}}},{"hash":"ccadbfc43e487e46c0967fdf9ad1e4fdac7d04b4","isMergeCommit":false,"messageTitle":"Delete redundant lines for testing of \u0027required\u0027 feature \u0027#32","messageBody":"","fileTypesAndContributionMap":{"test-code":{"insertions":0,"deletions":4}}},{"hash":"efd719136a6985714eddcd66a40b53ea724be921","isMergeCommit":false,"messageTitle":"Gradle checkstyleTest edits","messageBody":"","fileTypesAndContributionMap":{"test-code":{"insertions":7,"deletions":6}}},{"hash":"b701756192c954e149ea783bd211e2055b804f78","isMergeCommit":false,"messageTitle":"Add .trim() to both actual output and expected output","messageBody":"","fileTypesAndContributionMap":{"test-code":{"insertions":3,"deletions":3}}},{"hash":"d493c2f156ba0cb3cec61356319bd9d47b0ad011","isMergeCommit":false,"messageTitle":"solve line is longer than 120 problem","messageBody":"","fileTypesAndContributionMap":{"test-code":{"insertions":2,"deletions":2}}},{"hash":"f5606088b1d004de01e6b69778d8a27ea44b8028","isMergeCommit":false,"messageTitle":"solve line is longer than 120 problem again","messageBody":"","fileTypesAndContributionMap":{"test-code":{"insertions":2,"deletions":1}}},{"hash":"6f64a2635a1120c0b4594c0256379bc440de9bf2","isMergeCommit":false,"messageTitle":"Revert \"add\"","messageBody":"This reverts commit 3994c04761f6f7f30798732bb9ea82273de207f0.\n","fileTypesAndContributionMap":{"test-code":{"insertions":1,"deletions":1}}},{"hash":"73401fde2d9aa54abee4fb750195e8b6b816d52c","isMergeCommit":false,"messageTitle":"String.format","messageBody":"","fileTypesAndContributionMap":{"test-code":{"insertions":1,"deletions":1}}},{"hash":"d4e9c6c90d7333990ace3d6735775050ffea528b","isMergeCommit":false,"messageTitle":"startsWith","messageBody":"","fileTypesAndContributionMap":{"test-code":{"insertions":5,"deletions":52}}},{"hash":"553444abe4f5a4ec0f78221e13143e90cb8c4cf3","isMergeCommit":false,"messageTitle":"delete","messageBody":"","fileTypesAndContributionMap":{"test-code":{"insertions":0,"deletions":1}}},{"hash":"15f2e47338862cbd87e1d5c323cf7bd9e8ece1cc","isMergeCommit":true,"messageTitle":"Merge pull request #47 from janelleenqi/Janelle/feature/success-testing-for-required","messageBody":"Add positive testing for \u0027required\u0027 feature","fileTypesAndContributionMap":{}}]},{"date":"2023-11-01","commitResults":[{"hash":"c23c2ea0a47fdc3dcf6f7dfa71c3a2f6293f27ec","isMergeCommit":false,"messageTitle":"Update modulesMajor to use real data, refactor \"left\" and \"required\" features","messageBody":"","fileTypesAndContributionMap":{"functional-code":{"insertions":205,"deletions":145},"other":{"insertions":3,"deletions":3},"test-code":{"insertions":36,"deletions":19}}},{"hash":"d00f0ec78b7918584314623cea6fdb6bb265eede","isMergeCommit":false,"messageTitle":"Add Javadoc Comments","messageBody":"","fileTypesAndContributionMap":{"functional-code":{"insertions":18,"deletions":3}}},{"hash":"4f97c1963ced94c74ac6f2cd36eef08e8536c5f9","isMergeCommit":true,"messageTitle":"Merge Conflicts","messageBody":"","fileTypesAndContributionMap":{}},{"hash":"067c18e3bda59bb92c3f4e021ebe5f139ca64b7f","isMergeCommit":true,"messageTitle":"Merge pull request #57 from rohitcube/rohit/feat/add-fuzzy-search-to-API-class","messageBody":"Update User Guide","fileTypesAndContributionMap":{}},{"hash":"7c2515604d709b40372f8ecee55240a7ac793445","isMergeCommit":true,"messageTitle":"Merge Conflicts","messageBody":"","fileTypesAndContributionMap":{}},{"hash":"3600646a5b2954d6972b5b0b822f1365d0dd39c1","isMergeCommit":false,"messageTitle":"improves #47 #13","messageBody":"","fileTypesAndContributionMap":{"functional-code":{"insertions":0,"deletions":1}}},{"hash":"8ad18c6b8d66abfd6e9fd7326367c4613053f0df","isMergeCommit":true,"messageTitle":"Merge pull request #59 from janelleenqi/Janelle/feature/left-function-improve","messageBody":"Update modulesMajor","fileTypesAndContributionMap":{}}]},{"date":"2023-11-02","commitResults":[{"hash":"79f97143f3a25c66178c32aa2ef40b5264a08c0d","isMergeCommit":false,"messageTitle":"fixes #27","messageBody":"","fileTypesAndContributionMap":{"functional-code":{"insertions":16,"deletions":7},"docs":{"insertions":2,"deletions":2}}},{"hash":"81d9043ca68bafd58de577128be4d15c76114d94","isMergeCommit":true,"messageTitle":"merge","messageBody":"","fileTypesAndContributionMap":{}},{"hash":"c5d099d1153b9d41de064c667fd5a048bdf4049f","isMergeCommit":true,"messageTitle":"Merge pull request #63 from janelleenqi/Janelle/fix/complete","messageBody":"Fix Complete Feature","fileTypesAndContributionMap":{}},{"hash":"7a397044030222664d7c609f8dd874db2d6c2575","isMergeCommit":false,"messageTitle":"fix bug in #32","messageBody":"","fileTypesAndContributionMap":{"functional-code":{"insertions":23,"deletions":3}}},{"hash":"3031f9915a79df267965565dc276e001eff575bc","isMergeCommit":true,"messageTitle":"merge","messageBody":"","fileTypesAndContributionMap":{}},{"hash":"0fbbce1e41174eeeeb5a7639d938823a01622a6f","isMergeCommit":true,"messageTitle":"Merge pull request #65 from janelleenqi/Janelle/fix/required","messageBody":"Fix bug in \"required\" feature","fileTypesAndContributionMap":{}},{"hash":"81abd31e1ead822715cf36bd85c60f9259460266","isMergeCommit":false,"messageTitle":"remove txt file","messageBody":"","fileTypesAndContributionMap":{"functional-code":{"insertions":60,"deletions":120}}},{"hash":"d008aa58359a4c03b67f2133c1a127394294c30e","isMergeCommit":false,"messageTitle":"checkstyle fixes","messageBody":"","fileTypesAndContributionMap":{"functional-code":{"insertions":1,"deletions":5},"test-code":{"insertions":2,"deletions":3}}},{"hash":"2bbabbdeae1704bc7572b3a9b3927e58dd3c868c","isMergeCommit":true,"messageTitle":"Merge pull request #69 from janelleenqi/Janelle/fix/remove-txt-files","messageBody":"Remove txt files for required","tags":["v2.0","v1.01"],"fileTypesAndContributionMap":{}}]},{"date":"2023-11-03","commitResults":[{"hash":"4d97258274cc7992c1cd9f10f8d4fde09ee7b1f3","isMergeCommit":false,"messageTitle":"Add Left Sequence Diagram","messageBody":"","fileTypesAndContributionMap":{"docs":{"insertions":49,"deletions":0}}},{"hash":"1439244e6e6bea7bb48a30de5b09cf6255f4beb3","isMergeCommit":false,"messageTitle":"Edit Left Sequence Diagram","messageBody":"","fileTypesAndContributionMap":{"docs":{"insertions":0,"deletions":4}}},{"hash":"c577cbe307f062f479ef439b591b658a655ecbe0","isMergeCommit":false,"messageTitle":"Add Required Sequence Diagram","messageBody":"","fileTypesAndContributionMap":{"docs":{"insertions":35,"deletions":0}}},{"hash":"0e5711b55dd8196fdbf359865ceb5c91b9037d55","isMergeCommit":false,"messageTitle":"Add Required and Left Sequence Diagram to DeveloperGuide","messageBody":"","fileTypesAndContributionMap":{"docs":{"insertions":25,"deletions":20}}},{"hash":"8ff0da4548e548624d6bb227436007c9967d9a82","isMergeCommit":true,"messageTitle":"Merge pull request #74 from janelleenqi/Janelle/guide/update","messageBody":"Add sequence diagram for \"left\" and \"required\" command","fileTypesAndContributionMap":{}},{"hash":"c4277cca7df9536c80877fc3bd17f157b84e5a8a","isMergeCommit":false,"messageTitle":"Update User Guide and add screenshots","messageBody":"","fileTypesAndContributionMap":{"docs":{"insertions":27,"deletions":43}}},{"hash":"845c203f35fd873d40810af5c9baba36a407f15e","isMergeCommit":false,"messageTitle":"Update User Guide and add screenshots #46","messageBody":"","fileTypesAndContributionMap":{"docs":{"insertions":1,"deletions":0}}},{"hash":"f9ac770dba703311a88a27077c3d9f81436564a3","isMergeCommit":true,"messageTitle":"Merge pull request #75 from janelleenqi/Janelle/guide/update_UG","messageBody":"Update UG","fileTypesAndContributionMap":{}},{"hash":"99e003e9b11ea615e0b04bbf30fbeed61abb7e94","isMergeCommit":false,"messageTitle":"Fix Refactoring of ModuleList Part 1","messageBody":"","fileTypesAndContributionMap":{"functional-code":{"insertions":57,"deletions":14}}},{"hash":"69220d6a6bd97f8fcf50732eb1b3ac87a42059ee","isMergeCommit":false,"messageTitle":"Fix Refactoring of ModuleList Part 1 (still have errors)","messageBody":"","fileTypesAndContributionMap":{"functional-code":{"insertions":57,"deletions":47}}},{"hash":"48ae4f3f58241b322fea993c4fe3b0fb3f8651a9","isMergeCommit":true,"messageTitle":"Merge","messageBody":"","fileTypesAndContributionMap":{}},{"hash":"2383a2aa287af2dbbe7f9314285f66ca9a817d8e","isMergeCommit":false,"messageTitle":"Merge (with errors)","messageBody":"","fileTypesAndContributionMap":{"functional-code":{"insertions":1,"deletions":1}}}]},{"date":"2023-11-04","commitResults":[{"hash":"aa40cfd17cdd82124d6c7b4f307544fc0ec02bb8","isMergeCommit":true,"messageTitle":"Merge (with errors)","messageBody":"","fileTypesAndContributionMap":{}},{"hash":"c13e33310a18149ad005827bd0bec9090900512d","isMergeCommit":false,"messageTitle":"add and delete can work with cs1010 sem 1","messageBody":"","fileTypesAndContributionMap":{"functional-code":{"insertions":115,"deletions":98},"test-code":{"insertions":15,"deletions":8}}},{"hash":"e332ab82a72efd08de3cae680dc7f660ab1d6366","isMergeCommit":false,"messageTitle":"pass SUT tests","messageBody":"","fileTypesAndContributionMap":{"functional-code":{"insertions":10,"deletions":46},"test-code":{"insertions":37,"deletions":89}}},{"hash":"137dfa54275392eaa568beeb722ec90d894be7d0","isMergeCommit":false,"messageTitle":"pass checkstyle tests","messageBody":"","fileTypesAndContributionMap":{"functional-code":{"insertions":0,"deletions":16},"test-code":{"insertions":4,"deletions":2}}},{"hash":"56c8bbf3f8f26a7271427d933faf890a74896ca7","isMergeCommit":false,"messageTitle":"refactor code (mainModuleList in Module List from ArrayList\u003cString\u003e to ArrayList\u003cModule\u003e) fixes #129","messageBody":"","fileTypesAndContributionMap":{"functional-code":{"insertions":0,"deletions":5}}},{"hash":"b6d785235a1232c7459c93afeb1d773ae076ead1","isMergeCommit":true,"messageTitle":"Merge pull request #130 from janelleenqi/Janelle/fix/refactor","messageBody":"Refactor for Module List and Student","fileTypesAndContributionMap":{}}]},{"date":"2023-11-05","commitResults":[{"hash":"ce9d1e40b00b62aff71730d72f7cc179e5242e9f","isMergeCommit":false,"messageTitle":" Add class \"WeeklyScheduleView\" for displaying weekly schedule for \"#129","messageBody":"","fileTypesAndContributionMap":{"functional-code":{"insertions":135,"deletions":1}}},{"hash":"5d86f13a47a0e6433e95c3ff9b4445efb9d6504f","isMergeCommit":false,"messageTitle":"Add unfinished testPrintWeeklySchedule","messageBody":"","fileTypesAndContributionMap":{"functional-code":{"insertions":28,"deletions":17},"test-code":{"insertions":56,"deletions":0}}},{"hash":"c8a6b245c223188b16b278c5b87b65f2d31c8869","isMergeCommit":false,"messageTitle":"Update to a working TestPrintWeeklySchedule","messageBody":"","fileTypesAndContributionMap":{"functional-code":{"insertions":28,"deletions":9},"test-code":{"insertions":15,"deletions":6}}},{"hash":"e09451985631596826855ae4da9aa06d096007ca","isMergeCommit":true,"messageTitle":"Merge","messageBody":"","fileTypesAndContributionMap":{}},{"hash":"973678eed64f8f7e3b78e69d6e0b3abee5014bbb","isMergeCommit":false,"messageTitle":"Add Event and Tutorial Class","messageBody":"","fileTypesAndContributionMap":{"functional-code":{"insertions":59,"deletions":0}}},{"hash":"079145ee3aef95e4e8867d596aad56c8fba19707","isMergeCommit":false,"messageTitle":"Add Lab and Lecture Classes, Update Tutorial, Event and ModuleWeekly classes","messageBody":"","fileTypesAndContributionMap":{"functional-code":{"insertions":125,"deletions":6}}},{"hash":"178a531c1f5748a7a98d74ebd58a2d15673ccc3b","isMergeCommit":false,"messageTitle":"Update WeeklyScheduleView and its test to utilise ModuleWeekly","messageBody":"","fileTypesAndContributionMap":{"functional-code":{"insertions":53,"deletions":13},"test-code":{"insertions":27,"deletions":28}}},{"hash":"250207f96b89c6e3fa45c02ca0eba7e17756d61f","isMergeCommit":false,"messageTitle":"Edit for checkstylemain and checkstyletest #135","messageBody":"","fileTypesAndContributionMap":{"functional-code":{"insertions":47,"deletions":43},"test-code":{"insertions":7,"deletions":7}}},{"hash":"8920adc93c5fe79f2e8f9bb9fec2ab8ab04fde3e","isMergeCommit":false,"messageTitle":"testing","messageBody":"","fileTypesAndContributionMap":{"test-code":{"insertions":10,"deletions":8}}},{"hash":"b1b36f66d0167579874f9e1d2bbba6c803324b4c","isMergeCommit":false,"messageTitle":"testing","messageBody":"","fileTypesAndContributionMap":{"test-code":{"insertions":2,"deletions":2}}},{"hash":"8615ae0e225bc111acf02f8ab9c1d69026c92bf4","isMergeCommit":false,"messageTitle":"edit success SUT for testPrintWeeklySchedule to be very simple, else build for gradle fails for windows #135","messageBody":"","fileTypesAndContributionMap":{"functional-code":{"insertions":2,"deletions":2},"test-code":{"insertions":11,"deletions":23}}},{"hash":"b7da0fda654b97720e2912f1f82285d8ee1d31e5","isMergeCommit":false,"messageTitle":"edit success SUT for testPrintWeeklySchedule #135","messageBody":"","fileTypesAndContributionMap":{"test-code":{"insertions":3,"deletions":6}}},{"hash":"d322925bb4c82a46907defae0283ce1b8d169202","isMergeCommit":true,"messageTitle":"Merge pull request #137 from janelleenqi/Janelle/feature/display_weekly_schedule","messageBody":"Add Class WeeklyScheduleView and its related classes (Event, Tutorial, Lecture, Lab) and update ModuleWeekly","fileTypesAndContributionMap":{}}]},{"date":"2023-11-06","commitResults":[{"hash":"1f9bef455f3eff957f0a10a31bca770b6d93a7b9","isMergeCommit":false,"messageTitle":"Add SemesterPlannerView Class, Update Schedule and ModuleList Classes to fix #126, remove numberOfModules from ModuleList Class","messageBody":"","fileTypesAndContributionMap":{"functional-code":{"insertions":102,"deletions":127}}},{"hash":"d35fb40fc6a361676c931d2874697d1d1d027a9a","isMergeCommit":false,"messageTitle":"fix for checkstyleMain","messageBody":"","fileTypesAndContributionMap":{"functional-code":{"insertions":0,"deletions":1}}},{"hash":"8763978172b3a95684e1192b74738e9f895636aa","isMergeCommit":false,"messageTitle":"Refactor/Redefine Relationship between Student, Schedule and ModuleList","messageBody":"Student has a Schedule \"schedule\", Schedule has a ModuleList \"modulesPlanned\"\n\nFixes #129\n","fileTypesAndContributionMap":{"functional-code":{"insertions":57,"deletions":82},"test-code":{"insertions":6,"deletions":5}}},{"hash":"a83495940b5e3ef75514f97674deb8e4c846a0af","isMergeCommit":false,"messageTitle":"Add fix for future gradle windows checks","messageBody":"","fileTypesAndContributionMap":{"test-code":{"insertions":8,"deletions":0}}},{"hash":"80e4eb049b0fa131f06ef44470b819f1b0031644","isMergeCommit":true,"messageTitle":"Merge pull request #138 from janelleenqi/Janelle/fix/PEDbugs","messageBody":"Some fixes: PED bugs, refactor","fileTypesAndContributionMap":{}},{"hash":"96ece17c2782cffca49cbeb7eff239c31c57b2e7","isMergeCommit":false,"messageTitle":"Add SUT for delete-related functions Fix delete feature","messageBody":"","fileTypesAndContributionMap":{"functional-code":{"insertions":1,"deletions":1},"test-code":{"insertions":23,"deletions":2}}},{"hash":"31400157a8397cb3d2e42d820a09a1d729bac2ff","isMergeCommit":false,"messageTitle":"Add SUT for addRecommendedScheduleListToSchedule and fix the problem #125","messageBody":"","fileTypesAndContributionMap":{"functional-code":{"insertions":25,"deletions":5},"test-code":{"insertions":52,"deletions":2}}},{"hash":"d24ebe3815c4ae8de1e601dd4407c091f43a5ac3","isMergeCommit":false,"messageTitle":"Simplify SUT for addRecommendedScheduleListToSchedule","messageBody":"","fileTypesAndContributionMap":{"test-code":{"insertions":13,"deletions":11}}},{"hash":"868d53983598fc4d52cb0894bd55b6c17a4162f4","isMergeCommit":false,"messageTitle":"Change CommandManager to have an arraylist of commands rather than a hashmap, so the help feature can print in an organised manner","messageBody":"","fileTypesAndContributionMap":{"functional-code":{"insertions":56,"deletions":38}}},{"hash":"b2981e99f62de2d40e4c06fa036b62f897e68fe0","isMergeCommit":false,"messageTitle":"Fix CommandManager getDescription function","messageBody":"","fileTypesAndContributionMap":{"functional-code":{"insertions":15,"deletions":5}}},{"hash":"08a0473edeeffa56142fff00a743f0811edc03ce","isMergeCommit":true,"messageTitle":"Merge pull request #139 from janelleenqi/Janelle/fix/PEDbugs2","messageBody":"Some fixes: Delete Feature, Recommend then Add to Schedule Feature, Alter CommandManager to be More Organised","fileTypesAndContributionMap":{}},{"hash":"f81cca2324b2342d2295802749e79d208c571dcc","isMergeCommit":false,"messageTitle":"Fix Complete Feature Fixes #145","messageBody":"Completing a completed module will not complete it again fixes #115\n","fileTypesAndContributionMap":{"functional-code":{"insertions":70,"deletions":37}}},{"hash":"a5fad7c171924f10e2aa89a42dab3e0d4c81f9d4","isMergeCommit":false,"messageTitle":"Fix Complete Feature Fixes #145","messageBody":"Merge with printing SemesterPlanner\n","fileTypesAndContributionMap":{"functional-code":{"insertions":21,"deletions":17}}},{"hash":"fd9292a5229af1cdacf5bed6288c65eb1ce58b59","isMergeCommit":false,"messageTitle":"Fix Complete Feature Fixes #145","messageBody":"Merge with recommend (save completion status)\n","fileTypesAndContributionMap":{"functional-code":{"insertions":110,"deletions":23},"test-code":{"insertions":37,"deletions":37}}},{"hash":"9580d5b553b5c7bd7a4059075c5b23d58ad1a03f","isMergeCommit":false,"messageTitle":"Fixing Complete Feature Fixes #145","messageBody":"Merge with recommend (optional completion status)\n\n(still implementing)\n","fileTypesAndContributionMap":{"functional-code":{"insertions":20,"deletions":2}}},{"hash":"475989400cfaa42d2bbeea9badf067b723e1da5f","isMergeCommit":false,"messageTitle":"Fix Complete Feature Fixes #145","messageBody":"Merge with recommend (optional completion status) #29\n","fileTypesAndContributionMap":{"functional-code":{"insertions":5,"deletions":1},"test-code":{"insertions":3,"deletions":3}}},{"hash":"807a9b58a4020403a469fbb373afe5678a2f62f7","isMergeCommit":true,"messageTitle":"Merge","messageBody":"","fileTypesAndContributionMap":{}},{"hash":"32f6fae02d4928ca90103c124e2f4c01362686d3","isMergeCommit":false,"messageTitle":"Add CS Major Requirements","messageBody":"","fileTypesAndContributionMap":{"functional-code":{"insertions":114,"deletions":48}}},{"hash":"4dae29c7a9e7049c120d8409064a47f13dbde4a8","isMergeCommit":true,"messageTitle":"Merge pull request #147 from janelleenqi/Janelle/fix/PEDbugs3","messageBody":"Fix Complete Feature","fileTypesAndContributionMap":{}}]},{"date":"2023-11-07","commitResults":[{"hash":"f7cb73b66cb79ce9e534e2f6c5018f8f663c60b9","isMergeCommit":false,"messageTitle":"Printing edits","messageBody":"","fileTypesAndContributionMap":{"functional-code":{"insertions":159,"deletions":136}}},{"hash":"3ab8fa754858e0ae888b31cb2f992567b7e2007d","isMergeCommit":false,"messageTitle":"UG edit fixes #90","messageBody":"","fileTypesAndContributionMap":{"functional-code":{"insertions":134,"deletions":0}}},{"hash":"7eaf91cfe0d1693cd78c0b455239e2b3aa19ef6b","isMergeCommit":false,"messageTitle":"fix MajorRequirements","messageBody":"","fileTypesAndContributionMap":{"functional-code":{"insertions":1,"deletions":1},"test-code":{"insertions":276,"deletions":44}}},{"hash":"d462fbb6a9b5f71144b34b22924600a92ba1dce8","isMergeCommit":false,"messageTitle":"unfinished changes","messageBody":"","fileTypesAndContributionMap":{"functional-code":{"insertions":43,"deletions":31},"other":{"insertions":1,"deletions":1}}},{"hash":"ce9553fa2b0499752dab86eeafccca6d0f997b14","isMergeCommit":false,"messageTitle":"fix #151","messageBody":"","fileTypesAndContributionMap":{"functional-code":{"insertions":25,"deletions":7}}},{"hash":"d3b9dd41c3ecfc07783f48c65f8cfcd8a7e37c5d","isMergeCommit":true,"messageTitle":"Merge","messageBody":"","fileTypesAndContributionMap":{}},{"hash":"ec1f14c2abf028ba3637e943ede328148dc00536","isMergeCommit":false,"messageTitle":"(incomplete) add back prereq check for complete","messageBody":"","fileTypesAndContributionMap":{"functional-code":{"insertions":24,"deletions":6}}},{"hash":"292849dfbeb499c2a0c5000829cb220b713b93f4","isMergeCommit":false,"messageTitle":"(incomplete) fix complete prereq problem: prereqMap is null","messageBody":"","fileTypesAndContributionMap":{"functional-code":{"insertions":29,"deletions":7}}},{"hash":"d8ce88a20c30360cb1d8ccc9541d7616e455dc93","isMergeCommit":false,"messageTitle":"add user command class to easily determine if command is valid or not","messageBody":"","fileTypesAndContributionMap":{"functional-code":{"insertions":1,"deletions":73}}},{"hash":"b42ba0a96b92c2bca447247b25759e0e4e858f6a","isMergeCommit":false,"messageTitle":"fix if word \u003e column length","messageBody":"","fileTypesAndContributionMap":{"functional-code":{"insertions":1,"deletions":1}}},{"hash":"aa6848fbc43fb5586a45a7a99a98ff0c10df184c","isMergeCommit":false,"messageTitle":"set foundation for complete but prereq not met, but the actual function to check is undone","messageBody":"","fileTypesAndContributionMap":{"functional-code":{"insertions":52,"deletions":23}}},{"hash":"012a43b0c10ffc55fc9a3b221a4ae20ca92608ca","isMergeCommit":true,"messageTitle":"Merge Changes","messageBody":"","fileTypesAndContributionMap":{}},{"hash":"e32e8fa29a3b0234b643351d4779a4d6ceea42c8","isMergeCommit":false,"messageTitle":"Merge Changes","messageBody":"","fileTypesAndContributionMap":{"functional-code":{"insertions":8,"deletions":9}}},{"hash":"adf1141adee9d73a6212cb3d900117dae7a130ce","isMergeCommit":true,"messageTitle":"Merge pull request #154 from janelleenqi/Janelle/fix/PEDbugs4","messageBody":"Fix some bugs, Add UserCommand Class","fileTypesAndContributionMap":{}},{"hash":"44ab868fc99e8601accf04d00b28c1ab2c8b71d0","isMergeCommit":false,"messageTitle":"Minor changes","messageBody":"","fileTypesAndContributionMap":{"functional-code":{"insertions":6,"deletions":41}}}]},{"date":"2023-11-08","commitResults":[{"hash":"13c47b5989efbde81f5fe6fe5a8cd8a1e039e133","isMergeCommit":false,"messageTitle":"New Weekly Schedule Printing View (old one not in use) + Several SUT Tests for it #135","messageBody":"","fileTypesAndContributionMap":{"functional-code":{"insertions":460,"deletions":128},"test-code":{"insertions":181,"deletions":147}}},{"hash":"5bbe5f2f583c05f3ecdeba98356ec6a682eb59cb","isMergeCommit":false,"messageTitle":"Update User Guide for Left \u0026 Required #141","messageBody":"","fileTypesAndContributionMap":{"docs":{"insertions":43,"deletions":26},"test-code":{"insertions":23,"deletions":2}}},{"hash":"20436172c602dc59effd45db2d2285c6aa4cf19d","isMergeCommit":false,"messageTitle":"CheckStyleFixes","messageBody":"","fileTypesAndContributionMap":{"functional-code":{"insertions":0,"deletions":196},"test-code":{"insertions":3,"deletions":1}}},{"hash":"d8b59871cb3f186c57cd80f9f95a5888d4b4635e","isMergeCommit":true,"messageTitle":"Merge pull request #155 from ryanlohyr/ryan/feat/completeFeature","messageBody":"Add prerequisite validation for complete function and some integration tests","fileTypesAndContributionMap":{}},{"hash":"af505799708cfc20390a2960d6485af3570cfc38","isMergeCommit":true,"messageTitle":"Merge","messageBody":"","fileTypesAndContributionMap":{}},{"hash":"8b2aa44887a02b59c6e6f126bdfbea3afac19303","isMergeCommit":false,"messageTitle":"Merge","messageBody":"","fileTypesAndContributionMap":{"test-code":{"insertions":19,"deletions":21}}},{"hash":"51c28d5860b5b416c7125215b8621f49a081cb16","isMergeCommit":true,"messageTitle":"Merge pull request #158 from janelleenqi/Janelle/feature/Complete-and-Planner","messageBody":"Update printing layout of Weekly Schedule","fileTypesAndContributionMap":{}}]}],"rohitcube":[{"date":"2023-10-07","commitResults":[{"hash":"a705965a345d0fb777a8268c24a02cb95f3c7009","isMergeCommit":false,"messageTitle":"added profile - rohit","messageBody":"","fileTypesAndContributionMap":{"docs":{"insertions":7,"deletions":7}}}]},{"date":"2023-10-09","commitResults":[{"hash":"67dfcdb437ce0cff8d2449ca49a32c15acb77cd7","isMergeCommit":false,"messageTitle":"Update AboutUs.md","messageBody":"","fileTypesAndContributionMap":{"docs":{"insertions":1,"deletions":1}}},{"hash":"526e6983d8cb279b409a14132ce402926860616a","isMergeCommit":true,"messageTitle":"Merge pull request #6 from rohitcube/master","messageBody":"Update AboutUs.md","fileTypesAndContributionMap":{}}]},{"date":"2023-10-18","commitResults":[{"hash":"abbb47faf32f9201108d53c0b360b528451fdc81","isMergeCommit":false,"messageTitle":"Added API class","messageBody":"","fileTypesAndContributionMap":{"functional-code":{"insertions":110,"deletions":1},"other":{"insertions":1,"deletions":0},"test-code":{"insertions":19,"deletions":0}}},{"hash":"3295f1687ef050ad59ed4739c2bbb84b0b40cbf1","isMergeCommit":true,"messageTitle":"Merge branch \u0027master\u0027 into master","messageBody":"","fileTypesAndContributionMap":{}},{"hash":"e6920151453fa8acfaef5a9c2c94aaf1a4288172","isMergeCommit":true,"messageTitle":"Fixed unresolved merge","messageBody":"","fileTypesAndContributionMap":{}},{"hash":"4bbac7ecc89de2ea1f18a0b3fe5aa5e1bc4f2265","isMergeCommit":false,"messageTitle":"Add API class","messageBody":"","fileTypesAndContributionMap":{"functional-code":{"insertions":4,"deletions":1}}},{"hash":"6cd6c37ead68c4b389fb5c88296604599be37272","isMergeCommit":true,"messageTitle":"Add API class","messageBody":"","fileTypesAndContributionMap":{}},{"hash":"06e8865dc23823bff453a73e8ecfa52fffea2b1e","isMergeCommit":false,"messageTitle":"Add API class","messageBody":"","fileTypesAndContributionMap":{"functional-code":{"insertions":3,"deletions":3}}}]},{"date":"2023-10-19","commitResults":[{"hash":"3127654c68e3fcba58f73ccccf5737502ee90421","isMergeCommit":false,"messageTitle":"Fix indentation","messageBody":"","fileTypesAndContributionMap":{"functional-code":{"insertions":75,"deletions":78},"test-code":{"insertions":0,"deletions":4}}},{"hash":"dca72b7be67ea4541f4246de06a127116d3f8d54","isMergeCommit":true,"messageTitle":"Merge CompletePreqs","messageBody":"","fileTypesAndContributionMap":{}},{"hash":"f58efff20a7620a2b3490ea0e2d2d10cd90a3b67","isMergeCommit":true,"messageTitle":"Merge branch \u0027AY2324S1-CS2113-T17-4:master\u0027 into master","messageBody":"","fileTypesAndContributionMap":{}},{"hash":"3858e4f65cfdeeeb9619b94b7bc63b076bba9f71","isMergeCommit":false,"messageTitle":"Fix CheckstyleMain","messageBody":"","fileTypesAndContributionMap":{"functional-code":{"insertions":2,"deletions":9},"test-code":{"insertions":9,"deletions":8}}},{"hash":"048fcd3aceef10dca2c3f33158706897d68b3bab","isMergeCommit":false,"messageTitle":"Remove API Class","messageBody":"","fileTypesAndContributionMap":{"functional-code":{"insertions":0,"deletions":102},"test-code":{"insertions":0,"deletions":16}}},{"hash":"fde33ba4b836e32a85c0f5125f315203cbbba6c6","isMergeCommit":true,"messageTitle":"Merge pull request #23 from rohitcube/branch-AddAPIClass","messageBody":"Remove API Class","tags":["v0.1"],"fileTypesAndContributionMap":{}}]},{"date":"2023-10-24","commitResults":[{"hash":"b2440a2441f95ea27fb2d5a8ea2804c3189bc3a9","isMergeCommit":false,"messageTitle":"Add API Class","messageBody":"","fileTypesAndContributionMap":{"functional-code":{"insertions":39,"deletions":0},"test-code":{"insertions":51,"deletions":0}}},{"hash":"a74c4c143857f517b7518f354aa339e5b90c9eb6","isMergeCommit":false,"messageTitle":"Add API Class","messageBody":"","fileTypesAndContributionMap":{"test-code":{"insertions":0,"deletions":1}}},{"hash":"43d67d6a9cb7a1e38683a3f6edd3f56b9c49baa1","isMergeCommit":true,"messageTitle":"Merge pull request #35 from rohitcube/Add-API-class-and-parser","messageBody":"Add API class and functions","fileTypesAndContributionMap":{}}]},{"date":"2023-10-26","commitResults":[{"hash":"6dcec60b621b4f3a3b9e66fbf1c5318b5201e3f7","isMergeCommit":false,"messageTitle":"Add functions that return json to API class","messageBody":"","fileTypesAndContributionMap":{"functional-code":{"insertions":48,"deletions":4},"test-code":{"insertions":0,"deletions":1}}},{"hash":"c4b9c1f6be1164dc52cef97da20ee323e347d0e4","isMergeCommit":false,"messageTitle":"Deleted \u0027info\u0027 command from module controller","messageBody":"","fileTypesAndContributionMap":{"functional-code":{"insertions":3,"deletions":11}}},{"hash":"ff4016383cf24bb5d6c682ea99fd9fd321149ad6","isMergeCommit":true,"messageTitle":"Merge pull request #40 from rohitcube/rohit/fix/add-json-functions-to-api-class","messageBody":"Rohit/fix/add json functions to api class","fileTypesAndContributionMap":{}}]},{"date":"2023-10-28","commitResults":[{"hash":"2ca63dde17f55b7b0e8e3f0c1b3be342010437c3","isMergeCommit":false,"messageTitle":"Add search, info, description and workload functions (#30)","messageBody":"","fileTypesAndContributionMap":{"functional-code":{"insertions":144,"deletions":22},"test-code":{"insertions":32,"deletions":11}}}]},{"date":"2023-10-30","commitResults":[{"hash":"4451d088837dd51df80f1b703f8fd7ecf0838949","isMergeCommit":false,"messageTitle":"Add search, info, description and workload functions (#30)","messageBody":"","fileTypesAndContributionMap":{"functional-code":{"insertions":22,"deletions":12},"test-code":{"insertions":49,"deletions":11}}},{"hash":"bbbf0826c9a9c123a813ada18a08c516f184e59b","isMergeCommit":false,"messageTitle":"Add tests for Api class and error handling (#30)","messageBody":"","fileTypesAndContributionMap":{"functional-code":{"insertions":17,"deletions":8},"test-code":{"insertions":9,"deletions":4}}},{"hash":"77c8a84bf8fc586257dcfe925a85898e4918caa7","isMergeCommit":true,"messageTitle":"Resolve conflicts with team repo (#30)","messageBody":"","fileTypesAndContributionMap":{}},{"hash":"8c80c73fa2d454bc9650a75b8eea902c3e1000ef","isMergeCommit":false,"messageTitle":"Update test variable names (#30)","messageBody":"","fileTypesAndContributionMap":{"test-code":{"insertions":10,"deletions":10}}}]},{"date":"2023-11-01","commitResults":[{"hash":"c0a2009020d81655620688e8f1e47e1905b5c14d","isMergeCommit":false,"messageTitle":"Update test variable names (#30)","messageBody":"","fileTypesAndContributionMap":{"functional-code":{"insertions":105,"deletions":92}}},{"hash":"9d83c0f9f08ae906721c8ca7aff6a2b2d8ab3cbc","isMergeCommit":true,"messageTitle":"Merge branch \u0027master\u0027 into rohit/feat/add-search-function-to-api-class","messageBody":"# Conflicts:\n#\tsrc/main/java/seedu/duke/controllers/ModulePlannerController.java\n#\tsrc/main/java/seedu/duke/models/logic/Api.java\n","fileTypesAndContributionMap":{}},{"hash":"8e12f33d024ff7bb4101e5039569ebd1de41bae9","isMergeCommit":false,"messageTitle":"Resolve merge, add error messages for info and search commands (#30)","messageBody":"","fileTypesAndContributionMap":{"functional-code":{"insertions":39,"deletions":14}}},{"hash":"e752687525b4e8926275dac2b891c36f8c33523d","isMergeCommit":false,"messageTitle":"Add comments to functions (#30)","messageBody":"","fileTypesAndContributionMap":{"functional-code":{"insertions":153,"deletions":73}}},{"hash":"93e90c4e667ab8d18c1dc02d5e2afd40bfe5906d","isMergeCommit":false,"messageTitle":"Add comments to functions (#30)","messageBody":"","fileTypesAndContributionMap":{"functional-code":{"insertions":105,"deletions":110}}},{"hash":"2db8d33f2f2fa9b5e354054cfa8cbe51779357dc","isMergeCommit":true,"messageTitle":"Merge pull request #52 from rohitcube/rohit/feat/add-search-function-to-api-class","messageBody":"Add search function to api class","fileTypesAndContributionMap":{}},{"hash":"7f83666efdc70d14f9a99f53dc0273143d5389cc","isMergeCommit":false,"messageTitle":"Add author tag (#30)","messageBody":"","fileTypesAndContributionMap":{"functional-code":{"insertions":7,"deletions":1}}},{"hash":"531291a8d050b72fc369f8021a4a32a55499a421","isMergeCommit":false,"messageTitle":"Add author tag (#30)","messageBody":"","fileTypesAndContributionMap":{"functional-code":{"insertions":0,"deletions":1}}},{"hash":"014572732b65f145e0f5871ab77ce8965f7357ee","isMergeCommit":true,"messageTitle":"Merge pull request #53 from rohitcube/rohit/feat/add-search-function-to-api-class","messageBody":"Add author tag","fileTypesAndContributionMap":{}},{"hash":"b62653d85acbe230e324e735571819e5c2c34ff9","isMergeCommit":false,"messageTitle":"Abstract out methods from controller, changes to handle exceptions within the function (#30)","messageBody":"","fileTypesAndContributionMap":{"functional-code":{"insertions":23,"deletions":38}}},{"hash":"e2da2acfc867499c672c7fac4aad59f58f0d366e","isMergeCommit":false,"messageTitle":"Abstract out methods from controller, handle exceptions within function (#30)","messageBody":"","fileTypesAndContributionMap":{"functional-code":{"insertions":1,"deletions":11},"test-code":{"insertions":0,"deletions":5}}},{"hash":"db43264fbab3c7ce54cd4dc68fcdba8e4c3258b5","isMergeCommit":false,"messageTitle":"Abstract out methods from controller, handle exceptions within function (#30)","messageBody":"","fileTypesAndContributionMap":{"test-code":{"insertions":0,"deletions":1}}},{"hash":"ca0a48f34ad3e9f6ae38c13609d848f199678600","isMergeCommit":true,"messageTitle":"Merge pull request #55 from rohitcube/rohit/feat/add-search-function-to-api-class","messageBody":"Refactor code from controller","fileTypesAndContributionMap":{}},{"hash":"c2cf751646e60fa094aa7150b51aa0fcb4506756","isMergeCommit":false,"messageTitle":"Deleted comments from API class(#30)","messageBody":"","fileTypesAndContributionMap":{"functional-code":{"insertions":14,"deletions":24}}},{"hash":"7cd16ba0ac51e58fd456c5ef65861d6300680ee9","isMergeCommit":false,"messageTitle":"update user guide and DG","messageBody":"","fileTypesAndContributionMap":{"docs":{"insertions":62,"deletions":8}}},{"hash":"08edb2d81abab8cb850daf3127f1ff86b50988c4","isMergeCommit":false,"messageTitle":"update user guide and DG","messageBody":"","fileTypesAndContributionMap":{"docs":{"insertions":2,"deletions":1}}},{"hash":"333bdeb5f10a3836d2bdfa13bac2cb7ef9153c7b","isMergeCommit":false,"messageTitle":"fixed bugs for info command (#30)","messageBody":"","fileTypesAndContributionMap":{"functional-code":{"insertions":15,"deletions":2},"test-code":{"insertions":11,"deletions":0}}},{"hash":"04a452e9d7be6cce3cccfc9e3cf9f7a411d84e0e","isMergeCommit":false,"messageTitle":"fixed bugs for info command (#30)","messageBody":"","fileTypesAndContributionMap":{"test-code":{"insertions":0,"deletions":10}}},{"hash":"32dfdf0cefc8bb490008431f86284c793d0b02f6","isMergeCommit":false,"messageTitle":"fixed bugs for info command (#30)","messageBody":"","fileTypesAndContributionMap":{"functional-code":{"insertions":0,"deletions":1}}},{"hash":"3d03d2575163b44a209481067caa552adf4d286e","isMergeCommit":true,"messageTitle":"Merge branch \u0027master\u0027 into rohit/feat/add-fuzzy-search-to-API-class","messageBody":"","fileTypesAndContributionMap":{}}]},{"date":"2023-11-02","commitResults":[{"hash":"44a62845adbabf17e8a0f4c971c0f185b3bee1ff","isMergeCommit":true,"messageTitle":"Merge pull request #60 from rohitcube/rohit/feat/add-fuzzy-search-to-API-class","messageBody":"Fixed bug for info command","fileTypesAndContributionMap":{}},{"hash":"0e679846e27246feed3fcdf387596d59883c7164","isMergeCommit":false,"messageTitle":"fixed bugs for info command again (#30)","messageBody":"","fileTypesAndContributionMap":{"functional-code":{"insertions":3,"deletions":2}}},{"hash":"e9ca492412215ec6f73dabec1fdb6651102a6455","isMergeCommit":true,"messageTitle":"Merge branch \u0027master\u0027 into rohit/feat/add-fuzzy-search-to-API-class","messageBody":"","fileTypesAndContributionMap":{}},{"hash":"f46bcb0d8ae084858347dfb081e34e97e110a3ad","isMergeCommit":false,"messageTitle":"fixed bugs for info command again (#30)","messageBody":"","fileTypesAndContributionMap":{"functional-code":{"insertions":16,"deletions":8}}},{"hash":"fc01cb318160ff6d58c94fb4a3578a891ba4a542","isMergeCommit":true,"messageTitle":"Merge branch \u0027master\u0027 into rohit/feat/add-fuzzy-search-to-API-class","messageBody":"","fileTypesAndContributionMap":{}},{"hash":"470f82019d57ad0d287664024bad05222655a46f","isMergeCommit":false,"messageTitle":"fixed bugs for info command again (#30)","messageBody":"","fileTypesAndContributionMap":{"functional-code":{"insertions":0,"deletions":1}}},{"hash":"b2ca119d39a1af12fca503bdc6f3cd9e67a6a3aa","isMergeCommit":false,"messageTitle":"fixed bugs for info command again (#30)","messageBody":"","fileTypesAndContributionMap":{"test-code":{"insertions":0,"deletions":6}}},{"hash":"9f9d8aadfb912f35987426ea0eecf1a6284edccc","isMergeCommit":true,"messageTitle":"Merge pull request #66 from rohitcube/rohit/feat/add-fuzzy-search-to-API-class","messageBody":"Fix bugs","tags":["v1.1"],"fileTypesAndContributionMap":{}},{"hash":"63e79ec060dd9d21f89f8317b7db2079437e6959","isMergeCommit":false,"messageTitle":"Update DG (#30)","messageBody":"","fileTypesAndContributionMap":{"docs":{"insertions":8,"deletions":6}}}]},{"date":"2023-11-03","commitResults":[{"hash":"94961a8157e75649f6cdc413e57baf303a532272","isMergeCommit":false,"messageTitle":"Add fuzzy wuzzy library (#30)","messageBody":"","fileTypesAndContributionMap":{"functional-code":{"insertions":6,"deletions":1},"other":{"insertions":1,"deletions":0},"docs":{"insertions":41,"deletions":8}}}]},{"date":"2023-11-05","commitResults":[{"hash":"a814342f3a98ba1de9eca8481ef09625bd22769c","isMergeCommit":false,"messageTitle":"Add module weekly class (#30)","messageBody":"","fileTypesAndContributionMap":{"functional-code":{"insertions":76,"deletions":0}}},{"hash":"4c757016beb547cbe20594240736f7fac761fa44","isMergeCommit":false,"messageTitle":"Add module weekly class (#135)","messageBody":"","fileTypesAndContributionMap":{"functional-code":{"insertions":1,"deletions":0}}},{"hash":"2c0aa2fb0ed43e82d601e735bd022f41b4ca33c8","isMergeCommit":false,"messageTitle":"Add module weekly class (#135)","messageBody":"","fileTypesAndContributionMap":{"functional-code":{"insertions":12,"deletions":11}}},{"hash":"e77b9c50123e296004d0ce0ad78aece6c700a4c5","isMergeCommit":true,"messageTitle":"Merge pull request #136 from rohitcube/rohit/feat/add-moduleweekly-class","messageBody":"Rohit/feat/add moduleweekly class","fileTypesAndContributionMap":{}}]},{"date":"2023-11-06","commitResults":[{"hash":"36a5f8d4c4320d8ffa2f9d404f1bf22eaf42af0e","isMergeCommit":false,"messageTitle":"Update info commands method","messageBody":"","fileTypesAndContributionMap":{"functional-code":{"insertions":39,"deletions":37}}},{"hash":"d91bcefd9d7e8ffc5f62179f720866f7cc3ba9b2","isMergeCommit":false,"messageTitle":"removed \u0027all\u0027 command for info","messageBody":"","fileTypesAndContributionMap":{"functional-code":{"insertions":4,"deletions":5},"test-code":{"insertions":2,"deletions":2}}},{"hash":"138aecaa2f4423a23d872dd4ccc751398a3a74be","isMergeCommit":false,"messageTitle":"removed \u0027all\u0027 command for info","messageBody":"","fileTypesAndContributionMap":{"functional-code":{"insertions":0,"deletions":1}}},{"hash":"94206e89f5dffc55e48ba218e31cd67b0db078cd","isMergeCommit":false,"messageTitle":"add wrap text functionality to description","messageBody":"","fileTypesAndContributionMap":{"functional-code":{"insertions":25,"deletions":1},"test-code":{"insertions":13,"deletions":0}}},{"hash":"f5738107b3efbd829a49f99c06df5276a9e761bd","isMergeCommit":false,"messageTitle":"add wrap text functionality to description","messageBody":"","fileTypesAndContributionMap":{"functional-code":{"insertions":1,"deletions":1},"test-code":{"insertions":8,"deletions":1}}},{"hash":"e7cfd040da6c4b76544e52821b5068c245909b23","isMergeCommit":false,"messageTitle":"add tests for getdescription, search command","messageBody":"","fileTypesAndContributionMap":{"functional-code":{"insertions":56,"deletions":35},"test-code":{"insertions":36,"deletions":21}}},{"hash":"56cfffe2df7871f5118a1c741c09a12cecc9fd86","isMergeCommit":true,"messageTitle":"Merge branch \u0027master\u0027 into rohit/fix/info-command-bugs-and-testing","messageBody":"","fileTypesAndContributionMap":{}},{"hash":"3dfc1a196c869794ae08d4a3add1977cb0a4437f","isMergeCommit":true,"messageTitle":"Merge branch \u0027master\u0027 into rohit/feat/add-fuzzy-search-to-API-class","messageBody":"# Conflicts:\n#\tdocs/DeveloperGuide.md\n#\tsrc/main/java/seedu/duke/utils/Parser.java\n","fileTypesAndContributionMap":{}},{"hash":"803f6bf441dc459cc6819ba9b45843870387e802","isMergeCommit":true,"messageTitle":"Merge pull request #144 from rohitcube/rohit/fix/info-command-bugs-and-testing","messageBody":"Rohit/fix/info command bugs and testing","fileTypesAndContributionMap":{}},{"hash":"04dfca2d9f34edd39d8dc5ea57898591aca7d375","isMergeCommit":true,"messageTitle":"Merge branch \u0027master\u0027 into rohit/feat/add-fuzzy-search-to-API-class","messageBody":"","fileTypesAndContributionMap":{}}]},{"date":"2023-11-07","commitResults":[{"hash":"3b099dd77a1da27849b8c146a0d6bfbb6d94f88a","isMergeCommit":false,"messageTitle":"add command for planner, add function to retrieve currentSemeseterModules","messageBody":"","fileTypesAndContributionMap":{"functional-code":{"insertions":152,"deletions":8},"test-code":{"insertions":17,"deletions":0}}},{"hash":"5250f3e1b61223ec2d4a871f26dd53e02bf11247","isMergeCommit":true,"messageTitle":"Merge branch \u0027master\u0027 into rohit/feat/add-fuzzy-search-to-API-class","messageBody":"# Conflicts:\n#\tsrc/main/java/seedu/duke/models/schema/Schedule.java\n","fileTypesAndContributionMap":{}},{"hash":"ce00b7611212da87f3ecc50ed40d25a359410dfc","isMergeCommit":false,"messageTitle":"add command for planner, add function to retrieve currentSemeseterModules","messageBody":"","fileTypesAndContributionMap":{"functional-code":{"insertions":184,"deletions":78},"test-code":{"insertions":1,"deletions":15}}},{"hash":"b6d7a59015894e084e18b21d3f66d7e84da7137e","isMergeCommit":true,"messageTitle":"Merge branch \u0027master\u0027 into rohit/feat/add-function-getCurrentSemesterModules","messageBody":"","fileTypesAndContributionMap":{}},{"hash":"f483b886dcb4939912e68a761075842e9819331f","isMergeCommit":true,"messageTitle":"Merge pull request #152 from rohitcube/rohit/feat/add-function-getCurrentSemesterModules","messageBody":"Rohit/feat/add function get current semester modules","fileTypesAndContributionMap":{}},{"hash":"f5f9d98eee18241b9ad984e2278a520d42eba56a","isMergeCommit":false,"messageTitle":"add user command for planner","messageBody":"","fileTypesAndContributionMap":{"functional-code":{"insertions":131,"deletions":4}}},{"hash":"edede5dfb98d3cb09dcdf445f7269741518b534c","isMergeCommit":false,"messageTitle":"user interface runs but weeklyscheduleviw does not print module weekly","messageBody":"","fileTypesAndContributionMap":{"functional-code":{"insertions":19,"deletions":18}}}]},{"date":"2023-11-08","commitResults":[{"hash":"152ef1d58a9101a215e0bdfec5c1cdca31c7d3aa","isMergeCommit":false,"messageTitle":"add unit tests for timetable class","messageBody":"","fileTypesAndContributionMap":{"functional-code":{"insertions":243,"deletions":220},"test-code":{"insertions":81,"deletions":0}}},{"hash":"85c23a8c99785fe547dbc57f5897622d7951792f","isMergeCommit":false,"messageTitle":"add capitalize functionality for search function","messageBody":"","fileTypesAndContributionMap":{"functional-code":{"insertions":25,"deletions":1}}},{"hash":"3dd277cea6b200f3fc7fed33c0e10f98897f7f8a","isMergeCommit":false,"messageTitle":"add capitalize functionality for search function","messageBody":"","fileTypesAndContributionMap":{"functional-code":{"insertions":6,"deletions":2}}},{"hash":"3ae5173d7b45bba6e585f626837b8141d3402fd4","isMergeCommit":true,"messageTitle":"Merge branch \u0027master\u0027 into rohit/feat/add-function-getCurrentSemesterModules","messageBody":"# Conflicts:\n#\tsrc/main/java/seedu/duke/controllers/ModulePlannerController.java\n#\tsrc/main/java/seedu/duke/models/schema/Student.java\n#\tsrc/main/java/seedu/duke/utils/Parser.java\n#\tsrc/main/java/seedu/duke/utils/exceptions/InvalidModifyArgumentException.java\n#\tsrc/test/java/seedu/duke/views/WeeklyScheduleViewTest.java\n","fileTypesAndContributionMap":{}},{"hash":"ef7a2343b277516863d50efabefb9602563060b5","isMergeCommit":false,"messageTitle":"compilejava build successful","messageBody":"","fileTypesAndContributionMap":{"functional-code":{"insertions":3,"deletions":4},"test-code":{"insertions":2,"deletions":2}}},{"hash":"61f078b8089232d4ca81d8a25cc2a5d4b8a7a962","isMergeCommit":true,"messageTitle":"Merge pull request #159 from rohitcube/rohit/feat/add-function-getCurrentSemesterModules","messageBody":"Rohit/feat/add function get current semester modules","fileTypesAndContributionMap":{}}]}],"CerIsaiah":[{"date":"2023-10-08","commitResults":[{"hash":"d6daf466c3aae14881d7203cec549477dda5aca9","isMergeCommit":false,"messageTitle":"Add photo and aboutUs information","messageBody":"","fileTypesAndContributionMap":{"docs":{"insertions":13,"deletions":7}}},{"hash":"621e25c4f695763044e239140052377d8211fa05","isMergeCommit":true,"messageTitle":"Add aboutUs information","messageBody":"","fileTypesAndContributionMap":{}}]},{"date":"2023-10-09","commitResults":[{"hash":"1e56807ba29080daddc8d8d177aa0110c772c699","isMergeCommit":false,"messageTitle":"Fixed merge conflicts with about us","messageBody":"","fileTypesAndContributionMap":{"docs":{"insertions":5,"deletions":5}}}]},{"date":"2023-10-18","commitResults":[{"hash":"5c7739cc63dfdba986b90ce2f2fcce5c0683a2b2","isMergeCommit":false,"messageTitle":"Add the complete class command to mark when a class is complete","messageBody":"","fileTypesAndContributionMap":{"functional-code":{"insertions":165,"deletions":3}}},{"hash":"e39a5de84acff43f9364ed22ee1dda158fca3ecf","isMergeCommit":true,"messageTitle":"Merge major and complete commands","messageBody":"","fileTypesAndContributionMap":{}}]},{"date":"2023-10-19","commitResults":[{"hash":"348b3da8aa36d1612001cf37da34c02482855c12","isMergeCommit":false,"messageTitle":"Fix merge tests conflicts","messageBody":"","fileTypesAndContributionMap":{"functional-code":{"insertions":24,"deletions":1},"test-code":{"insertions":1,"deletions":1}}}]},{"date":"2023-10-25","commitResults":[{"hash":"1cb45d2901f18782158ee8871e09adb98caee588","isMergeCommit":false,"messageTitle":"fix complete feature bugs and optimized features","messageBody":"","fileTypesAndContributionMap":{"functional-code":{"insertions":49,"deletions":9}}},{"hash":"4a6d6f64b8e288c9ff071bb39982f18ab1824149","isMergeCommit":true,"messageTitle":"Merge pull request #38 from CerIsaiah/bug-completefeature","messageBody":"fix complete feature bugs and optimized features","fileTypesAndContributionMap":{}}]}]},"authorFileTypeContributionMap":{"SebasFok":{"docs":118,"functional-code":544,"test-code":170},"ryanlohyr":{"docs":282,"functional-code":1596,"test-code":402},"janelleenqi":{"docs":216,"functional-code":1336,"test-code":554,"other":1},"rohitcube":{"docs":42,"functional-code":834,"test-code":212,"other":2},"CerIsaiah":{"docs":1,"functional-code":178,"test-code":0}},"authorContributionVariance":{"SebasFok":12065.448,"ryanlohyr":97938.24,"janelleenqi":101044.82,"rohitcube":33760.492,"CerIsaiah":648.92706},"authorDisplayNameMap":{"SebasFok":"CS2113-T17-4 SEBA..HUNG","ryanlohyr":"CS2113-T17-4 RYAN.. RUI","janelleenqi":"CS2113-T17-4 LIOW..ELLE","rohitcube":"CS2113-T17-4 ROHI..THAN","CerIsaiah":"CS2113-T17-4 CERV..DEAN"}}
