{"authorDailyContributionsMap":{"SebasFok":[{"date":"2023-10-05","commitResults":[{"hash":"aeef6fad05b0f6d0f0c354e9db79ba3ecbdfbef9","isMergeCommit":false,"messageTitle":"Update README.md","messageBody":"","fileTypesAndContributionMap":{"docs":{"insertions":1,"deletions":1}}}]},{"date":"2023-10-06","commitResults":[{"hash":"2039386c7d8e661b4e7bf66f1d4fa3ea80da23ac","isMergeCommit":false,"messageTitle":"Add AboutUs information for Sebastian","messageBody":"","fileTypesAndContributionMap":{"docs":{"insertions":13,"deletions":7}}}]},{"date":"2023-10-07","commitResults":[{"hash":"de8365c98e9274e9c7b40228f5c687bbb7774a2e","isMergeCommit":true,"messageTitle":"Merge branch \u0027master\u0027 into master","messageBody":"","fileTypesAndContributionMap":{}}]},{"date":"2023-10-08","commitResults":[{"hash":"a728f005673371e58b95131d45ece32ea30c5cf6","isMergeCommit":true,"messageTitle":"Merge pull request #4 from janelleenqi/branch-Edit-AboutUs-v1","messageBody":"janelleenqi-AboutUs","fileTypesAndContributionMap":{}},{"hash":"a53713ffad1e3c43fb6821740bbbae2f0b934975","isMergeCommit":true,"messageTitle":"Merge branch \u0027master\u0027 into master","messageBody":"","fileTypesAndContributionMap":{}},{"hash":"2336e0f03aede437eefc987d98349c05b02aecc3","isMergeCommit":true,"messageTitle":"Merge branch \u0027master\u0027 of https://github.com/AY2324S1-CS2113-T17-4/tp","messageBody":"","fileTypesAndContributionMap":{}},{"hash":"5677d80546a6e55ae3fc9b3c2f9efc6cc36ddfbc","isMergeCommit":true,"messageTitle":"Merge pull request #5 from ryanlohyr/master","messageBody":"Ryanlohyr-AboutUs","fileTypesAndContributionMap":{}},{"hash":"f10394ae22fddfcc20621826cb53a03dd516d990","isMergeCommit":true,"messageTitle":"Merge branch \u0027master\u0027 of https://github.com/AY2324S1-CS2113-T17-4/tp","messageBody":"","fileTypesAndContributionMap":{}}]},{"date":"2023-10-14","commitResults":[{"hash":"0d840309811b905770039ac8ee89b6c803eb14ee","isMergeCommit":true,"messageTitle":"Merge remote-tracking branch \u0027upstream/master\u0027","messageBody":"","fileTypesAndContributionMap":{}},{"hash":"9c3ef1f3c1cd7136c584fdbcd2b00be6f53e8069","isMergeCommit":false,"messageTitle":"Fix AboutUs page","messageBody":"","fileTypesAndContributionMap":{"docs":{"insertions":7,"deletions":7}}},{"hash":"d97257fe38507e38b90b874e965ec94cc6b5c00a","isMergeCommit":false,"messageTitle":"Revert \"Fix AboutUs page\"","messageBody":"This reverts commit 9c3ef1f3c1cd7136c584fdbcd2b00be6f53e8069.\n","fileTypesAndContributionMap":{"docs":{"insertions":7,"deletions":7}}},{"hash":"d0a5cf6d3dab23e3ab691ed2f8a77ddb0e301864","isMergeCommit":false,"messageTitle":"Fix AboutUs page","messageBody":"","fileTypesAndContributionMap":{"docs":{"insertions":7,"deletions":7}}},{"hash":"a6429ace4f7089682cc2c231fd5a974b2abacea8","isMergeCommit":true,"messageTitle":"Merge pull request #8 from SebasFok/branch-FixAboutUs","messageBody":"Fix about us page","fileTypesAndContributionMap":{}}]},{"date":"2023-10-17","commitResults":[{"hash":"be9eda9ae041c25d60d33065384ebbafb11b421b","isMergeCommit":false,"messageTitle":"Add student class","messageBody":"","fileTypesAndContributionMap":{"functional-code":{"insertions":37,"deletions":0}}},{"hash":"f37c8d8033f4f5340abf8af3f6cfee7194242bee","isMergeCommit":false,"messageTitle":"Add \"major\" feature","messageBody":"","fileTypesAndContributionMap":{"functional-code":{"insertions":6,"deletions":0}}},{"hash":"2ed39fab10850f7beac9b1dea7710dab4ee3b966","isMergeCommit":false,"messageTitle":"Add enum for majors","messageBody":"","fileTypesAndContributionMap":{"functional-code":{"insertions":22,"deletions":8}}},{"hash":"a777fd584c0ae40bcd4d764c056dde18112af52d","isMergeCommit":false,"messageTitle":"Add tests for \u0027updateMajor\u0027 function","messageBody":"","fileTypesAndContributionMap":{"test-code":{"insertions":26,"deletions":0}}},{"hash":"88ac029553890db8c4945a2fd9d5dce17ff67011","isMergeCommit":false,"messageTitle":"Remove unused imports","messageBody":"","fileTypesAndContributionMap":{"test-code":{"insertions":0,"deletions":1}}},{"hash":"20e6817a7cccc59b82ffed3fccf09a44a67b767c","isMergeCommit":true,"messageTitle":"Merge pull request #16 from SebasFok/branch-SelectMajor","messageBody":"Add major feature","fileTypesAndContributionMap":{}}]}],"ryanlohyr":[{"date":"2023-10-07","commitResults":[{"hash":"a04733a9b91f0436d9e7599a9dbe7438aa6089a5","isMergeCommit":false,"messageTitle":"Update ryan portfolio","messageBody":"","fileTypesAndContributionMap":{"docs":{"insertions":2,"deletions":2}}}]},{"date":"2023-10-12","commitResults":[{"hash":"f7df8565f0f1c09b3e97078aa0914ec8c8beb51e","isMergeCommit":false,"messageTitle":"create project base layout","messageBody":"","fileTypesAndContributionMap":{"functional-code":{"insertions":66,"deletions":12}}},{"hash":"448ac15a82ee8f25745d15ad226d9a5dd0f6bc55","isMergeCommit":false,"messageTitle":"Create base project layout","messageBody":"","fileTypesAndContributionMap":{"functional-code":{"insertions":66,"deletions":12}}},{"hash":"9bddadace6b3fe56ea34260bfbf808a576b7e336","isMergeCommit":false,"messageTitle":"Revert \"Create base project layout\"","messageBody":"This reverts commit 448ac15a82ee8f25745d15ad226d9a5dd0f6bc55.\n","fileTypesAndContributionMap":{"functional-code":{"insertions":12,"deletions":66}}},{"hash":"5cb0e57054f2e47ba0c944876577e4b36e3cb793","isMergeCommit":true,"messageTitle":"Merge branch \u0027ryan-createLayout\u0027 of https://github.com/ryanlohyr/tp into ryan-createLayout","messageBody":"","fileTypesAndContributionMap":{}},{"hash":"de707c380d524d5b537fa700b0bd3337eb46c778","isMergeCommit":false,"messageTitle":"Fix test bug","messageBody":"","fileTypesAndContributionMap":{"functional-code":{"insertions":2,"deletions":1}}},{"hash":"52772484e68d1498e236d83c230d6226cc9b0dc3","isMergeCommit":true,"messageTitle":"Merge pull request #7 from ryanlohyr/ryan-createLayout","messageBody":"Create project base layout","fileTypesAndContributionMap":{}}]},{"date":"2023-10-15","commitResults":[{"hash":"813fa09444c9155f79f736faadd281e068a13fe7","isMergeCommit":false,"messageTitle":"Add pace feature","messageBody":"","fileTypesAndContributionMap":{"functional-code":{"insertions":3,"deletions":1},"test-code":{"insertions":4,"deletions":0}}},{"hash":"92685f4a8354d7c9339df54862e8ad730875ae31","isMergeCommit":false,"messageTitle":"Add pace feature v2","messageBody":"","fileTypesAndContributionMap":{"functional-code":{"insertions":88,"deletions":3},"test-code":{"insertions":86,"deletions":3}}},{"hash":"e4f352e491e6bee1e281a3aeac2b5cbec16e50ce","isMergeCommit":false,"messageTitle":"fix window os bug","messageBody":"","fileTypesAndContributionMap":{"functional-code":{"insertions":19,"deletions":16},"test-code":{"insertions":2,"deletions":4}}},{"hash":"ab09a619ac2be800ae064c73f1b41ce734c8f64b","isMergeCommit":true,"messageTitle":"Merge pull request #9 from ryanlohyr/ryan-paceFeature","messageBody":"Add pace feature","fileTypesAndContributionMap":{}}]},{"date":"2023-10-17","commitResults":[{"hash":"22c9f54fa9950fed39f4313ac4569cfa59a40694","isMergeCommit":false,"messageTitle":"add pace feature","messageBody":"","fileTypesAndContributionMap":{"functional-code":{"insertions":20,"deletions":18}}},{"hash":"d3fc98e585ca694c04d379ebc953ff02c874042a","isMergeCommit":true,"messageTitle":"Merge pull request #14 from ryanlohyr/ryan-paceFeature","messageBody":"add pace feature","fileTypesAndContributionMap":{}}]},{"date":"2023-10-19","commitResults":[{"hash":"c12b196537f7101680d6b70f81d40496e13cb010","isMergeCommit":false,"messageTitle":"fix format bugs","messageBody":"","fileTypesAndContributionMap":{"functional-code":{"insertions":82,"deletions":79}}},{"hash":"7b5a888b1c9c716564aee6458077499f76f301ab","isMergeCommit":true,"messageTitle":"fix test bug","messageBody":"","fileTypesAndContributionMap":{}},{"hash":"0e0f7bfab9fd4d4c361e5a315b233c8e07248f71","isMergeCommit":true,"messageTitle":"Merge pull request #22 from ryanlohyr/master","messageBody":"fix formatting and unit test bug","fileTypesAndContributionMap":{}},{"hash":"94d07e6718756e5e3ca942fe01955a4ba192be5c","isMergeCommit":true,"messageTitle":"Merge pull request #21 from rohitcube/master","messageBody":"Add API class","fileTypesAndContributionMap":{}}]}],"janelleenqi":[{"date":"2023-10-07","commitResults":[{"hash":"b8e95e351ff1f9e8058d1fa4512b9fed2a801ff5","isMergeCommit":true,"messageTitle":"Merge pull request #1 from SebasFok/SebasFok-AboutUs","messageBody":"Add AboutUs information for Sebastian","fileTypesAndContributionMap":{}},{"hash":"215bbf707ba73e12fe4a3852bd195add31b9563b","isMergeCommit":false,"messageTitle":"Edit AboutUs.md","messageBody":"","fileTypesAndContributionMap":{"docs":{"insertions":7,"deletions":7}}},{"hash":"20248cfdb579d3a65dba6b00480f73fd6818e9de","isMergeCommit":true,"messageTitle":"Merge pull request #3 from rohitcube/master","messageBody":"added profile - rohit","fileTypesAndContributionMap":{}},{"hash":"320cf1073f08efaeb681a28d2a71a2c05d03f61a","isMergeCommit":false,"messageTitle":"Edit AboutUs.md to include github","messageBody":"","fileTypesAndContributionMap":{"docs":{"insertions":7,"deletions":7}}},{"hash":"eeadb9d732a337b8cd7c73ed135d8d5aabf3ba2e","isMergeCommit":true,"messageTitle":"Merge AboutUs.md","messageBody":"","fileTypesAndContributionMap":{}}]},{"date":"2023-10-16","commitResults":[{"hash":"e9a420df1a3a38da09d884a238231f1d151f3f37","isMergeCommit":false,"messageTitle":"add \"left\" feature","messageBody":"","fileTypesAndContributionMap":{"functional-code":{"insertions":97,"deletions":22}}},{"hash":"d61cfbec5c631f4536a0498f84b53a469717b7a9","isMergeCommit":false,"messageTitle":"delete unnecessary lines","messageBody":"","fileTypesAndContributionMap":{"functional-code":{"insertions":0,"deletions":1}}},{"hash":"9fec7539e4da6bde4964b8bb37ea3827706ac546","isMergeCommit":false,"messageTitle":"add ModuleListTest","messageBody":"","fileTypesAndContributionMap":{"test-code":{"insertions":44,"deletions":0}}},{"hash":"22d2823da7d4c2553ed68abf4765cc2f69476943","isMergeCommit":false,"messageTitle":"add listModulesLeftTest for successful scenario in ModulePlannerControllerTest","messageBody":"","fileTypesAndContributionMap":{"test-code":{"insertions":20,"deletions":0}}},{"hash":"c14bd0e9753371612f42b4a7653b130eedb55459","isMergeCommit":false,"messageTitle":"add existsTest for successful scenarios in ModuleListTest","messageBody":"","fileTypesAndContributionMap":{"test-code":{"insertions":24,"deletions":2}}},{"hash":"fe408d5d36d769ff7ccd93af2aa871dbb174bc36","isMergeCommit":false,"messageTitle":"add some exception handling for ModuleList","messageBody":"","fileTypesAndContributionMap":{"functional-code":{"insertions":23,"deletions":14}}},{"hash":"fff60307f1c5bdb366bcd603e5b712359400b076","isMergeCommit":false,"messageTitle":"add failure scenarios for existsTest and getDifferenceTest in ModuleListTest","messageBody":"","fileTypesAndContributionMap":{"functional-code":{"insertions":24,"deletions":8},"test-code":{"insertions":30,"deletions":7}}},{"hash":"21c26955eebadc657445a51c384758035a3bde48","isMergeCommit":false,"messageTitle":"add javadoc comments for functions in the \"left\" feature","messageBody":"","fileTypesAndContributionMap":{"functional-code":{"insertions":26,"deletions":0}}},{"hash":"8789c06c3791750c5fd338706ea328ffb9040de7","isMergeCommit":false,"messageTitle":"Add success scenario where mainModuleList is empty for existsTest for ModuleListTest. This closes #10","messageBody":"","fileTypesAndContributionMap":{"functional-code":{"insertions":13,"deletions":16},"test-code":{"insertions":11,"deletions":0}}},{"hash":"bd71200339e77f407935b3039a6437d4e41a9cd7","isMergeCommit":false,"messageTitle":"Edit for build-and-check Gradle","messageBody":"","fileTypesAndContributionMap":{"functional-code":{"insertions":39,"deletions":30},"test-code":{"insertions":9,"deletions":7}}},{"hash":"1c3dba0cc588f9746f2a6706955df611cf1dac8c","isMergeCommit":false,"messageTitle":"Edit 2 for build-and-check Gradle (add new line at the end of the file)","messageBody":"","fileTypesAndContributionMap":{"test-code":{"insertions":1,"deletions":1}}},{"hash":"7103ecb9071ddb693815469edc4a98c724696ce3","isMergeCommit":false,"messageTitle":"Edit 3 for build-and-check Gradle","messageBody":"","fileTypesAndContributionMap":{"test-code":{"insertions":1,"deletions":1}}},{"hash":"28c461ff31ca243dacb48ca80caca708351319c5","isMergeCommit":true,"messageTitle":"Merge pull request #13 from janelleenqi/branch-left-command","messageBody":"Add Left Command","fileTypesAndContributionMap":{}}]}],"rohitcube":[{"date":"2023-10-07","commitResults":[{"hash":"a705965a345d0fb777a8268c24a02cb95f3c7009","isMergeCommit":false,"messageTitle":"added profile - rohit","messageBody":"","fileTypesAndContributionMap":{"docs":{"insertions":7,"deletions":7}}}]},{"date":"2023-10-09","commitResults":[{"hash":"67dfcdb437ce0cff8d2449ca49a32c15acb77cd7","isMergeCommit":false,"messageTitle":"Update AboutUs.md","messageBody":"","fileTypesAndContributionMap":{"docs":{"insertions":1,"deletions":1}}},{"hash":"526e6983d8cb279b409a14132ce402926860616a","isMergeCommit":true,"messageTitle":"Merge pull request #6 from rohitcube/master","messageBody":"Update AboutUs.md","fileTypesAndContributionMap":{}}]},{"date":"2023-10-18","commitResults":[{"hash":"abbb47faf32f9201108d53c0b360b528451fdc81","isMergeCommit":false,"messageTitle":"Added API class","messageBody":"","fileTypesAndContributionMap":{"functional-code":{"insertions":110,"deletions":1},"other":{"insertions":1,"deletions":0},"test-code":{"insertions":19,"deletions":0}}},{"hash":"3295f1687ef050ad59ed4739c2bbb84b0b40cbf1","isMergeCommit":true,"messageTitle":"Merge branch \u0027master\u0027 into master","messageBody":"","fileTypesAndContributionMap":{}},{"hash":"e6920151453fa8acfaef5a9c2c94aaf1a4288172","isMergeCommit":true,"messageTitle":"Fixed unresolved merge","messageBody":"","fileTypesAndContributionMap":{}},{"hash":"4bbac7ecc89de2ea1f18a0b3fe5aa5e1bc4f2265","isMergeCommit":false,"messageTitle":"Add API class","messageBody":"","fileTypesAndContributionMap":{"functional-code":{"insertions":4,"deletions":1}}},{"hash":"6cd6c37ead68c4b389fb5c88296604599be37272","isMergeCommit":true,"messageTitle":"Add API class","messageBody":"","fileTypesAndContributionMap":{}},{"hash":"06e8865dc23823bff453a73e8ecfa52fffea2b1e","isMergeCommit":false,"messageTitle":"Add API class","messageBody":"","fileTypesAndContributionMap":{"functional-code":{"insertions":3,"deletions":3}}}]},{"date":"2023-10-19","commitResults":[{"hash":"3127654c68e3fcba58f73ccccf5737502ee90421","isMergeCommit":false,"messageTitle":"Fix indentation","messageBody":"","fileTypesAndContributionMap":{"functional-code":{"insertions":75,"deletions":78},"test-code":{"insertions":0,"deletions":4}}},{"hash":"dca72b7be67ea4541f4246de06a127116d3f8d54","isMergeCommit":true,"messageTitle":"Merge CompletePreqs","messageBody":"","fileTypesAndContributionMap":{}},{"hash":"f58efff20a7620a2b3490ea0e2d2d10cd90a3b67","isMergeCommit":true,"messageTitle":"Merge branch \u0027AY2324S1-CS2113-T17-4:master\u0027 into master","messageBody":"","fileTypesAndContributionMap":{}},{"hash":"3858e4f65cfdeeeb9619b94b7bc63b076bba9f71","isMergeCommit":false,"messageTitle":"Fix CheckstyleMain","messageBody":"","fileTypesAndContributionMap":{"functional-code":{"insertions":2,"deletions":9},"test-code":{"insertions":9,"deletions":8}}}]}],"CerIsaiah":[{"date":"2023-10-08","commitResults":[{"hash":"d6daf466c3aae14881d7203cec549477dda5aca9","isMergeCommit":false,"messageTitle":"Add photo and aboutUs information","messageBody":"","fileTypesAndContributionMap":{"docs":{"insertions":13,"deletions":7}}},{"hash":"621e25c4f695763044e239140052377d8211fa05","isMergeCommit":true,"messageTitle":"Add aboutUs information","messageBody":"","fileTypesAndContributionMap":{}}]},{"date":"2023-10-09","commitResults":[{"hash":"1e56807ba29080daddc8d8d177aa0110c772c699","isMergeCommit":false,"messageTitle":"Fixed merge conflicts with about us","messageBody":"","fileTypesAndContributionMap":{"docs":{"insertions":5,"deletions":5}}}]},{"date":"2023-10-18","commitResults":[{"hash":"5c7739cc63dfdba986b90ce2f2fcce5c0683a2b2","isMergeCommit":false,"messageTitle":"Add the complete class command to mark when a class is complete","messageBody":"","fileTypesAndContributionMap":{"functional-code":{"insertions":165,"deletions":3}}},{"hash":"e39a5de84acff43f9364ed22ee1dda158fca3ecf","isMergeCommit":true,"messageTitle":"Merge major and complete commands","messageBody":"","fileTypesAndContributionMap":{}}]},{"date":"2023-10-19","commitResults":[{"hash":"348b3da8aa36d1612001cf37da34c02482855c12","isMergeCommit":false,"messageTitle":"Fix merge tests conflicts","messageBody":"","fileTypesAndContributionMap":{"functional-code":{"insertions":24,"deletions":1},"test-code":{"insertions":1,"deletions":1}}}]}]},"authorFileTypeContributionMap":{"SebasFok":{"docs":14,"functional-code":55,"test-code":25},"ryanlohyr":{"docs":0,"functional-code":187,"test-code":85},"janelleenqi":{"docs":6,"functional-code":106,"test-code":121},"rohitcube":{"docs":0,"functional-code":113,"test-code":16,"other":1},"CerIsaiah":{"docs":6,"functional-code":183,"test-code":1}},"authorContributionVariance":{"SebasFok":400.26532,"ryanlohyr":4285.9526,"janelleenqi":7633.2896,"rohitcube":1799.5447,"CerIsaiah":987.3201},"authorDisplayNameMap":{"SebasFok":"CS2113-T17-4 SEBA..HUNG","ryanlohyr":"CS2113-T17-4 RYAN.. RUI","janelleenqi":"CS2113-T17-4 LIOW..ELLE","rohitcube":"CS2113-T17-4 ROHI..THAN","CerIsaiah":"CS2113-T17-4 CERV..DEAN"}}
