[{"path":"build.gradle","fileType":"other","lines":[{"lineNumber":1,"author":{"gitId":"-"},"content":"plugins {","lastModifiedDate":"2020-05-25"},{"lineNumber":2,"author":{"gitId":"-"},"content":"    id \u0027java\u0027","lastModifiedDate":"2020-05-25"},{"lineNumber":3,"author":{"gitId":"-"},"content":"    id \u0027application\u0027","lastModifiedDate":"2020-05-25"},{"lineNumber":4,"author":{"gitId":"-"},"content":"    id \u0027checkstyle\u0027","lastModifiedDate":"2020-05-25"},{"lineNumber":5,"author":{"gitId":"-"},"content":"    id \u0027com.github.johnrengelman.shadow\u0027 version \u00277.1.2\u0027","lastModifiedDate":"2022-06-17"},{"lineNumber":6,"author":{"gitId":"-"},"content":"}","lastModifiedDate":"2020-05-25"},{"lineNumber":7,"author":{"gitId":"-"},"content":"","lastModifiedDate":"2020-05-25"},{"lineNumber":8,"author":{"gitId":"-"},"content":"repositories {","lastModifiedDate":"2020-05-25"},{"lineNumber":9,"author":{"gitId":"-"},"content":"    mavenCentral()","lastModifiedDate":"2020-05-25"},{"lineNumber":10,"author":{"gitId":"-"},"content":"}","lastModifiedDate":"2020-05-25"},{"lineNumber":11,"author":{"gitId":"-"},"content":"","lastModifiedDate":"2020-05-25"},{"lineNumber":12,"author":{"gitId":"-"},"content":"dependencies {","lastModifiedDate":"2020-05-25"},{"lineNumber":13,"author":{"gitId":"-"},"content":"    testImplementation group: \u0027org.junit.jupiter\u0027, name: \u0027junit-jupiter-api\u0027, version: \u00275.10.0\u0027","lastModifiedDate":"2023-08-05"},{"lineNumber":14,"author":{"gitId":"-"},"content":"    testRuntimeOnly group: \u0027org.junit.jupiter\u0027, name: \u0027junit-jupiter-engine\u0027, version: \u00275.10.0\u0027","lastModifiedDate":"2023-08-05"},{"lineNumber":15,"author":{"gitId":"-"},"content":"}","lastModifiedDate":"2020-05-25"},{"lineNumber":16,"author":{"gitId":"-"},"content":"","lastModifiedDate":"2020-05-25"},{"lineNumber":17,"author":{"gitId":"-"},"content":"test {","lastModifiedDate":"2020-05-25"},{"lineNumber":18,"author":{"gitId":"-"},"content":"    useJUnitPlatform()","lastModifiedDate":"2020-05-25"},{"lineNumber":19,"author":{"gitId":"-"},"content":"","lastModifiedDate":"2020-05-25"},{"lineNumber":20,"author":{"gitId":"-"},"content":"    testLogging {","lastModifiedDate":"2020-05-25"},{"lineNumber":21,"author":{"gitId":"-"},"content":"        events \"passed\", \"skipped\", \"failed\"","lastModifiedDate":"2020-05-25"},{"lineNumber":22,"author":{"gitId":"-"},"content":"","lastModifiedDate":"2020-05-25"},{"lineNumber":23,"author":{"gitId":"-"},"content":"        showExceptions true","lastModifiedDate":"2020-05-25"},{"lineNumber":24,"author":{"gitId":"-"},"content":"        exceptionFormat \"full\"","lastModifiedDate":"2020-05-25"},{"lineNumber":25,"author":{"gitId":"-"},"content":"        showCauses true","lastModifiedDate":"2020-05-25"},{"lineNumber":26,"author":{"gitId":"-"},"content":"        showStackTraces true","lastModifiedDate":"2020-05-25"},{"lineNumber":27,"author":{"gitId":"-"},"content":"        showStandardStreams \u003d false","lastModifiedDate":"2020-05-25"},{"lineNumber":28,"author":{"gitId":"-"},"content":"    }","lastModifiedDate":"2020-05-25"},{"lineNumber":29,"author":{"gitId":"-"},"content":"}","lastModifiedDate":"2020-05-25"},{"lineNumber":30,"author":{"gitId":"-"},"content":"","lastModifiedDate":"2020-05-25"},{"lineNumber":31,"author":{"gitId":"-"},"content":"application {","lastModifiedDate":"2020-05-25"},{"lineNumber":32,"author":{"gitId":"ICubE-"},"content":"    mainClass.set(\"fittrack.FitTrack\")","lastModifiedDate":"2023-10-09"},{"lineNumber":33,"author":{"gitId":"-"},"content":"}","lastModifiedDate":"2020-05-25"},{"lineNumber":34,"author":{"gitId":"-"},"content":"","lastModifiedDate":"2020-05-25"},{"lineNumber":35,"author":{"gitId":"-"},"content":"shadowJar {","lastModifiedDate":"2020-05-25"},{"lineNumber":36,"author":{"gitId":"-"},"content":"    archiveBaseName.set(\"duke\")","lastModifiedDate":"2023-09-24"},{"lineNumber":37,"author":{"gitId":"-"},"content":"    archiveClassifier.set(\"\")","lastModifiedDate":"2023-09-24"},{"lineNumber":38,"author":{"gitId":"-"},"content":"}","lastModifiedDate":"2020-05-25"},{"lineNumber":39,"author":{"gitId":"-"},"content":"","lastModifiedDate":"2020-05-25"},{"lineNumber":40,"author":{"gitId":"-"},"content":"checkstyle {","lastModifiedDate":"2020-05-25"},{"lineNumber":41,"author":{"gitId":"-"},"content":"    toolVersion \u003d \u002710.2\u0027","lastModifiedDate":"2022-04-29"},{"lineNumber":42,"author":{"gitId":"-"},"content":"}","lastModifiedDate":"2020-05-25"},{"lineNumber":43,"author":{"gitId":"-"},"content":"","lastModifiedDate":"2020-05-25"},{"lineNumber":44,"author":{"gitId":"-"},"content":"run{","lastModifiedDate":"2020-05-25"},{"lineNumber":45,"author":{"gitId":"-"},"content":"    standardInput \u003d System.in","lastModifiedDate":"2020-05-25"},{"lineNumber":46,"author":{"gitId":"-"},"content":"}","lastModifiedDate":"2020-05-25"}],"authorContributionMap":{"ICubE-":1,"-":45}},{"path":"docs/AboutUs.md","fileType":"docs","lines":[{"lineNumber":1,"author":{"gitId":"-"},"content":"# About us","lastModifiedDate":"2020-05-24"},{"lineNumber":2,"author":{"gitId":"-"},"content":"","lastModifiedDate":"2020-05-24"},{"lineNumber":3,"author":{"gitId":"-"},"content":"Display |     Name     |              Github Profile              | Portfolio ","lastModifiedDate":"2020-05-24"},{"lineNumber":4,"author":{"gitId":"J0shuaLeong"},"content":"--------|:------------:|:----------------------------------------:|:---------:","lastModifiedDate":"2023-10-06"},{"lineNumber":5,"author":{"gitId":"farissirraj"},"content":"![](https://via.placeholder.com/100.png?text\u003dPhoto) | Faris Sirraj |      [Github](https://github.com/)       | [Portfolio](docs/team/johndoe.md)","lastModifiedDate":"2023-10-04"},{"lineNumber":6,"author":{"gitId":"ICubE-"},"content":"![](https://via.placeholder.com/100.png?text\u003dPhoto) |  Yeon Jeho   |      [Github](https://github.com/)       | [Portfolio](docs/team/johndoe.md)","lastModifiedDate":"2023-10-04"},{"lineNumber":7,"author":{"gitId":"J0shuaLeong"},"content":"\u003cimg src\u003d\"images/joshua.jpg\" width \u003d 25% height \u003d 25%\u003e | Joshua Leong | [Github](https://github.com/J0shuaLeong) | [Portfolio](docs/team/joshua.md)","lastModifiedDate":"2023-10-07"},{"lineNumber":8,"author":{"gitId":"NgLixuanNixon"},"content":"![](https://via.placeholder.com/100.png?text\u003dPhoto) |   Ng Lixuan Nixon   |      [Github](https://github.com/)       | [Portfolio](docs/team/johndoe.md)","lastModifiedDate":"2023-10-04"},{"lineNumber":9,"author":{"gitId":"marklin2234"},"content":"![](https://via.placeholder.com/100.png?text\u003dPhoto) |   Mark Lin   |      [Github](https://github.com/)       | [Portfolio](docs/team/johndoe.md)","lastModifiedDate":"2023-10-04"},{"lineNumber":10,"author":{"gitId":"NgLixuanNixon"},"content":"","lastModifiedDate":"2023-10-04"}],"authorContributionMap":{"NgLixuanNixon":2,"J0shuaLeong":2,"ICubE-":1,"marklin2234":1,"-":3,"farissirraj":1}},{"path":"docs/team/joshua.md","fileType":"docs","lines":[{"lineNumber":1,"author":{"gitId":"J0shuaLeong"},"content":"# Joshua - Project Portfolio Page","lastModifiedDate":"2023-10-06"},{"lineNumber":2,"author":{"gitId":"J0shuaLeong"},"content":"","lastModifiedDate":"2023-10-06"},{"lineNumber":3,"author":{"gitId":"J0shuaLeong"},"content":"## Overview","lastModifiedDate":"2023-10-06"},{"lineNumber":4,"author":{"gitId":"J0shuaLeong"},"content":"","lastModifiedDate":"2023-10-06"},{"lineNumber":5,"author":{"gitId":"J0shuaLeong"},"content":"","lastModifiedDate":"2023-10-06"},{"lineNumber":6,"author":{"gitId":"J0shuaLeong"},"content":"### Summary of Contributions","lastModifiedDate":"2023-10-06"}],"authorContributionMap":{"J0shuaLeong":6}},{"path":"src/main/java/fittrack/FitTrack.java","fileType":"functional-code","lines":[{"lineNumber":1,"author":{"gitId":"ICubE-"},"content":"package fittrack;","lastModifiedDate":"2023-10-09"},{"lineNumber":2,"author":{"gitId":"ICubE-"},"content":"","lastModifiedDate":"2023-10-09"},{"lineNumber":3,"author":{"gitId":"ICubE-"},"content":"import fittrack.command.Command;","lastModifiedDate":"2023-10-09"},{"lineNumber":4,"author":{"gitId":"ICubE-"},"content":"import fittrack.command.CommandResult;","lastModifiedDate":"2023-10-09"},{"lineNumber":5,"author":{"gitId":"ICubE-"},"content":"import fittrack.command.ExitCommand;","lastModifiedDate":"2023-10-09"},{"lineNumber":6,"author":{"gitId":"ICubE-"},"content":"import fittrack.parser.CommandParser;","lastModifiedDate":"2023-10-09"},{"lineNumber":7,"author":{"gitId":"ICubE-"},"content":"","lastModifiedDate":"2023-10-09"},{"lineNumber":8,"author":{"gitId":"ICubE-"},"content":"/**","lastModifiedDate":"2023-10-09"},{"lineNumber":9,"author":{"gitId":"ICubE-"},"content":" * Represents the main part of FitTrack.","lastModifiedDate":"2023-10-09"},{"lineNumber":10,"author":{"gitId":"ICubE-"},"content":" */","lastModifiedDate":"2023-10-09"},{"lineNumber":11,"author":{"gitId":"ICubE-"},"content":"public class FitTrack {","lastModifiedDate":"2023-10-09"},{"lineNumber":12,"author":{"gitId":"ICubE-"},"content":"    private final UserProfile userProfile;","lastModifiedDate":"2023-10-09"},{"lineNumber":13,"author":{"gitId":"ICubE-"},"content":"    private final MealList meals;","lastModifiedDate":"2023-10-09"},{"lineNumber":14,"author":{"gitId":"ICubE-"},"content":"    private final WorkList works;","lastModifiedDate":"2023-10-09"},{"lineNumber":15,"author":{"gitId":"ICubE-"},"content":"    private final Ui ui;","lastModifiedDate":"2023-10-09"},{"lineNumber":16,"author":{"gitId":"ICubE-"},"content":"","lastModifiedDate":"2023-10-09"},{"lineNumber":17,"author":{"gitId":"ICubE-"},"content":"    private FitTrack() {","lastModifiedDate":"2023-10-09"},{"lineNumber":18,"author":{"gitId":"ICubE-"},"content":"        ui \u003d new Ui();","lastModifiedDate":"2023-10-09"},{"lineNumber":19,"author":{"gitId":"ICubE-"},"content":"","lastModifiedDate":"2023-10-09"},{"lineNumber":20,"author":{"gitId":"ICubE-"},"content":"        userProfile \u003d new UserProfile();","lastModifiedDate":"2023-10-09"},{"lineNumber":21,"author":{"gitId":"ICubE-"},"content":"        meals \u003d new MealList();","lastModifiedDate":"2023-10-09"},{"lineNumber":22,"author":{"gitId":"ICubE-"},"content":"        works \u003d new WorkList();","lastModifiedDate":"2023-10-09"},{"lineNumber":23,"author":{"gitId":"ICubE-"},"content":"    }","lastModifiedDate":"2023-10-09"},{"lineNumber":24,"author":{"gitId":"ICubE-"},"content":"","lastModifiedDate":"2023-10-09"},{"lineNumber":25,"author":{"gitId":"ICubE-"},"content":"    /**","lastModifiedDate":"2023-10-09"},{"lineNumber":26,"author":{"gitId":"ICubE-"},"content":"     * Main entry-point for the FitTrack application.","lastModifiedDate":"2023-10-09"},{"lineNumber":27,"author":{"gitId":"ICubE-"},"content":"     */","lastModifiedDate":"2023-10-09"},{"lineNumber":28,"author":{"gitId":"ICubE-"},"content":"    public static void main(String[] args) {","lastModifiedDate":"2023-10-09"},{"lineNumber":29,"author":{"gitId":"ICubE-"},"content":"        new FitTrack().run();","lastModifiedDate":"2023-10-09"},{"lineNumber":30,"author":{"gitId":"ICubE-"},"content":"    }","lastModifiedDate":"2023-10-09"},{"lineNumber":31,"author":{"gitId":"ICubE-"},"content":"","lastModifiedDate":"2023-10-09"},{"lineNumber":32,"author":{"gitId":"ICubE-"},"content":"    private void run() {","lastModifiedDate":"2023-10-09"},{"lineNumber":33,"author":{"gitId":"ICubE-"},"content":"        start();","lastModifiedDate":"2023-10-09"},{"lineNumber":34,"author":{"gitId":"ICubE-"},"content":"        loopCommandExecution();","lastModifiedDate":"2023-10-09"},{"lineNumber":35,"author":{"gitId":"ICubE-"},"content":"        end();","lastModifiedDate":"2023-10-09"},{"lineNumber":36,"author":{"gitId":"ICubE-"},"content":"    }","lastModifiedDate":"2023-10-09"},{"lineNumber":37,"author":{"gitId":"ICubE-"},"content":"","lastModifiedDate":"2023-10-09"},{"lineNumber":38,"author":{"gitId":"ICubE-"},"content":"    private void start() {","lastModifiedDate":"2023-10-09"},{"lineNumber":39,"author":{"gitId":"ICubE-"},"content":"        ui.printWelcome();","lastModifiedDate":"2023-10-09"},{"lineNumber":40,"author":{"gitId":"ICubE-"},"content":"    }","lastModifiedDate":"2023-10-09"},{"lineNumber":41,"author":{"gitId":"ICubE-"},"content":"","lastModifiedDate":"2023-10-09"},{"lineNumber":42,"author":{"gitId":"ICubE-"},"content":"    private void loopCommandExecution() {","lastModifiedDate":"2023-10-09"},{"lineNumber":43,"author":{"gitId":"ICubE-"},"content":"        Command command;","lastModifiedDate":"2023-10-09"},{"lineNumber":44,"author":{"gitId":"ICubE-"},"content":"        do {","lastModifiedDate":"2023-10-09"},{"lineNumber":45,"author":{"gitId":"ICubE-"},"content":"            String userCommandLine \u003d ui.scanCommandLine();","lastModifiedDate":"2023-10-09"},{"lineNumber":46,"author":{"gitId":"ICubE-"},"content":"            command \u003d new CommandParser().parseCommand(userCommandLine);","lastModifiedDate":"2023-10-09"},{"lineNumber":47,"author":{"gitId":"ICubE-"},"content":"            CommandResult commandResult \u003d executeCommand(command);","lastModifiedDate":"2023-10-09"},{"lineNumber":48,"author":{"gitId":"ICubE-"},"content":"            ui.printCommandResult(commandResult);","lastModifiedDate":"2023-10-09"},{"lineNumber":49,"author":{"gitId":"ICubE-"},"content":"        } while (!ExitCommand.isExit(command));","lastModifiedDate":"2023-10-09"},{"lineNumber":50,"author":{"gitId":"ICubE-"},"content":"    }","lastModifiedDate":"2023-10-09"},{"lineNumber":51,"author":{"gitId":"ICubE-"},"content":"","lastModifiedDate":"2023-10-09"},{"lineNumber":52,"author":{"gitId":"ICubE-"},"content":"    private CommandResult executeCommand(Command command) {","lastModifiedDate":"2023-10-09"},{"lineNumber":53,"author":{"gitId":"ICubE-"},"content":"        command.setData(userProfile, meals, works);","lastModifiedDate":"2023-10-09"},{"lineNumber":54,"author":{"gitId":"ICubE-"},"content":"        return command.execute();","lastModifiedDate":"2023-10-09"},{"lineNumber":55,"author":{"gitId":"ICubE-"},"content":"    }","lastModifiedDate":"2023-10-09"},{"lineNumber":56,"author":{"gitId":"ICubE-"},"content":"","lastModifiedDate":"2023-10-09"},{"lineNumber":57,"author":{"gitId":"ICubE-"},"content":"    private void end() {","lastModifiedDate":"2023-10-09"},{"lineNumber":58,"author":{"gitId":"ICubE-"},"content":"    }","lastModifiedDate":"2023-10-09"},{"lineNumber":59,"author":{"gitId":"ICubE-"},"content":"}","lastModifiedDate":"2023-10-09"}],"authorContributionMap":{"ICubE-":59}},{"path":"src/main/java/fittrack/MealList.java","fileType":"functional-code","lines":[{"lineNumber":1,"author":{"gitId":"ICubE-"},"content":"package fittrack;","lastModifiedDate":"2023-10-09"},{"lineNumber":2,"author":{"gitId":"ICubE-"},"content":"","lastModifiedDate":"2023-10-09"},{"lineNumber":3,"author":{"gitId":"ICubE-"},"content":"public class MealList {","lastModifiedDate":"2023-10-09"},{"lineNumber":4,"author":{"gitId":"ICubE-"},"content":"}","lastModifiedDate":"2023-10-09"}],"authorContributionMap":{"ICubE-":4}},{"path":"src/main/java/fittrack/Ui.java","fileType":"functional-code","lines":[{"lineNumber":1,"author":{"gitId":"ICubE-"},"content":"package fittrack;","lastModifiedDate":"2023-10-09"},{"lineNumber":2,"author":{"gitId":"ICubE-"},"content":"","lastModifiedDate":"2023-10-09"},{"lineNumber":3,"author":{"gitId":"ICubE-"},"content":"import fittrack.command.CommandResult;","lastModifiedDate":"2023-10-09"},{"lineNumber":4,"author":{"gitId":"ICubE-"},"content":"","lastModifiedDate":"2023-10-09"},{"lineNumber":5,"author":{"gitId":"ICubE-"},"content":"import java.util.Scanner;","lastModifiedDate":"2023-10-09"},{"lineNumber":6,"author":{"gitId":"ICubE-"},"content":"","lastModifiedDate":"2023-10-09"},{"lineNumber":7,"author":{"gitId":"ICubE-"},"content":"/**","lastModifiedDate":"2023-10-09"},{"lineNumber":8,"author":{"gitId":"ICubE-"},"content":" * Represents the user interface of FitTrack.","lastModifiedDate":"2023-10-09"},{"lineNumber":9,"author":{"gitId":"ICubE-"},"content":" */","lastModifiedDate":"2023-10-09"},{"lineNumber":10,"author":{"gitId":"ICubE-"},"content":"public class Ui {","lastModifiedDate":"2023-10-09"},{"lineNumber":11,"author":{"gitId":"ICubE-"},"content":"    private final Scanner in;","lastModifiedDate":"2023-10-09"},{"lineNumber":12,"author":{"gitId":"ICubE-"},"content":"","lastModifiedDate":"2023-10-09"},{"lineNumber":13,"author":{"gitId":"ICubE-"},"content":"    /**","lastModifiedDate":"2023-10-09"},{"lineNumber":14,"author":{"gitId":"ICubE-"},"content":"     * Constructs UI of FitTrack.","lastModifiedDate":"2023-10-09"},{"lineNumber":15,"author":{"gitId":"ICubE-"},"content":"     */","lastModifiedDate":"2023-10-09"},{"lineNumber":16,"author":{"gitId":"ICubE-"},"content":"    public Ui() {","lastModifiedDate":"2023-10-09"},{"lineNumber":17,"author":{"gitId":"ICubE-"},"content":"        in \u003d new Scanner(System.in);","lastModifiedDate":"2023-10-09"},{"lineNumber":18,"author":{"gitId":"ICubE-"},"content":"    }","lastModifiedDate":"2023-10-09"},{"lineNumber":19,"author":{"gitId":"ICubE-"},"content":"","lastModifiedDate":"2023-10-09"},{"lineNumber":20,"author":{"gitId":"ICubE-"},"content":"    /**","lastModifiedDate":"2023-10-09"},{"lineNumber":21,"author":{"gitId":"ICubE-"},"content":"     * Scans a line from the user input.","lastModifiedDate":"2023-10-09"},{"lineNumber":22,"author":{"gitId":"ICubE-"},"content":"     *","lastModifiedDate":"2023-10-09"},{"lineNumber":23,"author":{"gitId":"ICubE-"},"content":"     * @return user input as a line of string","lastModifiedDate":"2023-10-09"},{"lineNumber":24,"author":{"gitId":"ICubE-"},"content":"     */","lastModifiedDate":"2023-10-09"},{"lineNumber":25,"author":{"gitId":"ICubE-"},"content":"    private String scanNextLine() {","lastModifiedDate":"2023-10-09"},{"lineNumber":26,"author":{"gitId":"ICubE-"},"content":"        return in.nextLine();","lastModifiedDate":"2023-10-09"},{"lineNumber":27,"author":{"gitId":"ICubE-"},"content":"    }","lastModifiedDate":"2023-10-09"},{"lineNumber":28,"author":{"gitId":"ICubE-"},"content":"","lastModifiedDate":"2023-10-09"},{"lineNumber":29,"author":{"gitId":"ICubE-"},"content":"    /**","lastModifiedDate":"2023-10-09"},{"lineNumber":30,"author":{"gitId":"ICubE-"},"content":"     * Scans a command line from the user input.","lastModifiedDate":"2023-10-09"},{"lineNumber":31,"author":{"gitId":"ICubE-"},"content":"     *","lastModifiedDate":"2023-10-09"},{"lineNumber":32,"author":{"gitId":"ICubE-"},"content":"     * @return command line as a line of string","lastModifiedDate":"2023-10-09"},{"lineNumber":33,"author":{"gitId":"ICubE-"},"content":"     */","lastModifiedDate":"2023-10-09"},{"lineNumber":34,"author":{"gitId":"ICubE-"},"content":"    public String scanCommandLine() {","lastModifiedDate":"2023-10-09"},{"lineNumber":35,"author":{"gitId":"ICubE-"},"content":"        return scanNextLine();","lastModifiedDate":"2023-10-09"},{"lineNumber":36,"author":{"gitId":"ICubE-"},"content":"    }","lastModifiedDate":"2023-10-09"},{"lineNumber":37,"author":{"gitId":"ICubE-"},"content":"","lastModifiedDate":"2023-10-09"},{"lineNumber":38,"author":{"gitId":"ICubE-"},"content":"    public void printBlankLine() {","lastModifiedDate":"2023-10-10"},{"lineNumber":39,"author":{"gitId":"ICubE-"},"content":"        System.out.println();","lastModifiedDate":"2023-10-10"},{"lineNumber":40,"author":{"gitId":"ICubE-"},"content":"    }","lastModifiedDate":"2023-10-10"},{"lineNumber":41,"author":{"gitId":"ICubE-"},"content":"","lastModifiedDate":"2023-10-10"},{"lineNumber":42,"author":{"gitId":"ICubE-"},"content":"    public void printWelcome() {","lastModifiedDate":"2023-10-09"},{"lineNumber":43,"author":{"gitId":"ICubE-"},"content":"        System.out.println(\"Welcome!\");","lastModifiedDate":"2023-10-09"},{"lineNumber":44,"author":{"gitId":"ICubE-"},"content":"    }","lastModifiedDate":"2023-10-09"},{"lineNumber":45,"author":{"gitId":"ICubE-"},"content":"","lastModifiedDate":"2023-10-09"},{"lineNumber":46,"author":{"gitId":"ICubE-"},"content":"    public void printCommandResult(CommandResult commandResult) {","lastModifiedDate":"2023-10-09"},{"lineNumber":47,"author":{"gitId":"ICubE-"},"content":"        System.out.println(commandResult.getFeedback());","lastModifiedDate":"2023-10-09"},{"lineNumber":48,"author":{"gitId":"ICubE-"},"content":"        printBlankLine();","lastModifiedDate":"2023-10-10"},{"lineNumber":49,"author":{"gitId":"ICubE-"},"content":"    }","lastModifiedDate":"2023-10-09"},{"lineNumber":50,"author":{"gitId":"ICubE-"},"content":"}","lastModifiedDate":"2023-10-09"}],"authorContributionMap":{"ICubE-":50}},{"path":"src/main/java/fittrack/UserProfile.java","fileType":"functional-code","lines":[{"lineNumber":1,"author":{"gitId":"ICubE-"},"content":"package fittrack;","lastModifiedDate":"2023-10-09"},{"lineNumber":2,"author":{"gitId":"ICubE-"},"content":"","lastModifiedDate":"2023-10-09"},{"lineNumber":3,"author":{"gitId":"ICubE-"},"content":"public class UserProfile {","lastModifiedDate":"2023-10-09"},{"lineNumber":4,"author":{"gitId":"ICubE-"},"content":"}","lastModifiedDate":"2023-10-09"}],"authorContributionMap":{"ICubE-":4}},{"path":"src/main/java/fittrack/WorkList.java","fileType":"functional-code","lines":[{"lineNumber":1,"author":{"gitId":"ICubE-"},"content":"package fittrack;","lastModifiedDate":"2023-10-09"},{"lineNumber":2,"author":{"gitId":"ICubE-"},"content":"","lastModifiedDate":"2023-10-09"},{"lineNumber":3,"author":{"gitId":"ICubE-"},"content":"public class WorkList {","lastModifiedDate":"2023-10-09"},{"lineNumber":4,"author":{"gitId":"ICubE-"},"content":"}","lastModifiedDate":"2023-10-09"}],"authorContributionMap":{"ICubE-":4}},{"path":"src/main/java/fittrack/command/AddMealCommand.java","fileType":"functional-code","lines":[{"lineNumber":1,"author":{"gitId":"ICubE-"},"content":"package fittrack.command;","lastModifiedDate":"2023-10-09"},{"lineNumber":2,"author":{"gitId":"ICubE-"},"content":"","lastModifiedDate":"2023-10-09"},{"lineNumber":3,"author":{"gitId":"ICubE-"},"content":"import fittrack.parser.CommandParser;","lastModifiedDate":"2023-10-10"},{"lineNumber":4,"author":{"gitId":"ICubE-"},"content":"","lastModifiedDate":"2023-10-10"},{"lineNumber":5,"author":{"gitId":"ICubE-"},"content":"public class AddMealCommand extends Command {","lastModifiedDate":"2023-10-09"},{"lineNumber":6,"author":{"gitId":"ICubE-"},"content":"    public static final String COMMAND_WORD \u003d \"addmeal\";","lastModifiedDate":"2023-10-09"},{"lineNumber":7,"author":{"gitId":"ICubE-"},"content":"","lastModifiedDate":"2023-10-09"},{"lineNumber":8,"author":{"gitId":"ICubE-"},"content":"    @Override","lastModifiedDate":"2023-10-09"},{"lineNumber":9,"author":{"gitId":"ICubE-"},"content":"    public CommandResult execute() {","lastModifiedDate":"2023-10-09"},{"lineNumber":10,"author":{"gitId":"ICubE-"},"content":"        return null;","lastModifiedDate":"2023-10-09"},{"lineNumber":11,"author":{"gitId":"ICubE-"},"content":"    }","lastModifiedDate":"2023-10-09"},{"lineNumber":12,"author":{"gitId":"ICubE-"},"content":"","lastModifiedDate":"2023-10-10"},{"lineNumber":13,"author":{"gitId":"ICubE-"},"content":"    @Override","lastModifiedDate":"2023-10-10"},{"lineNumber":14,"author":{"gitId":"ICubE-"},"content":"    public void setArguments(String args, CommandParser parser) {","lastModifiedDate":"2023-10-10"},{"lineNumber":15,"author":{"gitId":"ICubE-"},"content":"","lastModifiedDate":"2023-10-10"},{"lineNumber":16,"author":{"gitId":"ICubE-"},"content":"    }","lastModifiedDate":"2023-10-10"},{"lineNumber":17,"author":{"gitId":"ICubE-"},"content":"","lastModifiedDate":"2023-10-10"},{"lineNumber":18,"author":{"gitId":"ICubE-"},"content":"    @Override","lastModifiedDate":"2023-10-10"},{"lineNumber":19,"author":{"gitId":"ICubE-"},"content":"    protected String getHelp() {","lastModifiedDate":"2023-10-10"},{"lineNumber":20,"author":{"gitId":"ICubE-"},"content":"        return null;","lastModifiedDate":"2023-10-10"},{"lineNumber":21,"author":{"gitId":"ICubE-"},"content":"    }","lastModifiedDate":"2023-10-10"},{"lineNumber":22,"author":{"gitId":"ICubE-"},"content":"}","lastModifiedDate":"2023-10-09"}],"authorContributionMap":{"ICubE-":22}},{"path":"src/main/java/fittrack/command/AddWorkCommand.java","fileType":"functional-code","lines":[{"lineNumber":1,"author":{"gitId":"ICubE-"},"content":"package fittrack.command;","lastModifiedDate":"2023-10-09"},{"lineNumber":2,"author":{"gitId":"ICubE-"},"content":"","lastModifiedDate":"2023-10-09"},{"lineNumber":3,"author":{"gitId":"ICubE-"},"content":"import fittrack.parser.CommandParser;","lastModifiedDate":"2023-10-10"},{"lineNumber":4,"author":{"gitId":"ICubE-"},"content":"","lastModifiedDate":"2023-10-10"},{"lineNumber":5,"author":{"gitId":"ICubE-"},"content":"public class AddWorkCommand extends Command {","lastModifiedDate":"2023-10-09"},{"lineNumber":6,"author":{"gitId":"ICubE-"},"content":"    public static final String COMMAND_WORD \u003d \"addwork\";","lastModifiedDate":"2023-10-09"},{"lineNumber":7,"author":{"gitId":"ICubE-"},"content":"","lastModifiedDate":"2023-10-09"},{"lineNumber":8,"author":{"gitId":"ICubE-"},"content":"    @Override","lastModifiedDate":"2023-10-09"},{"lineNumber":9,"author":{"gitId":"ICubE-"},"content":"    public CommandResult execute() {","lastModifiedDate":"2023-10-09"},{"lineNumber":10,"author":{"gitId":"ICubE-"},"content":"        return null;","lastModifiedDate":"2023-10-09"},{"lineNumber":11,"author":{"gitId":"ICubE-"},"content":"    }","lastModifiedDate":"2023-10-09"},{"lineNumber":12,"author":{"gitId":"ICubE-"},"content":"","lastModifiedDate":"2023-10-10"},{"lineNumber":13,"author":{"gitId":"ICubE-"},"content":"    @Override","lastModifiedDate":"2023-10-10"},{"lineNumber":14,"author":{"gitId":"ICubE-"},"content":"    public void setArguments(String args, CommandParser parser) {","lastModifiedDate":"2023-10-10"},{"lineNumber":15,"author":{"gitId":"ICubE-"},"content":"","lastModifiedDate":"2023-10-10"},{"lineNumber":16,"author":{"gitId":"ICubE-"},"content":"    }","lastModifiedDate":"2023-10-10"},{"lineNumber":17,"author":{"gitId":"ICubE-"},"content":"","lastModifiedDate":"2023-10-10"},{"lineNumber":18,"author":{"gitId":"ICubE-"},"content":"    @Override","lastModifiedDate":"2023-10-10"},{"lineNumber":19,"author":{"gitId":"ICubE-"},"content":"    protected String getHelp() {","lastModifiedDate":"2023-10-10"},{"lineNumber":20,"author":{"gitId":"ICubE-"},"content":"        return null;","lastModifiedDate":"2023-10-10"},{"lineNumber":21,"author":{"gitId":"ICubE-"},"content":"    }","lastModifiedDate":"2023-10-10"},{"lineNumber":22,"author":{"gitId":"ICubE-"},"content":"}","lastModifiedDate":"2023-10-09"}],"authorContributionMap":{"ICubE-":22}},{"path":"src/main/java/fittrack/command/CheckDailyCalorieSurplusLimitCommand.java","fileType":"functional-code","lines":[{"lineNumber":1,"author":{"gitId":"farissirraj"},"content":"package fittrack.command;","lastModifiedDate":"2023-10-09"},{"lineNumber":2,"author":{"gitId":"farissirraj"},"content":"","lastModifiedDate":"2023-10-09"},{"lineNumber":3,"author":{"gitId":"ICubE-"},"content":"import fittrack.parser.CommandParser;","lastModifiedDate":"2023-10-10"},{"lineNumber":4,"author":{"gitId":"ICubE-"},"content":"","lastModifiedDate":"2023-10-10"},{"lineNumber":5,"author":{"gitId":"ICubE-"},"content":"public class CheckDailyCalorieSurplusLimitCommand extends Command {","lastModifiedDate":"2023-10-11"},{"lineNumber":6,"author":{"gitId":"farissirraj"},"content":"    public static final String COMMAND_WORD \u003d \"checkCSL\";","lastModifiedDate":"2023-10-09"},{"lineNumber":7,"author":{"gitId":"farissirraj"},"content":"","lastModifiedDate":"2023-10-09"},{"lineNumber":8,"author":{"gitId":"farissirraj"},"content":"    @Override","lastModifiedDate":"2023-10-09"},{"lineNumber":9,"author":{"gitId":"farissirraj"},"content":"    public CommandResult execute() {","lastModifiedDate":"2023-10-09"},{"lineNumber":10,"author":{"gitId":"farissirraj"},"content":"        return null;","lastModifiedDate":"2023-10-09"},{"lineNumber":11,"author":{"gitId":"farissirraj"},"content":"    }","lastModifiedDate":"2023-10-09"},{"lineNumber":12,"author":{"gitId":"ICubE-"},"content":"","lastModifiedDate":"2023-10-10"},{"lineNumber":13,"author":{"gitId":"ICubE-"},"content":"    @Override","lastModifiedDate":"2023-10-10"},{"lineNumber":14,"author":{"gitId":"ICubE-"},"content":"    public void setArguments(String args, CommandParser parser) {","lastModifiedDate":"2023-10-10"},{"lineNumber":15,"author":{"gitId":"ICubE-"},"content":"","lastModifiedDate":"2023-10-10"},{"lineNumber":16,"author":{"gitId":"ICubE-"},"content":"    }","lastModifiedDate":"2023-10-10"},{"lineNumber":17,"author":{"gitId":"ICubE-"},"content":"","lastModifiedDate":"2023-10-10"},{"lineNumber":18,"author":{"gitId":"ICubE-"},"content":"    @Override","lastModifiedDate":"2023-10-10"},{"lineNumber":19,"author":{"gitId":"ICubE-"},"content":"    protected String getHelp() {","lastModifiedDate":"2023-10-10"},{"lineNumber":20,"author":{"gitId":"ICubE-"},"content":"        return null;","lastModifiedDate":"2023-10-10"},{"lineNumber":21,"author":{"gitId":"ICubE-"},"content":"    }","lastModifiedDate":"2023-10-10"},{"lineNumber":22,"author":{"gitId":"farissirraj"},"content":"}","lastModifiedDate":"2023-10-09"}],"authorContributionMap":{"ICubE-":13,"farissirraj":9}},{"path":"src/main/java/fittrack/command/CheckHeightCommand.java","fileType":"functional-code","lines":[{"lineNumber":1,"author":{"gitId":"farissirraj"},"content":"package fittrack.command;","lastModifiedDate":"2023-10-09"},{"lineNumber":2,"author":{"gitId":"farissirraj"},"content":"","lastModifiedDate":"2023-10-09"},{"lineNumber":3,"author":{"gitId":"ICubE-"},"content":"import fittrack.parser.CommandParser;","lastModifiedDate":"2023-10-10"},{"lineNumber":4,"author":{"gitId":"ICubE-"},"content":"","lastModifiedDate":"2023-10-10"},{"lineNumber":5,"author":{"gitId":"farissirraj"},"content":"public class CheckHeightCommand extends Command {","lastModifiedDate":"2023-10-09"},{"lineNumber":6,"author":{"gitId":"farissirraj"},"content":"    public static final String COMMAND_WORD \u003d \"checkHeight\";","lastModifiedDate":"2023-10-09"},{"lineNumber":7,"author":{"gitId":"farissirraj"},"content":"","lastModifiedDate":"2023-10-09"},{"lineNumber":8,"author":{"gitId":"farissirraj"},"content":"    @Override","lastModifiedDate":"2023-10-09"},{"lineNumber":9,"author":{"gitId":"farissirraj"},"content":"    public CommandResult execute() {","lastModifiedDate":"2023-10-09"},{"lineNumber":10,"author":{"gitId":"farissirraj"},"content":"        return null;","lastModifiedDate":"2023-10-09"},{"lineNumber":11,"author":{"gitId":"farissirraj"},"content":"    }","lastModifiedDate":"2023-10-09"},{"lineNumber":12,"author":{"gitId":"ICubE-"},"content":"","lastModifiedDate":"2023-10-10"},{"lineNumber":13,"author":{"gitId":"ICubE-"},"content":"    @Override","lastModifiedDate":"2023-10-10"},{"lineNumber":14,"author":{"gitId":"ICubE-"},"content":"    public void setArguments(String args, CommandParser parser) {","lastModifiedDate":"2023-10-10"},{"lineNumber":15,"author":{"gitId":"ICubE-"},"content":"","lastModifiedDate":"2023-10-10"},{"lineNumber":16,"author":{"gitId":"ICubE-"},"content":"    }","lastModifiedDate":"2023-10-10"},{"lineNumber":17,"author":{"gitId":"ICubE-"},"content":"","lastModifiedDate":"2023-10-10"},{"lineNumber":18,"author":{"gitId":"ICubE-"},"content":"    @Override","lastModifiedDate":"2023-10-10"},{"lineNumber":19,"author":{"gitId":"ICubE-"},"content":"    protected String getHelp() {","lastModifiedDate":"2023-10-10"},{"lineNumber":20,"author":{"gitId":"ICubE-"},"content":"        return null;","lastModifiedDate":"2023-10-10"},{"lineNumber":21,"author":{"gitId":"ICubE-"},"content":"    }","lastModifiedDate":"2023-10-10"},{"lineNumber":22,"author":{"gitId":"farissirraj"},"content":"}","lastModifiedDate":"2023-10-09"}],"authorContributionMap":{"ICubE-":12,"farissirraj":10}},{"path":"src/main/java/fittrack/command/CheckWeightCommand.java","fileType":"functional-code","lines":[{"lineNumber":1,"author":{"gitId":"farissirraj"},"content":"package fittrack.command;","lastModifiedDate":"2023-10-09"},{"lineNumber":2,"author":{"gitId":"farissirraj"},"content":"","lastModifiedDate":"2023-10-09"},{"lineNumber":3,"author":{"gitId":"ICubE-"},"content":"import fittrack.parser.CommandParser;","lastModifiedDate":"2023-10-10"},{"lineNumber":4,"author":{"gitId":"ICubE-"},"content":"","lastModifiedDate":"2023-10-10"},{"lineNumber":5,"author":{"gitId":"farissirraj"},"content":"public class CheckWeightCommand extends Command {","lastModifiedDate":"2023-10-09"},{"lineNumber":6,"author":{"gitId":"farissirraj"},"content":"    public static final String COMMAND_WORD \u003d \"checkWeight\";","lastModifiedDate":"2023-10-09"},{"lineNumber":7,"author":{"gitId":"farissirraj"},"content":"","lastModifiedDate":"2023-10-09"},{"lineNumber":8,"author":{"gitId":"farissirraj"},"content":"    @Override","lastModifiedDate":"2023-10-09"},{"lineNumber":9,"author":{"gitId":"farissirraj"},"content":"    public CommandResult execute() {","lastModifiedDate":"2023-10-09"},{"lineNumber":10,"author":{"gitId":"farissirraj"},"content":"        return null;","lastModifiedDate":"2023-10-09"},{"lineNumber":11,"author":{"gitId":"farissirraj"},"content":"    }","lastModifiedDate":"2023-10-09"},{"lineNumber":12,"author":{"gitId":"ICubE-"},"content":"","lastModifiedDate":"2023-10-10"},{"lineNumber":13,"author":{"gitId":"ICubE-"},"content":"    @Override","lastModifiedDate":"2023-10-10"},{"lineNumber":14,"author":{"gitId":"ICubE-"},"content":"    public void setArguments(String args, CommandParser parser) {","lastModifiedDate":"2023-10-10"},{"lineNumber":15,"author":{"gitId":"ICubE-"},"content":"","lastModifiedDate":"2023-10-10"},{"lineNumber":16,"author":{"gitId":"ICubE-"},"content":"    }","lastModifiedDate":"2023-10-10"},{"lineNumber":17,"author":{"gitId":"ICubE-"},"content":"","lastModifiedDate":"2023-10-10"},{"lineNumber":18,"author":{"gitId":"ICubE-"},"content":"    @Override","lastModifiedDate":"2023-10-10"},{"lineNumber":19,"author":{"gitId":"ICubE-"},"content":"    protected String getHelp() {","lastModifiedDate":"2023-10-10"},{"lineNumber":20,"author":{"gitId":"ICubE-"},"content":"        return null;","lastModifiedDate":"2023-10-10"},{"lineNumber":21,"author":{"gitId":"ICubE-"},"content":"    }","lastModifiedDate":"2023-10-10"},{"lineNumber":22,"author":{"gitId":"farissirraj"},"content":"}","lastModifiedDate":"2023-10-09"}],"authorContributionMap":{"ICubE-":12,"farissirraj":10}},{"path":"src/main/java/fittrack/command/Command.java","fileType":"functional-code","lines":[{"lineNumber":1,"author":{"gitId":"ICubE-"},"content":"package fittrack.command;","lastModifiedDate":"2023-10-09"},{"lineNumber":2,"author":{"gitId":"ICubE-"},"content":"","lastModifiedDate":"2023-10-09"},{"lineNumber":3,"author":{"gitId":"ICubE-"},"content":"import fittrack.MealList;","lastModifiedDate":"2023-10-09"},{"lineNumber":4,"author":{"gitId":"ICubE-"},"content":"import fittrack.UserProfile;","lastModifiedDate":"2023-10-09"},{"lineNumber":5,"author":{"gitId":"ICubE-"},"content":"import fittrack.WorkList;","lastModifiedDate":"2023-10-09"},{"lineNumber":6,"author":{"gitId":"ICubE-"},"content":"import fittrack.parser.CommandParser;","lastModifiedDate":"2023-10-10"},{"lineNumber":7,"author":{"gitId":"ICubE-"},"content":"","lastModifiedDate":"2023-10-09"},{"lineNumber":8,"author":{"gitId":"ICubE-"},"content":"public abstract class Command {","lastModifiedDate":"2023-10-09"},{"lineNumber":9,"author":{"gitId":"ICubE-"},"content":"    protected UserProfile userProfile;","lastModifiedDate":"2023-10-09"},{"lineNumber":10,"author":{"gitId":"ICubE-"},"content":"    protected MealList mealList;","lastModifiedDate":"2023-10-09"},{"lineNumber":11,"author":{"gitId":"ICubE-"},"content":"    protected WorkList workList;","lastModifiedDate":"2023-10-09"},{"lineNumber":12,"author":{"gitId":"ICubE-"},"content":"","lastModifiedDate":"2023-10-09"},{"lineNumber":13,"author":{"gitId":"ICubE-"},"content":"    /**","lastModifiedDate":"2023-10-10"},{"lineNumber":14,"author":{"gitId":"ICubE-"},"content":"     * Set data of the command for execution.","lastModifiedDate":"2023-10-10"},{"lineNumber":15,"author":{"gitId":"ICubE-"},"content":"     *","lastModifiedDate":"2023-10-10"},{"lineNumber":16,"author":{"gitId":"ICubE-"},"content":"     * @param userProfile user profile","lastModifiedDate":"2023-10-10"},{"lineNumber":17,"author":{"gitId":"ICubE-"},"content":"     * @param mealList meal list","lastModifiedDate":"2023-10-10"},{"lineNumber":18,"author":{"gitId":"ICubE-"},"content":"     * @param workList work list","lastModifiedDate":"2023-10-10"},{"lineNumber":19,"author":{"gitId":"ICubE-"},"content":"     */","lastModifiedDate":"2023-10-10"},{"lineNumber":20,"author":{"gitId":"ICubE-"},"content":"    public void setData(UserProfile userProfile, MealList mealList, WorkList workList) {","lastModifiedDate":"2023-10-09"},{"lineNumber":21,"author":{"gitId":"ICubE-"},"content":"        this.userProfile \u003d userProfile;","lastModifiedDate":"2023-10-09"},{"lineNumber":22,"author":{"gitId":"ICubE-"},"content":"        this.mealList \u003d mealList;","lastModifiedDate":"2023-10-09"},{"lineNumber":23,"author":{"gitId":"ICubE-"},"content":"        this.workList \u003d workList;","lastModifiedDate":"2023-10-09"},{"lineNumber":24,"author":{"gitId":"ICubE-"},"content":"    }","lastModifiedDate":"2023-10-09"},{"lineNumber":25,"author":{"gitId":"ICubE-"},"content":"","lastModifiedDate":"2023-10-09"},{"lineNumber":26,"author":{"gitId":"ICubE-"},"content":"    /**","lastModifiedDate":"2023-10-10"},{"lineNumber":27,"author":{"gitId":"ICubE-"},"content":"     * Execute the command.","lastModifiedDate":"2023-10-10"},{"lineNumber":28,"author":{"gitId":"ICubE-"},"content":"     *","lastModifiedDate":"2023-10-10"},{"lineNumber":29,"author":{"gitId":"ICubE-"},"content":"     * @return result of the execution","lastModifiedDate":"2023-10-10"},{"lineNumber":30,"author":{"gitId":"ICubE-"},"content":"     */","lastModifiedDate":"2023-10-10"},{"lineNumber":31,"author":{"gitId":"ICubE-"},"content":"    public abstract CommandResult execute();","lastModifiedDate":"2023-10-09"},{"lineNumber":32,"author":{"gitId":"ICubE-"},"content":"","lastModifiedDate":"2023-10-10"},{"lineNumber":33,"author":{"gitId":"ICubE-"},"content":"    /**","lastModifiedDate":"2023-10-10"},{"lineNumber":34,"author":{"gitId":"ICubE-"},"content":"     * Apply arguments to its field using parser.","lastModifiedDate":"2023-10-10"},{"lineNumber":35,"author":{"gitId":"ICubE-"},"content":"     *","lastModifiedDate":"2023-10-10"},{"lineNumber":36,"author":{"gitId":"ICubE-"},"content":"     * @param args arguments as a string","lastModifiedDate":"2023-10-10"},{"lineNumber":37,"author":{"gitId":"ICubE-"},"content":"     * @param parser parser","lastModifiedDate":"2023-10-10"},{"lineNumber":38,"author":{"gitId":"ICubE-"},"content":"     */","lastModifiedDate":"2023-10-10"},{"lineNumber":39,"author":{"gitId":"ICubE-"},"content":"    public abstract void setArguments(String args, CommandParser parser);","lastModifiedDate":"2023-10-10"},{"lineNumber":40,"author":{"gitId":"ICubE-"},"content":"","lastModifiedDate":"2023-10-10"},{"lineNumber":41,"author":{"gitId":"ICubE-"},"content":"    /**","lastModifiedDate":"2023-10-10"},{"lineNumber":42,"author":{"gitId":"ICubE-"},"content":"     * Returns help of the command.","lastModifiedDate":"2023-10-10"},{"lineNumber":43,"author":{"gitId":"ICubE-"},"content":"     *","lastModifiedDate":"2023-10-10"},{"lineNumber":44,"author":{"gitId":"ICubE-"},"content":"     * @return help","lastModifiedDate":"2023-10-10"},{"lineNumber":45,"author":{"gitId":"ICubE-"},"content":"     */","lastModifiedDate":"2023-10-10"},{"lineNumber":46,"author":{"gitId":"ICubE-"},"content":"    protected abstract String getHelp();","lastModifiedDate":"2023-10-10"},{"lineNumber":47,"author":{"gitId":"ICubE-"},"content":"}","lastModifiedDate":"2023-10-09"}],"authorContributionMap":{"ICubE-":47}},{"path":"src/main/java/fittrack/command/CommandResult.java","fileType":"functional-code","lines":[{"lineNumber":1,"author":{"gitId":"ICubE-"},"content":"package fittrack.command;","lastModifiedDate":"2023-10-09"},{"lineNumber":2,"author":{"gitId":"ICubE-"},"content":"","lastModifiedDate":"2023-10-09"},{"lineNumber":3,"author":{"gitId":"ICubE-"},"content":"public class CommandResult {","lastModifiedDate":"2023-10-09"},{"lineNumber":4,"author":{"gitId":"ICubE-"},"content":"    private String feedback;","lastModifiedDate":"2023-10-09"},{"lineNumber":5,"author":{"gitId":"ICubE-"},"content":"","lastModifiedDate":"2023-10-09"},{"lineNumber":6,"author":{"gitId":"ICubE-"},"content":"    public CommandResult(String feedback) {","lastModifiedDate":"2023-10-09"},{"lineNumber":7,"author":{"gitId":"ICubE-"},"content":"        setFeedback(feedback);","lastModifiedDate":"2023-10-09"},{"lineNumber":8,"author":{"gitId":"ICubE-"},"content":"    }","lastModifiedDate":"2023-10-09"},{"lineNumber":9,"author":{"gitId":"ICubE-"},"content":"","lastModifiedDate":"2023-10-09"},{"lineNumber":10,"author":{"gitId":"ICubE-"},"content":"    public String getFeedback() {","lastModifiedDate":"2023-10-09"},{"lineNumber":11,"author":{"gitId":"ICubE-"},"content":"        return feedback;","lastModifiedDate":"2023-10-09"},{"lineNumber":12,"author":{"gitId":"ICubE-"},"content":"    }","lastModifiedDate":"2023-10-09"},{"lineNumber":13,"author":{"gitId":"ICubE-"},"content":"","lastModifiedDate":"2023-10-09"},{"lineNumber":14,"author":{"gitId":"ICubE-"},"content":"    public void setFeedback(String feedback) {","lastModifiedDate":"2023-10-09"},{"lineNumber":15,"author":{"gitId":"ICubE-"},"content":"        this.feedback \u003d feedback;","lastModifiedDate":"2023-10-09"},{"lineNumber":16,"author":{"gitId":"ICubE-"},"content":"    }","lastModifiedDate":"2023-10-09"},{"lineNumber":17,"author":{"gitId":"ICubE-"},"content":"}","lastModifiedDate":"2023-10-09"}],"authorContributionMap":{"ICubE-":17}},{"path":"src/main/java/fittrack/command/DeleteMealCommand.java","fileType":"functional-code","lines":[{"lineNumber":1,"author":{"gitId":"ICubE-"},"content":"package fittrack.command;","lastModifiedDate":"2023-10-09"},{"lineNumber":2,"author":{"gitId":"ICubE-"},"content":"","lastModifiedDate":"2023-10-09"},{"lineNumber":3,"author":{"gitId":"ICubE-"},"content":"import fittrack.parser.CommandParser;","lastModifiedDate":"2023-10-10"},{"lineNumber":4,"author":{"gitId":"ICubE-"},"content":"","lastModifiedDate":"2023-10-10"},{"lineNumber":5,"author":{"gitId":"ICubE-"},"content":"public class DeleteMealCommand extends Command {","lastModifiedDate":"2023-10-09"},{"lineNumber":6,"author":{"gitId":"ICubE-"},"content":"    public static final String COMMAND_WORD \u003d \"deletemeal\";","lastModifiedDate":"2023-10-09"},{"lineNumber":7,"author":{"gitId":"ICubE-"},"content":"","lastModifiedDate":"2023-10-09"},{"lineNumber":8,"author":{"gitId":"ICubE-"},"content":"    @Override","lastModifiedDate":"2023-10-09"},{"lineNumber":9,"author":{"gitId":"ICubE-"},"content":"    public CommandResult execute() {","lastModifiedDate":"2023-10-09"},{"lineNumber":10,"author":{"gitId":"ICubE-"},"content":"        return null;","lastModifiedDate":"2023-10-09"},{"lineNumber":11,"author":{"gitId":"ICubE-"},"content":"    }","lastModifiedDate":"2023-10-09"},{"lineNumber":12,"author":{"gitId":"ICubE-"},"content":"","lastModifiedDate":"2023-10-10"},{"lineNumber":13,"author":{"gitId":"ICubE-"},"content":"    @Override","lastModifiedDate":"2023-10-10"},{"lineNumber":14,"author":{"gitId":"ICubE-"},"content":"    public void setArguments(String args, CommandParser parser) {","lastModifiedDate":"2023-10-10"},{"lineNumber":15,"author":{"gitId":"ICubE-"},"content":"","lastModifiedDate":"2023-10-10"},{"lineNumber":16,"author":{"gitId":"ICubE-"},"content":"    }","lastModifiedDate":"2023-10-10"},{"lineNumber":17,"author":{"gitId":"ICubE-"},"content":"","lastModifiedDate":"2023-10-10"},{"lineNumber":18,"author":{"gitId":"ICubE-"},"content":"    @Override","lastModifiedDate":"2023-10-10"},{"lineNumber":19,"author":{"gitId":"ICubE-"},"content":"    protected String getHelp() {","lastModifiedDate":"2023-10-10"},{"lineNumber":20,"author":{"gitId":"ICubE-"},"content":"        return null;","lastModifiedDate":"2023-10-10"},{"lineNumber":21,"author":{"gitId":"ICubE-"},"content":"    }","lastModifiedDate":"2023-10-10"},{"lineNumber":22,"author":{"gitId":"ICubE-"},"content":"}","lastModifiedDate":"2023-10-09"}],"authorContributionMap":{"ICubE-":22}},{"path":"src/main/java/fittrack/command/DeleteWorkCommand.java","fileType":"functional-code","lines":[{"lineNumber":1,"author":{"gitId":"ICubE-"},"content":"package fittrack.command;","lastModifiedDate":"2023-10-09"},{"lineNumber":2,"author":{"gitId":"ICubE-"},"content":"","lastModifiedDate":"2023-10-09"},{"lineNumber":3,"author":{"gitId":"ICubE-"},"content":"import fittrack.parser.CommandParser;","lastModifiedDate":"2023-10-10"},{"lineNumber":4,"author":{"gitId":"ICubE-"},"content":"","lastModifiedDate":"2023-10-10"},{"lineNumber":5,"author":{"gitId":"ICubE-"},"content":"public class DeleteWorkCommand extends Command {","lastModifiedDate":"2023-10-09"},{"lineNumber":6,"author":{"gitId":"ICubE-"},"content":"    public static final String COMMAND_WORD \u003d \"deletework\";","lastModifiedDate":"2023-10-09"},{"lineNumber":7,"author":{"gitId":"ICubE-"},"content":"","lastModifiedDate":"2023-10-09"},{"lineNumber":8,"author":{"gitId":"ICubE-"},"content":"    @Override","lastModifiedDate":"2023-10-09"},{"lineNumber":9,"author":{"gitId":"ICubE-"},"content":"    public CommandResult execute() {","lastModifiedDate":"2023-10-09"},{"lineNumber":10,"author":{"gitId":"ICubE-"},"content":"        return null;","lastModifiedDate":"2023-10-09"},{"lineNumber":11,"author":{"gitId":"ICubE-"},"content":"    }","lastModifiedDate":"2023-10-09"},{"lineNumber":12,"author":{"gitId":"ICubE-"},"content":"","lastModifiedDate":"2023-10-10"},{"lineNumber":13,"author":{"gitId":"ICubE-"},"content":"    @Override","lastModifiedDate":"2023-10-10"},{"lineNumber":14,"author":{"gitId":"ICubE-"},"content":"    public void setArguments(String args, CommandParser parser) {","lastModifiedDate":"2023-10-10"},{"lineNumber":15,"author":{"gitId":"ICubE-"},"content":"","lastModifiedDate":"2023-10-10"},{"lineNumber":16,"author":{"gitId":"ICubE-"},"content":"    }","lastModifiedDate":"2023-10-10"},{"lineNumber":17,"author":{"gitId":"ICubE-"},"content":"","lastModifiedDate":"2023-10-10"},{"lineNumber":18,"author":{"gitId":"ICubE-"},"content":"    @Override","lastModifiedDate":"2023-10-10"},{"lineNumber":19,"author":{"gitId":"ICubE-"},"content":"    protected String getHelp() {","lastModifiedDate":"2023-10-10"},{"lineNumber":20,"author":{"gitId":"ICubE-"},"content":"        return null;","lastModifiedDate":"2023-10-10"},{"lineNumber":21,"author":{"gitId":"ICubE-"},"content":"    }","lastModifiedDate":"2023-10-10"},{"lineNumber":22,"author":{"gitId":"ICubE-"},"content":"}","lastModifiedDate":"2023-10-09"}],"authorContributionMap":{"ICubE-":22}},{"path":"src/main/java/fittrack/command/EditProfileCommand.java","fileType":"functional-code","lines":[{"lineNumber":1,"author":{"gitId":"ICubE-"},"content":"package fittrack.command;","lastModifiedDate":"2023-10-09"},{"lineNumber":2,"author":{"gitId":"ICubE-"},"content":"","lastModifiedDate":"2023-10-09"},{"lineNumber":3,"author":{"gitId":"ICubE-"},"content":"import fittrack.parser.CommandParser;","lastModifiedDate":"2023-10-10"},{"lineNumber":4,"author":{"gitId":"ICubE-"},"content":"","lastModifiedDate":"2023-10-10"},{"lineNumber":5,"author":{"gitId":"ICubE-"},"content":"public class EditProfileCommand extends Command {","lastModifiedDate":"2023-10-09"},{"lineNumber":6,"author":{"gitId":"ICubE-"},"content":"    public static final String COMMAND_WORD \u003d \"editprofile\";","lastModifiedDate":"2023-10-09"},{"lineNumber":7,"author":{"gitId":"ICubE-"},"content":"","lastModifiedDate":"2023-10-09"},{"lineNumber":8,"author":{"gitId":"ICubE-"},"content":"    @Override","lastModifiedDate":"2023-10-09"},{"lineNumber":9,"author":{"gitId":"ICubE-"},"content":"    public CommandResult execute() {","lastModifiedDate":"2023-10-09"},{"lineNumber":10,"author":{"gitId":"ICubE-"},"content":"        return null;","lastModifiedDate":"2023-10-09"},{"lineNumber":11,"author":{"gitId":"ICubE-"},"content":"    }","lastModifiedDate":"2023-10-09"},{"lineNumber":12,"author":{"gitId":"ICubE-"},"content":"","lastModifiedDate":"2023-10-10"},{"lineNumber":13,"author":{"gitId":"ICubE-"},"content":"    @Override","lastModifiedDate":"2023-10-10"},{"lineNumber":14,"author":{"gitId":"ICubE-"},"content":"    public void setArguments(String args, CommandParser parser) {","lastModifiedDate":"2023-10-10"},{"lineNumber":15,"author":{"gitId":"ICubE-"},"content":"","lastModifiedDate":"2023-10-10"},{"lineNumber":16,"author":{"gitId":"ICubE-"},"content":"    }","lastModifiedDate":"2023-10-10"},{"lineNumber":17,"author":{"gitId":"ICubE-"},"content":"","lastModifiedDate":"2023-10-10"},{"lineNumber":18,"author":{"gitId":"ICubE-"},"content":"    @Override","lastModifiedDate":"2023-10-10"},{"lineNumber":19,"author":{"gitId":"ICubE-"},"content":"    protected String getHelp() {","lastModifiedDate":"2023-10-10"},{"lineNumber":20,"author":{"gitId":"ICubE-"},"content":"        return null;","lastModifiedDate":"2023-10-10"},{"lineNumber":21,"author":{"gitId":"ICubE-"},"content":"    }","lastModifiedDate":"2023-10-10"},{"lineNumber":22,"author":{"gitId":"ICubE-"},"content":"}","lastModifiedDate":"2023-10-09"}],"authorContributionMap":{"ICubE-":22}},{"path":"src/main/java/fittrack/command/ExitCommand.java","fileType":"functional-code","lines":[{"lineNumber":1,"author":{"gitId":"ICubE-"},"content":"package fittrack.command;","lastModifiedDate":"2023-10-09"},{"lineNumber":2,"author":{"gitId":"ICubE-"},"content":"","lastModifiedDate":"2023-10-09"},{"lineNumber":3,"author":{"gitId":"ICubE-"},"content":"import fittrack.parser.CommandParser;","lastModifiedDate":"2023-10-10"},{"lineNumber":4,"author":{"gitId":"ICubE-"},"content":"","lastModifiedDate":"2023-10-10"},{"lineNumber":5,"author":{"gitId":"ICubE-"},"content":"public class ExitCommand extends Command {","lastModifiedDate":"2023-10-09"},{"lineNumber":6,"author":{"gitId":"ICubE-"},"content":"    public static final String COMMAND_WORD \u003d \"exit\";","lastModifiedDate":"2023-10-09"},{"lineNumber":7,"author":{"gitId":"ICubE-"},"content":"    private static final String DESCRIPTION \u003d \"`\" + COMMAND_WORD + \"` makes you to exit this program.\";","lastModifiedDate":"2023-10-10"},{"lineNumber":8,"author":{"gitId":"ICubE-"},"content":"    private static final String USAGE \u003d \"Type `exit` to exit.\";","lastModifiedDate":"2023-10-10"},{"lineNumber":9,"author":{"gitId":"ICubE-"},"content":"    private static final String HELP \u003d DESCRIPTION + \"\\n\" + USAGE;","lastModifiedDate":"2023-10-10"},{"lineNumber":10,"author":{"gitId":"ICubE-"},"content":"","lastModifiedDate":"2023-10-10"},{"lineNumber":11,"author":{"gitId":"ICubE-"},"content":"    private static final String MESSAGE_EXIT \u003d \"bye!\";","lastModifiedDate":"2023-10-10"},{"lineNumber":12,"author":{"gitId":"ICubE-"},"content":"","lastModifiedDate":"2023-10-09"},{"lineNumber":13,"author":{"gitId":"ICubE-"},"content":"    public static boolean isExit(Command command) {","lastModifiedDate":"2023-10-09"},{"lineNumber":14,"author":{"gitId":"ICubE-"},"content":"        return command instanceof ExitCommand;","lastModifiedDate":"2023-10-09"},{"lineNumber":15,"author":{"gitId":"ICubE-"},"content":"    }","lastModifiedDate":"2023-10-09"},{"lineNumber":16,"author":{"gitId":"ICubE-"},"content":"","lastModifiedDate":"2023-10-09"},{"lineNumber":17,"author":{"gitId":"ICubE-"},"content":"    @Override","lastModifiedDate":"2023-10-09"},{"lineNumber":18,"author":{"gitId":"ICubE-"},"content":"    public CommandResult execute() {","lastModifiedDate":"2023-10-09"},{"lineNumber":19,"author":{"gitId":"ICubE-"},"content":"        return new CommandResult(MESSAGE_EXIT);","lastModifiedDate":"2023-10-09"},{"lineNumber":20,"author":{"gitId":"ICubE-"},"content":"    }","lastModifiedDate":"2023-10-09"},{"lineNumber":21,"author":{"gitId":"ICubE-"},"content":"","lastModifiedDate":"2023-10-10"},{"lineNumber":22,"author":{"gitId":"ICubE-"},"content":"    @Override","lastModifiedDate":"2023-10-10"},{"lineNumber":23,"author":{"gitId":"ICubE-"},"content":"    public void setArguments(String args, CommandParser parser) {","lastModifiedDate":"2023-10-10"},{"lineNumber":24,"author":{"gitId":"ICubE-"},"content":"    }","lastModifiedDate":"2023-10-10"},{"lineNumber":25,"author":{"gitId":"ICubE-"},"content":"","lastModifiedDate":"2023-10-10"},{"lineNumber":26,"author":{"gitId":"ICubE-"},"content":"    @Override","lastModifiedDate":"2023-10-10"},{"lineNumber":27,"author":{"gitId":"ICubE-"},"content":"    protected String getHelp() {","lastModifiedDate":"2023-10-10"},{"lineNumber":28,"author":{"gitId":"ICubE-"},"content":"        return HELP;","lastModifiedDate":"2023-10-10"},{"lineNumber":29,"author":{"gitId":"ICubE-"},"content":"    }","lastModifiedDate":"2023-10-10"},{"lineNumber":30,"author":{"gitId":"ICubE-"},"content":"}","lastModifiedDate":"2023-10-09"}],"authorContributionMap":{"ICubE-":30}},{"path":"src/main/java/fittrack/command/HelpCommand.java","fileType":"functional-code","lines":[{"lineNumber":1,"author":{"gitId":"ICubE-"},"content":"package fittrack.command;","lastModifiedDate":"2023-10-09"},{"lineNumber":2,"author":{"gitId":"ICubE-"},"content":"","lastModifiedDate":"2023-10-09"},{"lineNumber":3,"author":{"gitId":"ICubE-"},"content":"import fittrack.parser.CommandParser;","lastModifiedDate":"2023-10-10"},{"lineNumber":4,"author":{"gitId":"ICubE-"},"content":"","lastModifiedDate":"2023-10-10"},{"lineNumber":5,"author":{"gitId":"ICubE-"},"content":"import static fittrack.parser.CommandParser.ALL_COMMAND_WORDS;","lastModifiedDate":"2023-10-10"},{"lineNumber":6,"author":{"gitId":"ICubE-"},"content":"","lastModifiedDate":"2023-10-10"},{"lineNumber":7,"author":{"gitId":"ICubE-"},"content":"public class HelpCommand extends Command {","lastModifiedDate":"2023-10-09"},{"lineNumber":8,"author":{"gitId":"ICubE-"},"content":"","lastModifiedDate":"2023-10-10"},{"lineNumber":9,"author":{"gitId":"ICubE-"},"content":"    public static final String COMMAND_WORD \u003d \"help\";","lastModifiedDate":"2023-10-09"},{"lineNumber":10,"author":{"gitId":"ICubE-"},"content":"    private static final String DESCRIPTION \u003d \"`\" + COMMAND_WORD + \"` shows help message of the command.\";","lastModifiedDate":"2023-10-10"},{"lineNumber":11,"author":{"gitId":"ICubE-"},"content":"    private static final String KNOWN_COMMANDS \u003d \"Existing commands:\\n\" + ALL_COMMAND_WORDS;","lastModifiedDate":"2023-10-10"},{"lineNumber":12,"author":{"gitId":"ICubE-"},"content":"    private static final String USAGE \u003d \"Type `help` or `help \u003cCOMMAND\u003e` to view help.\";","lastModifiedDate":"2023-10-10"},{"lineNumber":13,"author":{"gitId":"ICubE-"},"content":"    private static final String HELP \u003d DESCRIPTION + \"\\n\" + KNOWN_COMMANDS + \"\\n\" + USAGE;","lastModifiedDate":"2023-10-10"},{"lineNumber":14,"author":{"gitId":"ICubE-"},"content":"","lastModifiedDate":"2023-10-10"},{"lineNumber":15,"author":{"gitId":"ICubE-"},"content":"    private static final String MESSAGE_INVALID_COMMAND \u003d \"`%s` is an invalid command.\\n\" + USAGE;","lastModifiedDate":"2023-10-10"},{"lineNumber":16,"author":{"gitId":"ICubE-"},"content":"","lastModifiedDate":"2023-10-10"},{"lineNumber":17,"author":{"gitId":"ICubE-"},"content":"    private String helpMessage;","lastModifiedDate":"2023-10-10"},{"lineNumber":18,"author":{"gitId":"ICubE-"},"content":"","lastModifiedDate":"2023-10-09"},{"lineNumber":19,"author":{"gitId":"ICubE-"},"content":"    @Override","lastModifiedDate":"2023-10-09"},{"lineNumber":20,"author":{"gitId":"ICubE-"},"content":"    public CommandResult execute() {","lastModifiedDate":"2023-10-09"},{"lineNumber":21,"author":{"gitId":"ICubE-"},"content":"        return new CommandResult(helpMessage);","lastModifiedDate":"2023-10-10"},{"lineNumber":22,"author":{"gitId":"ICubE-"},"content":"    }","lastModifiedDate":"2023-10-10"},{"lineNumber":23,"author":{"gitId":"ICubE-"},"content":"","lastModifiedDate":"2023-10-10"},{"lineNumber":24,"author":{"gitId":"ICubE-"},"content":"    @Override","lastModifiedDate":"2023-10-10"},{"lineNumber":25,"author":{"gitId":"ICubE-"},"content":"    public void setArguments(String args, CommandParser parser) {","lastModifiedDate":"2023-10-10"},{"lineNumber":26,"author":{"gitId":"ICubE-"},"content":"        String word \u003d parser.getFirstWord(args);","lastModifiedDate":"2023-10-10"},{"lineNumber":27,"author":{"gitId":"ICubE-"},"content":"        if (word.isEmpty()) {","lastModifiedDate":"2023-10-10"},{"lineNumber":28,"author":{"gitId":"ICubE-"},"content":"            helpMessage \u003d getHelp();","lastModifiedDate":"2023-10-10"},{"lineNumber":29,"author":{"gitId":"ICubE-"},"content":"            return;","lastModifiedDate":"2023-10-10"},{"lineNumber":30,"author":{"gitId":"ICubE-"},"content":"        }","lastModifiedDate":"2023-10-10"},{"lineNumber":31,"author":{"gitId":"ICubE-"},"content":"","lastModifiedDate":"2023-10-10"},{"lineNumber":32,"author":{"gitId":"ICubE-"},"content":"        Command blankCommand \u003d parser.getBlankCommand(word);","lastModifiedDate":"2023-10-10"},{"lineNumber":33,"author":{"gitId":"ICubE-"},"content":"        if (blankCommand instanceof InvalidCommand) {","lastModifiedDate":"2023-10-10"},{"lineNumber":34,"author":{"gitId":"ICubE-"},"content":"            helpMessage \u003d String.format(MESSAGE_INVALID_COMMAND, word);","lastModifiedDate":"2023-10-10"},{"lineNumber":35,"author":{"gitId":"ICubE-"},"content":"            return;","lastModifiedDate":"2023-10-10"},{"lineNumber":36,"author":{"gitId":"ICubE-"},"content":"        }","lastModifiedDate":"2023-10-10"},{"lineNumber":37,"author":{"gitId":"ICubE-"},"content":"","lastModifiedDate":"2023-10-10"},{"lineNumber":38,"author":{"gitId":"ICubE-"},"content":"        helpMessage \u003d blankCommand.getHelp();","lastModifiedDate":"2023-10-10"},{"lineNumber":39,"author":{"gitId":"ICubE-"},"content":"    }","lastModifiedDate":"2023-10-10"},{"lineNumber":40,"author":{"gitId":"ICubE-"},"content":"","lastModifiedDate":"2023-10-10"},{"lineNumber":41,"author":{"gitId":"ICubE-"},"content":"    @Override","lastModifiedDate":"2023-10-10"},{"lineNumber":42,"author":{"gitId":"ICubE-"},"content":"    protected String getHelp() {","lastModifiedDate":"2023-10-10"},{"lineNumber":43,"author":{"gitId":"ICubE-"},"content":"        return HELP;","lastModifiedDate":"2023-10-10"},{"lineNumber":44,"author":{"gitId":"ICubE-"},"content":"    }","lastModifiedDate":"2023-10-09"},{"lineNumber":45,"author":{"gitId":"ICubE-"},"content":"}","lastModifiedDate":"2023-10-09"}],"authorContributionMap":{"ICubE-":45}},{"path":"src/main/java/fittrack/command/InvalidCommand.java","fileType":"functional-code","lines":[{"lineNumber":1,"author":{"gitId":"ICubE-"},"content":"package fittrack.command;","lastModifiedDate":"2023-10-10"},{"lineNumber":2,"author":{"gitId":"ICubE-"},"content":"","lastModifiedDate":"2023-10-10"},{"lineNumber":3,"author":{"gitId":"ICubE-"},"content":"import fittrack.parser.CommandParser;","lastModifiedDate":"2023-10-10"},{"lineNumber":4,"author":{"gitId":"ICubE-"},"content":"","lastModifiedDate":"2023-10-10"},{"lineNumber":5,"author":{"gitId":"ICubE-"},"content":"public class InvalidCommand extends Command {","lastModifiedDate":"2023-10-10"},{"lineNumber":6,"author":{"gitId":"ICubE-"},"content":"    private final String inputWord;","lastModifiedDate":"2023-10-10"},{"lineNumber":7,"author":{"gitId":"ICubE-"},"content":"    private HelpCommand helpCommand;","lastModifiedDate":"2023-10-10"},{"lineNumber":8,"author":{"gitId":"ICubE-"},"content":"","lastModifiedDate":"2023-10-10"},{"lineNumber":9,"author":{"gitId":"ICubE-"},"content":"    public InvalidCommand(String inputWord) {","lastModifiedDate":"2023-10-10"},{"lineNumber":10,"author":{"gitId":"ICubE-"},"content":"        this.inputWord \u003d inputWord;","lastModifiedDate":"2023-10-10"},{"lineNumber":11,"author":{"gitId":"ICubE-"},"content":"    }","lastModifiedDate":"2023-10-10"},{"lineNumber":12,"author":{"gitId":"ICubE-"},"content":"","lastModifiedDate":"2023-10-10"},{"lineNumber":13,"author":{"gitId":"ICubE-"},"content":"    @Override","lastModifiedDate":"2023-10-10"},{"lineNumber":14,"author":{"gitId":"ICubE-"},"content":"    public CommandResult execute() {","lastModifiedDate":"2023-10-10"},{"lineNumber":15,"author":{"gitId":"ICubE-"},"content":"        return helpCommand.execute();","lastModifiedDate":"2023-10-10"},{"lineNumber":16,"author":{"gitId":"ICubE-"},"content":"    }","lastModifiedDate":"2023-10-10"},{"lineNumber":17,"author":{"gitId":"ICubE-"},"content":"","lastModifiedDate":"2023-10-10"},{"lineNumber":18,"author":{"gitId":"ICubE-"},"content":"    @Override","lastModifiedDate":"2023-10-10"},{"lineNumber":19,"author":{"gitId":"ICubE-"},"content":"    public void setArguments(String args, CommandParser parser) {","lastModifiedDate":"2023-10-10"},{"lineNumber":20,"author":{"gitId":"ICubE-"},"content":"        helpCommand \u003d new HelpCommand();","lastModifiedDate":"2023-10-10"},{"lineNumber":21,"author":{"gitId":"ICubE-"},"content":"        helpCommand.setArguments(inputWord, parser);","lastModifiedDate":"2023-10-10"},{"lineNumber":22,"author":{"gitId":"ICubE-"},"content":"    }","lastModifiedDate":"2023-10-10"},{"lineNumber":23,"author":{"gitId":"ICubE-"},"content":"","lastModifiedDate":"2023-10-10"},{"lineNumber":24,"author":{"gitId":"ICubE-"},"content":"    @Override","lastModifiedDate":"2023-10-10"},{"lineNumber":25,"author":{"gitId":"ICubE-"},"content":"    protected String getHelp() {","lastModifiedDate":"2023-10-10"},{"lineNumber":26,"author":{"gitId":"ICubE-"},"content":"        throw new UnsupportedOperationException();","lastModifiedDate":"2023-10-10"},{"lineNumber":27,"author":{"gitId":"ICubE-"},"content":"    }","lastModifiedDate":"2023-10-10"},{"lineNumber":28,"author":{"gitId":"ICubE-"},"content":"}","lastModifiedDate":"2023-10-10"}],"authorContributionMap":{"ICubE-":28}},{"path":"src/main/java/fittrack/command/ListWorkoutCommand.java","fileType":"functional-code","lines":[{"lineNumber":1,"author":{"gitId":"farissirraj"},"content":"package fittrack.command;","lastModifiedDate":"2023-10-09"},{"lineNumber":2,"author":{"gitId":"farissirraj"},"content":"","lastModifiedDate":"2023-10-09"},{"lineNumber":3,"author":{"gitId":"ICubE-"},"content":"import fittrack.parser.CommandParser;","lastModifiedDate":"2023-10-10"},{"lineNumber":4,"author":{"gitId":"ICubE-"},"content":"","lastModifiedDate":"2023-10-10"},{"lineNumber":5,"author":{"gitId":"farissirraj"},"content":"public class ListWorkoutCommand extends Command {","lastModifiedDate":"2023-10-09"},{"lineNumber":6,"author":{"gitId":"farissirraj"},"content":"    public static final String COMMAND_WORD \u003d \"listWorkout\";","lastModifiedDate":"2023-10-09"},{"lineNumber":7,"author":{"gitId":"farissirraj"},"content":"","lastModifiedDate":"2023-10-09"},{"lineNumber":8,"author":{"gitId":"farissirraj"},"content":"    @Override","lastModifiedDate":"2023-10-09"},{"lineNumber":9,"author":{"gitId":"farissirraj"},"content":"    public CommandResult execute() {","lastModifiedDate":"2023-10-09"},{"lineNumber":10,"author":{"gitId":"farissirraj"},"content":"        return null;","lastModifiedDate":"2023-10-09"},{"lineNumber":11,"author":{"gitId":"farissirraj"},"content":"    }","lastModifiedDate":"2023-10-09"},{"lineNumber":12,"author":{"gitId":"ICubE-"},"content":"","lastModifiedDate":"2023-10-10"},{"lineNumber":13,"author":{"gitId":"ICubE-"},"content":"    @Override","lastModifiedDate":"2023-10-10"},{"lineNumber":14,"author":{"gitId":"ICubE-"},"content":"    public void setArguments(String args, CommandParser parser) {","lastModifiedDate":"2023-10-10"},{"lineNumber":15,"author":{"gitId":"ICubE-"},"content":"","lastModifiedDate":"2023-10-10"},{"lineNumber":16,"author":{"gitId":"ICubE-"},"content":"    }","lastModifiedDate":"2023-10-10"},{"lineNumber":17,"author":{"gitId":"ICubE-"},"content":"","lastModifiedDate":"2023-10-10"},{"lineNumber":18,"author":{"gitId":"ICubE-"},"content":"    @Override","lastModifiedDate":"2023-10-10"},{"lineNumber":19,"author":{"gitId":"ICubE-"},"content":"    protected String getHelp() {","lastModifiedDate":"2023-10-10"},{"lineNumber":20,"author":{"gitId":"ICubE-"},"content":"        return null;","lastModifiedDate":"2023-10-10"},{"lineNumber":21,"author":{"gitId":"ICubE-"},"content":"    }","lastModifiedDate":"2023-10-10"},{"lineNumber":22,"author":{"gitId":"farissirraj"},"content":"}","lastModifiedDate":"2023-10-09"},{"lineNumber":23,"author":{"gitId":"farissirraj"},"content":"","lastModifiedDate":"2023-10-09"}],"authorContributionMap":{"ICubE-":12,"farissirraj":11}},{"path":"src/main/java/fittrack/command/SetDailyCalorieSurplusLimitCommand.java","fileType":"functional-code","lines":[{"lineNumber":1,"author":{"gitId":"farissirraj"},"content":"package fittrack.command;","lastModifiedDate":"2023-10-09"},{"lineNumber":2,"author":{"gitId":"farissirraj"},"content":"","lastModifiedDate":"2023-10-09"},{"lineNumber":3,"author":{"gitId":"ICubE-"},"content":"import fittrack.parser.CommandParser;","lastModifiedDate":"2023-10-10"},{"lineNumber":4,"author":{"gitId":"ICubE-"},"content":"","lastModifiedDate":"2023-10-10"},{"lineNumber":5,"author":{"gitId":"ICubE-"},"content":"public class SetDailyCalorieSurplusLimitCommand extends Command {","lastModifiedDate":"2023-10-11"},{"lineNumber":6,"author":{"gitId":"farissirraj"},"content":"    public static final String COMMAND_WORD \u003d \"setDCL\";","lastModifiedDate":"2023-10-09"},{"lineNumber":7,"author":{"gitId":"farissirraj"},"content":"","lastModifiedDate":"2023-10-09"},{"lineNumber":8,"author":{"gitId":"farissirraj"},"content":"    @Override","lastModifiedDate":"2023-10-09"},{"lineNumber":9,"author":{"gitId":"farissirraj"},"content":"    public CommandResult execute() {","lastModifiedDate":"2023-10-09"},{"lineNumber":10,"author":{"gitId":"farissirraj"},"content":"        return null;","lastModifiedDate":"2023-10-09"},{"lineNumber":11,"author":{"gitId":"farissirraj"},"content":"    }","lastModifiedDate":"2023-10-09"},{"lineNumber":12,"author":{"gitId":"ICubE-"},"content":"","lastModifiedDate":"2023-10-10"},{"lineNumber":13,"author":{"gitId":"ICubE-"},"content":"    @Override","lastModifiedDate":"2023-10-10"},{"lineNumber":14,"author":{"gitId":"ICubE-"},"content":"    public void setArguments(String args, CommandParser parser) {","lastModifiedDate":"2023-10-10"},{"lineNumber":15,"author":{"gitId":"ICubE-"},"content":"","lastModifiedDate":"2023-10-10"},{"lineNumber":16,"author":{"gitId":"ICubE-"},"content":"    }","lastModifiedDate":"2023-10-10"},{"lineNumber":17,"author":{"gitId":"ICubE-"},"content":"","lastModifiedDate":"2023-10-10"},{"lineNumber":18,"author":{"gitId":"ICubE-"},"content":"    @Override","lastModifiedDate":"2023-10-10"},{"lineNumber":19,"author":{"gitId":"ICubE-"},"content":"    protected String getHelp() {","lastModifiedDate":"2023-10-10"},{"lineNumber":20,"author":{"gitId":"ICubE-"},"content":"        return null;","lastModifiedDate":"2023-10-10"},{"lineNumber":21,"author":{"gitId":"ICubE-"},"content":"    }","lastModifiedDate":"2023-10-10"},{"lineNumber":22,"author":{"gitId":"farissirraj"},"content":"}","lastModifiedDate":"2023-10-09"},{"lineNumber":23,"author":{"gitId":"farissirraj"},"content":"","lastModifiedDate":"2023-10-09"}],"authorContributionMap":{"ICubE-":13,"farissirraj":10}},{"path":"src/main/java/fittrack/parser/CommandParser.java","fileType":"functional-code","lines":[{"lineNumber":1,"author":{"gitId":"ICubE-"},"content":"package fittrack.parser;","lastModifiedDate":"2023-10-09"},{"lineNumber":2,"author":{"gitId":"ICubE-"},"content":"","lastModifiedDate":"2023-10-09"},{"lineNumber":3,"author":{"gitId":"ICubE-"},"content":"import fittrack.command.AddMealCommand;","lastModifiedDate":"2023-10-10"},{"lineNumber":4,"author":{"gitId":"ICubE-"},"content":"import fittrack.command.AddWorkCommand;","lastModifiedDate":"2023-10-10"},{"lineNumber":5,"author":{"gitId":"ICubE-"},"content":"import fittrack.command.CheckDailyCalorieSurplusLimitCommand;","lastModifiedDate":"2023-10-11"},{"lineNumber":6,"author":{"gitId":"ICubE-"},"content":"import fittrack.command.CheckHeightCommand;","lastModifiedDate":"2023-10-10"},{"lineNumber":7,"author":{"gitId":"ICubE-"},"content":"import fittrack.command.CheckWeightCommand;","lastModifiedDate":"2023-10-10"},{"lineNumber":8,"author":{"gitId":"ICubE-"},"content":"import fittrack.command.Command;","lastModifiedDate":"2023-10-10"},{"lineNumber":9,"author":{"gitId":"ICubE-"},"content":"import fittrack.command.DeleteMealCommand;","lastModifiedDate":"2023-10-10"},{"lineNumber":10,"author":{"gitId":"ICubE-"},"content":"import fittrack.command.DeleteWorkCommand;","lastModifiedDate":"2023-10-10"},{"lineNumber":11,"author":{"gitId":"ICubE-"},"content":"import fittrack.command.EditProfileCommand;","lastModifiedDate":"2023-10-10"},{"lineNumber":12,"author":{"gitId":"ICubE-"},"content":"import fittrack.command.ExitCommand;","lastModifiedDate":"2023-10-10"},{"lineNumber":13,"author":{"gitId":"ICubE-"},"content":"import fittrack.command.HelpCommand;","lastModifiedDate":"2023-10-10"},{"lineNumber":14,"author":{"gitId":"ICubE-"},"content":"import fittrack.command.InvalidCommand;","lastModifiedDate":"2023-10-10"},{"lineNumber":15,"author":{"gitId":"ICubE-"},"content":"import fittrack.command.ListWorkoutCommand;","lastModifiedDate":"2023-10-10"},{"lineNumber":16,"author":{"gitId":"ICubE-"},"content":"import fittrack.command.SetDailyCalorieSurplusLimitCommand;","lastModifiedDate":"2023-10-11"},{"lineNumber":17,"author":{"gitId":"ICubE-"},"content":"","lastModifiedDate":"2023-10-09"},{"lineNumber":18,"author":{"gitId":"ICubE-"},"content":"import java.util.regex.Matcher;","lastModifiedDate":"2023-10-09"},{"lineNumber":19,"author":{"gitId":"ICubE-"},"content":"import java.util.regex.Pattern;","lastModifiedDate":"2023-10-09"},{"lineNumber":20,"author":{"gitId":"ICubE-"},"content":"","lastModifiedDate":"2023-10-09"},{"lineNumber":21,"author":{"gitId":"ICubE-"},"content":"public class CommandParser {","lastModifiedDate":"2023-10-09"},{"lineNumber":22,"author":{"gitId":"ICubE-"},"content":"    // This constant has to be changed whenever any command is added.","lastModifiedDate":"2023-10-10"},{"lineNumber":23,"author":{"gitId":"ICubE-"},"content":"    public static final String ALL_COMMAND_WORDS \u003d","lastModifiedDate":"2023-10-10"},{"lineNumber":24,"author":{"gitId":"ICubE-"},"content":"            \"help, exit, editprofile, addmeal, deletemeal, addwork, deletework, setlimit, listall\";","lastModifiedDate":"2023-10-10"},{"lineNumber":25,"author":{"gitId":"ICubE-"},"content":"","lastModifiedDate":"2023-10-10"},{"lineNumber":26,"author":{"gitId":"ICubE-"},"content":"    private static final Pattern COMMAND_PATTERN \u003d Pattern.compile(","lastModifiedDate":"2023-10-10"},{"lineNumber":27,"author":{"gitId":"ICubE-"},"content":"            \"(?\u003cword\u003e\\\\S+)(?\u003cargs\u003e.*)\"","lastModifiedDate":"2023-10-09"},{"lineNumber":28,"author":{"gitId":"ICubE-"},"content":"    );","lastModifiedDate":"2023-10-09"},{"lineNumber":29,"author":{"gitId":"ICubE-"},"content":"    private static final Pattern PROFILE_PATTERN \u003d Pattern.compile(","lastModifiedDate":"2023-10-10"},{"lineNumber":30,"author":{"gitId":"ICubE-"},"content":"            \"h/(?\u003cheight\u003e\\\\S+)\\\\s+w/(?\u003cweight\u003e\\\\S+)\"","lastModifiedDate":"2023-10-10"},{"lineNumber":31,"author":{"gitId":"ICubE-"},"content":"    );","lastModifiedDate":"2023-10-10"},{"lineNumber":32,"author":{"gitId":"ICubE-"},"content":"","lastModifiedDate":"2023-10-09"},{"lineNumber":33,"author":{"gitId":"ICubE-"},"content":"    public Command parseCommand(String userCommandLine) {","lastModifiedDate":"2023-10-09"},{"lineNumber":34,"author":{"gitId":"ICubE-"},"content":"        final Matcher matcher \u003d COMMAND_PATTERN.matcher(userCommandLine.strip());","lastModifiedDate":"2023-10-10"},{"lineNumber":35,"author":{"gitId":"ICubE-"},"content":"        if (!matcher.matches()) {","lastModifiedDate":"2023-10-09"},{"lineNumber":36,"author":{"gitId":"ICubE-"},"content":"            Command command \u003d new InvalidCommand(userCommandLine);","lastModifiedDate":"2023-10-10"},{"lineNumber":37,"author":{"gitId":"ICubE-"},"content":"            command.setArguments(null, this);","lastModifiedDate":"2023-10-10"},{"lineNumber":38,"author":{"gitId":"ICubE-"},"content":"            return command;","lastModifiedDate":"2023-10-10"},{"lineNumber":39,"author":{"gitId":"ICubE-"},"content":"        }","lastModifiedDate":"2023-10-10"},{"lineNumber":40,"author":{"gitId":"ICubE-"},"content":"","lastModifiedDate":"2023-10-10"},{"lineNumber":41,"author":{"gitId":"ICubE-"},"content":"        final String word \u003d matcher.group(\"word\").strip();","lastModifiedDate":"2023-10-10"},{"lineNumber":42,"author":{"gitId":"ICubE-"},"content":"        final String args \u003d matcher.group(\"args\").strip();","lastModifiedDate":"2023-10-10"},{"lineNumber":43,"author":{"gitId":"ICubE-"},"content":"","lastModifiedDate":"2023-10-10"},{"lineNumber":44,"author":{"gitId":"ICubE-"},"content":"        Command command \u003d getBlankCommand(word);","lastModifiedDate":"2023-10-10"},{"lineNumber":45,"author":{"gitId":"ICubE-"},"content":"        command.setArguments(args, this);","lastModifiedDate":"2023-10-10"},{"lineNumber":46,"author":{"gitId":"ICubE-"},"content":"        return command;","lastModifiedDate":"2023-10-10"},{"lineNumber":47,"author":{"gitId":"ICubE-"},"content":"    }","lastModifiedDate":"2023-10-09"},{"lineNumber":48,"author":{"gitId":"ICubE-"},"content":"","lastModifiedDate":"2023-10-09"},{"lineNumber":49,"author":{"gitId":"ICubE-"},"content":"    public Command getBlankCommand(String word) {","lastModifiedDate":"2023-10-10"},{"lineNumber":50,"author":{"gitId":"ICubE-"},"content":"        switch (word) {","lastModifiedDate":"2023-10-09"},{"lineNumber":51,"author":{"gitId":"ICubE-"},"content":"","lastModifiedDate":"2023-10-10"},{"lineNumber":52,"author":{"gitId":"ICubE-"},"content":"        case HelpCommand.COMMAND_WORD:","lastModifiedDate":"2023-10-10"},{"lineNumber":53,"author":{"gitId":"ICubE-"},"content":"            return new HelpCommand();","lastModifiedDate":"2023-10-10"},{"lineNumber":54,"author":{"gitId":"ICubE-"},"content":"        case ExitCommand.COMMAND_WORD:","lastModifiedDate":"2023-10-09"},{"lineNumber":55,"author":{"gitId":"ICubE-"},"content":"            return new ExitCommand();","lastModifiedDate":"2023-10-09"},{"lineNumber":56,"author":{"gitId":"ICubE-"},"content":"        case EditProfileCommand.COMMAND_WORD:","lastModifiedDate":"2023-10-09"},{"lineNumber":57,"author":{"gitId":"ICubE-"},"content":"            return new EditProfileCommand();","lastModifiedDate":"2023-10-09"},{"lineNumber":58,"author":{"gitId":"ICubE-"},"content":"        case AddMealCommand.COMMAND_WORD:","lastModifiedDate":"2023-10-09"},{"lineNumber":59,"author":{"gitId":"ICubE-"},"content":"            return new AddMealCommand();","lastModifiedDate":"2023-10-09"},{"lineNumber":60,"author":{"gitId":"ICubE-"},"content":"        case DeleteMealCommand.COMMAND_WORD:","lastModifiedDate":"2023-10-09"},{"lineNumber":61,"author":{"gitId":"ICubE-"},"content":"            return new DeleteMealCommand();","lastModifiedDate":"2023-10-09"},{"lineNumber":62,"author":{"gitId":"ICubE-"},"content":"        case AddWorkCommand.COMMAND_WORD:","lastModifiedDate":"2023-10-09"},{"lineNumber":63,"author":{"gitId":"ICubE-"},"content":"            return new AddWorkCommand();","lastModifiedDate":"2023-10-09"},{"lineNumber":64,"author":{"gitId":"ICubE-"},"content":"        case DeleteWorkCommand.COMMAND_WORD:","lastModifiedDate":"2023-10-09"},{"lineNumber":65,"author":{"gitId":"ICubE-"},"content":"            return new DeleteWorkCommand();","lastModifiedDate":"2023-10-09"},{"lineNumber":66,"author":{"gitId":"farissirraj"},"content":"        case CheckHeightCommand.COMMAND_WORD:","lastModifiedDate":"2023-10-09"},{"lineNumber":67,"author":{"gitId":"farissirraj"},"content":"            return new CheckHeightCommand();","lastModifiedDate":"2023-10-09"},{"lineNumber":68,"author":{"gitId":"farissirraj"},"content":"        case CheckWeightCommand.COMMAND_WORD:","lastModifiedDate":"2023-10-09"},{"lineNumber":69,"author":{"gitId":"farissirraj"},"content":"            return new CheckWeightCommand();","lastModifiedDate":"2023-10-09"},{"lineNumber":70,"author":{"gitId":"ICubE-"},"content":"        case CheckDailyCalorieSurplusLimitCommand.COMMAND_WORD:","lastModifiedDate":"2023-10-11"},{"lineNumber":71,"author":{"gitId":"ICubE-"},"content":"            return new CheckDailyCalorieSurplusLimitCommand();","lastModifiedDate":"2023-10-11"},{"lineNumber":72,"author":{"gitId":"farissirraj"},"content":"        case ListWorkoutCommand.COMMAND_WORD:","lastModifiedDate":"2023-10-09"},{"lineNumber":73,"author":{"gitId":"farissirraj"},"content":"            return new ListWorkoutCommand();","lastModifiedDate":"2023-10-09"},{"lineNumber":74,"author":{"gitId":"ICubE-"},"content":"        case SetDailyCalorieSurplusLimitCommand.COMMAND_WORD:","lastModifiedDate":"2023-10-11"},{"lineNumber":75,"author":{"gitId":"ICubE-"},"content":"            return new SetDailyCalorieSurplusLimitCommand();","lastModifiedDate":"2023-10-11"},{"lineNumber":76,"author":{"gitId":"ICubE-"},"content":"        default:","lastModifiedDate":"2023-10-09"},{"lineNumber":77,"author":{"gitId":"ICubE-"},"content":"            return new InvalidCommand(word);","lastModifiedDate":"2023-10-10"},{"lineNumber":78,"author":{"gitId":"ICubE-"},"content":"        }","lastModifiedDate":"2023-10-09"},{"lineNumber":79,"author":{"gitId":"ICubE-"},"content":"    }","lastModifiedDate":"2023-10-09"},{"lineNumber":80,"author":{"gitId":"ICubE-"},"content":"","lastModifiedDate":"2023-10-10"},{"lineNumber":81,"author":{"gitId":"ICubE-"},"content":"    /**","lastModifiedDate":"2023-10-10"},{"lineNumber":82,"author":{"gitId":"ICubE-"},"content":"     * Parses user profile, format of `h/(HEIGHT) w/(WEIGHT)`.","lastModifiedDate":"2023-10-10"},{"lineNumber":83,"author":{"gitId":"ICubE-"},"content":"     * @param profile profile as a string","lastModifiedDate":"2023-10-10"},{"lineNumber":84,"author":{"gitId":"ICubE-"},"content":"     * @return height and weight as a double array","lastModifiedDate":"2023-10-10"},{"lineNumber":85,"author":{"gitId":"ICubE-"},"content":"     * @throws RegexMatchFailException if regex match fails","lastModifiedDate":"2023-10-10"},{"lineNumber":86,"author":{"gitId":"ICubE-"},"content":"     * @throws NumberFormatException if one of arguments is not double","lastModifiedDate":"2023-10-10"},{"lineNumber":87,"author":{"gitId":"ICubE-"},"content":"     */","lastModifiedDate":"2023-10-10"},{"lineNumber":88,"author":{"gitId":"ICubE-"},"content":"    public double[] parseProfile(String profile) throws RegexMatchFailException, NumberFormatException {","lastModifiedDate":"2023-10-10"},{"lineNumber":89,"author":{"gitId":"ICubE-"},"content":"        final Matcher matcher \u003d PROFILE_PATTERN.matcher(profile);","lastModifiedDate":"2023-10-10"},{"lineNumber":90,"author":{"gitId":"ICubE-"},"content":"        if (!matcher.matches()) {","lastModifiedDate":"2023-10-10"},{"lineNumber":91,"author":{"gitId":"ICubE-"},"content":"            throw new RegexMatchFailException();","lastModifiedDate":"2023-10-10"},{"lineNumber":92,"author":{"gitId":"ICubE-"},"content":"        }","lastModifiedDate":"2023-10-10"},{"lineNumber":93,"author":{"gitId":"ICubE-"},"content":"","lastModifiedDate":"2023-10-10"},{"lineNumber":94,"author":{"gitId":"ICubE-"},"content":"        final String height \u003d matcher.group(\"height\");","lastModifiedDate":"2023-10-10"},{"lineNumber":95,"author":{"gitId":"ICubE-"},"content":"        final String weight \u003d matcher.group(\"weight\");","lastModifiedDate":"2023-10-10"},{"lineNumber":96,"author":{"gitId":"ICubE-"},"content":"","lastModifiedDate":"2023-10-10"},{"lineNumber":97,"author":{"gitId":"ICubE-"},"content":"        return new double[]{ Double.parseDouble(height), Double.parseDouble(weight) };","lastModifiedDate":"2023-10-10"},{"lineNumber":98,"author":{"gitId":"ICubE-"},"content":"    }","lastModifiedDate":"2023-10-10"},{"lineNumber":99,"author":{"gitId":"ICubE-"},"content":"","lastModifiedDate":"2023-10-10"},{"lineNumber":100,"author":{"gitId":"ICubE-"},"content":"    public String getFirstWord(String str) {","lastModifiedDate":"2023-10-10"},{"lineNumber":101,"author":{"gitId":"ICubE-"},"content":"        return str.split(\"\\\\s\")[0];","lastModifiedDate":"2023-10-10"},{"lineNumber":102,"author":{"gitId":"ICubE-"},"content":"    }","lastModifiedDate":"2023-10-10"},{"lineNumber":103,"author":{"gitId":"ICubE-"},"content":"}","lastModifiedDate":"2023-10-09"}],"authorContributionMap":{"ICubE-":97,"farissirraj":6}},{"path":"src/main/java/fittrack/parser/ParseException.java","fileType":"functional-code","lines":[{"lineNumber":1,"author":{"gitId":"ICubE-"},"content":"package fittrack.parser;","lastModifiedDate":"2023-10-10"},{"lineNumber":2,"author":{"gitId":"ICubE-"},"content":"","lastModifiedDate":"2023-10-10"},{"lineNumber":3,"author":{"gitId":"ICubE-"},"content":"public class ParseException extends Exception {","lastModifiedDate":"2023-10-10"},{"lineNumber":4,"author":{"gitId":"ICubE-"},"content":"}","lastModifiedDate":"2023-10-10"}],"authorContributionMap":{"ICubE-":4}},{"path":"src/main/java/fittrack/parser/RegexMatchFailException.java","fileType":"functional-code","lines":[{"lineNumber":1,"author":{"gitId":"ICubE-"},"content":"package fittrack.parser;","lastModifiedDate":"2023-10-10"},{"lineNumber":2,"author":{"gitId":"ICubE-"},"content":"","lastModifiedDate":"2023-10-10"},{"lineNumber":3,"author":{"gitId":"ICubE-"},"content":"public class RegexMatchFailException extends ParseException {","lastModifiedDate":"2023-10-10"},{"lineNumber":4,"author":{"gitId":"ICubE-"},"content":"}","lastModifiedDate":"2023-10-10"}],"authorContributionMap":{"ICubE-":4}},{"path":"src/test/java/fittrack/FitTrackTest.java","fileType":"test-code","lines":[{"lineNumber":1,"author":{"gitId":"ICubE-"},"content":"package fittrack;","lastModifiedDate":"2023-10-09"},{"lineNumber":2,"author":{"gitId":"-"},"content":"","lastModifiedDate":"2020-05-24"},{"lineNumber":3,"author":{"gitId":"-"},"content":"import static org.junit.jupiter.api.Assertions.assertTrue;","lastModifiedDate":"2020-05-24"},{"lineNumber":4,"author":{"gitId":"-"},"content":"","lastModifiedDate":"2020-05-24"},{"lineNumber":5,"author":{"gitId":"-"},"content":"import org.junit.jupiter.api.Test;","lastModifiedDate":"2020-05-24"},{"lineNumber":6,"author":{"gitId":"-"},"content":"","lastModifiedDate":"2020-05-24"},{"lineNumber":7,"author":{"gitId":"ICubE-"},"content":"class FitTrackTest {","lastModifiedDate":"2023-10-09"},{"lineNumber":8,"author":{"gitId":"-"},"content":"    @Test","lastModifiedDate":"2020-05-24"},{"lineNumber":9,"author":{"gitId":"-"},"content":"    public void sampleTest() {","lastModifiedDate":"2020-05-24"},{"lineNumber":10,"author":{"gitId":"-"},"content":"        assertTrue(true);","lastModifiedDate":"2020-05-24"},{"lineNumber":11,"author":{"gitId":"-"},"content":"    }","lastModifiedDate":"2020-05-24"},{"lineNumber":12,"author":{"gitId":"-"},"content":"}","lastModifiedDate":"2020-05-24"}],"authorContributionMap":{"ICubE-":2,"-":10}}]
