[{"path":"docs/AboutUs.md","fileType":"docs","lines":[{"lineNumber":1,"author":{"gitId":"-"},"content":"# About us","lastModifiedDate":"2020-05-24"},{"lineNumber":2,"author":{"gitId":"-"},"content":"","lastModifiedDate":"2020-05-24"},{"lineNumber":3,"author":{"gitId":"-"},"content":"Display |     Name     |              Github Profile              | Portfolio ","lastModifiedDate":"2020-05-24"},{"lineNumber":4,"author":{"gitId":"J0shuaLeong"},"content":"--------|:------------:|:----------------------------------------:|:---------:","lastModifiedDate":"2023-10-06"},{"lineNumber":5,"author":{"gitId":"farissirraj"},"content":"![](https://via.placeholder.com/100.png?text\u003dPhoto) | Faris Sirraj |      [Github](https://github.com/)       | [Portfolio](docs/team/johndoe.md)","lastModifiedDate":"2023-10-04"},{"lineNumber":6,"author":{"gitId":"ICubE-"},"content":"![](https://via.placeholder.com/100.png?text\u003dPhoto) |  Yeon Jeho   |      [Github](https://github.com/)       | [Portfolio](docs/team/johndoe.md)","lastModifiedDate":"2023-10-04"},{"lineNumber":7,"author":{"gitId":"J0shuaLeong"},"content":"![](images/joshua.jpg) | Joshua Leong | [Github](https://github.com/J0shuaLeong) | [Portfolio](docs/team/joshua.md)","lastModifiedDate":"2023-10-06"},{"lineNumber":8,"author":{"gitId":"NgLixuanNixon"},"content":"![](https://via.placeholder.com/100.png?text\u003dPhoto) |   Ng Lixuan Nixon   |      [Github](https://github.com/)       | [Portfolio](docs/team/johndoe.md)","lastModifiedDate":"2023-10-04"},{"lineNumber":9,"author":{"gitId":"marklin2234"},"content":"![](https://via.placeholder.com/100.png?text\u003dPhoto) |   Mark Lin   |      [Github](https://github.com/)       | [Portfolio](docs/team/johndoe.md)","lastModifiedDate":"2023-10-04"},{"lineNumber":10,"author":{"gitId":"NgLixuanNixon"},"content":"","lastModifiedDate":"2023-10-04"}],"authorContributionMap":{"NgLixuanNixon":2,"J0shuaLeong":2,"ICubE-":1,"marklin2234":1,"-":3,"farissirraj":1}},{"path":"docs/team/joshua.md","fileType":"docs","lines":[{"lineNumber":1,"author":{"gitId":"J0shuaLeong"},"content":"# Joshua - Project Portfolio Page","lastModifiedDate":"2023-10-06"},{"lineNumber":2,"author":{"gitId":"J0shuaLeong"},"content":"","lastModifiedDate":"2023-10-06"},{"lineNumber":3,"author":{"gitId":"J0shuaLeong"},"content":"## Overview","lastModifiedDate":"2023-10-06"},{"lineNumber":4,"author":{"gitId":"J0shuaLeong"},"content":"","lastModifiedDate":"2023-10-06"},{"lineNumber":5,"author":{"gitId":"J0shuaLeong"},"content":"","lastModifiedDate":"2023-10-06"},{"lineNumber":6,"author":{"gitId":"J0shuaLeong"},"content":"### Summary of Contributions","lastModifiedDate":"2023-10-06"}],"authorContributionMap":{"J0shuaLeong":6}}]
