{"authorDailyContributionsMap":{"NgLixuanNixon":[{"date":"2023-10-04","commitResults":[{"hash":"4ab6262ae774e0814318657e4c558d6cc3350673","isMergeCommit":false,"messageTitle":"no message","messageBody":"","fileTypesAndContributionMap":{"docs":{"insertions":7,"deletions":7}}},{"hash":"101aed2384bcb8998fc22b98f9e0e60fe4db98a1","isMergeCommit":true,"messageTitle":"Merge branch \u0027master\u0027 of https://github.com/AY2324S1-CS2113-W12-4/tp","messageBody":"# Conflicts:\n#\tdocs/AboutUs.md\n","fileTypesAndContributionMap":{}},{"hash":"8ba23607fabe7e06789e5d3f3e43be80846d20d6","isMergeCommit":true,"messageTitle":"Merge pull request #4 from NgLixuanNixon/master","messageBody":"no message","fileTypesAndContributionMap":{}}]}],"J0shuaLeong":[{"date":"2023-10-04","commitResults":[{"hash":"39225c42663245b93019510083b7e04ff9cb9da8","isMergeCommit":false,"messageTitle":"Testing merge conflicts (#1)","messageBody":"Co-authored-by: J0shuaLeong \u003cjoshualeong2607@gmail.com\u003e","fileTypesAndContributionMap":{"docs":{"insertions":1,"deletions":2}}}]},{"date":"2023-10-06","commitResults":[{"hash":"12ea145c28769e5788ab86fcfb3c0f1c12034e40","isMergeCommit":false,"messageTitle":"Add Github Url (#5)","messageBody":"* Testing merge conflicts\r\n\r\n* Added url of Joshua\u0027s github account\r\n\r\n---------\r\n\r\nCo-authored-by: J0shuaLeong \u003cjoshualeong2607@gmail.com\u003e","fileTypesAndContributionMap":{"docs":{"insertions":7,"deletions":7}}},{"hash":"56f586e798bf3b7040b68cfc62cfd8387b56cfa8","isMergeCommit":false,"messageTitle":"Update about us (#6)","messageBody":"* Testing merge conflicts\r\n\r\n* Added url of Joshua\u0027s github account\r\n\r\n* Updated about us for Joshua\r\n\r\n---------\r\n\r\nCo-authored-by: J0shuaLeong \u003cjoshualeong2607@gmail.com\u003e","fileTypesAndContributionMap":{"docs":{"insertions":7,"deletions":1}}}]},{"date":"2023-10-07","commitResults":[{"hash":"a2d753035d1753279501aa0248b3b77f0938735a","isMergeCommit":false,"messageTitle":"Updated images (#7)","messageBody":"* Testing merge conflicts\r\n\r\n* Added url of Joshua\u0027s github account\r\n\r\n* Updated about us for Joshua\r\n\r\n* Resized profile image\r\n\r\n---------\r\n\r\nCo-authored-by: J0shuaLeong \u003cjoshualeong2607@gmail.com\u003e","fileTypesAndContributionMap":{"docs":{"insertions":1,"deletions":1}}}]}],"ICubE-":[{"date":"2023-10-04","commitResults":[{"hash":"abbffb5b236ae12b40cbc1d1b417c696eb1895cb","isMergeCommit":false,"messageTitle":"Update AboutUs.md","messageBody":"","fileTypesAndContributionMap":{"docs":{"insertions":7,"deletions":7}}},{"hash":"23e7c820a25b9502c982950501d8a63f4426d090","isMergeCommit":true,"messageTitle":"Resolve merge conflict","messageBody":"","fileTypesAndContributionMap":{}},{"hash":"39e108362a8dae6e9420224e6a55b0ee160dbae5","isMergeCommit":true,"messageTitle":"Merge pull request #3 from ICubE-/master","messageBody":"Update AboutUs.md","fileTypesAndContributionMap":{}}]},{"date":"2023-10-09","commitResults":[{"hash":"7c693bb7c412eb7a6cfc6d7f099d7bb94aae2aeb","isMergeCommit":false,"messageTitle":"Construct main structure","messageBody":"","fileTypesAndContributionMap":{"functional-code":{"insertions":51,"deletions":21},"other":{"insertions":2,"deletions":2}}},{"hash":"fb340aa0ea5ed0cd1c6dde8b051cbbcaa792194e","isMergeCommit":false,"messageTitle":"Fix style","messageBody":"","fileTypesAndContributionMap":{"functional-code":{"insertions":7,"deletions":7}}},{"hash":"8912dea13964567d796fa4bbc76d55588b1ec207","isMergeCommit":false,"messageTitle":"Fix test","messageBody":"","fileTypesAndContributionMap":{"other":{"insertions":1,"deletions":1}}},{"hash":"86c0f2188bcea12f5a76d997b017234465006224","isMergeCommit":true,"messageTitle":"Merge pull request #19 from ICubE-/construct-main-structure","messageBody":"Construct main structure","fileTypesAndContributionMap":{}},{"hash":"f8d2bbcd00c0d11ae2629994771c4c164eaf0316","isMergeCommit":false,"messageTitle":"Add parser","messageBody":"","fileTypesAndContributionMap":{"functional-code":{"insertions":242,"deletions":6}}},{"hash":"bd9b6f1918fe1e779ba23341f6d95e2bb2c92395","isMergeCommit":true,"messageTitle":"Merge pull request #21 from ICubE-/add-command-line-parser","messageBody":"Add parser","fileTypesAndContributionMap":{}}]},{"date":"2023-10-10","commitResults":[{"hash":"9839af36423c550dbbb9e9b81a0c434c7508b92a","isMergeCommit":false,"messageTitle":"Add parser feature Implement help","messageBody":"","fileTypesAndContributionMap":{"functional-code":{"insertions":317,"deletions":10}}},{"hash":"9fcf9cfd45f0fe46041507e01ec9a5fd53943e14","isMergeCommit":true,"messageTitle":"Merge pull request #23 from ICubE-/add-command-line-parser","messageBody":"Add parser feature\r\nImplement help","fileTypesAndContributionMap":{}}]}],"marklin2234":[{"date":"2023-10-04","commitResults":[{"hash":"9d5c2b2aeb519efd81570d45afba1fd7efd61325","isMergeCommit":false,"messageTitle":"change name (#2)","messageBody":"","fileTypesAndContributionMap":{"docs":{"insertions":2,"deletions":1}}}]}],"farissirraj":[{"date":"2023-10-04","commitResults":[{"hash":"d29c533ec8490161881211184e028eb258c44809","isMergeCommit":false,"messageTitle":"Change name in About Us","messageBody":"","fileTypesAndContributionMap":{"docs":{"insertions":7,"deletions":7}}}]},{"date":"2023-10-09","commitResults":[{"hash":"7bb04d887d4ece7439d62030cfa67a5d840825c7","isMergeCommit":false,"messageTitle":"Create class for checking calorie surplus limit command","messageBody":"","fileTypesAndContributionMap":{"functional-code":{"insertions":10,"deletions":0}}},{"hash":"a212cb420bd3cf786e68bbddb94452a5d41867af","isMergeCommit":false,"messageTitle":"Create class for checking the height","messageBody":"","fileTypesAndContributionMap":{"functional-code":{"insertions":10,"deletions":0}}},{"hash":"5d4b5515c143fe1c0f60dd65b5e86c6930cb7c12","isMergeCommit":false,"messageTitle":"Create class for checking the weight","messageBody":"","fileTypesAndContributionMap":{"functional-code":{"insertions":10,"deletions":0}}},{"hash":"6042ca31a30101f604c269182bfe03db3c1d73f8","isMergeCommit":false,"messageTitle":"Create class for listing the workout","messageBody":"","fileTypesAndContributionMap":{"functional-code":{"insertions":11,"deletions":0}}},{"hash":"7e623f8cf9bc78fc3ebdae9068637c23022448a5","isMergeCommit":false,"messageTitle":"Create class for setting the daily calorie limit","messageBody":"","fileTypesAndContributionMap":{"functional-code":{"insertions":11,"deletions":0}}},{"hash":"040b81c6dceccbbf71d81692fcf9d7e04571af43","isMergeCommit":false,"messageTitle":"Update Command Parser Class with the new command class constructor calls","messageBody":"","fileTypesAndContributionMap":{"functional-code":{"insertions":11,"deletions":11}}},{"hash":"26808bf357e853bc3f770f7ca8f9e01e92c45ed0","isMergeCommit":true,"messageTitle":"Merge pull request #22 from farissirraj/BasicCommands","messageBody":"Skeletal Implementation of Basic Commands","fileTypesAndContributionMap":{}}]}]},"authorFileTypeContributionMap":{"NgLixuanNixon":{"docs":2,"functional-code":0,"test-code":0},"J0shuaLeong":{"docs":8,"functional-code":0,"test-code":0},"ICubE-":{"docs":1,"functional-code":584,"test-code":2,"other":1},"marklin2234":{"docs":1,"functional-code":0,"test-code":0},"farissirraj":{"docs":1,"functional-code":62,"test-code":0}},"authorContributionVariance":{"NgLixuanNixon":9.772854,"J0shuaLeong":24.138502,"ICubE-":10437.712,"marklin2234":0.44875357,"farissirraj":277.0748},"authorDisplayNameMap":{"NgLixuanNixon":"CS2113-W12-4 NG L..IXON","J0shuaLeong":"CS2113-W12-4 LEON..SHUA","ICubE-":"CS2113-W12-4 YEON..JEHO","marklin2234":"CS2113-W12-4 LIN ..ZHAO","farissirraj":"CS2113-W12-4 FARI..RRAJ"}}
