{"authorDailyContributionsMap":{"NgLixuanNixon":[{"date":"2023-10-04","commitResults":[{"hash":"4ab6262ae774e0814318657e4c558d6cc3350673","isMergeCommit":false,"messageTitle":"no message","messageBody":"","fileTypesAndContributionMap":{"docs":{"insertions":7,"deletions":7}}},{"hash":"101aed2384bcb8998fc22b98f9e0e60fe4db98a1","isMergeCommit":true,"messageTitle":"Merge branch \u0027master\u0027 of https://github.com/AY2324S1-CS2113-W12-4/tp","messageBody":"# Conflicts:\n#\tdocs/AboutUs.md\n","fileTypesAndContributionMap":{}},{"hash":"8ba23607fabe7e06789e5d3f3e43be80846d20d6","isMergeCommit":true,"messageTitle":"Merge pull request #4 from NgLixuanNixon/master","messageBody":"no message","fileTypesAndContributionMap":{}}]},{"date":"2023-10-16","commitResults":[{"hash":"ec330be865b21f5425e328b2b95a50096a58ef7d","isMergeCommit":false,"messageTitle":"addmeal, listmeals, deletemeal done","messageBody":"","fileTypesAndContributionMap":{"functional-code":{"insertions":121,"deletions":37}}},{"hash":"bdaf6df718f2ee08800477660fa44aca22780007","isMergeCommit":true,"messageTitle":"Merge branch \u0027master\u0027 into master","messageBody":"","fileTypesAndContributionMap":{}},{"hash":"789d019f030cdf0c9f77ca6e04fc367db4dc9bb8","isMergeCommit":false,"messageTitle":"fix gradle issues","messageBody":"","fileTypesAndContributionMap":{"functional-code":{"insertions":34,"deletions":19}}},{"hash":"e7337397dc7d27d57335a89b0f44b14e48720f8c","isMergeCommit":true,"messageTitle":"Merge branch \u0027master\u0027 of https://github.com/AY2324S1-CS2113-W12-4/tp","messageBody":"","fileTypesAndContributionMap":{}},{"hash":"e6471b91b476d70e8a5c89cb8939312263fc6faf","isMergeCommit":true,"messageTitle":"Merge branch \u0027master\u0027 of https://github.com/NgLixuanNixon/tp","messageBody":"# Conflicts:\n#\tsrc/main/java/fittrack/FitTrack.java\n#\tsrc/main/java/fittrack/parser/CommandParser.java\n","fileTypesAndContributionMap":{}},{"hash":"148070b111d5739d1ae4eef3757b93a8a6208d19","isMergeCommit":true,"messageTitle":"Merge branch \u0027master\u0027 of https://github.com/NgLixuanNixon/tp","messageBody":"# Conflicts:\n#\tsrc/main/java/fittrack/command/AddMealCommand.java\n#\tsrc/main/java/fittrack/parser/CommandParser.java\n","fileTypesAndContributionMap":{}},{"hash":"5e9d81a5463296e9907bd247d4adaa3aa37a8ee0","isMergeCommit":true,"messageTitle":"Merge pull request #34 from NgLixuanNixon/master","messageBody":"addmeal, listmeals, deletemeal done","fileTypesAndContributionMap":{}}]},{"date":"2023-10-18","commitResults":[{"hash":"186f7cac7f6214f3378314e1e2ae9020ddc455ff","isMergeCommit":false,"messageTitle":"Handled errors for addmeal","messageBody":"","fileTypesAndContributionMap":{"functional-code":{"insertions":38,"deletions":12},"other":{"insertions":4,"deletions":0}}},{"hash":"1875500183df3f54394d853abb305ab29548ff33","isMergeCommit":false,"messageTitle":"fixed gradle issues","messageBody":"","fileTypesAndContributionMap":{"functional-code":{"insertions":3,"deletions":2}}},{"hash":"ea42ca57a9d429f302dc8ef2c2e77cb733c800d5","isMergeCommit":true,"messageTitle":"Merge pull request #57 from NgLixuanNixon/master","messageBody":"Handled errors for addmeal","fileTypesAndContributionMap":{}}]}],"J0shuaLeong":[{"date":"2023-10-04","commitResults":[{"hash":"876b14733ab2c2f66a734e06eb747a78c826321f","isMergeCommit":false,"messageTitle":"Testing merge conflicts","messageBody":"","fileTypesAndContributionMap":{"docs":{"insertions":7,"deletions":7}}},{"hash":"4525128b17846fdf989665421598f11f97f77cd5","isMergeCommit":true,"messageTitle":"Merge branch \u0027master\u0027 of https://github.com/AY2324S1-CS2113-W12-4/tp","messageBody":"# Conflicts:\n#\tdocs/AboutUs.md\n","fileTypesAndContributionMap":{}},{"hash":"39225c42663245b93019510083b7e04ff9cb9da8","isMergeCommit":false,"messageTitle":"Testing merge conflicts (#1)","messageBody":"Co-authored-by: J0shuaLeong \u003cjoshualeong2607@gmail.com\u003e","fileTypesAndContributionMap":{"docs":{"insertions":1,"deletions":2}}}]},{"date":"2023-10-06","commitResults":[{"hash":"00754d02077806296c6abe1ee2b28c81ece7c7d9","isMergeCommit":false,"messageTitle":"Added url of Joshua\u0027s github account","messageBody":"","fileTypesAndContributionMap":{"docs":{"insertions":7,"deletions":7}}},{"hash":"fb08a8ce2dce2800632c72c310afa1beb5ec9124","isMergeCommit":true,"messageTitle":"Merge branch \u0027master\u0027 of https://github.com/AY2324S1-CS2113-W12-4/tp","messageBody":"# Conflicts:\n#\tdocs/AboutUs.md\n","fileTypesAndContributionMap":{}},{"hash":"12ea145c28769e5788ab86fcfb3c0f1c12034e40","isMergeCommit":false,"messageTitle":"Add Github Url (#5)","messageBody":"* Testing merge conflicts\r\n\r\n* Added url of Joshua\u0027s github account\r\n\r\n---------\r\n\r\nCo-authored-by: J0shuaLeong \u003cjoshualeong2607@gmail.com\u003e","fileTypesAndContributionMap":{"docs":{"insertions":7,"deletions":7}}},{"hash":"33a87b9b4c6074497792b6df777142aa50592755","isMergeCommit":false,"messageTitle":"Updated about us for Joshua","messageBody":"","fileTypesAndContributionMap":{"docs":{"insertions":7,"deletions":1}}},{"hash":"f7c473d3bc2615095964e35a8f29496f8e5ea9bf","isMergeCommit":true,"messageTitle":"Merge branch \u0027master\u0027 into master","messageBody":"","fileTypesAndContributionMap":{}},{"hash":"56f586e798bf3b7040b68cfc62cfd8387b56cfa8","isMergeCommit":false,"messageTitle":"Update about us (#6)","messageBody":"* Testing merge conflicts\r\n\r\n* Added url of Joshua\u0027s github account\r\n\r\n* Updated about us for Joshua\r\n\r\n---------\r\n\r\nCo-authored-by: J0shuaLeong \u003cjoshualeong2607@gmail.com\u003e","fileTypesAndContributionMap":{"docs":{"insertions":7,"deletions":1}}}]},{"date":"2023-10-07","commitResults":[{"hash":"fa123edc9ce51e0b964913e019da00cea03b471d","isMergeCommit":false,"messageTitle":"Resized profile image","messageBody":"","fileTypesAndContributionMap":{"docs":{"insertions":1,"deletions":1}}},{"hash":"a2d753035d1753279501aa0248b3b77f0938735a","isMergeCommit":false,"messageTitle":"Updated images (#7)","messageBody":"* Testing merge conflicts\r\n\r\n* Added url of Joshua\u0027s github account\r\n\r\n* Updated about us for Joshua\r\n\r\n* Resized profile image\r\n\r\n---------\r\n\r\nCo-authored-by: J0shuaLeong \u003cjoshualeong2607@gmail.com\u003e","fileTypesAndContributionMap":{"docs":{"insertions":1,"deletions":1}}}]},{"date":"2023-10-10","commitResults":[{"hash":"0f8af349d9000c0d483fc71432c626a8a5cd53c4","isMergeCommit":true,"messageTitle":"Merge branch \u0027master\u0027 of https://github.com/AY2324S1-CS2113-W12-4/tp","messageBody":"","fileTypesAndContributionMap":{}}]},{"date":"2023-10-13","commitResults":[{"hash":"7417ad91d5c6a9ed2dcae17834b0b2c29b1480cd","isMergeCommit":false,"messageTitle":"Edited user profile code","messageBody":"","fileTypesAndContributionMap":{"functional-code":{"insertions":36,"deletions":1}}},{"hash":"2f065ea4330f28c3dbedeabefd61f4e27e182661","isMergeCommit":true,"messageTitle":"Merge branch \u0027master\u0027 of https://github.com/AY2324S1-CS2113-W12-4/tp","messageBody":"","fileTypesAndContributionMap":{}},{"hash":"2b84827c782d8ed7f562793b4e3a2b4f6685144f","isMergeCommit":true,"messageTitle":"Merge pull request #25 from J0shuaLeong/master","messageBody":"Edited User Profile Class","fileTypesAndContributionMap":{}},{"hash":"8ae7b2adcdadb81a53176e8f9d694bb5c184e183","isMergeCommit":false,"messageTitle":"Updated user guide","messageBody":"","fileTypesAndContributionMap":{"docs":{"insertions":43,"deletions":6}}},{"hash":"454a749d204a4ada42de8bb3d6b5304619c3fd44","isMergeCommit":true,"messageTitle":"Merge pull request #26 from J0shuaLeong/master","messageBody":"Updated User Guide","fileTypesAndContributionMap":{}},{"hash":"82b5ca3547dd04e7504726a7626be24e93dad331","isMergeCommit":false,"messageTitle":"Further additions to user guide","messageBody":"","fileTypesAndContributionMap":{"docs":{"insertions":64,"deletions":14}}},{"hash":"da100b852256464d51ef94689c4097026a0647c9","isMergeCommit":true,"messageTitle":"Merge pull request #27 from J0shuaLeong/master","messageBody":"Further additions to user guide","fileTypesAndContributionMap":{}},{"hash":"93a881b23789c2953bcb53d07363c8872b33e3f8","isMergeCommit":false,"messageTitle":"Completed main structure and format of user guide","messageBody":"","fileTypesAndContributionMap":{"docs":{"insertions":118,"deletions":13}}},{"hash":"5ce5512fc25f3d09aa446a2b188d3ca82406e1f6","isMergeCommit":true,"messageTitle":"Merge pull request #28 from J0shuaLeong/master","messageBody":"Completed main structure and format of user guide","fileTypesAndContributionMap":{}},{"hash":"3b7cdfcf3a0bd433e566308880b1b536b6cd2026","isMergeCommit":true,"messageTitle":"Merge branch \u0027master\u0027 of https://github.com/AY2324S1-CS2113-W12-4/tp into branch-UserProfile","messageBody":"","fileTypesAndContributionMap":{}},{"hash":"f0f13d10d640d13101e2f1856c08b6eff21b40aa","isMergeCommit":false,"messageTitle":"Added printing of line, welcome message and message for user profile","messageBody":"","fileTypesAndContributionMap":{"functional-code":{"insertions":23,"deletions":2}}},{"hash":"bf5445e71efffb2df1bd18a67a7c94cbf589db4c","isMergeCommit":false,"messageTitle":"Removed unused getters and setters","messageBody":"","fileTypesAndContributionMap":{"functional-code":{"insertions":26,"deletions":2}}},{"hash":"0b368b322b9776bb5b7a48d27ef2982113f83c3f","isMergeCommit":false,"messageTitle":"Edited goodbye message","messageBody":"","fileTypesAndContributionMap":{"functional-code":{"insertions":0,"deletions":27}}},{"hash":"a5aae6762a20a4f039faea626b08261235769644","isMergeCommit":false,"messageTitle":"Minor changes","messageBody":"","fileTypesAndContributionMap":{"functional-code":{"insertions":2,"deletions":2}}},{"hash":"3ed3a85f8b3e9fd519f1b2da097b676be7005c8d","isMergeCommit":true,"messageTitle":"Merge pull request #29 from J0shuaLeong/branch-UserProfile","messageBody":"Branch user profile","fileTypesAndContributionMap":{}},{"hash":"20a8b62b077408e51d2aa8145ec1235a72f9e604","isMergeCommit":false,"messageTitle":"Fixing workflow error","messageBody":"","fileTypesAndContributionMap":{"functional-code":{"insertions":1,"deletions":0}}}]},{"date":"2023-10-16","commitResults":[{"hash":"9cbade9d68afcdcd1485f5c976478d740c9d6551","isMergeCommit":true,"messageTitle":"Merge pull request #30 from J0shuaLeong/master","messageBody":"Fixing workflow error","fileTypesAndContributionMap":{}},{"hash":"d10fa6c2254138a4ce1655a6df9c7446fa3e066f","isMergeCommit":false,"messageTitle":"Fixing CI workflow","messageBody":"","fileTypesAndContributionMap":{"functional-code":{"insertions":0,"deletions":1}}},{"hash":"fceae9db5b092c63bea986127528c1df28f2eec5","isMergeCommit":false,"messageTitle":"Removed unnecessary code","messageBody":"","fileTypesAndContributionMap":{"functional-code":{"insertions":0,"deletions":1}}},{"hash":"413811f1a922bab7b122948af8a900f36277c9c0","isMergeCommit":false,"messageTitle":"Removed line to print to output","messageBody":"","fileTypesAndContributionMap":{"functional-code":{"insertions":0,"deletions":6}}},{"hash":"3217bc45225ed0a6dbf21a49effbf136dc90ebce","isMergeCommit":true,"messageTitle":"Merge branch \u0027master\u0027 of https://github.com/AY2324S1-CS2113-W12-4/tp","messageBody":"# Conflicts:\n#\ttext-ui-test/EXPECTED.TXT\n#\ttext-ui-test/input.txt\n","fileTypesAndContributionMap":{}},{"hash":"a6cbb52ff61092af10a8a82ba54fd9a625338222","isMergeCommit":true,"messageTitle":"Merge branch \u0027master\u0027 of https://github.com/AY2324S1-CS2113-W12-4/tp","messageBody":"# Conflicts:\n#\tsrc/main/java/fittrack/FitTrack.java\n","fileTypesAndContributionMap":{}},{"hash":"68701621fc7242184a5703cb67ea2b408253b6b2","isMergeCommit":true,"messageTitle":"Merge pull request #31 from J0shuaLeong/master","messageBody":"Trying to fix CI workflow error","fileTypesAndContributionMap":{}},{"hash":"83fce9b72f7c482d32bdd4c4b28ed6cc9a998032","isMergeCommit":false,"messageTitle":"Clean up","messageBody":"","fileTypesAndContributionMap":{"functional-code":{"insertions":0,"deletions":4}}},{"hash":"4cf5b0ccc6395d1d1a2a57444b5c0ccfe62741a4","isMergeCommit":false,"messageTitle":"Added edit profile feature","messageBody":"#15\n","fileTypesAndContributionMap":{"functional-code":{"insertions":29,"deletions":19}}},{"hash":"2a243f70f8a1897300feb6bc4c97371ae9f1cafc","isMergeCommit":false,"messageTitle":"Updated documentation","messageBody":"","fileTypesAndContributionMap":{"functional-code":{"insertions":0,"deletions":1}}},{"hash":"b16834a8fde70c58e05b8a8d4178e854f56d90d7","isMergeCommit":true,"messageTitle":"Merge pull request #35 from J0shuaLeong/branch-EditProfile","messageBody":"Edit profile feature","fileTypesAndContributionMap":{}},{"hash":"08569d9cd674eb4b423a2dbd29f081eca671fe03","isMergeCommit":false,"messageTitle":"Added FitTrack logo","messageBody":"","fileTypesAndContributionMap":{"functional-code":{"insertions":10,"deletions":5}}},{"hash":"4569e643fd8f9bb7f4633c8a20ffb723f2fe79cb","isMergeCommit":false,"messageTitle":"Removed unused import","messageBody":"","fileTypesAndContributionMap":{"functional-code":{"insertions":1,"deletions":3}}},{"hash":"5deadd1af4dd3bcd3055fca3446108755fee8ad8","isMergeCommit":true,"messageTitle":"Merge pull request #36 from J0shuaLeong/branch-EditProfile","messageBody":"Added Fit Track Logo","fileTypesAndContributionMap":{}},{"hash":"639919d1f2318714b93d32da32373782a4ed3807","isMergeCommit":false,"messageTitle":"Add view profile feature","messageBody":"","fileTypesAndContributionMap":{"functional-code":{"insertions":32,"deletions":16}}},{"hash":"8906d09a4a41207e7ad50b996ae33cda14a799a2","isMergeCommit":true,"messageTitle":"Merge branch \u0027master\u0027 of https://github.com/AY2324S1-CS2113-W12-4/tp into branch-ViewProfile","messageBody":"# Conflicts:\n#\tsrc/main/java/fittrack/command/AddWorkoutCommand.java\n#\tsrc/main/java/fittrack/parser/CommandParser.java\n","fileTypesAndContributionMap":{}},{"hash":"2a0f21679cac0cf6d5f79a5c12da75095bbf91db","isMergeCommit":true,"messageTitle":"Merge pull request #38 from J0shuaLeong/branch-ViewProfile","messageBody":"Added view profile feature","fileTypesAndContributionMap":{}}]},{"date":"2023-10-17","commitResults":[{"hash":"ef4a1cebdb53f2de0b5c69181883de2e5f3c749c","isMergeCommit":false,"messageTitle":"JUnitTest for editProfileCommand","messageBody":"","fileTypesAndContributionMap":{"functional-code":{"insertions":3,"deletions":0},"test-code":{"insertions":16,"deletions":0}}},{"hash":"d430314e091083e4c451021ed932543a62127bd9","isMergeCommit":true,"messageTitle":"Merge pull request #44 from J0shuaLeong/branch-JUnitTest","messageBody":"JUnitTest for editProfileCommand","fileTypesAndContributionMap":{}},{"hash":"d8fd6b04266046a5f2113852565395d3f09c8ef3","isMergeCommit":false,"messageTitle":"JUnitTest for edit profile command","messageBody":"","fileTypesAndContributionMap":{"test-code":{"insertions":33,"deletions":5}}},{"hash":"58fa61303f9455d00f8d2e0f080c7fb8a8ce4389","isMergeCommit":true,"messageTitle":"Merge pull request #45 from J0shuaLeong/branch-JUnitTest","messageBody":"JUnitTest for edit profile command","fileTypesAndContributionMap":{}}]},{"date":"2023-10-18","commitResults":[{"hash":"7e532ea9c50b8ff39776ea764b8cf6a4acba6c8e","isMergeCommit":false,"messageTitle":"Updated the user guide","messageBody":"","fileTypesAndContributionMap":{"docs":{"insertions":36,"deletions":98}}},{"hash":"85d24b4844f20bae7fecba9922e39669f0b6109a","isMergeCommit":true,"messageTitle":"Merge branch \u0027master\u0027 of https://github.com/AY2324S1-CS2113-W12-4/tp","messageBody":"","fileTypesAndContributionMap":{}},{"hash":"5213c31f70df024522b7da37d56fa95d25feaa5a","isMergeCommit":false,"messageTitle":"Add assertions","messageBody":"","fileTypesAndContributionMap":{"functional-code":{"insertions":2,"deletions":1}}},{"hash":"4065ee5a0200d6ce21181b6d80960f1997205777","isMergeCommit":true,"messageTitle":"Merge pull request #56 from J0shuaLeong/master","messageBody":"Add assertions","fileTypesAndContributionMap":{}}]},{"date":"2023-10-19","commitResults":[{"hash":"e00319ba7d8f82da9738f1130e1485d138192862","isMergeCommit":false,"messageTitle":"Updated the user guide and rearranged commands to make it more organised","messageBody":"","fileTypesAndContributionMap":{"docs":{"insertions":62,"deletions":38}}},{"hash":"d6681002268d7d326d8f4cb463553144be39cdd0","isMergeCommit":true,"messageTitle":"Merge pull request #73 from J0shuaLeong/master","messageBody":"Updated the user guide ","fileTypesAndContributionMap":{}},{"hash":"5efe97c31994e2883acbf74937f5cc4997fb2b93","isMergeCommit":false,"messageTitle":"Added viewprofile command to userguide","messageBody":"","fileTypesAndContributionMap":{"docs":{"insertions":21,"deletions":0}}},{"hash":"e7c50f21c4e88697f618cda81ba2e0a8866dd414","isMergeCommit":true,"messageTitle":"Merge pull request #74 from J0shuaLeong/branch-TextUiTest","messageBody":"Text Ui Test","fileTypesAndContributionMap":{}},{"hash":"ed895baf5c29f3e721f5065900a58bc5fb0ee4a4","isMergeCommit":false,"messageTitle":"Added assertion for profile settings","messageBody":"","fileTypesAndContributionMap":{"functional-code":{"insertions":5,"deletions":1}}},{"hash":"2c6484d65f14b9b9ca429de5478d7550d5c1cd84","isMergeCommit":true,"messageTitle":"Merge pull request #75 from J0shuaLeong/master","messageBody":"Added assertion for profile settings","fileTypesAndContributionMap":{}},{"hash":"556ab420e4b8c7f6cc7c400369923ed53fbdf306","isMergeCommit":false,"messageTitle":"Added feature to calculate current BMI","messageBody":"","fileTypesAndContributionMap":{"functional-code":{"insertions":36,"deletions":1}}},{"hash":"ff8698ac8c421d2e8767e68b54691bcb7f3c94b7","isMergeCommit":false,"messageTitle":"Removed unused import","messageBody":"","fileTypesAndContributionMap":{"functional-code":{"insertions":0,"deletions":1}}},{"hash":"a5c2b040cc9e2beae319d5e605418d22cff4d755","isMergeCommit":true,"messageTitle":"Merge pull request #77 from J0shuaLeong/branch-BMI","messageBody":"Added BMI feature","fileTypesAndContributionMap":{}},{"hash":"3d75b9c3290307dca6c1c4e5b9df90ad8302c4a5","isMergeCommit":false,"messageTitle":"Handled first profile input more smoothly","messageBody":"","fileTypesAndContributionMap":{"functional-code":{"insertions":11,"deletions":6}}},{"hash":"c6e11f47e68fe1d7e6a2cf4a3c023fafaf924a02","isMergeCommit":false,"messageTitle":"Added a print line for ui output design","messageBody":"","fileTypesAndContributionMap":{"functional-code":{"insertions":10,"deletions":1}}},{"hash":"5c437ef26485ed613fa5b92103004c12f019de1a","isMergeCommit":true,"messageTitle":"Merge pull request #78 from J0shuaLeong/master","messageBody":"Handle first profile input","fileTypesAndContributionMap":{}},{"hash":"a9f101be209fb8f924477d89e928916b47732190","isMergeCommit":false,"messageTitle":"Shifted BMI calculation to userprofile class","messageBody":"","fileTypesAndContributionMap":{"functional-code":{"insertions":19,"deletions":7}}},{"hash":"6fa888e2eb367f249419f1c6b5549d1db7cdf319","isMergeCommit":false,"messageTitle":"Text ui test and gradle amendments","messageBody":"","fileTypesAndContributionMap":{"functional-code":{"insertions":2,"deletions":2}}},{"hash":"5683a596a40975b4d370a79f2101d3d5256da042","isMergeCommit":true,"messageTitle":"Merge pull request #80 from J0shuaLeong/branch-BMI-2","messageBody":"BMI calculation in UserProfile class","fileTypesAndContributionMap":{}}]},{"date":"2023-10-20","commitResults":[{"hash":"ecad50d116a2c548cdc76e3d1867b38b840dcfa5","isMergeCommit":false,"messageTitle":"Updated user guide","messageBody":"","fileTypesAndContributionMap":{"docs":{"insertions":15,"deletions":0}}},{"hash":"acfe196133ec8ed48af9ecda2e68cfab09a4c484","isMergeCommit":false,"messageTitle":"Handle profile setting exception for negative numbers","messageBody":"","fileTypesAndContributionMap":{"functional-code":{"insertions":23,"deletions":16},"test-code":{"insertions":2,"deletions":1}}},{"hash":"dab456085aa1aca7f9a2f7c1827b6a6b4c23c9da","isMergeCommit":true,"messageTitle":"Merge pull request #81 from J0shuaLeong/branch-Exceptions","messageBody":"Exceptions for user profile","fileTypesAndContributionMap":{}},{"hash":"f88a0d31f0b60ae6f6c820f59708c67145830173","isMergeCommit":false,"messageTitle":"Updated user guide feature list to include bmi","messageBody":"","fileTypesAndContributionMap":{"docs":{"insertions":2,"deletions":1}}},{"hash":"c5b35df1dcf02955de2586ce94b9ea050b5d30bb","isMergeCommit":false,"messageTitle":"Added save command (to be implemented)","messageBody":"","fileTypesAndContributionMap":{"functional-code":{"insertions":31,"deletions":1}}},{"hash":"84c24e7176ee3051f4c1c4480aac3a9537cf8376","isMergeCommit":false,"messageTitle":"Setup code for storage","messageBody":"","fileTypesAndContributionMap":{"functional-code":{"insertions":36,"deletions":0}}},{"hash":"c9b591228ae9effda0abdc3a2964de2102551d65","isMergeCommit":true,"messageTitle":"Merge pull request #83 from J0shuaLeong/master","messageBody":"Added save command\r\nSetup storage class for storing of all data","fileTypesAndContributionMap":{}},{"hash":"2719d5ccb50b3e9d03e818a0697533e42160646d","isMergeCommit":false,"messageTitle":"Refactor height, weight and calories to use its own class in data package Updated JUnitTest Updated text ui test Updated storage class for saving profile","messageBody":"","fileTypesAndContributionMap":{"functional-code":{"insertions":65,"deletions":28},"test-code":{"insertions":3,"deletions":3}}},{"hash":"17f75854f23110b3f4022e566a09b86a0688f223","isMergeCommit":true,"messageTitle":"Merge pull request #86 from J0shuaLeong/master","messageBody":"Refactor height, weight and calories to use its own class in data package","fileTypesAndContributionMap":{}}]},{"date":"2023-10-21","commitResults":[{"hash":"458e331feceb3a60af8c019c86152cba0de8747b","isMergeCommit":false,"messageTitle":"Close file writer in storage and updated documentation","messageBody":"","fileTypesAndContributionMap":{"functional-code":{"insertions":5,"deletions":1}}},{"hash":"b7a2ddc35a30020f454d5f22d3f4398206ea866f","isMergeCommit":true,"messageTitle":"Merge pull request #87 from J0shuaLeong/master","messageBody":"Close file writer in storage and updated documentation","fileTypesAndContributionMap":{}},{"hash":"db05dce629cccac103a5cda76f125bf4af19080c","isMergeCommit":true,"messageTitle":"Merge pull request #88 from ICubE-/abstract-data-structures","messageBody":"Update Height, Weight, and Calories","fileTypesAndContributionMap":{}},{"hash":"4b310d8f7f4adaf82df1acb54855e78f33024a8a","isMergeCommit":false,"messageTitle":"Updated delete workout to show the name of workout deleted","messageBody":"","fileTypesAndContributionMap":{"functional-code":{"insertions":5,"deletions":3}}},{"hash":"ec6cb056b6124c0dbd9b1b0b3186ed26bff7356b","isMergeCommit":true,"messageTitle":"Merge branch \u0027master\u0027 of https://github.com/AY2324S1-CS2113-W12-4/tp","messageBody":"# Conflicts:\n#\tsrc/main/java/fittrack/command/DeleteWorkoutCommand.java\n#\ttext-ui-test/EXPECTED.TXT\n#\ttext-ui-test/input.txt\n","fileTypesAndContributionMap":{}},{"hash":"81a4486685e3596d7c49c0f7f373ce2a6dc7db21","isMergeCommit":false,"messageTitle":"Resolved merge conflicts","messageBody":"","fileTypesAndContributionMap":{"functional-code":{"insertions":0,"deletions":5}}},{"hash":"8a696e38738867e03ff49e1d64db5b80c965a387","isMergeCommit":true,"messageTitle":"Merge pull request #91 from J0shuaLeong/master","messageBody":"Updated text ui test inputs","fileTypesAndContributionMap":{}},{"hash":"703476348da31939b581dfe0fadbfb05226fc3a2","isMergeCommit":false,"messageTitle":"Maintain style","messageBody":"","fileTypesAndContributionMap":{"functional-code":{"insertions":9,"deletions":7}}},{"hash":"ee228168b1199d92ec7caaaf62e44493e1d2e620","isMergeCommit":true,"messageTitle":"Merge pull request #92 from J0shuaLeong/master","messageBody":"Maintain style","fileTypesAndContributionMap":{}}]}],"ICubE-":[{"date":"2023-10-04","commitResults":[{"hash":"abbffb5b236ae12b40cbc1d1b417c696eb1895cb","isMergeCommit":false,"messageTitle":"Update AboutUs.md","messageBody":"","fileTypesAndContributionMap":{"docs":{"insertions":7,"deletions":7}}},{"hash":"23e7c820a25b9502c982950501d8a63f4426d090","isMergeCommit":true,"messageTitle":"Resolve merge conflict","messageBody":"","fileTypesAndContributionMap":{}},{"hash":"39e108362a8dae6e9420224e6a55b0ee160dbae5","isMergeCommit":true,"messageTitle":"Merge pull request #3 from ICubE-/master","messageBody":"Update AboutUs.md","fileTypesAndContributionMap":{}}]},{"date":"2023-10-09","commitResults":[{"hash":"7c693bb7c412eb7a6cfc6d7f099d7bb94aae2aeb","isMergeCommit":false,"messageTitle":"Construct main structure","messageBody":"","fileTypesAndContributionMap":{"functional-code":{"insertions":51,"deletions":21},"other":{"insertions":2,"deletions":2}}},{"hash":"fb340aa0ea5ed0cd1c6dde8b051cbbcaa792194e","isMergeCommit":false,"messageTitle":"Fix style","messageBody":"","fileTypesAndContributionMap":{"functional-code":{"insertions":7,"deletions":7}}},{"hash":"8912dea13964567d796fa4bbc76d55588b1ec207","isMergeCommit":false,"messageTitle":"Fix test","messageBody":"","fileTypesAndContributionMap":{"other":{"insertions":1,"deletions":1}}},{"hash":"86c0f2188bcea12f5a76d997b017234465006224","isMergeCommit":true,"messageTitle":"Merge pull request #19 from ICubE-/construct-main-structure","messageBody":"Construct main structure","fileTypesAndContributionMap":{}},{"hash":"f8d2bbcd00c0d11ae2629994771c4c164eaf0316","isMergeCommit":false,"messageTitle":"Add parser","messageBody":"","fileTypesAndContributionMap":{"functional-code":{"insertions":242,"deletions":6}}},{"hash":"bd9b6f1918fe1e779ba23341f6d95e2bb2c92395","isMergeCommit":true,"messageTitle":"Merge pull request #21 from ICubE-/add-command-line-parser","messageBody":"Add parser","fileTypesAndContributionMap":{}}]},{"date":"2023-10-10","commitResults":[{"hash":"9839af36423c550dbbb9e9b81a0c434c7508b92a","isMergeCommit":false,"messageTitle":"Add parser feature Implement help","messageBody":"","fileTypesAndContributionMap":{"functional-code":{"insertions":317,"deletions":10}}},{"hash":"9fcf9cfd45f0fe46041507e01ec9a5fd53943e14","isMergeCommit":true,"messageTitle":"Merge pull request #23 from ICubE-/add-command-line-parser","messageBody":"Add parser feature\r\nImplement help","fileTypesAndContributionMap":{}}]},{"date":"2023-10-11","commitResults":[{"hash":"bfcf45955781ddbb8a86b033e7cff341b25c9140","isMergeCommit":false,"messageTitle":"Rename class names and remove duplicate","messageBody":"","fileTypesAndContributionMap":{"functional-code":{"insertions":8,"deletions":33},"other":{"insertions":2,"deletions":2}}},{"hash":"ea9ccf44a2a24c25748df6e398f69fe40d6c4f8b","isMergeCommit":true,"messageTitle":"Merge pull request #24 from ICubE-/master","messageBody":"Rename class names and remove duplicate","fileTypesAndContributionMap":{}}]},{"date":"2023-10-13","commitResults":[{"hash":"06fe2465cbc89fa15ed477cb2452d868f0a33704","isMergeCommit":false,"messageTitle":"Fix description and usage of help command","messageBody":"","fileTypesAndContributionMap":{"functional-code":{"insertions":4,"deletions":2}}},{"hash":"9dfb3871fa50f66d9187b82ce7a0ae9b50c99fb4","isMergeCommit":false,"messageTitle":"Add viewmeal command","messageBody":"","fileTypesAndContributionMap":{"functional-code":{"insertions":27,"deletions":0}}}]},{"date":"2023-10-16","commitResults":[{"hash":"c88e6f63bb1d0ff05c1724791e14526d3494784c","isMergeCommit":false,"messageTitle":"Add JUnit test","messageBody":"","fileTypesAndContributionMap":{"functional-code":{"insertions":9,"deletions":7},"test-code":{"insertions":81,"deletions":0}}},{"hash":"a240c422c06c2291bb2559f146a58e728cba2c2a","isMergeCommit":true,"messageTitle":"Merge remote-tracking branch \u0027upstream/master\u0027 into add-command-line-parser","messageBody":"","fileTypesAndContributionMap":{}},{"hash":"a5bd1b439c8c4bc034afc3dd91d70732fa935d75","isMergeCommit":false,"messageTitle":"Resolve merge conflict","messageBody":"","fileTypesAndContributionMap":{"functional-code":{"insertions":5,"deletions":6}}},{"hash":"d2ee3d611b3371e01643eb09253c9d8feb550a05","isMergeCommit":false,"messageTitle":"Fix text-ui-test","messageBody":"","fileTypesAndContributionMap":{"functional-code":{"insertions":0,"deletions":1}}},{"hash":"1f61f5bad510d7516359d62922dc690a577a4f06","isMergeCommit":true,"messageTitle":"Merge pull request #32 from ICubE-/add-command-line-parser","messageBody":"Add JUnit test","fileTypesAndContributionMap":{}},{"hash":"fbd34947a89c6ded5d4267d99a4e275e6ada0ead","isMergeCommit":true,"messageTitle":"Merge remote-tracking branch \u0027upstream/master\u0027 into implement-help-viewmeal","messageBody":"","fileTypesAndContributionMap":{}},{"hash":"351d250a2faa2c16de83319e35857dd064936390","isMergeCommit":true,"messageTitle":"Merge pull request #33 from ICubE-/implement-help-viewmeal","messageBody":"Implement help command","fileTypesAndContributionMap":{}},{"hash":"62b7bf6fe234f4d4094f23d707861a3a4b0191ab","isMergeCommit":false,"messageTitle":"Fix compile error","messageBody":"","fileTypesAndContributionMap":{"functional-code":{"insertions":15,"deletions":15}}},{"hash":"32592d9af6c70dd4ed6e2b69af8f7b34391cc720","isMergeCommit":false,"messageTitle":"Maintain code style","messageBody":"","fileTypesAndContributionMap":{"functional-code":{"insertions":31,"deletions":15}}},{"hash":"e118470f8473f608124ce6000f004effaf006a5e","isMergeCommit":false,"messageTitle":"Modify code structure","messageBody":"Change term \u0027work\u0027 -\u003e \u0027workout\u0027\nRemove duplicate: ListMealsCommand\nStandardize terms: \u0027check\u0027, \u0027list\u0027 -\u003e \u0027view\u0027\nRefactor UserProfile to have daily calorie surplus limit\n","fileTypesAndContributionMap":{"functional-code":{"insertions":144,"deletions":140},"other":{"insertions":15,"deletions":14},"test-code":{"insertions":12,"deletions":10}}},{"hash":"02d392d09491b3e5f7a52856e793e652c33eea96","isMergeCommit":true,"messageTitle":"Resolve conflicts","messageBody":"","fileTypesAndContributionMap":{}},{"hash":"fae647fca619bf452727fd19e3035e3eb42f9099","isMergeCommit":true,"messageTitle":"Resolve conflicts","messageBody":"","fileTypesAndContributionMap":{}},{"hash":"d72196bc2be0e437983aa15885fbfc8b55b8cb97","isMergeCommit":true,"messageTitle":"Merge pull request #37 from ICubE-/master","messageBody":"Modify code structure","fileTypesAndContributionMap":{}},{"hash":"6850ccb23a15923447639e53c1f1b2f6780c88f7","isMergeCommit":false,"messageTitle":"Maintain code style","messageBody":"","fileTypesAndContributionMap":{"functional-code":{"insertions":3,"deletions":2}}},{"hash":"2cfb9f88724ef74608e9576c5a33066cbd0e09e8","isMergeCommit":true,"messageTitle":"Merge pull request #39 from ICubE-/master","messageBody":"Maintain code style","fileTypesAndContributionMap":{}}]},{"date":"2023-10-17","commitResults":[{"hash":"10fb9a4437597dc560def7c12337be63888862fb","isMergeCommit":false,"messageTitle":"Update command words","messageBody":"","fileTypesAndContributionMap":{"functional-code":{"insertions":2,"deletions":2}}},{"hash":"5e5d7311f419a2c99fbada6c3dacf6de1be27a17","isMergeCommit":false,"messageTitle":"Remove redundant commands","messageBody":"","fileTypesAndContributionMap":{"functional-code":{"insertions":0,"deletions":75}}},{"hash":"ad1c7208fc8949224ac4b3dc7ff20ff89558d7f9","isMergeCommit":false,"messageTitle":"Update command words","messageBody":"","fileTypesAndContributionMap":{"functional-code":{"insertions":2,"deletions":2}}},{"hash":"7837767b11a9ad4528707336675ac3e303c74730","isMergeCommit":false,"messageTitle":"Refactor CommandParser","messageBody":"","fileTypesAndContributionMap":{"functional-code":{"insertions":10,"deletions":6}}},{"hash":"5c4f2a2d9bfa034d6d40cd0afa40053b009f00d0","isMergeCommit":false,"messageTitle":"Change HELPs\u0027 access modifier to public","messageBody":"","fileTypesAndContributionMap":{"functional-code":{"insertions":6,"deletions":6}}},{"hash":"1b4e3a00c5d88652694c1cd68596266c73a99edb","isMergeCommit":false,"messageTitle":"Add JUnit tests","messageBody":"","fileTypesAndContributionMap":{"functional-code":{"insertions":7,"deletions":2},"test-code":{"insertions":79,"deletions":2}}},{"hash":"d6034fc3e0b020759d5180cded42404f812c586a","isMergeCommit":false,"messageTitle":"Fix style","messageBody":"","fileTypesAndContributionMap":{"test-code":{"insertions":2,"deletions":2}}},{"hash":"bcd5ccd469ec5377ed534e8af92c77ef74194470","isMergeCommit":true,"messageTitle":"Merge pull request #43 from ICubE-/add-junit-test","messageBody":"Add JUnit tests","fileTypesAndContributionMap":{}}]},{"date":"2023-10-18","commitResults":[{"hash":"9cf6ea6e1a47cf7fc45795a45085363aec71ec87","isMergeCommit":false,"messageTitle":"Update build.gradle","messageBody":"","fileTypesAndContributionMap":{"other":{"insertions":1,"deletions":1}}},{"hash":"2782e54c7fad18887b8b2a26a9efa7f21558d3c0","isMergeCommit":true,"messageTitle":"Merge remote-tracking branch \u0027upstream/master\u0027","messageBody":"","fileTypesAndContributionMap":{}},{"hash":"149e1bee352449e010f1e6204e24aff50922c98f","isMergeCommit":true,"messageTitle":"Merge pull request #48 from ICubE-/master","messageBody":"Update build.gradle","fileTypesAndContributionMap":{}},{"hash":"d4c97f5af0b2cd527f11496afb3f53b6d3a24d8d","isMergeCommit":true,"messageTitle":"Merge pull request #49 from marklin2234/delete-workout","messageBody":"add delete","fileTypesAndContributionMap":{}},{"hash":"0f2f80d367518e4a6a47698c6f5eb5911a0f5dd4","isMergeCommit":false,"messageTitle":"Maintain code style","messageBody":"","fileTypesAndContributionMap":{"functional-code":{"insertions":16,"deletions":11}}},{"hash":"1cc2586c833d13392b19940d770b64902105b0e5","isMergeCommit":false,"messageTitle":"Fix to pass test","messageBody":"","fileTypesAndContributionMap":{"test-code":{"insertions":1,"deletions":1}}},{"hash":"e8479cedc7a63b13b2f2d69d21ef2b32e213c207","isMergeCommit":true,"messageTitle":"Merge pull request #50 from ICubE-/master","messageBody":"Maintain code style","fileTypesAndContributionMap":{}},{"hash":"0ee1a31d3dae37c0c542a75d8b39336b732dcce8","isMergeCommit":false,"messageTitle":"Update references","messageBody":"","fileTypesAndContributionMap":{"functional-code":{"insertions":11,"deletions":0}}},{"hash":"ea20895fc3136aa81a7043643a1438335c3a8913","isMergeCommit":true,"messageTitle":"Merge pull request #52 from ICubE-/master","messageBody":"Update references","fileTypesAndContributionMap":{}},{"hash":"755ae59d569ed581cb7a7589633df9a6abc5c4c4","isMergeCommit":false,"messageTitle":"Update DeleteWorkoutCommand.java","messageBody":"","fileTypesAndContributionMap":{"functional-code":{"insertions":1,"deletions":1}}},{"hash":"450a8ef7c72bf3762f8a886de536cffa85c3d926","isMergeCommit":false,"messageTitle":"Update build.gradle","messageBody":"","fileTypesAndContributionMap":{"other":{"insertions":1,"deletions":0}}},{"hash":"e75d9fd7d4f272c1d6aa870b3f28ee0f7762045d","isMergeCommit":true,"messageTitle":"Merge remote-tracking branch \u0027upstream/master\u0027","messageBody":"","fileTypesAndContributionMap":{}},{"hash":"c144ba92e31d51962de4635273f21e5631c1bad1","isMergeCommit":true,"messageTitle":"Merge pull request #53 from ICubE-/master","messageBody":"Fix minor thingys","fileTypesAndContributionMap":{}},{"hash":"c05ef090dd1e85d3330d3cbaf66c7c2e546b7d3d","isMergeCommit":true,"messageTitle":"Merge pull request #55 from J0shuaLeong/master","messageBody":"Updated user guide","tags":["v1.0"],"fileTypesAndContributionMap":{}},{"hash":"c6056187018df3a34001c08348ea1c390cc7f24a","isMergeCommit":false,"messageTitle":"Fix bug","messageBody":"","fileTypesAndContributionMap":{"functional-code":{"insertions":1,"deletions":2},"other":{"insertions":0,"deletions":4}}},{"hash":"66a1cf4bb08160563cbd785a9a17b09557ee0549","isMergeCommit":false,"messageTitle":"Maintain style","messageBody":"","fileTypesAndContributionMap":{"functional-code":{"insertions":48,"deletions":27}}},{"hash":"3fe9b2b6f2198fc983932124f885e6a600d86e9d","isMergeCommit":true,"messageTitle":"Merge pull request #1 from ICubE-/maintain-code-style","messageBody":"Maintain style","fileTypesAndContributionMap":{}},{"hash":"fb527c6e2c5c84d2aa0eea59c352cbae444ee66b","isMergeCommit":true,"messageTitle":"Merge pull request #61 from ICubE-/fix-bug-and-maintain-style","messageBody":"Fix bug and maintain style","fileTypesAndContributionMap":{}},{"hash":"6e37cfe9bec197bf4c59044132c674c199392b8d","isMergeCommit":false,"messageTitle":"Fix bug in help","messageBody":"","fileTypesAndContributionMap":{"functional-code":{"insertions":2,"deletions":2}}},{"hash":"d43f391a2582f98832ed78aed16ad90a6afb4b29","isMergeCommit":true,"messageTitle":"Merge remote-tracking branch \u0027upstream/master\u0027 into handle-invalid-command-smoother","messageBody":"","fileTypesAndContributionMap":{}},{"hash":"2da0c01a747ba7a2b5222f91f8e141649c9b6083","isMergeCommit":true,"messageTitle":"Merge remote-tracking branch \u0027upstream/master\u0027 into fix-bug-and-maintain-style","messageBody":"","fileTypesAndContributionMap":{}},{"hash":"411dc1394f74477f81785916c0c777621a5c87bd","isMergeCommit":false,"messageTitle":"Handle invalid command smoother","messageBody":"","fileTypesAndContributionMap":{"functional-code":{"insertions":29,"deletions":15},"test-code":{"insertions":1,"deletions":1}}},{"hash":"25c60717b15629cf088112dfd2068e198239b7c0","isMergeCommit":false,"messageTitle":"Fix test","messageBody":"","fileTypesAndContributionMap":{"functional-code":{"insertions":1,"deletions":1},"test-code":{"insertions":5,"deletions":1}}},{"hash":"0fc286ffb1b01e71d63f9731d1dd2a3cea8f729f","isMergeCommit":true,"messageTitle":"Merge pull request #64 from ICubE-/handle-invalid-command-smoother","messageBody":"Handle invalid command smoother","fileTypesAndContributionMap":{}}]},{"date":"2023-10-20","commitResults":[{"hash":"f92708e8ea0065f577101f9fe4198f72d8899992","isMergeCommit":true,"messageTitle":"Merge remote-tracking branch \u0027upstream/master\u0027 into fix-bug-and-maintain-style","messageBody":"","fileTypesAndContributionMap":{}},{"hash":"55d1d70c77de24e39dea837b58bef176442c9f28","isMergeCommit":false,"messageTitle":"Maintain style","messageBody":"","fileTypesAndContributionMap":{"functional-code":{"insertions":11,"deletions":13}}},{"hash":"31dbc9878713b4976046d7e54a5fbac65687a934","isMergeCommit":false,"messageTitle":"Maintain style","messageBody":"","fileTypesAndContributionMap":{"functional-code":{"insertions":11,"deletions":9}}},{"hash":"00bd5cbe31d22e577277f35fce893d5fbe6da682","isMergeCommit":true,"messageTitle":"Merge pull request #84 from ICubE-/fix-bug-and-maintain-style","messageBody":"Maintain style","fileTypesAndContributionMap":{}},{"hash":"9b057d59046459249901985061f6c80461d898f5","isMergeCommit":false,"messageTitle":"Abstract data","messageBody":"","fileTypesAndContributionMap":{"functional-code":{"insertions":66,"deletions":10}}},{"hash":"eecbc699fa82f683ea9c0e482220fa0db37f353c","isMergeCommit":false,"messageTitle":"Maintain style","messageBody":"","fileTypesAndContributionMap":{"functional-code":{"insertions":0,"deletions":1}}},{"hash":"ba3ed4d394d4b37e1b8c1e44cdb21d497b3834ad","isMergeCommit":false,"messageTitle":"Update Height, Weight, Calories","messageBody":"","fileTypesAndContributionMap":{"functional-code":{"insertions":60,"deletions":0}}},{"hash":"6b55deec90c28acef909a6db9c7d19f66e2d9254","isMergeCommit":false,"messageTitle":"Update Height, Weight, Calories","messageBody":"","fileTypesAndContributionMap":{"functional-code":{"insertions":18,"deletions":6}}},{"hash":"746fe8aed4792002f43283fc26e536ed1d574972","isMergeCommit":false,"messageTitle":"Add date","messageBody":"","fileTypesAndContributionMap":{"functional-code":{"insertions":52,"deletions":1}}},{"hash":"4085a2e2f733300b10cc1d533138a0e68a5cda54","isMergeCommit":true,"messageTitle":"Merge pull request #85 from ICubE-/abstract-data-structures","messageBody":"Abstract data structures","fileTypesAndContributionMap":{}}]},{"date":"2023-10-21","commitResults":[{"hash":"f81add2d28ed21454df1a3940c603c5d0aa5d29e","isMergeCommit":false,"messageTitle":"Update Height, Weight, and Calories","messageBody":"","fileTypesAndContributionMap":{"functional-code":{"insertions":30,"deletions":52},"test-code":{"insertions":3,"deletions":3}}},{"hash":"94c1534c0b6acda6686b5dcd39fd2a54f5db1097","isMergeCommit":false,"messageTitle":"Add Date field in Meal","messageBody":"","fileTypesAndContributionMap":{"functional-code":{"insertions":29,"deletions":16}}},{"hash":"4907b7bf244ab895de10c0ad1dfc7dfb50815cb7","isMergeCommit":true,"messageTitle":"Merge remote-tracking branch \u0027upstream/master\u0027 into add-date-to-commands","messageBody":"","fileTypesAndContributionMap":{}},{"hash":"df1286c133376aec1c6e12528db08bbbe84ab4b6","isMergeCommit":false,"messageTitle":"Fix regex","messageBody":"","fileTypesAndContributionMap":{"functional-code":{"insertions":1,"deletions":1}}},{"hash":"d15923d35b33a73b31233f77ae09f772c9e1b100","isMergeCommit":false,"messageTitle":"Add Date field in Workout","messageBody":"","fileTypesAndContributionMap":{"functional-code":{"insertions":27,"deletions":17}}},{"hash":"f5f484307b2233d7a02d897842c394470019e927","isMergeCommit":false,"messageTitle":"Add assertion","messageBody":"","fileTypesAndContributionMap":{"functional-code":{"insertions":2,"deletions":1}}},{"hash":"68630df58a0d05e89e7abaa34b97e54543cc35ea","isMergeCommit":false,"messageTitle":"Make commands not to use static","messageBody":"","fileTypesAndContributionMap":{"functional-code":{"insertions":17,"deletions":13}}},{"hash":"b456fd5eee8676ae38af86858d32c45dd6b65f2b","isMergeCommit":false,"messageTitle":"Maintain style","messageBody":"","fileTypesAndContributionMap":{"functional-code":{"insertions":0,"deletions":6}}},{"hash":"4990a15269b620ae56289963bcf8f9a6c140ec04","isMergeCommit":true,"messageTitle":"Merge pull request #89 from ICubE-/add-date-to-commands","messageBody":"Add date to commands","fileTypesAndContributionMap":{}},{"hash":"62d893c4a09eeecfc6f643861de595fb79428ae7","isMergeCommit":false,"messageTitle":"Restructure packages","messageBody":"","fileTypesAndContributionMap":{"functional-code":{"insertions":10,"deletions":6},"other":{"insertions":8,"deletions":14}}},{"hash":"c9d9a7645338add77591a1331f4ad4d3e6356a68","isMergeCommit":true,"messageTitle":"Merge pull request #90 from ICubE-/abstract-data-structures","messageBody":"Restructure packages","fileTypesAndContributionMap":{}}]}],"marklin2234":[{"date":"2023-10-04","commitResults":[{"hash":"9d5c2b2aeb519efd81570d45afba1fd7efd61325","isMergeCommit":false,"messageTitle":"change name (#2)","messageBody":"","fileTypesAndContributionMap":{"docs":{"insertions":2,"deletions":1}}}]},{"date":"2023-10-18","commitResults":[{"hash":"a7981fdf23fa49c4f7b677d5b5dfda2fb99225b4","isMergeCommit":false,"messageTitle":"add delete","messageBody":"","fileTypesAndContributionMap":{"functional-code":{"insertions":8,"deletions":2}}},{"hash":"97268deb0ffd66af5bd78208322db50e4b338b40","isMergeCommit":false,"messageTitle":"fix delete workout (#51)","messageBody":"","fileTypesAndContributionMap":{"functional-code":{"insertions":1,"deletions":3}}}]}],"farissirraj":[{"date":"2023-10-04","commitResults":[{"hash":"d29c533ec8490161881211184e028eb258c44809","isMergeCommit":false,"messageTitle":"Change name in About Us","messageBody":"","fileTypesAndContributionMap":{"docs":{"insertions":7,"deletions":7}}}]},{"date":"2023-10-09","commitResults":[{"hash":"7bb04d887d4ece7439d62030cfa67a5d840825c7","isMergeCommit":false,"messageTitle":"Create class for checking calorie surplus limit command","messageBody":"","fileTypesAndContributionMap":{"functional-code":{"insertions":10,"deletions":0}}},{"hash":"a212cb420bd3cf786e68bbddb94452a5d41867af","isMergeCommit":false,"messageTitle":"Create class for checking the height","messageBody":"","fileTypesAndContributionMap":{"functional-code":{"insertions":10,"deletions":0}}},{"hash":"5d4b5515c143fe1c0f60dd65b5e86c6930cb7c12","isMergeCommit":false,"messageTitle":"Create class for checking the weight","messageBody":"","fileTypesAndContributionMap":{"functional-code":{"insertions":10,"deletions":0}}},{"hash":"6042ca31a30101f604c269182bfe03db3c1d73f8","isMergeCommit":false,"messageTitle":"Create class for listing the workout","messageBody":"","fileTypesAndContributionMap":{"functional-code":{"insertions":11,"deletions":0}}},{"hash":"7e623f8cf9bc78fc3ebdae9068637c23022448a5","isMergeCommit":false,"messageTitle":"Create class for setting the daily calorie limit","messageBody":"","fileTypesAndContributionMap":{"functional-code":{"insertions":11,"deletions":0}}},{"hash":"040b81c6dceccbbf71d81692fcf9d7e04571af43","isMergeCommit":false,"messageTitle":"Update Command Parser Class with the new command class constructor calls","messageBody":"","fileTypesAndContributionMap":{"functional-code":{"insertions":11,"deletions":11}}},{"hash":"26808bf357e853bc3f770f7ca8f9e01e92c45ed0","isMergeCommit":true,"messageTitle":"Merge pull request #22 from farissirraj/BasicCommands","messageBody":"Skeletal Implementation of Basic Commands","fileTypesAndContributionMap":{}}]},{"date":"2023-10-17","commitResults":[{"hash":"f6f43556d8ee795f2c788631c0ad56d066ffd4ab","isMergeCommit":false,"messageTitle":"Import relevant packages","messageBody":"","fileTypesAndContributionMap":{"functional-code":{"insertions":4,"deletions":0}}},{"hash":"66e239354d0fa35518963f00c3db3ef9b4c72c63","isMergeCommit":false,"messageTitle":"Define description, usage and help messages/instructions for the addworkout command","messageBody":"","fileTypesAndContributionMap":{"functional-code":{"insertions":6,"deletions":0}}},{"hash":"ef61fc817505941ca5059d5c7411cf668677435b","isMergeCommit":false,"messageTitle":"Add functionality to add the new workout to the workoutList","messageBody":"","fileTypesAndContributionMap":{"functional-code":{"insertions":2,"deletions":2}}},{"hash":"3fbb1cc4ecdb002841125829a5fbf83cd0ef1f58","isMergeCommit":false,"messageTitle":"Add functionality to parse the calories from the user input","messageBody":"","fileTypesAndContributionMap":{"functional-code":{"insertions":2,"deletions":1}}},{"hash":"5f1f4a32e4a4df65930abd3b5c64efab86e054b6","isMergeCommit":false,"messageTitle":"Add functionality to return help messages as needed - AddWorkoutCommand","messageBody":"","fileTypesAndContributionMap":{"functional-code":{"insertions":1,"deletions":1}}},{"hash":"dbc107ac3824cf1f605c127925a60b80dba7f07d","isMergeCommit":false,"messageTitle":"Add addworkout and viewWorkout to the list of command words","messageBody":"","fileTypesAndContributionMap":{"functional-code":{"insertions":2,"deletions":2}}},{"hash":"ae01b88887c2b68e3826bf0740fd5198d8d5617a","isMergeCommit":false,"messageTitle":"Add help messages for the ViewWorkoutsCommand","messageBody":"","fileTypesAndContributionMap":{"functional-code":{"insertions":10,"deletions":1}}},{"hash":"24cc96e773a935bd9ebda08fe082a0d53a728214","isMergeCommit":false,"messageTitle":"Add help message callback for the viewWorkoutsCommand","messageBody":"","fileTypesAndContributionMap":{"functional-code":{"insertions":2,"deletions":2}}},{"hash":"9cb261295501ef2d7b9c96f94d5099a0b2693824","isMergeCommit":false,"messageTitle":"Add functionality to list the workouts in the list of workouts","messageBody":"","fileTypesAndContributionMap":{"functional-code":{"insertions":4,"deletions":1}}},{"hash":"553acb6d792a924d93406b0538e728ff56900390","isMergeCommit":false,"messageTitle":"Create a new class for the list of workouts","messageBody":"","fileTypesAndContributionMap":{"functional-code":{"insertions":32,"deletions":0}}}]},{"date":"2023-10-18","commitResults":[{"hash":"7af2404cab7f15393ba74ab874b00b870f7de78d","isMergeCommit":true,"messageTitle":"Merge branch \u0027master\u0027 into WorkoutOperations","messageBody":"","fileTypesAndContributionMap":{}},{"hash":"9f0a6024504c35da5ff544452bb8f3a395799510","isMergeCommit":false,"messageTitle":"Create Workout Class","messageBody":"","fileTypesAndContributionMap":{"functional-code":{"insertions":25,"deletions":0}}},{"hash":"01ca5f7bea8bc3d49389886c0830acd9fb1466e4","isMergeCommit":false,"messageTitle":"Add assertion","messageBody":"","fileTypesAndContributionMap":{"functional-code":{"insertions":1,"deletions":0}}},{"hash":"8d0d8034a12f6a0a58ed437757c367680b0e6ac4","isMergeCommit":false,"messageTitle":"Fix indentation issue","messageBody":"","fileTypesAndContributionMap":{"functional-code":{"insertions":1,"deletions":1}}},{"hash":"14b877efe5d0e6cc0b54b309d1b7eefeedcb8411","isMergeCommit":false,"messageTitle":"Reduce the number of charecters per line","messageBody":"","fileTypesAndContributionMap":{"functional-code":{"insertions":2,"deletions":2}}},{"hash":"6e0506c527d74f6dddbe78421f5fe81bc81e8582","isMergeCommit":true,"messageTitle":"Merge pull request #47 from farissirraj/WorkoutOperations","messageBody":"Workout Operations","fileTypesAndContributionMap":{}}]}]},"authorFileTypeContributionMap":{"NgLixuanNixon":{"docs":2,"functional-code":79,"test-code":0},"J0shuaLeong":{"docs":210,"functional-code":255,"test-code":45},"ICubE-":{"docs":1,"functional-code":917,"test-code":166,"other":3},"marklin2234":{"docs":1,"functional-code":1,"test-code":0},"farissirraj":{"docs":1,"functional-code":70,"test-code":0}},"authorContributionVariance":{"NgLixuanNixon":1516.9823,"J0shuaLeong":7842.5293,"ICubE-":18341.193,"marklin2234":6.512222,"farissirraj":368.45},"authorDisplayNameMap":{"NgLixuanNixon":"CS2113-W12-4 NG L..IXON","J0shuaLeong":"CS2113-W12-4 LEON..SHUA","ICubE-":"CS2113-W12-4 YEON..JEHO","marklin2234":"CS2113-W12-4 LIN ..ZHAO","farissirraj":"CS2113-W12-4 FARI..RRAJ"}}
