{"authorDailyContributionsMap":{"aaronxujiachen":[{"date":"2023-10-05","commitResults":[{"hash":"17c9a4e3a542ff3dc4a6c3ed6a9bd9da669b145b","isMergeCommit":false,"messageTitle":"Update AboutUs.md by JiaChen","messageBody":"","fileTypesAndContributionMap":{"docs":{"insertions":7,"deletions":7}}},{"hash":"ec6f013464e01ce604f2a63f6d61b455ab004167","isMergeCommit":true,"messageTitle":"Merge pull request #1 from aaronxujiachen/master","messageBody":"Update AboutUs.md by JiaChen","fileTypesAndContributionMap":{}}]},{"date":"2023-10-06","commitResults":[{"hash":"6e3f56311ee411e153f38eeb41bc75a57ae2855a","isMergeCommit":true,"messageTitle":"Merge pull request #3 from spaceman03/master","messageBody":"Update AboutUs.md","fileTypesAndContributionMap":{}}]},{"date":"2023-10-16","commitResults":[{"hash":"850d7a31292733b20329d8ba32a63238bc1356b1","isMergeCommit":false,"messageTitle":"Change ByeCommand to ExitCommand and add expected output.","messageBody":"","fileTypesAndContributionMap":{"functional-code":{"insertions":6,"deletions":6}}},{"hash":"8bda423e797242a4bc1fd5c4e1d23d790bb198f9","isMergeCommit":true,"messageTitle":"Merge pull request #15 from aaronxujiachen/branch-exitCommand","messageBody":"Change ByeCommand to ExitCommand and add expected output.","fileTypesAndContributionMap":{}}]},{"date":"2023-10-17","commitResults":[{"hash":"8b83607f9cc27428bce02ee676e86dc2834cbabc","isMergeCommit":true,"messageTitle":"Merge pull request #17 from lckjosh/master","messageBody":"Update AboutUs.md","fileTypesAndContributionMap":{}},{"hash":"e93ce50f7c287a73645c998de40126edcc354e80","isMergeCommit":false,"messageTitle":"Add Help Command and expected output.","messageBody":"","fileTypesAndContributionMap":{"functional-code":{"insertions":10,"deletions":10}}},{"hash":"fb4b452acd3f041bcefc1e25866722cb0702536e","isMergeCommit":true,"messageTitle":"Merge pull request #21 from aaronxujiachen/branch-helpCommand","messageBody":"Add Help Command and expected output.","fileTypesAndContributionMap":{}}]},{"date":"2023-10-18","commitResults":[{"hash":"bf640476b177a63a63cd624f370e24300559e85a","isMergeCommit":false,"messageTitle":"Add exception handling and JUnit test for helpCommand.","messageBody":"","fileTypesAndContributionMap":{"functional-code":{"insertions":19,"deletions":8},"test-code":{"insertions":23,"deletions":1}}},{"hash":"6bfe6c3dceb5c9390033fadfce4e5e976a17e12c","isMergeCommit":false,"messageTitle":"Fix method naming to adhere to Checkstyle requirements","messageBody":"","fileTypesAndContributionMap":{"test-code":{"insertions":2,"deletions":2}}},{"hash":"237dc4671d1f652487f7425161de4570b0a9ec8d","isMergeCommit":true,"messageTitle":"Merge pull request #29 from aaronxujiachen/branch-helpCommand","messageBody":"Add exception handling and JUnit test for helpCommand.","fileTypesAndContributionMap":{}}]},{"date":"2023-10-25","commitResults":[{"hash":"66ec99db977bb62c580e524ccba441d0a9b1a6bc","isMergeCommit":false,"messageTitle":"Update Help Menu and Expected Output","messageBody":"","fileTypesAndContributionMap":{"functional-code":{"insertions":3,"deletions":2}}},{"hash":"10f1243a4105af2f119f174f5b1a1750fb46ca7c","isMergeCommit":true,"messageTitle":"Merge pull request #46 from aaronxujiachen/branch-helpCommand","messageBody":"Update Help Menu and Expected Output","fileTypesAndContributionMap":{}}]},{"date":"2023-10-27","commitResults":[{"hash":"7de34ee77059ca924107844a387f1270ccbc04a6","isMergeCommit":false,"messageTitle":"Update Developer Guide with HelpCommand Description","messageBody":"","fileTypesAndContributionMap":{"docs":{"insertions":35,"deletions":0}}},{"hash":"fdf7fedff16f1975c81383094b4bfcdbe41de273","isMergeCommit":true,"messageTitle":"Merge pull request #53 from aaronxujiachen/branch-helpCommand","messageBody":"Update Developer Guide with HelpCommand Description","fileTypesAndContributionMap":{}}]}],"spaceman03":[{"date":"2023-10-05","commitResults":[{"hash":"b907cadd31762b2a2bdb3a283a54dfd7f92927fa","isMergeCommit":false,"messageTitle":"Update AboutUs.md","messageBody":"","fileTypesAndContributionMap":{"docs":{"insertions":7,"deletions":7}}},{"hash":"faa31cbe7f7687f6c651a58e1748dcaed936fe18","isMergeCommit":true,"messageTitle":"Merge branch \u0027master\u0027 into master","messageBody":"","fileTypesAndContributionMap":{}}]},{"date":"2023-10-13","commitResults":[{"hash":"3d5bdfe9a1272e0a46e389a96d56fdbd0316af75","isMergeCommit":false,"messageTitle":"Rename Duke to Nuscents","messageBody":"","fileTypesAndContributionMap":{"functional-code":{"insertions":22,"deletions":0}}},{"hash":"68d76a9cc00e597e05c8b5a3dcb4176bffcdef4c","isMergeCommit":false,"messageTitle":"Rename Duke to Nuscents","messageBody":"","fileTypesAndContributionMap":{"functional-code":{"insertions":0,"deletions":21}}},{"hash":"36c498dbe3012c4116c424f3afb1caeb9e4586a6","isMergeCommit":false,"messageTitle":"Rename DukeTest to NuscentsTest","messageBody":"","fileTypesAndContributionMap":{"other":{"insertions":2,"deletions":2}}},{"hash":"1688d6be91f47c63662a52ccae34845c41115104","isMergeCommit":false,"messageTitle":"Fix CI failing","messageBody":"","fileTypesAndContributionMap":{"other":{"insertions":2,"deletions":2}}},{"hash":"950aec2ffa8deab6e559dc180e2466052356287c","isMergeCommit":false,"messageTitle":"Remove whitespace","messageBody":"","fileTypesAndContributionMap":{"functional-code":{"insertions":1,"deletions":1}}},{"hash":"3f40057ae31451b3d67b61439e6f1a2c87db19d5","isMergeCommit":true,"messageTitle":"Merge pull request #11 from spaceman03/rename","messageBody":"Rename Duke to NUScents","fileTypesAndContributionMap":{}},{"hash":"544f9081305f1ce200b7638a2b082ed90ffabb30","isMergeCommit":false,"messageTitle":"Update expected output","messageBody":"","fileTypesAndContributionMap":{"functional-code":{"insertions":1,"deletions":1}}},{"hash":"83c0db186c2bb106cf0b9cd8eff469b689803008","isMergeCommit":true,"messageTitle":"Merge pull request #12 from spaceman03/rename","messageBody":"Update expected output","fileTypesAndContributionMap":{}}]},{"date":"2023-10-16","commitResults":[{"hash":"f942bf08edf2e985993fed72163040feb0617647","isMergeCommit":false,"messageTitle":"Import code from ip","messageBody":"","fileTypesAndContributionMap":{"functional-code":{"insertions":782,"deletions":13}}},{"hash":"47f9a0d4f54d553087355ca077ec5abfb5afd5f0","isMergeCommit":false,"messageTitle":"Remove * import","messageBody":"","fileTypesAndContributionMap":{"functional-code":{"insertions":21,"deletions":44}}},{"hash":"ed9ece69fe252a2f52e73e437cfa013c3a9b601d","isMergeCommit":false,"messageTitle":"Edit code to abide java coding standards","messageBody":"","fileTypesAndContributionMap":{"functional-code":{"insertions":14,"deletions":4}}},{"hash":"b66d0a2e14d7944408ddbd987f555d887a00fd61","isMergeCommit":true,"messageTitle":"Merge pull request #13 from spaceman03/import-code","messageBody":"Import code from iP","fileTypesAndContributionMap":{}}]},{"date":"2023-10-17","commitResults":[{"hash":"25727fa186d10fabf724a65948ef866e4fd83983","isMergeCommit":true,"messageTitle":"Merge pull request #23 from lckjosh/branch-add-expense","messageBody":"Add ability to add expense","fileTypesAndContributionMap":{}},{"hash":"5e928b0b39424af517737bc04400b9e7ecc62706","isMergeCommit":false,"messageTitle":"Rename tasks to transactionList","messageBody":"","fileTypesAndContributionMap":{"functional-code":{"insertions":1,"deletions":1}}},{"hash":"7f14cc11220dd5bee3df1e11c8d55f081bb3dfc2","isMergeCommit":false,"messageTitle":"Change date format","messageBody":"","fileTypesAndContributionMap":{"functional-code":{"insertions":77,"deletions":63}}},{"hash":"ff7f92ca420aa8f5e1ebace350edc9822ba9a7f6","isMergeCommit":false,"messageTitle":"Change date format","messageBody":"","fileTypesAndContributionMap":{"functional-code":{"insertions":4,"deletions":4}}},{"hash":"f69aba7c7b86e1c50b10b3a3d80052e5be966b66","isMergeCommit":false,"messageTitle":"Add read error message","messageBody":"","fileTypesAndContributionMap":{"functional-code":{"insertions":1,"deletions":0}}},{"hash":"fd92138a4e306c89f8c3d1a0595397dcdfef9a18","isMergeCommit":false,"messageTitle":"Remove unused import statements","messageBody":"","fileTypesAndContributionMap":{"functional-code":{"insertions":2,"deletions":6}}},{"hash":"77555c990ebdbaf52416f4b2dba7c01cf9eaac2e","isMergeCommit":false,"messageTitle":"Add newline at the end of file","messageBody":"","fileTypesAndContributionMap":{"functional-code":{"insertions":1,"deletions":1}}},{"hash":"61f4961057f9a811c85965f87eb2f0faaaebb6ef","isMergeCommit":true,"messageTitle":"Merge pull request #25 from lckjosh/branch-add-transaction-test","messageBody":"Add JUnit testing for adding a transaction","fileTypesAndContributionMap":{}},{"hash":"5ba6e96b4eb1ec14c444bab4ca7b7d54036bd5d8","isMergeCommit":false,"messageTitle":"Display transaction index for each transaction","messageBody":"","fileTypesAndContributionMap":{"functional-code":{"insertions":8,"deletions":3}}},{"hash":"5b065e3c7145dcb5a4e6a77526c9c3584f63eae2","isMergeCommit":false,"messageTitle":"Display additional info for transactions","messageBody":"","fileTypesAndContributionMap":{"functional-code":{"insertions":15,"deletions":5}}},{"hash":"1ca4c9c376b58e158605dfabff1fec1c211cda31","isMergeCommit":true,"messageTitle":"Merge pull request #26 from spaceman03/list-feature","messageBody":"Display serial number and additional info for list feature","fileTypesAndContributionMap":{}}]},{"date":"2023-10-18","commitResults":[{"hash":"3dec0fc88434a962ce2871a04f3cf7a572c6c52e","isMergeCommit":true,"messageTitle":"Merge pull request #28 from vvhuiling/view-feature","messageBody":"Add the ability to view","fileTypesAndContributionMap":{}},{"hash":"a0cb0bcdfb50ce6e31d6922dc76ba577f47753e1","isMergeCommit":false,"messageTitle":"Add Junit test for Storage class","messageBody":"","fileTypesAndContributionMap":{"functional-code":{"insertions":6,"deletions":1},"test-code":{"insertions":63,"deletions":0}}},{"hash":"ddcd241833935eb0162106cb7f95b3d57fbeb241","isMergeCommit":true,"messageTitle":"Merge pull request #31 from vvhuiling/JUnit","messageBody":"Add JUnit for Parse.parseTaskIndex","fileTypesAndContributionMap":{}},{"hash":"b51fb88b291d3375bbc8f996ec4f8610a8ef23cb","isMergeCommit":false,"messageTitle":"Add assertions","messageBody":"","fileTypesAndContributionMap":{"functional-code":{"insertions":1,"deletions":0}}},{"hash":"715e2bdaf0266244aa149895acc42c8811b82642","isMergeCommit":true,"messageTitle":"Merge pull request #32 from spaceman03/assertions","messageBody":"Add assertions","fileTypesAndContributionMap":{}},{"hash":"153959f9f867bd1b6654136b72c41276be598722","isMergeCommit":false,"messageTitle":"Add logging for Storage class","messageBody":"","fileTypesAndContributionMap":{"functional-code":{"insertions":11,"deletions":18}}},{"hash":"b7421b2ee2b393c1b2cd7465f6315f3edcfecdc8","isMergeCommit":false,"messageTitle":"Edit code to abide java coding standards","messageBody":"","fileTypesAndContributionMap":{"functional-code":{"insertions":1,"deletions":1}}},{"hash":"9ed3e0451d16a8459ec078eefb93fbc7b158b39a","isMergeCommit":true,"messageTitle":"Merge pull request #33 from spaceman03/logging","messageBody":"Add logging for Storage class","fileTypesAndContributionMap":{}}]},{"date":"2023-10-19","commitResults":[{"hash":"e95c76a83817807a7f2bc34aa2b8d649a18ee448","isMergeCommit":true,"messageTitle":"Merge branch \u0027master\u0027 into branch-Update-AboutUs","messageBody":"","fileTypesAndContributionMap":{}},{"hash":"214ee847617bfb6a14d40e7b94b829f0e8576bb0","isMergeCommit":true,"messageTitle":"Merge pull request #34 from choonkit-nus/branch-Update-AboutUs","messageBody":"Update AboutUs.md","fileTypesAndContributionMap":{}}]},{"date":"2023-10-23","commitResults":[{"hash":"abf7e0d383220862a29252891109986c6a18047a","isMergeCommit":false,"messageTitle":"Add enum for expense categories","messageBody":"","fileTypesAndContributionMap":{"functional-code":{"insertions":9,"deletions":0},"other":{"insertions":0,"deletions":0}}},{"hash":"c7eb1e6cf5cdee9df3e7b4f9b396d60076ea534f","isMergeCommit":false,"messageTitle":"Add enum for allowance categories","messageBody":"","fileTypesAndContributionMap":{"functional-code":{"insertions":14,"deletions":9}}},{"hash":"d83ef516eb453895f47baa6f018732334ae31b62","isMergeCommit":false,"messageTitle":"Add enum for expense categories","messageBody":"","fileTypesAndContributionMap":{"functional-code":{"insertions":4,"deletions":3}}},{"hash":"d01598b037bc2d6ea81342b3645fa2523b089d57","isMergeCommit":false,"messageTitle":"Parse in user input for expense categories","messageBody":"","fileTypesAndContributionMap":{"functional-code":{"insertions":103,"deletions":22},"test-code":{"insertions":7,"deletions":8}}},{"hash":"adbc9ab88e8f1be5b219c11d9bb491984b6fe6dd","isMergeCommit":false,"messageTitle":"Remove unused code","messageBody":"","fileTypesAndContributionMap":{"functional-code":{"insertions":0,"deletions":1}}},{"hash":"ac156217a18d0041fb306ddc01b08236e90f908a","isMergeCommit":false,"messageTitle":"Add unknown category message","messageBody":"","fileTypesAndContributionMap":{"functional-code":{"insertions":4,"deletions":8}}},{"hash":"890ece2b155415093eb71d34ab36fa68c6b86d84","isMergeCommit":false,"messageTitle":"Display expense category","messageBody":"","fileTypesAndContributionMap":{"functional-code":{"insertions":16,"deletions":7}}},{"hash":"ba2d8955958a559d5b5e1aaba5e11b1a0f4ec156","isMergeCommit":false,"messageTitle":"Enable assertions","messageBody":"","fileTypesAndContributionMap":{"other":{"insertions":4,"deletions":0}}}]},{"date":"2023-10-24","commitResults":[{"hash":"163be2d0da1297d32078d9853932f29056f5aa5d","isMergeCommit":false,"messageTitle":"Update developer guide with add transaction implementation","messageBody":"","fileTypesAndContributionMap":{"docs":{"insertions":95,"deletions":2}}},{"hash":"e167b41b1b2fa098bf06f6ea21d423d6e3a0c425","isMergeCommit":false,"messageTitle":"Remove typo in messages","messageBody":"","fileTypesAndContributionMap":{"functional-code":{"insertions":1,"deletions":1}}},{"hash":"e0453762b1f1541622dbcece541805672bdb3e80","isMergeCommit":true,"messageTitle":"Merge pull request #45 from spaceman03/categorise-expense","messageBody":"Categorise expense","fileTypesAndContributionMap":{}}]},{"date":"2023-10-26","commitResults":[{"hash":"2ab9510bcca09bb340a58bdbf90f85f8a48acf0b","isMergeCommit":false,"messageTitle":"Update add transaction sequence diagram","messageBody":"","fileTypesAndContributionMap":{"docs":{"insertions":1,"deletions":1}}},{"hash":"e09280fbe2cc6cecf3319e69c4b5a3702c22fec8","isMergeCommit":true,"messageTitle":"Merge pull request #48 from spaceman03/categorise-expense","messageBody":"Update add transaction sequence diagram","fileTypesAndContributionMap":{}},{"hash":"673637e784ad81ec65f79bb9f132ce956eb9331f","isMergeCommit":true,"messageTitle":"Merge pull request #49 from spaceman03/categorise-expense","messageBody":"Rename add transaction sequence diagram","fileTypesAndContributionMap":{}}]}],"lckjosh":[{"date":"2023-10-17","commitResults":[{"hash":"2b2b3b78f2af5be61d76c7c5d276da8dbeb4151d","isMergeCommit":false,"messageTitle":"Update AboutUs.md","messageBody":"","fileTypesAndContributionMap":{"docs":{"insertions":3,"deletions":3}}},{"hash":"ec62f5e245ac20384cd1cb946bf88a92390af944","isMergeCommit":false,"messageTitle":"Rename Task to Transaction","messageBody":"","fileTypesAndContributionMap":{"functional-code":{"insertions":140,"deletions":140},"other":{"insertions":6,"deletions":6}}},{"hash":"55b6c1373057a6797b2a58afe4e07a09d52251ff","isMergeCommit":false,"messageTitle":"Rename task to transaction in UI","messageBody":"","fileTypesAndContributionMap":{"functional-code":{"insertions":21,"deletions":21}}},{"hash":"c8b1586d25c4622e571843619d413730178a427b","isMergeCommit":false,"messageTitle":"Rename the TransactionList variable from tasks to transactions","messageBody":"","fileTypesAndContributionMap":{"functional-code":{"insertions":6,"deletions":6}}},{"hash":"e1bce9867751d941051d57b7d42363cc1c95bf6b","isMergeCommit":false,"messageTitle":"Fix typo by renamingg trasactions to transactions","messageBody":"","fileTypesAndContributionMap":{"functional-code":{"insertions":6,"deletions":6}}},{"hash":"edf9ee5125927e5a29cfde07e29b902bee9c5860","isMergeCommit":false,"messageTitle":"Add ability to add allowance","messageBody":"","fileTypesAndContributionMap":{"functional-code":{"insertions":95,"deletions":26}}},{"hash":"f4dd482c6faeb0f74e20cab5cb74ef7ebc4c7ee9","isMergeCommit":false,"messageTitle":"Fix storage class such that it can now write and read allowances to and from file","messageBody":"","fileTypesAndContributionMap":{"functional-code":{"insertions":15,"deletions":8}}},{"hash":"3ad42995f2f2d460b6637abce4cc99bfadc17a4c","isMergeCommit":false,"messageTitle":"Fix code style violations","messageBody":"","fileTypesAndContributionMap":{"functional-code":{"insertions":6,"deletions":3}}},{"hash":"66ad8279f6d5ff9638a9794f1cdfea3cbb6b149c","isMergeCommit":false,"messageTitle":"Rename taskDecoder to transactionDecoder","messageBody":"","fileTypesAndContributionMap":{"functional-code":{"insertions":3,"deletions":2}}},{"hash":"1467f34d13f9f5f3238b0795d4a0eed08dce8788","isMergeCommit":false,"messageTitle":"Remove classes and methods related to marking and unmarking tasks","messageBody":"","fileTypesAndContributionMap":{"functional-code":{"insertions":1,"deletions":107}}},{"hash":"39891815321430b803cecd30226c80d3004dc531","isMergeCommit":false,"messageTitle":"Update parser to only accept hyphen for datetime input and not forward slash","messageBody":"","fileTypesAndContributionMap":{"functional-code":{"insertions":3,"deletions":9}}},{"hash":"2063ea7a4cda9321d32e085bff31d981c6497c43","isMergeCommit":true,"messageTitle":"Merge pull request #22 from lckjosh/branch-add-allowance","messageBody":"Merge branch-add-allowance","fileTypesAndContributionMap":{}},{"hash":"f7f76befb8837e86c38494e840d1d4ccb4c22326","isMergeCommit":false,"messageTitle":"Add ability to add expense","messageBody":"","fileTypesAndContributionMap":{"functional-code":{"insertions":73,"deletions":12}}},{"hash":"bcd028a3048bfaceb3f923c4ee85543426dc7d61","isMergeCommit":false,"messageTitle":"Rename allowance to expense in parseExpense() header comment","messageBody":"","fileTypesAndContributionMap":{"functional-code":{"insertions":1,"deletions":1}}},{"hash":"861d27e5be59a84cec92f174d5c2ed6689a486f5","isMergeCommit":false,"messageTitle":"Add JUnit testing for adding a transaction","messageBody":"","fileTypesAndContributionMap":{"functional-code":{"insertions":20,"deletions":11},"test-code":{"insertions":75,"deletions":0}}},{"hash":"f71cf094a277c1c5c7f65d22f8376c18c58d8e0c","isMergeCommit":false,"messageTitle":"Fix coding standard violations in ParserTest.java","messageBody":"","fileTypesAndContributionMap":{"test-code":{"insertions":7,"deletions":6}}},{"hash":"5b42ba630ccf6e3eda827897344646ff18d92efd","isMergeCommit":true,"messageTitle":"Merge pull request #24 from spaceman03/list-feature","messageBody":"Add list feature\r\nFixes #9 ","fileTypesAndContributionMap":{}},{"hash":"d349b116005dcef8dcde7948b01f9b053dea8c60","isMergeCommit":true,"messageTitle":"Merge branch \u0027master\u0027 of https://github.com/AY2324S1-CS2113-T18-4/tp into branch-add-transaction-test","messageBody":"# Conflicts:\n#\tsrc/main/java/seedu/nuscents/parser/Parser.java\n#\tsrc/main/java/seedu/nuscents/ui/Messages.java\n","fileTypesAndContributionMap":{}},{"hash":"564051ab0d85d2a6d4898af9d949fb94a451a1b0","isMergeCommit":false,"messageTitle":"Update ParserTest.java to use the simple date format","messageBody":"","fileTypesAndContributionMap":{"test-code":{"insertions":10,"deletions":8}}},{"hash":"9df79b39c059353a93f08eafc8e4b7d18ad2f05d","isMergeCommit":false,"messageTitle":"Remove unused imports in ParserTest.java","messageBody":"","fileTypesAndContributionMap":{"test-code":{"insertions":0,"deletions":3}}},{"hash":"cf2a8632d771bd33ff541e631215fa836bea4197","isMergeCommit":false,"messageTitle":"Update test cases to use new date format","messageBody":"","fileTypesAndContributionMap":{"test-code":{"insertions":2,"deletions":2}}}]},{"date":"2023-10-18","commitResults":[{"hash":"25ef375710b28911a84a3ce82d04acdc42e3dd84","isMergeCommit":true,"messageTitle":"Merge pull request #30 from spaceman03/storage-test","messageBody":"Add JUnit test for Storage class","fileTypesAndContributionMap":{}}]},{"date":"2023-10-26","commitResults":[{"hash":"e314cf72af2a1b98ea6f2a152066cf580c2869b7","isMergeCommit":false,"messageTitle":"Log to file instead of console","messageBody":"","fileTypesAndContributionMap":{"functional-code":{"insertions":8,"deletions":0}}},{"hash":"0e965221f371cc06be78781b85da225771a035df","isMergeCommit":true,"messageTitle":"Merge pull request #47 from lckjosh/log-to-file","messageBody":"Log to file instead of console","fileTypesAndContributionMap":{}},{"hash":"d1a3c2c1d4f2c22fced940d763cdf9451bf92ca4","isMergeCommit":false,"messageTitle":"Add sequence diagram and DG section for list transactions feature","messageBody":"","fileTypesAndContributionMap":{"docs":{"insertions":60,"deletions":0}}},{"hash":"8b9c4e3ac6dd80e2d89c2deeb6a60eb69f2499c8","isMergeCommit":true,"messageTitle":"Merge pull request #50 from lckjosh/documentation-list-transactions","messageBody":"Add sequence diagram and DG section for list transactions feature","fileTypesAndContributionMap":{}}]}],"choonkit-nus":[{"date":"2023-10-05","commitResults":[{"hash":"1dbcb2d61ad0f260016699378b381211523c50bc","isMergeCommit":false,"messageTitle":"Update README.md","messageBody":"","fileTypesAndContributionMap":{"docs":{"insertions":1,"deletions":1}}}]},{"date":"2023-10-18","commitResults":[{"hash":"511c46e086a462bdae64f923b42917f0e7facd26","isMergeCommit":false,"messageTitle":"Update AboutUs.md","messageBody":"","fileTypesAndContributionMap":{"docs":{"insertions":1,"deletions":1}}}]},{"date":"2023-10-22","commitResults":[{"hash":"11399d0dca8f2bbc35a2f2e7b300d94c5999496e","isMergeCommit":false,"messageTitle":"Update transaction amount to float","messageBody":"","fileTypesAndContributionMap":{"functional-code":{"insertions":10,"deletions":9},"test-code":{"insertions":2,"deletions":2}}},{"hash":"ff5a0cc610e480f16d4746524642f73038322672","isMergeCommit":false,"messageTitle":"Add exception to ensure transaction amount is float","messageBody":"","fileTypesAndContributionMap":{"functional-code":{"insertions":9,"deletions":2}}},{"hash":"662449e464679a98e132cbdb36e643074248bcf9","isMergeCommit":false,"messageTitle":"Update list feature to calculate and show net balance","messageBody":"","fileTypesAndContributionMap":{"functional-code":{"insertions":7,"deletions":4}}},{"hash":"9362e236dd13c885dd8c0922948d152989060b4e","isMergeCommit":false,"messageTitle":"Fix coding standard violation in Parser.java and Ui.java","messageBody":"","fileTypesAndContributionMap":{"functional-code":{"insertions":10,"deletions":6}}},{"hash":"70d3e877d5aa55c2ea057bf809a93bd9e7693f92","isMergeCommit":false,"messageTitle":"Edit ParserTest.java","messageBody":"","fileTypesAndContributionMap":{"test-code":{"insertions":2,"deletions":2}}}]},{"date":"2023-10-23","commitResults":[{"hash":"76687e3496bb89d0a435713c1622e5d926fbdcb8","isMergeCommit":false,"messageTitle":"Edit ParserTest.java to use float for transaction amount","messageBody":"","fileTypesAndContributionMap":{"test-code":{"insertions":6,"deletions":6}}},{"hash":"901313117dcfcea39e8fd49ae3f8d6abcb1bb5fb","isMergeCommit":false,"messageTitle":"Bug fixes on Parser.java for transaction exception message","messageBody":"","fileTypesAndContributionMap":{"functional-code":{"insertions":1,"deletions":1}}},{"hash":"e08ad91d443f58618cbb4e22838ba30c38c8348f","isMergeCommit":true,"messageTitle":"Merge pull request #36 from choonkit-nus/branch-netbalance","messageBody":"Branch netbalance","fileTypesAndContributionMap":{}}]},{"date":"2023-10-27","commitResults":[{"hash":"df70ddafe61839e54f7106526dc5ff723965d14d","isMergeCommit":false,"messageTitle":"Update DeveloperGuide","messageBody":"","fileTypesAndContributionMap":{"docs":{"insertions":11,"deletions":14}}},{"hash":"97833f368c21040a46673b81e60ec7cee02488a3","isMergeCommit":true,"messageTitle":"Merge pull request #52 from choonkit-nus/developer-guide-netbalance","messageBody":"Update DeveloperGuide","fileTypesAndContributionMap":{}}]}],"vvhuiling":[{"date":"2023-10-17","commitResults":[{"hash":"52e38b24e3ec89852845e3f05891edb24089a5aa","isMergeCommit":false,"messageTitle":"Add the ability to view","messageBody":"","fileTypesAndContributionMap":{"functional-code":{"insertions":42,"deletions":0}}}]},{"date":"2023-10-18","commitResults":[{"hash":"55109d6d740a41d86769c6515a2fb9bea4dc0f14","isMergeCommit":false,"messageTitle":"Bug fix: remove unused import","messageBody":"","fileTypesAndContributionMap":{"functional-code":{"insertions":0,"deletions":1}}},{"hash":"b733fd9a00b0a5e3d642b6514bc249340ae97136","isMergeCommit":false,"messageTitle":"Add JUnit for Parse.parseTaskIndex","messageBody":"","fileTypesAndContributionMap":{"functional-code":{"insertions":11,"deletions":5},"test-code":{"insertions":35,"deletions":0}}},{"hash":"85118bd8a57099c060b7ff36329d51c6377e4503","isMergeCommit":true,"messageTitle":"Merge branch \u0027master\u0027 into JUnit","messageBody":"","fileTypesAndContributionMap":{}},{"hash":"f9917100e23506d9370660194c12ca887ab35b36","isMergeCommit":false,"messageTitle":"Update AboutUs.md","messageBody":"","fileTypesAndContributionMap":{"docs":{"insertions":1,"deletions":1}}},{"hash":"7f5ee5148f17418aebe6f7c234a90fb2f2b86a8a","isMergeCommit":true,"messageTitle":"Merge pull request #35 from vvhuiling/doc-update","messageBody":"Update AboutUs.md","tags":["v1.0"],"fileTypesAndContributionMap":{}}]},{"date":"2023-10-26","commitResults":[{"hash":"6451018435889679e89ef5a5c351fbf3bcf22062","isMergeCommit":false,"messageTitle":"Add sequence diagram and DG section for view transactions feature","messageBody":"","fileTypesAndContributionMap":{"docs":{"insertions":93,"deletions":0}}},{"hash":"20f6f5e5ba1964ca30025c219981f384ed9c9e3b","isMergeCommit":true,"messageTitle":"Merge branch \u0027master\u0027 into Developer-Guide","messageBody":"","fileTypesAndContributionMap":{}},{"hash":"d24db106d6ea0786077a110f6a3735003da68da9","isMergeCommit":true,"messageTitle":"Merge pull request #51 from vvhuiling/Developer-Guide","messageBody":"Add sequence diagram and DG section for view transactions feature","fileTypesAndContributionMap":{}}]},{"date":"2023-10-28","commitResults":[{"hash":"d5310bf5f2db280b6a3269c34bd342ce76142b53","isMergeCommit":false,"messageTitle":"Add the ability to filter transactions by a specific category","messageBody":"","fileTypesAndContributionMap":{"functional-code":{"insertions":114,"deletions":0}}},{"hash":"aeb5d79ba81547848b0c49d92e8f4c50b1132d74","isMergeCommit":false,"messageTitle":"Update help feature","messageBody":"","fileTypesAndContributionMap":{"functional-code":{"insertions":2,"deletions":0}}},{"hash":"5646c066e32c37e3dacb4883ed04284f7a323001","isMergeCommit":false,"messageTitle":"Bug fix: remove updated line in help messages","messageBody":"","fileTypesAndContributionMap":{"functional-code":{"insertions":0,"deletions":2}}},{"hash":"3a74111ad5780aff61593815bf573dbd88869102","isMergeCommit":true,"messageTitle":"Merge pull request #55 from vvhuiling/filter-feature","messageBody":"Filter feature","fileTypesAndContributionMap":{}}]}]},"authorFileTypeContributionMap":{"aaronxujiachen":{"docs":34,"functional-code":28,"test-code":22},"spaceman03":{"docs":94,"functional-code":676,"test-code":67,"other":6},"lckjosh":{"docs":61,"functional-code":245,"test-code":65},"choonkit-nus":{"docs":13,"functional-code":27,"test-code":8},"vvhuiling":{"docs":93,"functional-code":161,"test-code":35}},"authorContributionVariance":{"aaronxujiachen":121.01825,"spaceman03":21980.586,"lckjosh":20076.246,"choonkit-nus":128.0745,"vvhuiling":667.7225},"authorDisplayNameMap":{"aaronxujiachen":"CS2113-T18-4 XU J..CHEN","spaceman03":"CS2113-T18-4 CHUN..XUAN","lckjosh":"CS2113-T18-4 LIM ..SHUA","choonkit-nus":"CS2113-T18-4 ONG .. KIT","vvhuiling":"CS2113-T18-4 HUAN..LING"}}
