{"authorDailyContributionsMap":{"aaronxujiachen":[{"date":"2023-10-05","commitResults":[{"hash":"17c9a4e3a542ff3dc4a6c3ed6a9bd9da669b145b","isMergeCommit":false,"messageTitle":"Update AboutUs.md by JiaChen","messageBody":"","fileTypesAndContributionMap":{"docs":{"insertions":7,"deletions":7}}},{"hash":"ec6f013464e01ce604f2a63f6d61b455ab004167","isMergeCommit":true,"messageTitle":"Merge pull request #1 from aaronxujiachen/master","messageBody":"Update AboutUs.md by JiaChen","fileTypesAndContributionMap":{}}]},{"date":"2023-10-06","commitResults":[{"hash":"6e3f56311ee411e153f38eeb41bc75a57ae2855a","isMergeCommit":true,"messageTitle":"Merge pull request #3 from spaceman03/master","messageBody":"Update AboutUs.md","fileTypesAndContributionMap":{}}]},{"date":"2023-10-16","commitResults":[{"hash":"850d7a31292733b20329d8ba32a63238bc1356b1","isMergeCommit":false,"messageTitle":"Change ByeCommand to ExitCommand and add expected output.","messageBody":"","fileTypesAndContributionMap":{"functional-code":{"insertions":6,"deletions":6}}},{"hash":"8bda423e797242a4bc1fd5c4e1d23d790bb198f9","isMergeCommit":true,"messageTitle":"Merge pull request #15 from aaronxujiachen/branch-exitCommand","messageBody":"Change ByeCommand to ExitCommand and add expected output.","fileTypesAndContributionMap":{}}]},{"date":"2023-10-17","commitResults":[{"hash":"8b83607f9cc27428bce02ee676e86dc2834cbabc","isMergeCommit":true,"messageTitle":"Merge pull request #17 from lckjosh/master","messageBody":"Update AboutUs.md","fileTypesAndContributionMap":{}},{"hash":"e93ce50f7c287a73645c998de40126edcc354e80","isMergeCommit":false,"messageTitle":"Add Help Command and expected output.","messageBody":"","fileTypesAndContributionMap":{"functional-code":{"insertions":10,"deletions":10}}},{"hash":"fb4b452acd3f041bcefc1e25866722cb0702536e","isMergeCommit":true,"messageTitle":"Merge pull request #21 from aaronxujiachen/branch-helpCommand","messageBody":"Add Help Command and expected output.","fileTypesAndContributionMap":{}}]}],"spaceman03":[{"date":"2023-10-05","commitResults":[{"hash":"b907cadd31762b2a2bdb3a283a54dfd7f92927fa","isMergeCommit":false,"messageTitle":"Update AboutUs.md","messageBody":"","fileTypesAndContributionMap":{"docs":{"insertions":7,"deletions":7}}},{"hash":"faa31cbe7f7687f6c651a58e1748dcaed936fe18","isMergeCommit":true,"messageTitle":"Merge branch \u0027master\u0027 into master","messageBody":"","fileTypesAndContributionMap":{}}]},{"date":"2023-10-13","commitResults":[{"hash":"3d5bdfe9a1272e0a46e389a96d56fdbd0316af75","isMergeCommit":false,"messageTitle":"Rename Duke to Nuscents","messageBody":"","fileTypesAndContributionMap":{"functional-code":{"insertions":22,"deletions":0}}},{"hash":"68d76a9cc00e597e05c8b5a3dcb4176bffcdef4c","isMergeCommit":false,"messageTitle":"Rename Duke to Nuscents","messageBody":"","fileTypesAndContributionMap":{"functional-code":{"insertions":0,"deletions":21}}},{"hash":"36c498dbe3012c4116c424f3afb1caeb9e4586a6","isMergeCommit":false,"messageTitle":"Rename DukeTest to NuscentsTest","messageBody":"","fileTypesAndContributionMap":{"other":{"insertions":2,"deletions":2}}},{"hash":"1688d6be91f47c63662a52ccae34845c41115104","isMergeCommit":false,"messageTitle":"Fix CI failing","messageBody":"","fileTypesAndContributionMap":{"other":{"insertions":2,"deletions":2}}},{"hash":"950aec2ffa8deab6e559dc180e2466052356287c","isMergeCommit":false,"messageTitle":"Remove whitespace","messageBody":"","fileTypesAndContributionMap":{"functional-code":{"insertions":1,"deletions":1}}},{"hash":"3f40057ae31451b3d67b61439e6f1a2c87db19d5","isMergeCommit":true,"messageTitle":"Merge pull request #11 from spaceman03/rename","messageBody":"Rename Duke to NUScents","fileTypesAndContributionMap":{}},{"hash":"544f9081305f1ce200b7638a2b082ed90ffabb30","isMergeCommit":false,"messageTitle":"Update expected output","messageBody":"","fileTypesAndContributionMap":{"functional-code":{"insertions":1,"deletions":1}}},{"hash":"83c0db186c2bb106cf0b9cd8eff469b689803008","isMergeCommit":true,"messageTitle":"Merge pull request #12 from spaceman03/rename","messageBody":"Update expected output","fileTypesAndContributionMap":{}}]},{"date":"2023-10-16","commitResults":[{"hash":"f942bf08edf2e985993fed72163040feb0617647","isMergeCommit":false,"messageTitle":"Import code from ip","messageBody":"","fileTypesAndContributionMap":{"functional-code":{"insertions":782,"deletions":13}}},{"hash":"47f9a0d4f54d553087355ca077ec5abfb5afd5f0","isMergeCommit":false,"messageTitle":"Remove * import","messageBody":"","fileTypesAndContributionMap":{"functional-code":{"insertions":21,"deletions":44}}},{"hash":"ed9ece69fe252a2f52e73e437cfa013c3a9b601d","isMergeCommit":false,"messageTitle":"Edit code to abide java coding standards","messageBody":"","fileTypesAndContributionMap":{"functional-code":{"insertions":14,"deletions":4}}},{"hash":"b66d0a2e14d7944408ddbd987f555d887a00fd61","isMergeCommit":true,"messageTitle":"Merge pull request #13 from spaceman03/import-code","messageBody":"Import code from iP","fileTypesAndContributionMap":{}}]},{"date":"2023-10-17","commitResults":[{"hash":"25727fa186d10fabf724a65948ef866e4fd83983","isMergeCommit":true,"messageTitle":"Merge pull request #23 from lckjosh/branch-add-expense","messageBody":"Add ability to add expense","fileTypesAndContributionMap":{}},{"hash":"5e928b0b39424af517737bc04400b9e7ecc62706","isMergeCommit":false,"messageTitle":"Rename tasks to transactionList","messageBody":"","fileTypesAndContributionMap":{"functional-code":{"insertions":1,"deletions":1}}},{"hash":"7f14cc11220dd5bee3df1e11c8d55f081bb3dfc2","isMergeCommit":false,"messageTitle":"Change date format","messageBody":"","fileTypesAndContributionMap":{"functional-code":{"insertions":77,"deletions":63}}},{"hash":"ff7f92ca420aa8f5e1ebace350edc9822ba9a7f6","isMergeCommit":false,"messageTitle":"Change date format","messageBody":"","fileTypesAndContributionMap":{"functional-code":{"insertions":4,"deletions":4}}},{"hash":"f69aba7c7b86e1c50b10b3a3d80052e5be966b66","isMergeCommit":false,"messageTitle":"Add read error message","messageBody":"","fileTypesAndContributionMap":{"functional-code":{"insertions":1,"deletions":0}}},{"hash":"fd92138a4e306c89f8c3d1a0595397dcdfef9a18","isMergeCommit":false,"messageTitle":"Remove unused import statements","messageBody":"","fileTypesAndContributionMap":{"functional-code":{"insertions":2,"deletions":6}}},{"hash":"77555c990ebdbaf52416f4b2dba7c01cf9eaac2e","isMergeCommit":false,"messageTitle":"Add newline at the end of file","messageBody":"","fileTypesAndContributionMap":{"functional-code":{"insertions":1,"deletions":1}}},{"hash":"61f4961057f9a811c85965f87eb2f0faaaebb6ef","isMergeCommit":true,"messageTitle":"Merge pull request #25 from lckjosh/branch-add-transaction-test","messageBody":"Add JUnit testing for adding a transaction","fileTypesAndContributionMap":{}}]}],"lckjosh":[{"date":"2023-10-17","commitResults":[{"hash":"2b2b3b78f2af5be61d76c7c5d276da8dbeb4151d","isMergeCommit":false,"messageTitle":"Update AboutUs.md","messageBody":"","fileTypesAndContributionMap":{"docs":{"insertions":3,"deletions":3}}},{"hash":"ec62f5e245ac20384cd1cb946bf88a92390af944","isMergeCommit":false,"messageTitle":"Rename Task to Transaction","messageBody":"","fileTypesAndContributionMap":{"functional-code":{"insertions":140,"deletions":140},"other":{"insertions":6,"deletions":6}}},{"hash":"55b6c1373057a6797b2a58afe4e07a09d52251ff","isMergeCommit":false,"messageTitle":"Rename task to transaction in UI","messageBody":"","fileTypesAndContributionMap":{"functional-code":{"insertions":21,"deletions":21}}},{"hash":"c8b1586d25c4622e571843619d413730178a427b","isMergeCommit":false,"messageTitle":"Rename the TransactionList variable from tasks to transactions","messageBody":"","fileTypesAndContributionMap":{"functional-code":{"insertions":6,"deletions":6}}},{"hash":"e1bce9867751d941051d57b7d42363cc1c95bf6b","isMergeCommit":false,"messageTitle":"Fix typo by renamingg trasactions to transactions","messageBody":"","fileTypesAndContributionMap":{"functional-code":{"insertions":6,"deletions":6}}},{"hash":"edf9ee5125927e5a29cfde07e29b902bee9c5860","isMergeCommit":false,"messageTitle":"Add ability to add allowance","messageBody":"","fileTypesAndContributionMap":{"functional-code":{"insertions":95,"deletions":26}}},{"hash":"f4dd482c6faeb0f74e20cab5cb74ef7ebc4c7ee9","isMergeCommit":false,"messageTitle":"Fix storage class such that it can now write and read allowances to and from file","messageBody":"","fileTypesAndContributionMap":{"functional-code":{"insertions":15,"deletions":8}}},{"hash":"3ad42995f2f2d460b6637abce4cc99bfadc17a4c","isMergeCommit":false,"messageTitle":"Fix code style violations","messageBody":"","fileTypesAndContributionMap":{"functional-code":{"insertions":6,"deletions":3}}},{"hash":"66ad8279f6d5ff9638a9794f1cdfea3cbb6b149c","isMergeCommit":false,"messageTitle":"Rename taskDecoder to transactionDecoder","messageBody":"","fileTypesAndContributionMap":{"functional-code":{"insertions":3,"deletions":2}}},{"hash":"1467f34d13f9f5f3238b0795d4a0eed08dce8788","isMergeCommit":false,"messageTitle":"Remove classes and methods related to marking and unmarking tasks","messageBody":"","fileTypesAndContributionMap":{"functional-code":{"insertions":1,"deletions":107}}},{"hash":"39891815321430b803cecd30226c80d3004dc531","isMergeCommit":false,"messageTitle":"Update parser to only accept hyphen for datetime input and not forward slash","messageBody":"","fileTypesAndContributionMap":{"functional-code":{"insertions":3,"deletions":9}}},{"hash":"2063ea7a4cda9321d32e085bff31d981c6497c43","isMergeCommit":true,"messageTitle":"Merge pull request #22 from lckjosh/branch-add-allowance","messageBody":"Merge branch-add-allowance","fileTypesAndContributionMap":{}},{"hash":"f7f76befb8837e86c38494e840d1d4ccb4c22326","isMergeCommit":false,"messageTitle":"Add ability to add expense","messageBody":"","fileTypesAndContributionMap":{"functional-code":{"insertions":73,"deletions":12}}},{"hash":"bcd028a3048bfaceb3f923c4ee85543426dc7d61","isMergeCommit":false,"messageTitle":"Rename allowance to expense in parseExpense() header comment","messageBody":"","fileTypesAndContributionMap":{"functional-code":{"insertions":1,"deletions":1}}},{"hash":"861d27e5be59a84cec92f174d5c2ed6689a486f5","isMergeCommit":false,"messageTitle":"Add JUnit testing for adding a transaction","messageBody":"","fileTypesAndContributionMap":{"functional-code":{"insertions":20,"deletions":11},"test-code":{"insertions":75,"deletions":0}}},{"hash":"f71cf094a277c1c5c7f65d22f8376c18c58d8e0c","isMergeCommit":false,"messageTitle":"Fix coding standard violations in ParserTest.java","messageBody":"","fileTypesAndContributionMap":{"test-code":{"insertions":7,"deletions":6}}},{"hash":"5b42ba630ccf6e3eda827897344646ff18d92efd","isMergeCommit":true,"messageTitle":"Merge pull request #24 from spaceman03/list-feature","messageBody":"Add list feature\r\nFixes #9 ","fileTypesAndContributionMap":{}},{"hash":"d349b116005dcef8dcde7948b01f9b053dea8c60","isMergeCommit":true,"messageTitle":"Merge branch \u0027master\u0027 of https://github.com/AY2324S1-CS2113-T18-4/tp into branch-add-transaction-test","messageBody":"# Conflicts:\n#\tsrc/main/java/seedu/nuscents/parser/Parser.java\n#\tsrc/main/java/seedu/nuscents/ui/Messages.java\n","fileTypesAndContributionMap":{}},{"hash":"564051ab0d85d2a6d4898af9d949fb94a451a1b0","isMergeCommit":false,"messageTitle":"Update ParserTest.java to use the simple date format","messageBody":"","fileTypesAndContributionMap":{"test-code":{"insertions":10,"deletions":8}}},{"hash":"9df79b39c059353a93f08eafc8e4b7d18ad2f05d","isMergeCommit":false,"messageTitle":"Remove unused imports in ParserTest.java","messageBody":"","fileTypesAndContributionMap":{"test-code":{"insertions":0,"deletions":3}}},{"hash":"cf2a8632d771bd33ff541e631215fa836bea4197","isMergeCommit":false,"messageTitle":"Update test cases to use new date format","messageBody":"","fileTypesAndContributionMap":{"test-code":{"insertions":2,"deletions":2}}}]}],"choonkit-nus":[{"date":"2023-10-05","commitResults":[{"hash":"1dbcb2d61ad0f260016699378b381211523c50bc","isMergeCommit":false,"messageTitle":"Update README.md","messageBody":"","fileTypesAndContributionMap":{"docs":{"insertions":1,"deletions":1}}}]}],"vvhuiling":[]},"authorFileTypeContributionMap":{"aaronxujiachen":{"docs":1,"functional-code":16,"test-code":0},"spaceman03":{"docs":1,"functional-code":545,"test-code":2,"other":2},"lckjosh":{"docs":2,"functional-code":266,"test-code":76},"choonkit-nus":{"docs":1,"functional-code":0,"test-code":0},"vvhuiling":{"docs":0,"functional-code":0,"test-code":0}},"authorContributionVariance":{"aaronxujiachen":25.33136,"spaceman03":28954.16,"lckjosh":28185.246,"choonkit-nus":0.14792894,"vvhuiling":0.0},"authorDisplayNameMap":{"aaronxujiachen":"CS2113-T18-4 XU J..CHEN","spaceman03":"CS2113-T18-4 CHUN..XUAN","lckjosh":"CS2113-T18-4 LIM ..SHUA","choonkit-nus":"CS2113-T18-4 ONG .. KIT","vvhuiling":"CS2113-T18-4 HUAN..LING"}}
