{"authorDailyContributionsMap":{"imaginarys96":[{"date":"2023-10-14","commitResults":[{"hash":"ec58ce88cfc6d13389719ba5c71f25eca9a9a801","isMergeCommit":false,"messageTitle":"Updated help command for v1 features - help, add, list, delete","messageBody":"","fileTypesAndContributionMap":{"functional-code":{"insertions":45,"deletions":43}}},{"hash":"bf15d755cbc672977eb38b6001162424834580fc","isMergeCommit":true,"messageTitle":"Merge pull request #31 from imaginarys96/master","messageBody":"Updated help command for v1 features - help, add, list, delete","fileTypesAndContributionMap":{}}]}],"woodenclock":[{"date":"2023-10-04","commitResults":[{"hash":"773a8e43cb56142c5789ca6965e4db2986c5c57f","isMergeCommit":false,"messageTitle":"Update README.md","messageBody":"","fileTypesAndContributionMap":{"docs":{"insertions":1,"deletions":0}}}]},{"date":"2023-10-09","commitResults":[{"hash":"6077ba4a23bd1b9fc1e50fa53e3b872be5b6eb1e","isMergeCommit":false,"messageTitle":"Create AboutUs branch and leesungmin.md portfolio","messageBody":"","fileTypesAndContributionMap":{"docs":{"insertions":9,"deletions":7}}},{"hash":"a37fa65ccb6a1b62dfab0eb6f3457341f6d818fc","isMergeCommit":false,"messageTitle":"Update READ.md","messageBody":"","fileTypesAndContributionMap":{"docs":{"insertions":1,"deletions":2}}},{"hash":"c2fcafd4f8451047de38b018df37b1fe9c6f480a","isMergeCommit":true,"messageTitle":"Merge pull request #1 from woodenclock/LeeSungmin-AboutUs","messageBody":"Create AboutUs branch and leesungmin.md portfolio","fileTypesAndContributionMap":{}},{"hash":"3e9aca38ae0e03fd4a8ae621146d083c45409027","isMergeCommit":true,"messageTitle":"Merge branch \u0027LeeSungmin-AboutUs\u0027","messageBody":"","fileTypesAndContributionMap":{}},{"hash":"2d4101597f24823b23a9a5ef502aef5397288f1c","isMergeCommit":false,"messageTitle":"Rename Duke.java to WildWatch.java as per out project name","messageBody":"","fileTypesAndContributionMap":{"other":{"insertions":1,"deletions":1}}},{"hash":"1abb04b6249ec7daf5a386a21773f3ddb077ac18","isMergeCommit":false,"messageTitle":"Revert \"Rename Duke.java to WildWatch.java as per out project name\"","messageBody":"This reverts commit 2d4101597f24823b23a9a5ef502aef5397288f1c.\n","fileTypesAndContributionMap":{"other":{"insertions":1,"deletions":1}}},{"hash":"244abfa479dd4619a399297ac397592315e08604","isMergeCommit":false,"messageTitle":"Create abstract class Animal","messageBody":"","fileTypesAndContributionMap":{"functional-code":{"insertions":18,"deletions":0}}},{"hash":"7663b3ecf3a8aa8aa508d8ca7edad59130e9c0eb","isMergeCommit":false,"messageTitle":"Rename project as WildWatch as per our project name","messageBody":"","fileTypesAndContributionMap":{"other":{"insertions":6,"deletions":6}}},{"hash":"b2e6806dddd0bf67b32c68655dd5236c7e9cc544","isMergeCommit":true,"messageTitle":"Merge pull request #4 from woodenclock/rename_project","messageBody":"Rename project from Duke to WildWatch as per our project name","fileTypesAndContributionMap":{}},{"hash":"c6242a7063a64aa4bb36350d575a875c50229edc","isMergeCommit":true,"messageTitle":"Merge branch \u0027rename_project\u0027","messageBody":"","fileTypesAndContributionMap":{}},{"hash":"a64a4c0cab96655ea728b5ac0f2f60751c8ed5a1","isMergeCommit":false,"messageTitle":"Create BootUp.java that contains welcome logo","messageBody":"","fileTypesAndContributionMap":{"functional-code":{"insertions":77,"deletions":0}}},{"hash":"1f3d3b8c4fc84585d1699c43d127d4a36da01587","isMergeCommit":false,"messageTitle":"Update BootUp.java","messageBody":"","fileTypesAndContributionMap":{"functional-code":{"insertions":114,"deletions":76}}},{"hash":"fe6e136acc5d593d19301effc6cc5f2641e1947e","isMergeCommit":false,"messageTitle":"Update BootUp.java","messageBody":"","fileTypesAndContributionMap":{"functional-code":{"insertions":8,"deletions":8}}},{"hash":"6c2cafbaba2f9bb015357d95eff4dfaa5f5c4a69","isMergeCommit":false,"messageTitle":"Update BootUp.java","messageBody":"","fileTypesAndContributionMap":{"functional-code":{"insertions":40,"deletions":21}}},{"hash":"6cf1720e89934b3c61ab1c0d8db3a7e239eacd36","isMergeCommit":false,"messageTitle":"Update runtest.sh","messageBody":"","fileTypesAndContributionMap":{"other":{"insertions":1,"deletions":1}}},{"hash":"b348ea5c36874f96a6b46c30290db939136d88fc","isMergeCommit":false,"messageTitle":"Update BootUp.java","messageBody":"","fileTypesAndContributionMap":{"other":{"insertions":1,"deletions":1}}},{"hash":"c4fb3ba9f397df9c3454cadc898b8829dd8553db","isMergeCommit":false,"messageTitle":"Update BootUp.java","messageBody":"","fileTypesAndContributionMap":{"other":{"insertions":1,"deletions":1}}},{"hash":"32d40d3e7e7046ccc3c3e596dc7c5b0b68073947","isMergeCommit":false,"messageTitle":"Update runtest.sh","messageBody":"","fileTypesAndContributionMap":{"other":{"insertions":1,"deletions":1}}},{"hash":"bfd809b962a596b58a7fc24c27f6b244735c571b","isMergeCommit":false,"messageTitle":"Update runtest.bat","messageBody":"","fileTypesAndContributionMap":{"other":{"insertions":1,"deletions":1}}},{"hash":"936492bd4e993987c0bd1fcae321f3493ab4b91e","isMergeCommit":false,"messageTitle":"Update runtest.bat","messageBody":"","fileTypesAndContributionMap":{"other":{"insertions":1,"deletions":1}}},{"hash":"429d316db795b18efa841f79d94336cea4f40331","isMergeCommit":false,"messageTitle":"Update runtest.bat","messageBody":"","fileTypesAndContributionMap":{"other":{"insertions":1,"deletions":1}}},{"hash":"fd7bfa9b414fe7ee9bfb841d84703aaf82e6ce7c","isMergeCommit":false,"messageTitle":"Update BootUp.java","messageBody":"","fileTypesAndContributionMap":{"functional-code":{"insertions":52,"deletions":133},"other":{"insertions":1,"deletions":1}}},{"hash":"97689efd86b84f8ee0b3497014aea9426286baaa","isMergeCommit":true,"messageTitle":"Merge branch \u0027master\u0027 into bootup","messageBody":"","fileTypesAndContributionMap":{}},{"hash":"ac3e8877e92b18280e3cd70bdadaf9310f81dff7","isMergeCommit":true,"messageTitle":"Merge pull request #6 from woodenclock/bootup","messageBody":"Update BootUp.java to fit within 120 wordline limit","fileTypesAndContributionMap":{}},{"hash":"c06e04b29d428439ccf8b280bd26d5482c96c8d3","isMergeCommit":false,"messageTitle":"Update runtest.bat","messageBody":"","fileTypesAndContributionMap":{"other":{"insertions":1,"deletions":1}}},{"hash":"31c6d46df982c3a0688f29f473887f21dc3ba1db","isMergeCommit":false,"messageTitle":"Update BootUp.java","messageBody":"","fileTypesAndContributionMap":{"functional-code":{"insertions":14,"deletions":51}}},{"hash":"c6dff4fe86a6f3264235eadf60d8443e5e8f6a19","isMergeCommit":true,"messageTitle":"Merge remote-tracking branch \u0027origin/bootup\u0027","messageBody":"","fileTypesAndContributionMap":{}},{"hash":"98d77c185330d024cf1a480c1d16eb5413f0f497","isMergeCommit":true,"messageTitle":"Merge branch \u0027bootup\u0027","messageBody":"","fileTypesAndContributionMap":{}},{"hash":"95b5f9b53ffbc9c55aa75f230a8746872f8bee4c","isMergeCommit":true,"messageTitle":"Merge remote-tracking branch \u0027origin/bootup\u0027 into bootup","messageBody":"","fileTypesAndContributionMap":{}},{"hash":"9f4548643bc946e1e5906276338a280796b2cef9","isMergeCommit":false,"messageTitle":"Update project structure","messageBody":"","fileTypesAndContributionMap":{"functional-code":{"insertions":27,"deletions":39}}},{"hash":"e5a87bbe89f4a01b708f0f3327d195415909489c","isMergeCommit":true,"messageTitle":"Merge branch \u0027bootup\u0027","messageBody":"","fileTypesAndContributionMap":{}},{"hash":"987dc591619e7c1b4cd557c06e21f6a68d607a4a","isMergeCommit":false,"messageTitle":"Update BootUp.java","messageBody":"","fileTypesAndContributionMap":{"functional-code":{"insertions":1,"deletions":1}}},{"hash":"a5c52684a404e5205c5674689e949f782d79811c","isMergeCommit":false,"messageTitle":"Update BootUp.java to conform to coding quality","messageBody":"","fileTypesAndContributionMap":{"functional-code":{"insertions":1,"deletions":1}}},{"hash":"1f17fcaa275038ea365d6759055ab33f6c31e9aa","isMergeCommit":true,"messageTitle":"Merge pull request #12 from woodenclock/bootup","messageBody":"Update project structure","fileTypesAndContributionMap":{}},{"hash":"7145784bb155b969e48ff7e7010ea4c97c2aae75","isMergeCommit":false,"messageTitle":"Create Entry class","messageBody":"","fileTypesAndContributionMap":{"functional-code":{"insertions":13,"deletions":2}}},{"hash":"f03352d7d7f269e18a0591384ba5a3c7cc4eb55a","isMergeCommit":false,"messageTitle":"Update README.md","messageBody":"","fileTypesAndContributionMap":{"docs":{"insertions":3,"deletions":8}}},{"hash":"96ac3b11547e3b2d2d4c6e14bdf22fd36aa76bba","isMergeCommit":true,"messageTitle":"Merge branch \u0027master\u0027 into entry","messageBody":"","fileTypesAndContributionMap":{}},{"hash":"5dac1732ee34244d4e59bf099e9261501710087d","isMergeCommit":true,"messageTitle":"Merge pull request #13 from woodenclock/entry","messageBody":"Create Entry class","fileTypesAndContributionMap":{}},{"hash":"945347d04572d7a9a11413580262329c992f14a5","isMergeCommit":false,"messageTitle":"Update WildWatchTest.java","messageBody":"","fileTypesAndContributionMap":{"functional-code":{"insertions":13,"deletions":2},"test-code":{"insertions":4,"deletions":2}}},{"hash":"3b7a601cd1b53fc7be7a2d1bedc42310cf1649e1","isMergeCommit":true,"messageTitle":"Merge branch \u0027master\u0027 into test","messageBody":"","fileTypesAndContributionMap":{}},{"hash":"be05363bad21706e61fab277cea8f999e2782b07","isMergeCommit":false,"messageTitle":"Update WildWatchTest.java","messageBody":"","fileTypesAndContributionMap":{"test-code":{"insertions":0,"deletions":1}}},{"hash":"2e019b43aa866ada15a4ed25cd3d7885ac10cc4a","isMergeCommit":false,"messageTitle":"Create EntryList class","messageBody":"","fileTypesAndContributionMap":{"functional-code":{"insertions":8,"deletions":0}}},{"hash":"6d3073813fb40e7d90e3ab589849963683e1189a","isMergeCommit":true,"messageTitle":"Merge pull request #14 from woodenclock/test","messageBody":"Update WildWatchTest.java","fileTypesAndContributionMap":{}},{"hash":"f774cc61af7a812a27a5b8886299f5f7b1f8868d","isMergeCommit":true,"messageTitle":"Merge pull request #15 from woodenclock/entry-list","messageBody":"Create EntryList class","fileTypesAndContributionMap":{}}]},{"date":"2023-10-11","commitResults":[{"hash":"fb23536d544f38c73460e96a5c8bd313abdf0871","isMergeCommit":false,"messageTitle":"Update Main.java","messageBody":"","fileTypesAndContributionMap":{"functional-code":{"insertions":1,"deletions":1}}},{"hash":"38254679c1a734c325e5dab8dcf333beef508b93","isMergeCommit":false,"messageTitle":"Update Entry","messageBody":"","fileTypesAndContributionMap":{"functional-code":{"insertions":14,"deletions":4}}},{"hash":"a3e6c2fd82eac65ab404abed9a60af89969b3303","isMergeCommit":true,"messageTitle":"Merge branch \u0027test\u0027","messageBody":"","fileTypesAndContributionMap":{}},{"hash":"1bade08d80d0e3eedb5160168e9cb74b4927402d","isMergeCommit":true,"messageTitle":"Merge branch \u0027entry-list\u0027","messageBody":"","fileTypesAndContributionMap":{}},{"hash":"d0e3391ae33de9f5e0a565830ac98df6cc4f313f","isMergeCommit":true,"messageTitle":"Merge branch \u0027entry\u0027","messageBody":"","fileTypesAndContributionMap":{}},{"hash":"4ee7626d1bc4413bf1ddef578903135c52b31969","isMergeCommit":false,"messageTitle":"Update runtest.sh","messageBody":"","fileTypesAndContributionMap":{"other":{"insertions":2,"deletions":1}}},{"hash":"9e1e349dc0473c94c82979f9b4205f2c7a5a2a0f","isMergeCommit":true,"messageTitle":"Merge pull request #17 from woodenclock/master","messageBody":"Update Main.java","fileTypesAndContributionMap":{}},{"hash":"641b2c736ec355c3848f2cbcbb041dc8338c9f26","isMergeCommit":false,"messageTitle":"Update Main.java to show welcome logo","messageBody":"","fileTypesAndContributionMap":{"functional-code":{"insertions":1,"deletions":1}}},{"hash":"77fe5541e59e37f74e72d91231d710d0ed696be1","isMergeCommit":false,"messageTitle":"Update Welcome Logo","messageBody":"","fileTypesAndContributionMap":{"functional-code":{"insertions":13,"deletions":13},"other":{"insertions":1,"deletions":1}}},{"hash":"6ea49076bd57c39603afcf927bf16466cdace61a","isMergeCommit":true,"messageTitle":"Merge pull request #18 from woodenclock/master","messageBody":"Update Main.java to show welcome logo","fileTypesAndContributionMap":{}},{"hash":"68be8887d8efee36a1ef4f109533033482dcd242","isMergeCommit":false,"messageTitle":"Update BootUp.java","messageBody":"","fileTypesAndContributionMap":{"functional-code":{"insertions":2,"deletions":1}}},{"hash":"c2a56a8ff200897cfb897a15b2667cf694316c48","isMergeCommit":false,"messageTitle":"Merge operatingsystem and operation","messageBody":"","fileTypesAndContributionMap":{"functional-code":{"insertions":58,"deletions":6},"other":{"insertions":1,"deletions":1}}},{"hash":"b9d4ec4398a5423e8ba4e6cff7a0e21b6703d2de","isMergeCommit":false,"messageTitle":"Create Help.java","messageBody":"","fileTypesAndContributionMap":{"functional-code":{"insertions":69,"deletions":1}}},{"hash":"139ddda6ac311b9fe600964084bedc30025b5c23","isMergeCommit":false,"messageTitle":"Create Ui.java","messageBody":"","fileTypesAndContributionMap":{"functional-code":{"insertions":25,"deletions":16}}},{"hash":"aa73f36ed0f867e9cc494712264bbcf74eb20acd","isMergeCommit":false,"messageTitle":"Update runtest.bat","messageBody":"","fileTypesAndContributionMap":{"other":{"insertions":1,"deletions":1}}},{"hash":"1b39f7d802f41be2b0972d434ac72ed2a5d174ea","isMergeCommit":false,"messageTitle":"Update Main.java","messageBody":"","fileTypesAndContributionMap":{"functional-code":{"insertions":265,"deletions":12},"other":{"insertions":2,"deletions":2}}},{"hash":"2f5bb6fcc91de14d1cfdff6923d9cf4cbe8b586a","isMergeCommit":false,"messageTitle":"Rectify coding standards","messageBody":"","fileTypesAndContributionMap":{"functional-code":{"insertions":2,"deletions":7}}},{"hash":"3fe9e8732a78b643b213927cfc670a40841bc438","isMergeCommit":true,"messageTitle":"Merge pull request #19 from woodenclock/master","messageBody":"Update BootUp.java","fileTypesAndContributionMap":{}},{"hash":"768e729a01aa2ca563e5b753adfd4bb3fba53fe2","isMergeCommit":false,"messageTitle":"Create DateHandler.java","messageBody":"","fileTypesAndContributionMap":{"functional-code":{"insertions":37,"deletions":9}}},{"hash":"17a55f41fb4299dbafc4a11ce5132343f647ce8e","isMergeCommit":false,"messageTitle":"Update master","messageBody":"","fileTypesAndContributionMap":{"functional-code":{"insertions":39,"deletions":11}}},{"hash":"00f4e5be68faec38e3787643e978c85acd8a4140","isMergeCommit":false,"messageTitle":"Update DateHandler.java","messageBody":"","fileTypesAndContributionMap":{"functional-code":{"insertions":1,"deletions":1}}}]},{"date":"2023-10-12","commitResults":[{"hash":"854362b0cb347d3eef09cff390a2bc1ece81a933","isMergeCommit":false,"messageTitle":"Create UiTest.java","messageBody":"","fileTypesAndContributionMap":{"functional-code":{"insertions":7,"deletions":7},"test-code":{"insertions":23,"deletions":5}}},{"hash":"9219e532962e466897da973e62b635128a9537d7","isMergeCommit":false,"messageTitle":"Update WildWatchTest.java","messageBody":"","fileTypesAndContributionMap":{"test-code":{"insertions":6,"deletions":1}}},{"hash":"000704a61d0cf556f3659838c9f483cf4dc327b9","isMergeCommit":false,"messageTitle":"Update WildWatchTest.java","messageBody":"","fileTypesAndContributionMap":{"test-code":{"insertions":1,"deletions":2}}},{"hash":"3bd708d0dc25b88e7467f88ebf02c13d04fad21a","isMergeCommit":true,"messageTitle":"Merge pull request #24 from woodenclock/JUnit","messageBody":"Create DateHandler.java","fileTypesAndContributionMap":{}},{"hash":"9269539e2e1b215c6abe2ce8299598f2ac7bbfc9","isMergeCommit":false,"messageTitle":"Update master","messageBody":"","fileTypesAndContributionMap":{"functional-code":{"insertions":9,"deletions":9},"test-code":{"insertions":23,"deletions":1}}},{"hash":"ec828890f2b2e762697dc08f3c59345057a75d6b","isMergeCommit":false,"messageTitle":"Update JUnit Testing","messageBody":"","fileTypesAndContributionMap":{"test-code":{"insertions":0,"deletions":1}}},{"hash":"21885dd84c3a1eb10fc873bea34312d6cd5d3908","isMergeCommit":false,"messageTitle":"Create DateHandlerTest.java","messageBody":"","fileTypesAndContributionMap":{"functional-code":{"insertions":3,"deletions":2},"test-code":{"insertions":45,"deletions":4}}},{"hash":"e62a99b83b1a86695fdd408c40fa647c6d55c395","isMergeCommit":false,"messageTitle":"Update JUnit Testing","messageBody":"","fileTypesAndContributionMap":{"test-code":{"insertions":0,"deletions":1}}},{"hash":"a42c135198681cfb760500a9fb570cf655900b15","isMergeCommit":false,"messageTitle":"Update JUnit Testing","messageBody":"","fileTypesAndContributionMap":{"test-code":{"insertions":0,"deletions":33}}},{"hash":"34c204943b75d986f3434990cc8a2a0d51785428","isMergeCommit":true,"messageTitle":"Merge pull request #26 from woodenclock/JUnit","messageBody":"Update JUnit Testing","fileTypesAndContributionMap":{}},{"hash":"f89a3376b6128b40c6fb6a0ac87ae67433c69718","isMergeCommit":false,"messageTitle":"Update master branch","messageBody":"","fileTypesAndContributionMap":{"functional-code":{"insertions":4,"deletions":3},"test-code":{"insertions":30,"deletions":24}}}]},{"date":"2023-10-13","commitResults":[{"hash":"04bfb9cdcbb0e565b7728dff4ef37b9900ecaf01","isMergeCommit":false,"messageTitle":"Update AboutUs.md","messageBody":"","fileTypesAndContributionMap":{"docs":{"insertions":2,"deletions":2}}},{"hash":"c41766f63af1deec7f34501671e4ce7797dd8a7e","isMergeCommit":false,"messageTitle":"Update AboutUs.md","messageBody":"","fileTypesAndContributionMap":{"docs":{"insertions":1,"deletions":1}}},{"hash":"0824e77a201a68175ae07a2bd651b9a28d77bfae","isMergeCommit":false,"messageTitle":"Update AboutUs.md","messageBody":"","fileTypesAndContributionMap":{"docs":{"insertions":1,"deletions":1}}},{"hash":"155b4a5313622cf619386de79dac55fd1e6511d2","isMergeCommit":false,"messageTitle":"Update Team","messageBody":"","fileTypesAndContributionMap":{"docs":{"insertions":0,"deletions":6}}}]},{"date":"2023-10-14","commitResults":[{"hash":"a6771c27f6f02e0b583eab8a6b8b084dc2e2b613","isMergeCommit":true,"messageTitle":"Merge pull request #30 from tangzhenen/DeleteCommand","messageBody":"Delete command ","fileTypesAndContributionMap":{}},{"hash":"66a8c9a6cd5cac707a4f960ee6afbc999ae363dd","isMergeCommit":true,"messageTitle":"Merge remote-tracking branch \u0027upstream/master\u0027","messageBody":"","fileTypesAndContributionMap":{}},{"hash":"00c2201381e98033b496951aac6812238b46249b","isMergeCommit":false,"messageTitle":"Update README.md","messageBody":"","fileTypesAndContributionMap":{"docs":{"insertions":2,"deletions":2}}},{"hash":"7aa2d2e9e23cbaaa7c4d183901c9a80aeb4a050e","isMergeCommit":false,"messageTitle":"Delete docs/team/johndoe.md","messageBody":"","fileTypesAndContributionMap":{"docs":{"insertions":0,"deletions":6}}}]},{"date":"2023-10-15","commitResults":[{"hash":"d224fc9b93a7ab109c4bc7789325449fa98c4b31","isMergeCommit":true,"messageTitle":"Merge remote-tracking branch \u0027upstream/master\u0027","messageBody":"","fileTypesAndContributionMap":{}},{"hash":"610129370f63512b2b17ef46b9e9e9bba81ea8f2","isMergeCommit":false,"messageTitle":"Update ErrorHandler to be more defensive when handling invalid command input for delete command","messageBody":"","fileTypesAndContributionMap":{"functional-code":{"insertions":42,"deletions":21}}},{"hash":"b0b42fe5a3c45ea96b5cb9f0231b763009ce75b1","isMergeCommit":false,"messageTitle":"Update Helper to HelpCommand","messageBody":"","fileTypesAndContributionMap":{"functional-code":{"insertions":4,"deletions":8},"other":{"insertions":2,"deletions":2}}},{"hash":"6fb4e2fce4321f4b3390687233fed35eaf984f33","isMergeCommit":true,"messageTitle":"Merge pull request #29 from woodenclock/master","messageBody":"Update docs/team","fileTypesAndContributionMap":{}}]},{"date":"2023-10-16","commitResults":[{"hash":"450da925b330879ecf333b82d2f23dd01f0ba7cf","isMergeCommit":true,"messageTitle":"Merge pull request #32 from lctxct/master","messageBody":"Add add command","fileTypesAndContributionMap":{}},{"hash":"cca01ddd9bafcd73bab5601d937d80176c768a4c","isMergeCommit":false,"messageTitle":"Add assertions for Parser.java","messageBody":"","fileTypesAndContributionMap":{"functional-code":{"insertions":15,"deletions":10},"other":{"insertions":1,"deletions":0}}},{"hash":"be31165e3f29da49d974c06bfe456d9a86e14d5e","isMergeCommit":true,"messageTitle":"Merge branch \u0027master\u0027 into JUnit","messageBody":"","fileTypesAndContributionMap":{}},{"hash":"46279ea4c95f206dddb4e551a2e1dbe2db2adc83","isMergeCommit":false,"messageTitle":"Update error handling to be more resilient","messageBody":"","fileTypesAndContributionMap":{"functional-code":{"insertions":33,"deletions":19},"other":{"insertions":1,"deletions":1}}},{"hash":"7b23c414b16f87663f8d9ac8cbc379596256f30c","isMergeCommit":false,"messageTitle":"Update to conform coding standards","messageBody":"","fileTypesAndContributionMap":{"functional-code":{"insertions":3,"deletions":7}}},{"hash":"6bd0efebc07159b11dc261fff9f34374aba05eec","isMergeCommit":false,"messageTitle":"Update to conform coding standards","messageBody":"","fileTypesAndContributionMap":{"functional-code":{"insertions":12,"deletions":5}}},{"hash":"115693537e993d70f89024842dd6e170d584bf15","isMergeCommit":false,"messageTitle":"Update to conform coding standards","messageBody":"","fileTypesAndContributionMap":{"other":{"insertions":1,"deletions":1}}},{"hash":"463587f2747ec71359e71c28e88259af383f0d2d","isMergeCommit":false,"messageTitle":"Update ErrorHandler.java to be more defensive","messageBody":"","fileTypesAndContributionMap":{"functional-code":{"insertions":1,"deletions":1},"other":{"insertions":1,"deletions":1}}},{"hash":"62cdd84658d7065539c5f991671b99913c12e384","isMergeCommit":false,"messageTitle":"Update Assertions and Logging for ErrorHandler.java","messageBody":"","fileTypesAndContributionMap":{"functional-code":{"insertions":11,"deletions":1}}},{"hash":"16b0525ef78374b54dc7b6b5e274909efef28325","isMergeCommit":true,"messageTitle":"Merge branch \u0027JUnit\u0027","messageBody":"","fileTypesAndContributionMap":{}},{"hash":"9bff5d167f55af981c3a47361f0ddd243349ef7e","isMergeCommit":false,"messageTitle":"Update gitignore","messageBody":"","fileTypesAndContributionMap":{"functional-code":{"insertions":36,"deletions":0}}},{"hash":"976434bb6d811e51a8be416ce003b805086dd8cc","isMergeCommit":true,"messageTitle":"Merge pull request #33 from woodenclock/JUnit","messageBody":"Add Assertions\u0026Logging for Parser.java \u0026 ErrorHandler.java","fileTypesAndContributionMap":{}},{"hash":"9cab20433568b43e3f97459a5abd399dc9d95fd6","isMergeCommit":false,"messageTitle":"Update to conform coding standards","messageBody":"","fileTypesAndContributionMap":{"functional-code":{"insertions":5,"deletions":4}}}]},{"date":"2023-10-18","commitResults":[{"hash":"1304354f67117f4b44f29fb50d395bff627f33ef","isMergeCommit":true,"messageTitle":"Merge pull request #35 from woodenclock/master","messageBody":"Create LogHandler.java","tags":["v1.0"],"fileTypesAndContributionMap":{}},{"hash":"f2bf7121a54988b8aae718966e9936168a1f78c9","isMergeCommit":false,"messageTitle":"Update HelpCommand","messageBody":"","fileTypesAndContributionMap":{"functional-code":{"insertions":16,"deletions":26}}},{"hash":"a775e5d8540fe1662258e81878bde359b7389aab","isMergeCommit":true,"messageTitle":"Merge pull request #37 from lctxct/master","messageBody":"Trim add command attributes","fileTypesAndContributionMap":{}},{"hash":"517a582de13b8da9c01cb9560e57eeb9cb900e04","isMergeCommit":true,"messageTitle":"Merge pull request #38 from woodenclock/master","messageBody":"Update HelpCommand","fileTypesAndContributionMap":{}}]},{"date":"2023-10-21","commitResults":[{"hash":"3ba93ef829aeb9749839687d188d1e98665dcaf1","isMergeCommit":false,"messageTitle":"Update DeveloperGuide.md","messageBody":"","fileTypesAndContributionMap":{"docs":{"insertions":1,"deletions":1}}},{"hash":"88f1e79af130134d0e69cd5fc8ac3f4ee7ba4250","isMergeCommit":false,"messageTitle":"Update DeveloperGuide.md","messageBody":"","fileTypesAndContributionMap":{"docs":{"insertions":1,"deletions":1}}},{"hash":"1e3ece0f8c482bc9b9d69e58d5dfa1ec8bf9c719","isMergeCommit":false,"messageTitle":"Update DeveloperGuide.md","messageBody":"","fileTypesAndContributionMap":{"docs":{"insertions":3,"deletions":3}}},{"hash":"4be4b3bc4c835b3f228e6664f56f7c45fc5b6929","isMergeCommit":false,"messageTitle":"Update README.md","messageBody":"","fileTypesAndContributionMap":{"docs":{"insertions":1,"deletions":1}}},{"hash":"7afb1c9045252a235b022ba229fba2f424758d0d","isMergeCommit":false,"messageTitle":"Update DeveloperGuide.md","messageBody":"","fileTypesAndContributionMap":{"docs":{"insertions":1,"deletions":0}}},{"hash":"a28bd140e9ef8dd83c307f1dd2cbaf6a85324c55","isMergeCommit":false,"messageTitle":"Update DeveloperGuide.md","messageBody":"","fileTypesAndContributionMap":{"docs":{"insertions":4,"deletions":1}}},{"hash":"1452811275c11a608f8c8efecf997fffbe3fe359","isMergeCommit":false,"messageTitle":"Update DeveloperGuide.md","messageBody":"","fileTypesAndContributionMap":{"docs":{"insertions":12,"deletions":2}}},{"hash":"6d645b691a546bc05707102ae2165ae79c140b68","isMergeCommit":false,"messageTitle":"Update DeveloperGuide.md","messageBody":"","fileTypesAndContributionMap":{"docs":{"insertions":19,"deletions":0}}}]},{"date":"2023-10-22","commitResults":[{"hash":"931a82be6bb9716fce842f07f2a0634891c8d723","isMergeCommit":true,"messageTitle":"Merge remote-tracking branch \u0027upstream/master\u0027","messageBody":"","fileTypesAndContributionMap":{}},{"hash":"fc1314dd5fd8272f25bb0f0c4062ab3ef124c3d4","isMergeCommit":false,"messageTitle":"Create FileHandler class","messageBody":"","fileTypesAndContributionMap":{"functional-code":{"insertions":262,"deletions":69},"other":{"insertions":24,"deletions":13}}},{"hash":"49953cd354913432aa4e3ae852bd71aa269bb5b2","isMergeCommit":false,"messageTitle":"Update to conform to coding standards","messageBody":"","fileTypesAndContributionMap":{"functional-code":{"insertions":8,"deletions":4}}},{"hash":"cdf125e1beca7bb3a4063330b725d59205edc5b2","isMergeCommit":true,"messageTitle":"Merge pull request #43 from woodenclock/feature/file-handler","messageBody":"Create FileHandler class","fileTypesAndContributionMap":{}},{"hash":"b8b831fd2eee00070db0641f2d18c427da06ae7e","isMergeCommit":false,"messageTitle":"Update HandlerTest.java","messageBody":"","fileTypesAndContributionMap":{"test-code":{"insertions":46,"deletions":4}}}]},{"date":"2023-10-25","commitResults":[{"hash":"71c60292bc89991caef1a3695436d09286562b0e","isMergeCommit":false,"messageTitle":"Update UserGuide.md","messageBody":"","fileTypesAndContributionMap":{"docs":{"insertions":132,"deletions":22}}},{"hash":"801e5200abe33a244de96df8786e2dbe7bfe8f46","isMergeCommit":false,"messageTitle":"Update UserGuide.md","messageBody":"","fileTypesAndContributionMap":{"docs":{"insertions":5,"deletions":5}}},{"hash":"de00a3076eb5eba44e4dcb92c1147683139bd577","isMergeCommit":false,"messageTitle":"Update UserGuide.md","messageBody":"","fileTypesAndContributionMap":{"docs":{"insertions":6,"deletions":6}}},{"hash":"a88ab74d5e7f56c212d229a48c3d1f69f4de57ad","isMergeCommit":false,"messageTitle":"Update UserGuide.md","messageBody":"","fileTypesAndContributionMap":{"docs":{"insertions":5,"deletions":8}}},{"hash":"8efa46d48a1f2460f950d0163096e1ed33dfb996","isMergeCommit":false,"messageTitle":"Update UserGuide.md","messageBody":"","fileTypesAndContributionMap":{"docs":{"insertions":41,"deletions":1}}},{"hash":"d62b0808a95f7e76fa753f360612e07f9e3104cd","isMergeCommit":false,"messageTitle":"Update UserGuide.md","messageBody":"","fileTypesAndContributionMap":{"docs":{"insertions":3,"deletions":3}}},{"hash":"70351e139f405fe75afebae3532b13cee21ac57f","isMergeCommit":false,"messageTitle":"Update UserGuide.md","messageBody":"","fileTypesAndContributionMap":{"docs":{"insertions":1,"deletions":1}}},{"hash":"7212664e4176144796e87e3434f4ddd17759744d","isMergeCommit":false,"messageTitle":"Update UserGuide.md","messageBody":"","fileTypesAndContributionMap":{"docs":{"insertions":1,"deletions":1}}},{"hash":"999431233aacdb145349641f962902670d3956bc","isMergeCommit":false,"messageTitle":"Update UserGuide.md","messageBody":"","fileTypesAndContributionMap":{"docs":{"insertions":25,"deletions":13}}},{"hash":"8523bb7ed471238502b710348b84528fd6da0c94","isMergeCommit":false,"messageTitle":"Update UserGuide.md","messageBody":"","fileTypesAndContributionMap":{"docs":{"insertions":3,"deletions":3}}},{"hash":"6300da7aa03d3bd34ee1cef1ac57da6cd146ee0e","isMergeCommit":false,"messageTitle":"Update UserGuide.md","messageBody":"","fileTypesAndContributionMap":{"docs":{"insertions":3,"deletions":3}}},{"hash":"79ec23b44f524a07a16aa79097b4a71d4d5a361c","isMergeCommit":false,"messageTitle":"Update UserGuide.md","messageBody":"","fileTypesAndContributionMap":{"docs":{"insertions":1,"deletions":1}}},{"hash":"73c201d8f89d41325b3a74d623526c2b59ee31ee","isMergeCommit":false,"messageTitle":"Update UserGuide.md","messageBody":"","fileTypesAndContributionMap":{"docs":{"insertions":6,"deletions":7}}},{"hash":"fa7c26d503410ebeed06981e77762afd8973d192","isMergeCommit":false,"messageTitle":"Update UserGuide.md","messageBody":"","fileTypesAndContributionMap":{"docs":{"insertions":2,"deletions":1}}},{"hash":"1c91472ae7643a1e14d269f55a9b64be4e5b32d9","isMergeCommit":false,"messageTitle":"Update UserGuide.md","messageBody":"","fileTypesAndContributionMap":{"docs":{"insertions":4,"deletions":4}}},{"hash":"9e9fd85fe63e51e4f72921b8e924a9f22962e1e8","isMergeCommit":true,"messageTitle":"Merge pull request #44 from lctxct/decouple-filehandler","messageBody":"Decouple filehandler","fileTypesAndContributionMap":{}},{"hash":"9113b6d5796af11bb360ce27272ce4a43233193a","isMergeCommit":true,"messageTitle":"Merge remote-tracking branch \u0027upstream/master\u0027","messageBody":"","fileTypesAndContributionMap":{}},{"hash":"1b69d279c88f149ead8710f208e350f538cb7a7d","isMergeCommit":false,"messageTitle":"Decouple the InputHandler class from EntryHandler class","messageBody":"","fileTypesAndContributionMap":{"functional-code":{"insertions":60,"deletions":47},"test-code":{"insertions":15,"deletions":33}}},{"hash":"2855de5b8de26166236c54831261d772078f2896","isMergeCommit":false,"messageTitle":"Create FindComamand Operation class","messageBody":"","fileTypesAndContributionMap":{"functional-code":{"insertions":78,"deletions":3}}},{"hash":"f9c00b1fc91dabeaea48bcf7b66939df2a5cadc0","isMergeCommit":false,"messageTitle":"Fixed bug in FindCommand","messageBody":"","fileTypesAndContributionMap":{"functional-code":{"insertions":16,"deletions":7}}},{"hash":"a2fef8e3b29c5a04fbe63d90fbef45e22fb3039d","isMergeCommit":false,"messageTitle":"Update to conform to coding standards","messageBody":"","fileTypesAndContributionMap":{"functional-code":{"insertions":4,"deletions":2}}},{"hash":"4dcafe9b3f12f35844fdae882657ff74e7ff973c","isMergeCommit":false,"messageTitle":"Delete EntryHandlerTest.java","messageBody":"","fileTypesAndContributionMap":{"test-code":{"insertions":0,"deletions":35}}},{"hash":"4d2cf0c635b94b39afd5686685817389a8f7a11f","isMergeCommit":true,"messageTitle":"Merge pull request #45 from woodenclock/master","messageBody":"Decouple the InputHandler class from EntryHandler class","fileTypesAndContributionMap":{}}]},{"date":"2023-10-26","commitResults":[{"hash":"d1790785abfc81cd517c6a30ae354f83829f31b3","isMergeCommit":false,"messageTitle":"Update UserGuide.md","messageBody":"","fileTypesAndContributionMap":{"docs":{"insertions":3,"deletions":3}}},{"hash":"f14878ef43b32d4f6ace8902a325b3d0f673cc65","isMergeCommit":false,"messageTitle":"Update UserGuide.md","messageBody":"","fileTypesAndContributionMap":{"docs":{"insertions":1,"deletions":1}}},{"hash":"fc7c5b14c74f279c9949f6a0c75adbd57fe64add","isMergeCommit":false,"messageTitle":"Update UserGuide.md","messageBody":"","fileTypesAndContributionMap":{"docs":{"insertions":2,"deletions":2}}},{"hash":"ef087c4e7da75d66c8ddb2bfe7fdbb7fbc43fc85","isMergeCommit":false,"messageTitle":"Update UserGuide.md","messageBody":"","fileTypesAndContributionMap":{"docs":{"insertions":14,"deletions":4}}},{"hash":"594921c73d45b19c90ee33995dacd59893d330c9","isMergeCommit":false,"messageTitle":"Update UserGuide.md","messageBody":"","fileTypesAndContributionMap":{"docs":{"insertions":1,"deletions":0}}},{"hash":"e4a22d783560b1ed2f05ce2d7475a1de8240abdc","isMergeCommit":false,"messageTitle":"Update UserGuide.md","messageBody":"","fileTypesAndContributionMap":{"docs":{"insertions":1,"deletions":1}}},{"hash":"5a1e50d52da7261382aaf1afff40e2dd41dd18b6","isMergeCommit":false,"messageTitle":"Update UserGuide.md","messageBody":"","fileTypesAndContributionMap":{"docs":{"insertions":5,"deletions":5}}},{"hash":"9d8b5f5499e762f794e8e4a9546a3ab5abac8c64","isMergeCommit":false,"messageTitle":"Update UserGuide.md","messageBody":"","fileTypesAndContributionMap":{"docs":{"insertions":1,"deletions":1}}},{"hash":"b1a6375766d87c2cb0ee8f581008919daf1597fb","isMergeCommit":false,"messageTitle":"Update UserGuide.md","messageBody":"","fileTypesAndContributionMap":{"docs":{"insertions":1,"deletions":1}}},{"hash":"1e48ee6e8ccb0f62d4986a65d48f952d5abc08ad","isMergeCommit":false,"messageTitle":"Update FindCommand.java, erased print used for debugging","messageBody":"","fileTypesAndContributionMap":{"functional-code":{"insertions":0,"deletions":4}}},{"hash":"5bc23eba9fb6ccbf703de844153e9d8a70326f49","isMergeCommit":false,"messageTitle":"Update UserGuide.md","messageBody":"","fileTypesAndContributionMap":{"docs":{"insertions":2,"deletions":2}}},{"hash":"2aabe5252b8721b13c6f1bc01343f366c7d4bba0","isMergeCommit":false,"messageTitle":"Update UserGuide.md","messageBody":"","fileTypesAndContributionMap":{"docs":{"insertions":4,"deletions":4}}},{"hash":"5b144293727c9669eef4fb7a3fb130262de7dc77","isMergeCommit":true,"messageTitle":"Merge pull request #47 from woodenclock/master","messageBody":"Update FindCommand.java, erased print used for debugging","fileTypesAndContributionMap":{}}]}],"tangzhenen":[{"date":"2023-10-13","commitResults":[{"hash":"533b7989a5a1ab5bb5320352563ef8ec26703a36","isMergeCommit":false,"messageTitle":"Add delete command","messageBody":"","fileTypesAndContributionMap":{"functional-code":{"insertions":19,"deletions":4}}},{"hash":"5a8687f571cd1e27f76be6509dbe561301672ebf","isMergeCommit":false,"messageTitle":"Update entry list","messageBody":"","fileTypesAndContributionMap":{"functional-code":{"insertions":4,"deletions":0}}},{"hash":"972d977c09e7acc98f20d0f7126538392192348f","isMergeCommit":false,"messageTitle":"Update Ui","messageBody":"","fileTypesAndContributionMap":{"functional-code":{"insertions":4,"deletions":1}}},{"hash":"3d2b111b51993622d4ee5a3533f64719aa479814","isMergeCommit":false,"messageTitle":"Bug fixes","messageBody":"","fileTypesAndContributionMap":{"functional-code":{"insertions":9,"deletions":2}}},{"hash":"3294660fadf18a4228e61b926bdb7d1374e63746","isMergeCommit":false,"messageTitle":"Bug fix","messageBody":"","fileTypesAndContributionMap":{"functional-code":{"insertions":1,"deletions":1}}}]}],"lctxct":[{"date":"2023-10-16","commitResults":[{"hash":"c0a6facf1ef9e936416052a7d76eaf23255016fd","isMergeCommit":false,"messageTitle":"Add add command","messageBody":"","fileTypesAndContributionMap":{"functional-code":{"insertions":48,"deletions":5}}},{"hash":"632e790bd87588b55a753b76eaaf7d4dccb54216","isMergeCommit":false,"messageTitle":"Fix checkstyle violations","messageBody":"","fileTypesAndContributionMap":{"functional-code":{"insertions":5,"deletions":2}}},{"hash":"4b26b50b548553c814feb4174ddda85dc03134fb","isMergeCommit":false,"messageTitle":"Fix thrown exception","messageBody":"","fileTypesAndContributionMap":{"functional-code":{"insertions":2,"deletions":1}}},{"hash":"b61c4261525cf634b900f427e7ef9b882f00385a","isMergeCommit":false,"messageTitle":"Fix cause of date exception","messageBody":"","fileTypesAndContributionMap":{"functional-code":{"insertions":3,"deletions":3}}},{"hash":"bc517ce6a252ddf3a72742a4fb8ed074cc1edbfa","isMergeCommit":true,"messageTitle":"Merge branch \u0027master\u0027 of github.com:lctxct/tp","messageBody":"","fileTypesAndContributionMap":{}}]},{"date":"2023-10-23","commitResults":[{"hash":"865340925053b521b9d91c616f26fbc04a762ba5","isMergeCommit":false,"messageTitle":"Decouple filehandler functions","messageBody":"","fileTypesAndContributionMap":{"functional-code":{"insertions":40,"deletions":17}}},{"hash":"11d6042e07a6939cee64533690875a2366deb6c3","isMergeCommit":false,"messageTitle":"Move EntryHandler to main","messageBody":"","fileTypesAndContributionMap":{"functional-code":{"insertions":2,"deletions":1}}}]}]},"authorFileTypeContributionMap":{"imaginarys96":{"docs":0,"functional-code":30,"test-code":0},"woodenclock":{"docs":228,"functional-code":823,"test-code":22,"other":6},"tangzhenen":{"docs":0,"functional-code":16,"test-code":0},"lctxct":{"docs":0,"functional-code":83,"test-code":0}},"authorContributionVariance":{"imaginarys96":214.93558,"woodenclock":40054.305,"tangzhenen":56.20409,"lctxct":225.30122},"authorDisplayNameMap":{"imaginarys96":"CS2113T-W11-2 YANG..REMY","woodenclock":"CS2113T-W11-2 LEE ..GMIN","tangzhenen":"CS2113T-W11-2 TANG..N EN","lctxct":"CS2113T-W11-2 LIEN..TING"}}
