{"authorDailyContributionsMap":{"imaginarys96":[],"woodenclock":[{"date":"2023-10-04","commitResults":[{"hash":"773a8e43cb56142c5789ca6965e4db2986c5c57f","isMergeCommit":false,"messageTitle":"Update README.md","messageBody":"","fileTypesAndContributionMap":{"docs":{"insertions":1,"deletions":0}}}]},{"date":"2023-10-09","commitResults":[{"hash":"6077ba4a23bd1b9fc1e50fa53e3b872be5b6eb1e","isMergeCommit":false,"messageTitle":"Create AboutUs branch and leesungmin.md portfolio","messageBody":"","fileTypesAndContributionMap":{"docs":{"insertions":9,"deletions":7}}},{"hash":"c2fcafd4f8451047de38b018df37b1fe9c6f480a","isMergeCommit":true,"messageTitle":"Merge pull request #1 from woodenclock/LeeSungmin-AboutUs","messageBody":"Create AboutUs branch and leesungmin.md portfolio","fileTypesAndContributionMap":{}}]}],"tangzhenen":[],"lctxct":[]},"authorFileTypeContributionMap":{"imaginarys96":{"docs":0,"functional-code":0,"test-code":0},"woodenclock":{"docs":10,"functional-code":0,"test-code":0},"tangzhenen":{"docs":0,"functional-code":0,"test-code":0},"lctxct":{"docs":0,"functional-code":0,"test-code":0}},"authorContributionVariance":{"imaginarys96":0.0,"woodenclock":13.385802,"tangzhenen":0.0,"lctxct":0.0},"authorDisplayNameMap":{"imaginarys96":"CS2113T-W11-2 YANG..REMY","woodenclock":"CS2113T-W11-2 LEE ..GMIN","tangzhenen":"CS2113T-W11-2 TANG..N EN","lctxct":"CS2113T-W11-2 LIEN..TING"}}
