{"authorDailyContributionsMap":{"wendelinwemhoener":[{"date":"2023-10-06","commitResults":[{"hash":"c7e6588e2dce504bcf497a5229fd6c2419c6249b","isMergeCommit":false,"messageTitle":"Add Wendelin to About us","messageBody":"","fileTypesAndContributionMap":{"docs":{"insertions":13,"deletions":7}}},{"hash":"54e78fcc0c437940e00efc6b12972e27c14053ee","isMergeCommit":true,"messageTitle":"Merge pull request #1 from wendelinwemhoener/wendelinwemhoener-AboutUs","messageBody":"Add Wendelin to About us","fileTypesAndContributionMap":{}}]},{"date":"2023-10-13","commitResults":[{"hash":"e71b620060276c640151411188ba40ff8f31efb1","isMergeCommit":false,"messageTitle":"Start implementing flashcard functionality","messageBody":"","fileTypesAndContributionMap":{"functional-code":{"insertions":207,"deletions":13}}},{"hash":"df800131a084f378eff5007e88d469b7de9081e5","isMergeCommit":false,"messageTitle":"Outsource business logic from Ui to Commands","messageBody":"","fileTypesAndContributionMap":{"functional-code":{"insertions":53,"deletions":29}}},{"hash":"0fa6a6d1c66a921f48feac9289e0ab5cbd4d9417","isMergeCommit":false,"messageTitle":"Fix codestyle","messageBody":"","fileTypesAndContributionMap":{"functional-code":{"insertions":0,"deletions":3}}},{"hash":"3e5f2e737476f78921dbad7568ea56445fa192ed","isMergeCommit":false,"messageTitle":"Remove star imports","messageBody":"","fileTypesAndContributionMap":{"functional-code":{"insertions":5,"deletions":1}}},{"hash":"adf0164a97ba9a74099f85e77e8ca9453d9aeda1","isMergeCommit":false,"messageTitle":"Add new testcases","messageBody":"","fileTypesAndContributionMap":{"test-code":{"insertions":25,"deletions":0}}},{"hash":"2af223bc90e6e0b5fe80a21325fe13fe890f3ba8","isMergeCommit":false,"messageTitle":"Fix codestyle","messageBody":"","fileTypesAndContributionMap":{"functional-code":{"insertions":0,"deletions":1},"test-code":{"insertions":0,"deletions":1}}}]},{"date":"2023-10-17","commitResults":[{"hash":"ea51d5f56ff2414279d9b1b5405721356a8832df","isMergeCommit":false,"messageTitle":"Refactor structure of review","messageBody":"","fileTypesAndContributionMap":{"functional-code":{"insertions":8,"deletions":13},"other":{"insertions":2,"deletions":0}}},{"hash":"e09c0c2b042a7478c1fb1ddff173da5b61623e8d","isMergeCommit":false,"messageTitle":"Add code for different review modes","messageBody":"","fileTypesAndContributionMap":{"functional-code":{"insertions":138,"deletions":15},"other":{"insertions":1,"deletions":0},"docs":{"insertions":1,"deletions":1}}},{"hash":"eaa290162077ebcf91b4f51a025a43fbf842ef57","isMergeCommit":false,"messageTitle":"Implement random flashcard review mode","messageBody":"","fileTypesAndContributionMap":{"functional-code":{"insertions":111,"deletions":11}}},{"hash":"1793052ce622e3db2bd1e9010fbd921538000fdc","isMergeCommit":true,"messageTitle":"Merge pull request #12 from wendelinwemhoener/improve-flashcard-support","messageBody":"Improve flashcard support","fileTypesAndContributionMap":{}}]},{"date":"2023-10-19","commitResults":[{"hash":"2dec26d4e51274748308a24e0f625e673de0072f","isMergeCommit":false,"messageTitle":"Fixed codestyle violations by team members","messageBody":"","fileTypesAndContributionMap":{"functional-code":{"insertions":31,"deletions":31}}},{"hash":"01c8382d3b9ee9e21402bcad8fad237eda06f578","isMergeCommit":true,"messageTitle":"Merge pull request #26 from wendelinwemhoener/clean-up-before-v1-release","messageBody":"Clean up before v1 release","fileTypesAndContributionMap":{}},{"hash":"a0c2a9732880b103eae2d0adcf2036331df11a53","isMergeCommit":false,"messageTitle":"Fix another violation","messageBody":"","fileTypesAndContributionMap":{"functional-code":{"insertions":0,"deletions":3}}},{"hash":"5df026d7282945da4ddf772b17c6f6c40ffe6c80","isMergeCommit":true,"messageTitle":"Merge pull request #30 from wendelinwemhoener/master","messageBody":"Fix coding style violation","fileTypesAndContributionMap":{}},{"hash":"da87107de006b38a6ca7d87220f5e3eabd9632a3","isMergeCommit":false,"messageTitle":"Get IO test to pass","messageBody":"","fileTypesAndContributionMap":{"functional-code":{"insertions":2,"deletions":2}}},{"hash":"3a0803d89179da07b4f1cad6d0c388f6f026d7aa","isMergeCommit":true,"messageTitle":"Merge pull request #31 from wendelinwemhoener/master","messageBody":"Get IO test to pass","fileTypesAndContributionMap":{}},{"hash":"40459bf34f75c76f01020c20a75a07521fe6d2f0","isMergeCommit":false,"messageTitle":"Fix codestyle violation","messageBody":"","fileTypesAndContributionMap":{"functional-code":{"insertions":3,"deletions":1},"other":{"insertions":1,"deletions":1}}},{"hash":"b346920c7712198164c1166588de7cf55a28e007","isMergeCommit":true,"messageTitle":"Merge pull request #32 from wendelinwemhoener/master","messageBody":"Fix codestyle violation","tags":["v1.0"],"fileTypesAndContributionMap":{}},{"hash":"647b47e32eea8e87b539f7d387bc7318cd0a1088","isMergeCommit":false,"messageTitle":"Unify calendar and flashcard mode","messageBody":"","fileTypesAndContributionMap":{"functional-code":{"insertions":20,"deletions":61},"docs":{"insertions":1,"deletions":0}}},{"hash":"418ce4375269c4827a67359593cb32bde79d31e0","isMergeCommit":true,"messageTitle":"Merge pull request #34 from wendelinwemhoener/unify-flashcard-and-calendar-mode","messageBody":"Unify calendar and flashcard mode","fileTypesAndContributionMap":{}}]},{"date":"2023-10-23","commitResults":[{"hash":"93549d43508cbfe510c1554d356baa2e8894aab8","isMergeCommit":false,"messageTitle":"Explain how to use flashcards in the UG","messageBody":"","fileTypesAndContributionMap":{"functional-code":{"insertions":0,"deletions":1},"docs":{"insertions":63,"deletions":11}}},{"hash":"f6aa40bae814cbee9b24fd853de552d128d44b9d","isMergeCommit":true,"messageTitle":"Merge pull request #48 from wendelinwemhoener/improve-flashcard-documentation","messageBody":"Explain how to use flashcards in the UG","fileTypesAndContributionMap":{}},{"hash":"f9406011e0e21093112ae35ffc2741104f66b746","isMergeCommit":false,"messageTitle":"Implement basic help command","messageBody":"","fileTypesAndContributionMap":{"functional-code":{"insertions":22,"deletions":0}}},{"hash":"e813cf2a8fa3af58a3a272c4e0414fd62ed8960e","isMergeCommit":true,"messageTitle":"Merge pull request #49 from wendelinwemhoener/add-help-command","messageBody":"Implement help command","fileTypesAndContributionMap":{}},{"hash":"ff87f96f03bf474152f7ec95080e3450f6046916","isMergeCommit":false,"messageTitle":"Allow rating the difficulty of a review","messageBody":"","fileTypesAndContributionMap":{"functional-code":{"insertions":49,"deletions":7}}},{"hash":"32bc6bb46376d6a897f5f5cf787649a26cf59d31","isMergeCommit":true,"messageTitle":"Merge pull request #51 from wendelinwemhoener/allow-rating-review-difficulty","messageBody":"Allow rating the difficulty of a review","fileTypesAndContributionMap":{}},{"hash":"bf3d2334c2cf4fe7e7619b10c7ba80621fca8489","isMergeCommit":false,"messageTitle":"Add ability to delete all flashcards","messageBody":"","fileTypesAndContributionMap":{"functional-code":{"insertions":30,"deletions":3},"docs":{"insertions":0,"deletions":2}}}]},{"date":"2023-10-25","commitResults":[{"hash":"4158e2755549c1dc6d5521ca27c4f60303ce9372","isMergeCommit":false,"messageTitle":"Implement delete single flashcard feature","messageBody":"","fileTypesAndContributionMap":{"functional-code":{"insertions":61,"deletions":4}}},{"hash":"e031d09dca080b1d57642a550ca82679e02fb32f","isMergeCommit":true,"messageTitle":"Merge pull request #54 from wendelinwemhoener/allow-deleting-flashcards","messageBody":"Allow deleting flashcards","fileTypesAndContributionMap":{}},{"hash":"c5ad99d1776f8c86699759c29003279c0055898d","isMergeCommit":false,"messageTitle":"Handle empty flashcardlist when listing flashcards","messageBody":"","fileTypesAndContributionMap":{"functional-code":{"insertions":9,"deletions":0}}},{"hash":"a1f94ee9aa703813e0744a97621f4c44bde962ad","isMergeCommit":false,"messageTitle":"Implement calculating global flashcard id","messageBody":"","fileTypesAndContributionMap":{"functional-code":{"insertions":16,"deletions":3}}},{"hash":"ff329d512e6c5b26dfe82638eae779fdaecb317a","isMergeCommit":true,"messageTitle":"Merge pull request #55 from wendelinwemhoener/minor-flashcard-usability-improvements","messageBody":"Minor flashcard usability improvements","fileTypesAndContributionMap":{}}]},{"date":"2023-10-26","commitResults":[{"hash":"f9dbd3ebe7f5ced63fa60e2b5853f177bf55d0a2","isMergeCommit":false,"messageTitle":"Add expert mode for deleting and reviewing","messageBody":"","fileTypesAndContributionMap":{"functional-code":{"insertions":98,"deletions":9}}},{"hash":"7931262882bcf7337895c568036b6f112916c471","isMergeCommit":true,"messageTitle":"Merge pull request #58 from wendelinwemhoener/add-new-command-syntax","messageBody":"Add expert mode for deleting and reviewing","fileTypesAndContributionMap":{}},{"hash":"df39bcdef0d3c03d8195bb611fd6e33a63a73b0a","isMergeCommit":false,"messageTitle":"Update DG with user stories","messageBody":"","fileTypesAndContributionMap":{"functional-code":{"insertions":4,"deletions":0},"docs":{"insertions":24,"deletions":8}}},{"hash":"261fd825cf1feb1bc2f840634aa32b90d2497208","isMergeCommit":true,"messageTitle":"Merge pull request #60 from wendelinwemhoener/add-flashcards-to-dg","messageBody":"Update DG with user stories","fileTypesAndContributionMap":{}}]},{"date":"2023-11-02","commitResults":[{"hash":"36e08cc27f849e9cb8810831fad8ee180bb2c3c4","isMergeCommit":false,"messageTitle":"Fix null reference error in delete flashcard cmd","messageBody":"","fileTypesAndContributionMap":{"functional-code":{"insertions":1,"deletions":1}}},{"hash":"c98f163a36fad299ea45dbd4c8f25e6d18e5a883","isMergeCommit":true,"messageTitle":"Merge pull request #77 from wendelinwemhoener/fix-null-pointer-error","messageBody":"Fix null reference error in delete flashcard cmd","tags":["v2.0"],"fileTypesAndContributionMap":{}},{"hash":"81d2a9a69b421a01e36968d2ce81b996d300df8e","isMergeCommit":false,"messageTitle":"Add spaced repetition flashcard mode","messageBody":"","fileTypesAndContributionMap":{"functional-code":{"insertions":48,"deletions":107}}},{"hash":"b359c583fea0cd64d3f50159db882275309cc50e","isMergeCommit":true,"messageTitle":"Merge pull request #78 from wendelinwemhoener/add-spaced-repetition-mode","messageBody":"Add spaced repetition flashcard mode","fileTypesAndContributionMap":{}}]},{"date":"2023-11-03","commitResults":[{"hash":"5dfcd28164e796700a9df66791bc7dc8d3bea240","isMergeCommit":false,"messageTitle":"Add deleting flashcards to UG","messageBody":"","fileTypesAndContributionMap":{"docs":{"insertions":74,"deletions":45}}},{"hash":"e1833f69c2954ed8ae85b1568dc1d4424c07a96c","isMergeCommit":true,"messageTitle":"Merge pull request #82 from wendelinwemhoener/improve-ug","messageBody":"Add deleting flashcards to UG","fileTypesAndContributionMap":{}},{"hash":"1a9ed5a49bd1bd6e6bccc4fb803f0cce57a17358","isMergeCommit":false,"messageTitle":"Add JavaDoc to flashcards","messageBody":"","fileTypesAndContributionMap":{"functional-code":{"insertions":169,"deletions":23}}},{"hash":"5ba3bfe5b13c73003e9dae0abe58b74704fa70c2","isMergeCommit":true,"messageTitle":"Merge pull request #83 from wendelinwemhoener/add-flashcard-javadoc","messageBody":"Add JavaDoc to flashcards","fileTypesAndContributionMap":{}}]},{"date":"2023-11-09","commitResults":[{"hash":"c1b3d17d5db41ae2a0a8a63be16bbff7c328f12f","isMergeCommit":false,"messageTitle":"Update UG","messageBody":"","fileTypesAndContributionMap":{"functional-code":{"insertions":1,"deletions":1},"docs":{"insertions":5,"deletions":8}}},{"hash":"3211e0ee411c5a904e35ed1188e5153f7cd5b1ac","isMergeCommit":true,"messageTitle":"Merge pull request #123 from wendelinwemhoener/fix-pde-bugs-flashcards","messageBody":"Update UG to fix formatting issues on Website","fileTypesAndContributionMap":{}},{"hash":"acd8d8f4b97c95a03a5dd0dd59693c548d3eef47","isMergeCommit":false,"messageTitle":"Add difficulty entry bug","messageBody":"","fileTypesAndContributionMap":{"functional-code":{"insertions":3,"deletions":3}}},{"hash":"50c2a434f48e3ce27c4a5c0d9169327ba4d41d01","isMergeCommit":true,"messageTitle":"Merge pull request #124 from wendelinwemhoener/fix-difficulty-entry-uppercase","messageBody":"Add difficulty entry bug","fileTypesAndContributionMap":{}},{"hash":"05988ff0e549246f13d8bc89e4d9b4bbd89fcb92","isMergeCommit":false,"messageTitle":"Fix random review mode","messageBody":"","fileTypesAndContributionMap":{"functional-code":{"insertions":3,"deletions":1}}},{"hash":"926e67d5fe5ef807a951d243cf97a67a9c521ff8","isMergeCommit":true,"messageTitle":"Merge pull request #125 from wendelinwemhoener/fix-random-review-mode","messageBody":"Fix random review mode for flashcards","fileTypesAndContributionMap":{}},{"hash":"4e66e2a5f26f7c8e61f7f8fc5a6149aa88344fcc","isMergeCommit":false,"messageTitle":"Fix capitalization issues","messageBody":"","fileTypesAndContributionMap":{"functional-code":{"insertions":4,"deletions":2}}},{"hash":"8a87a536ab1b60dd18b74165899dd9913d2ad240","isMergeCommit":true,"messageTitle":"Merge pull request #126 from wendelinwemhoener/fix-command-capitalization","messageBody":"Fix capitalization issues","fileTypesAndContributionMap":{}},{"hash":"ae90ca56fc53f24627996adb6f1ad19c767f7c19","isMergeCommit":false,"messageTitle":"Update UG with info about flashcard id","messageBody":"","fileTypesAndContributionMap":{"docs":{"insertions":8,"deletions":0}}},{"hash":"acead750719ef45b6d1721ff801da065f477011a","isMergeCommit":true,"messageTitle":"Merge pull request #128 from wendelinwemhoener/update-ug-with-flashcard-id","messageBody":"Update UG with info about flashcard id","fileTypesAndContributionMap":{}}]}],"Cheezeblokz":[{"date":"2023-10-06","commitResults":[{"hash":"4ed34d2adfabdde3055d77ada7525917bf497415","isMergeCommit":false,"messageTitle":"Added information for team member: Zhu Jingxi","messageBody":"","fileTypesAndContributionMap":{"docs":{"insertions":13,"deletions":7}}},{"hash":"dbb7be9183404e5cd045231aefae1803f4b37a8d","isMergeCommit":true,"messageTitle":"Merge branch \u0027master\u0027 into ZhuJingxi-AboutUs","messageBody":"","fileTypesAndContributionMap":{}},{"hash":"16390ac18f991df9e15ef8acf1dd2225e655618f","isMergeCommit":true,"messageTitle":"Merge pull request #2 from Cheezeblokz/ZhuJingxi-AboutUs","messageBody":"Added information for team member: Zhu Jingxi","fileTypesAndContributionMap":{}}]},{"date":"2023-10-15","commitResults":[{"hash":"d9e8b607c6541b53d0195f53bba01c16439378f3","isMergeCommit":true,"messageTitle":"Merge pull request #1 from AY2324S1-CS2113-F11-3/master","messageBody":"Update forked repo","fileTypesAndContributionMap":{}}]},{"date":"2023-10-17","commitResults":[{"hash":"58491538c8ae2837edad9d3e0de6ad2b20a13684","isMergeCommit":true,"messageTitle":"Merge pull request #2 from AY2324S1-CS2113-F11-3/master","messageBody":"Update","fileTypesAndContributionMap":{}},{"hash":"ce4f7212bdaca83db348764ac46f7d7bba9c85ad","isMergeCommit":false,"messageTitle":"Added empty shell classes for basic calendar functionality","messageBody":"","fileTypesAndContributionMap":{"functional-code":{"insertions":36,"deletions":0}}},{"hash":"fb5dd71df4ed4b8634c9e497f514c672e3a1a3e7","isMergeCommit":false,"messageTitle":"Added extra utility classes for Calendar","messageBody":"","fileTypesAndContributionMap":{"functional-code":{"insertions":22,"deletions":0}}},{"hash":"7225f11149fc9b591de89481217db2fc8191e98f","isMergeCommit":false,"messageTitle":"Modified EventCommand subclasses to extend parent class EventCommand","messageBody":"","fileTypesAndContributionMap":{"functional-code":{"insertions":4,"deletions":4}}},{"hash":"20c3a7e7937dad5750f2d0f4d3003a9ae922e08e","isMergeCommit":false,"messageTitle":"Added basic Event object capabilities for adding, deleting, printing and access","messageBody":"","fileTypesAndContributionMap":{"functional-code":{"insertions":75,"deletions":0}}}]},{"date":"2023-10-18","commitResults":[{"hash":"f0693f590c71e5c808a8c2b13f2aca75b147bf14","isMergeCommit":true,"messageTitle":"Merge pull request #3 from AY2324S1-CS2113-F11-3/master","messageBody":"Update","fileTypesAndContributionMap":{}}]},{"date":"2023-10-19","commitResults":[{"hash":"7173ce454d7c5bead29af52a30c78d3bf0537f6d","isMergeCommit":false,"messageTitle":"Added basic Calendar parameters and capabilities for adding, deleting and listing events","messageBody":"","fileTypesAndContributionMap":{"functional-code":{"insertions":29,"deletions":13}}},{"hash":"9b0ac8bbc94da94ca0230fa52cfaaf857eabf6ca","isMergeCommit":false,"messageTitle":"Added basic functionality for CalendarManager to ask for user input","messageBody":"","fileTypesAndContributionMap":{"functional-code":{"insertions":10,"deletions":1}}},{"hash":"f9badc900095ad280fa24afff7fde2794a9f682a","isMergeCommit":false,"messageTitle":"Added processing for respective user commands in EventCommand subclasses AddEventCommand, DeleteEventCommand, ListCalendarEventsCommand and UnknownCommand","messageBody":"","fileTypesAndContributionMap":{"functional-code":{"insertions":43,"deletions":0}}}]},{"date":"2023-10-20","commitResults":[{"hash":"b60ffc34a7b86f49abf66efe817fa5a0cd058e12","isMergeCommit":true,"messageTitle":"Merge pull request #4 from AY2324S1-CS2113-F11-3/master","messageBody":"Update","fileTypesAndContributionMap":{}}]},{"date":"2023-10-26","commitResults":[{"hash":"511138044710595e9717473dd9dc67af9e323c02","isMergeCommit":true,"messageTitle":"Merge pull request #5 from AY2324S1-CS2113-F11-3/master","messageBody":"Update","fileTypesAndContributionMap":{}}]},{"date":"2023-10-27","commitResults":[{"hash":"036d5b409ed0ec4eaf80de91819bb9fed7ce8e85","isMergeCommit":true,"messageTitle":"Merge pull request #6 from AY2324S1-CS2113-F11-3/master","messageBody":"Update","fileTypesAndContributionMap":{}}]},{"date":"2023-10-29","commitResults":[{"hash":"f9bafd26c6718e3b31c5a608b0bed6a4a52f2588","isMergeCommit":true,"messageTitle":"Merge pull request #7 from AY2324S1-CS2113-F11-3/master","messageBody":"Update","fileTypesAndContributionMap":{}}]},{"date":"2023-11-02","commitResults":[{"hash":"5427ad98b638d309d835f10c417cbfe0e1128ac8","isMergeCommit":true,"messageTitle":"Merge pull request #8 from AY2324S1-CS2113-F11-3/master","messageBody":"Update","fileTypesAndContributionMap":{}}]},{"date":"2023-11-03","commitResults":[{"hash":"a746f34c3074a1f2639120f86d0f341abaee5209","isMergeCommit":true,"messageTitle":"Merge pull request #9 from AY2324S1-CS2113-F11-3/master","messageBody":"Update","fileTypesAndContributionMap":{}}]},{"date":"2023-11-05","commitResults":[{"hash":"e86cd058b40931113c1e06a0d2071277394a198f","isMergeCommit":true,"messageTitle":"Merge pull request #10 from AY2324S1-CS2113-F11-3/master","messageBody":"Update","fileTypesAndContributionMap":{}},{"hash":"abd888c79bd5d09227a4aea12ab36b2615cfa2dc","isMergeCommit":false,"messageTitle":"Updated event printing to centralised location in Event object","messageBody":"","fileTypesAndContributionMap":{"functional-code":{"insertions":36,"deletions":11}}},{"hash":"15de82c07c4750c384619372100c0fa7218d115a","isMergeCommit":false,"messageTitle":"Added expert command input class and incorporated expert command input capabilities into add event command","messageBody":"","fileTypesAndContributionMap":{"functional-code":{"insertions":32,"deletions":7}}},{"hash":"d7980700f850b202804d88a1f955fcc4c2960148","isMergeCommit":true,"messageTitle":"Merge pull request #115 from Cheezeblokz/master","messageBody":"Event Updates","fileTypesAndContributionMap":{}}]},{"date":"2023-11-09","commitResults":[{"hash":"8fe143adb793055fb874620a1980be1e4496f3c3","isMergeCommit":true,"messageTitle":"Merge pull request #11 from AY2324S1-CS2113-F11-3/master","messageBody":"Update","fileTypesAndContributionMap":{}},{"hash":"28dcb76fab6e565bd69e842de2e1d85472d53087","isMergeCommit":false,"messageTitle":"- Added goal event relevant classes for keeping track of flashcard count","messageBody":"","fileTypesAndContributionMap":{"functional-code":{"insertions":122,"deletions":0}}},{"hash":"b28958ff9f8dead8a0ef1fd5932cff72aa62cbf1","isMergeCommit":false,"messageTitle":"-Integrated goal event adding capabilities to existing system","messageBody":"","fileTypesAndContributionMap":{"functional-code":{"insertions":43,"deletions":26}}},{"hash":"b4126f4e4010edf26dd2e170bfb287abce91aabb","isMergeCommit":true,"messageTitle":"Merge pull request #121 from Cheezeblokz/master","messageBody":"Goal Event implementation","fileTypesAndContributionMap":{}},{"hash":"591785ef4a3847efe2d13a525c72b5a9abce0139","isMergeCommit":false,"messageTitle":"- Implemented DualEventCommand class for handling expert inputs for event commands","messageBody":"","fileTypesAndContributionMap":{"functional-code":{"insertions":32,"deletions":0}}},{"hash":"c2030dddedcb4b74e41e9c921cf19071edc6aaaf","isMergeCommit":false,"messageTitle":"- Implemented dual input method (beginner and expert) for add event and add goal event command","messageBody":"","fileTypesAndContributionMap":{"functional-code":{"insertions":78,"deletions":26}}},{"hash":"fbc0b165159f66206bbc2e5c17e0a975d186c0bd","isMergeCommit":true,"messageTitle":"Merge pull request #122 from Cheezeblokz/master","messageBody":"DualEventCommand implementation","fileTypesAndContributionMap":{}}]}],"junhyeong0411":[{"date":"2023-10-06","commitResults":[{"hash":"d565214fb7a53b74781f7067e6d692162dae90c1","isMergeCommit":false,"messageTitle":"Added information for team member: Bang Junhyeong","messageBody":"","fileTypesAndContributionMap":{"docs":{"insertions":7,"deletions":1}}}]},{"date":"2023-10-11","commitResults":[{"hash":"a131e8075aa7ac74544dd121357b407ebc1dcd9f","isMergeCommit":false,"messageTitle":"Simple storage path","messageBody":"","fileTypesAndContributionMap":{"functional-code":{"insertions":28,"deletions":0}}}]},{"date":"2023-10-13","commitResults":[{"hash":"4ffead4816db65de7544eadc33f76dfab55b0d00","isMergeCommit":true,"messageTitle":"Merge pull request #4 from junhyeong0411/master","messageBody":"Added information for team member: Bang Junhyeong","fileTypesAndContributionMap":{}},{"hash":"314f377db62aaf8396a8ca82c4a4a92308027a45","isMergeCommit":true,"messageTitle":"Merge pull request #5 from wendelinwemhoener/add-flashcard-support","messageBody":"Add flashcard support","fileTypesAndContributionMap":{}},{"hash":"79d78c7b0f61c668d57a4cbcdb6d3d9bbda654f7","isMergeCommit":true,"messageTitle":"Merge pull request #6 from wendelinwemhoener/add-junit-tests","messageBody":"Add JUnit tests for flashcards","fileTypesAndContributionMap":{}}]},{"date":"2023-10-16","commitResults":[{"hash":"aeee78aeea0d9b4e1bcb4423a259707eff7160bf","isMergeCommit":false,"messageTitle":"Storage for flashcards","messageBody":"","fileTypesAndContributionMap":{"functional-code":{"insertions":114,"deletions":29}}},{"hash":"83dcbf3f4317db46c23580d0e32ae56201ca6516","isMergeCommit":true,"messageTitle":"Merge pull request #11 from junhyeong0411/master","messageBody":"Storage for flashcards","fileTypesAndContributionMap":{}}]},{"date":"2023-10-18","commitResults":[{"hash":"af8094f728aa97556e68406c4a7b28388fdc0c99","isMergeCommit":false,"messageTitle":"Added Selecting Storage","messageBody":"","fileTypesAndContributionMap":{"functional-code":{"insertions":55,"deletions":2}}},{"hash":"85b3e8e059d32065ff5df836a13a1467c89abeca","isMergeCommit":true,"messageTitle":"Merge pull request #14 from junhyeong0411/master","messageBody":"Added Selecting Storage","fileTypesAndContributionMap":{}},{"hash":"ba639f38978c9cdab1d4d36ac3b334d0873e9b09","isMergeCommit":false,"messageTitle":"Make format of flashcard Directory","messageBody":"","fileTypesAndContributionMap":{"functional-code":{"insertions":36,"deletions":0}}},{"hash":"93ae4b172c88718bf7b4a27e9a9714da84063a32","isMergeCommit":true,"messageTitle":"Merge pull request #17 from junhyeong0411/master","messageBody":"Make format of flashcard Directory","fileTypesAndContributionMap":{}},{"hash":"64869bdb701fcc60125b0b456da9f1e381092af6","isMergeCommit":false,"messageTitle":"Test Storage","messageBody":"","fileTypesAndContributionMap":{"functional-code":{"insertions":13,"deletions":0},"test-code":{"insertions":9,"deletions":0}}},{"hash":"b6dd7c860ed97875d51fc12c1e2c317fe7f7b65b","isMergeCommit":true,"messageTitle":"Merge pull request #19 from junhyeong0411/master","messageBody":"Test Storage","fileTypesAndContributionMap":{}}]},{"date":"2023-10-19","commitResults":[{"hash":"1e492b43ee211aa9c5c9c934d914ea622453f4c8","isMergeCommit":false,"messageTitle":"Show saved flashcardList size","messageBody":"","fileTypesAndContributionMap":{"functional-code":{"insertions":15,"deletions":5}}},{"hash":"3c2c4e69102e70abdcb733fb9e6d2bc7e084efad","isMergeCommit":true,"messageTitle":"Merge branch \u0027master\u0027 into master","messageBody":"","fileTypesAndContributionMap":{}},{"hash":"0c057fa85ddc410aa4020d649e263c4f50e5f5c1","isMergeCommit":true,"messageTitle":"Merge pull request #29 from junhyeong0411/master","messageBody":"Show saved flashcardList size","fileTypesAndContributionMap":{}},{"hash":"3cf93fe91d4d70e6c5ce9ab21c7eb9692a346d3d","isMergeCommit":false,"messageTitle":"Format for Event Storage","messageBody":"","fileTypesAndContributionMap":{"functional-code":{"insertions":161,"deletions":3}}},{"hash":"44cee0de40e1fbef9eb022d65681f002c40854a8","isMergeCommit":true,"messageTitle":"Format for Event Storage","messageBody":"","fileTypesAndContributionMap":{}},{"hash":"f62ccac189430a2b701aaae35e4a78ca7935895b","isMergeCommit":true,"messageTitle":"Merge pull request #36 from junhyeong0411/master","messageBody":"Making format for Event Storage","fileTypesAndContributionMap":{}},{"hash":"18e8f65c7d990565e0177716bef9e61c563d93da","isMergeCommit":false,"messageTitle":"Added Event Storage","messageBody":"","fileTypesAndContributionMap":{"functional-code":{"insertions":28,"deletions":4},"test-code":{"insertions":3,"deletions":6}}},{"hash":"913c42c4d7d12beec2244167f678f0c6817ef184","isMergeCommit":true,"messageTitle":"Merge pull request #37 from junhyeong0411/master","messageBody":"Added Event Storage","tags":["v0.9","preliminary"],"fileTypesAndContributionMap":{}}]},{"date":"2023-10-20","commitResults":[{"hash":"77a2404c02bc0d557fa5d3493d6e21fb17475c35","isMergeCommit":false,"messageTitle":"delete assertion","messageBody":"","fileTypesAndContributionMap":{"functional-code":{"insertions":0,"deletions":3}}},{"hash":"fddc13494ec7055cb1119c9e64da9e39f3070b0c","isMergeCommit":false,"messageTitle":"re-add assertions","messageBody":"","fileTypesAndContributionMap":{"functional-code":{"insertions":3,"deletions":0}}},{"hash":"051176a40e4b50d6fcad9e71c3a2ca8d2022e97a","isMergeCommit":false,"messageTitle":"Adding loggers","messageBody":"","fileTypesAndContributionMap":{"functional-code":{"insertions":11,"deletions":0}}},{"hash":"f2cf4665d4012966ab6c86e09b7076c203994d9b","isMergeCommit":false,"messageTitle":"Logging edited","messageBody":"","fileTypesAndContributionMap":{"functional-code":{"insertions":1,"deletions":1}}},{"hash":"fdc7f47d5aa8af3e4ab280ea545cc2838abb49ab","isMergeCommit":false,"messageTitle":"Logging edited 2","messageBody":"","fileTypesAndContributionMap":{"functional-code":{"insertions":1,"deletions":1}}},{"hash":"afff1d71d9f51c96c736c0f0dbaf440ad6d8f542","isMergeCommit":false,"messageTitle":"Get back to no-assertion","messageBody":"","fileTypesAndContributionMap":{"functional-code":{"insertions":2,"deletions":13}}},{"hash":"d0c716e76a8422c7f0a0a7aecd5cbccad1725160","isMergeCommit":false,"messageTitle":"Logging again","messageBody":"","fileTypesAndContributionMap":{"functional-code":{"insertions":11,"deletions":1}}},{"hash":"bfe60a329be3f8af38654fb3dbfda6471fc83204","isMergeCommit":true,"messageTitle":"Merge pull request #40 from junhyeong0411/master","messageBody":"Assertions problem resolving","fileTypesAndContributionMap":{}}]},{"date":"2023-10-26","commitResults":[{"hash":"8d899093642a6c22ea743b90b9b980902b7d2677","isMergeCommit":false,"messageTitle":"Making Java CI test pass","messageBody":"","fileTypesAndContributionMap":{"functional-code":{"insertions":12,"deletions":12},"test-code":{"insertions":0,"deletions":2}}},{"hash":"daf32ed9201c60ea308d461a1eb5a7e7845f9711","isMergeCommit":true,"messageTitle":"Merge pull request #56 from junhyeong0411/master","messageBody":"Making Java CI test pass","fileTypesAndContributionMap":{}},{"hash":"20104be19278321a020c4d81703af96787f0c4d4","isMergeCommit":false,"messageTitle":"Making Java CI test pass (again)","messageBody":"","fileTypesAndContributionMap":{"functional-code":{"insertions":1,"deletions":1}}},{"hash":"281140ab2177dd8eba6e448eaa9f576026f561fa","isMergeCommit":true,"messageTitle":"Merge pull request #57 from junhyeong0411/master","messageBody":"Making Java CI test pass (again)","fileTypesAndContributionMap":{}},{"hash":"cfc6c289d25940a51c105b291b7aa04814360d4f","isMergeCommit":false,"messageTitle":"Update DeveloperGuide.md about storage","messageBody":"","fileTypesAndContributionMap":{"docs":{"insertions":13,"deletions":0}}}]},{"date":"2023-11-01","commitResults":[{"hash":"3ef61d9fc4213d8647aad5998a018faa63af289f","isMergeCommit":false,"messageTitle":"Save Flsahcard review","messageBody":"","fileTypesAndContributionMap":{"functional-code":{"insertions":70,"deletions":4}}},{"hash":"d29bf660a2a8a880349825eadce9a1f6d82464be","isMergeCommit":true,"messageTitle":"Merge pull request #64 from junhyeong0411/master","messageBody":"Save Flsahcard review","fileTypesAndContributionMap":{}},{"hash":"f4057bfad9be950adfb55623730acfe1abff4c0a","isMergeCommit":false,"messageTitle":"Save Flsahcard id","messageBody":"","fileTypesAndContributionMap":{"functional-code":{"insertions":115,"deletions":89}}},{"hash":"7fa78eb4c4176a8c99174df61857e2fd293d5ceb","isMergeCommit":true,"messageTitle":"Merge pull request #65 from junhyeong0411/master","messageBody":"Save Flsahcard id","fileTypesAndContributionMap":{}}]},{"date":"2023-11-02","commitResults":[{"hash":"de5908d48789b55e8e7a5d5005944c234915ec85","isMergeCommit":false,"messageTitle":"Update UserGuide.md","messageBody":"","fileTypesAndContributionMap":{"docs":{"insertions":7,"deletions":1}}},{"hash":"b6870342a3c09475d7c6dad97210d415a515303e","isMergeCommit":false,"messageTitle":"Added some logs","messageBody":"","fileTypesAndContributionMap":{"functional-code":{"insertions":54,"deletions":23}}},{"hash":"72da6d732484780962c046180d26a88bdf7f315d","isMergeCommit":true,"messageTitle":"Merge pull request #66 from junhyeong0411/master","messageBody":"Added some logs","fileTypesAndContributionMap":{}},{"hash":"a0c845525250e8b39ffa5e60de5434b1cc232b47","isMergeCommit":false,"messageTitle":"Added some Test","messageBody":"","fileTypesAndContributionMap":{"functional-code":{"insertions":42,"deletions":7},"docs":{"insertions":5,"deletions":0},"test-code":{"insertions":39,"deletions":2}}},{"hash":"482aeac0463a6fa1263f4a59962af5d00edb78a9","isMergeCommit":false,"messageTitle":"Resolve Codestyle Error","messageBody":"","fileTypesAndContributionMap":{"functional-code":{"insertions":1,"deletions":0},"test-code":{"insertions":5,"deletions":1}}},{"hash":"19841ea74875ba4ca62557e43cd18eb4e4a267b1","isMergeCommit":true,"messageTitle":"Merge pull request #67 from junhyeong0411/master","messageBody":"Added some Test","fileTypesAndContributionMap":{}},{"hash":"f798d69772dc3248a49c4b379d16b18ae1ee4668","isMergeCommit":false,"messageTitle":"Resolve data directory error","messageBody":"","fileTypesAndContributionMap":{"functional-code":{"insertions":32,"deletions":0}}},{"hash":"11a1094e6df29f0f1a962236989d16eea06128f7","isMergeCommit":true,"messageTitle":"Merge remote-tracking branch \u0027upstream/master\u0027","messageBody":"","fileTypesAndContributionMap":{}},{"hash":"c575b52e5ff53e62a8ed2601d2bc587e85111ab9","isMergeCommit":false,"messageTitle":"Disable INFO logs","messageBody":"","fileTypesAndContributionMap":{"functional-code":{"insertions":6,"deletions":6}}},{"hash":"76051f44766c6536d8b1e4f10511e4a01aa5bf57","isMergeCommit":true,"messageTitle":"Merge branch \u0027master\u0027 into master","messageBody":"","fileTypesAndContributionMap":{}},{"hash":"e47704fbc02f97da65a9664cabf601b07cc60db8","isMergeCommit":true,"messageTitle":"Merge pull request #73 from junhyeong0411/master","messageBody":"Resolve Data dir error and disable INFO logs","fileTypesAndContributionMap":{}},{"hash":"90c460851a344c19e8b99f0299c3e7bc470add34","isMergeCommit":false,"messageTitle":"Changed Storage","messageBody":"","fileTypesAndContributionMap":{"functional-code":{"insertions":20,"deletions":69},"docs":{"insertions":7,"deletions":1}}},{"hash":"a011ec331acbe7cae98c99696a10af78ab5baad1","isMergeCommit":false,"messageTitle":"Changed Storage (more)","messageBody":"","fileTypesAndContributionMap":{"functional-code":{"insertions":1,"deletions":1}}},{"hash":"b25fe1921290cdc484e47a3bfd4a856dde006fd7","isMergeCommit":true,"messageTitle":"Merge pull request #79 from junhyeong0411/master","messageBody":"Changed Storage to add difficulty and remove review","fileTypesAndContributionMap":{}}]},{"date":"2023-11-03","commitResults":[{"hash":"acaca86793c04850cc08caed1296a435a25041e1","isMergeCommit":false,"messageTitle":"Changed Storage (more)","messageBody":"","fileTypesAndContributionMap":{"docs":{"insertions":54,"deletions":5}}},{"hash":"f9d42845ab505e702317dd650708305fddef644e","isMergeCommit":false,"messageTitle":"Add FlashcardStorage puml","messageBody":"","fileTypesAndContributionMap":{"docs":{"insertions":1,"deletions":0}}},{"hash":"c9e21bbac81e99a2614bae17e7f1098bbbfffc65","isMergeCommit":true,"messageTitle":"Merge pull request #80 from junhyeong0411/master","messageBody":"Puml","fileTypesAndContributionMap":{}},{"hash":"b0a159a961c1add2d5dbf7e46bcac6a2b346f72c","isMergeCommit":false,"messageTitle":"Add Storage puml to DeveloperGuide","messageBody":"","fileTypesAndContributionMap":{"docs":{"insertions":7,"deletions":3}}}]},{"date":"2023-11-09","commitResults":[{"hash":"52d8a1511ed19ed2b22e5fbaf0eb962c263ef6e2","isMergeCommit":false,"messageTitle":"Update bangjunhyeong.md","messageBody":"","fileTypesAndContributionMap":{"docs":{"insertions":18,"deletions":0}}}]}],"Brian030601":[{"date":"2023-10-06","commitResults":[{"hash":"237e8479b812903adb03222e1555ddc9a8d885a3","isMergeCommit":false,"messageTitle":"Add Kherlen Bayasgalan About-Us","messageBody":"","fileTypesAndContributionMap":{"docs":{"insertions":2,"deletions":2}}},{"hash":"7f101cf3c3d61cb3525d95baa99a18e0d483292f","isMergeCommit":true,"messageTitle":"Merge pull request #3 from Brian030601/KherlenBayasgalan-AboutUs","messageBody":"Add Kherlen Bayasgalan About-Us","fileTypesAndContributionMap":{}}]},{"date":"2023-10-13","commitResults":[{"hash":"677d96b9764933b4ecea4937b91eb16904e76102","isMergeCommit":false,"messageTitle":"Fix Profile/Picture/AboutUs","messageBody":"","fileTypesAndContributionMap":{"docs":{"insertions":7,"deletions":7}}},{"hash":"38bd633508fcccc6411d55cff4091ec60105d9ff","isMergeCommit":true,"messageTitle":"Merge pull request #10 from Brian030601/master","messageBody":"Fix Profile/Picture/AboutUs","fileTypesAndContributionMap":{}}]},{"date":"2023-10-17","commitResults":[{"hash":"546953571545818521e49ded11bd8e4ade526947","isMergeCommit":true,"messageTitle":"Merge pull request #13 from Cheezeblokz/Jingxi-Calendar","messageBody":"Jingxi-Calendar","fileTypesAndContributionMap":{}}]},{"date":"2023-10-18","commitResults":[{"hash":"2675507cc7da3f526e28035632d0b430980c4118","isMergeCommit":false,"messageTitle":"Add JUnit Test","messageBody":"","fileTypesAndContributionMap":{"functional-code":{"insertions":13,"deletions":0},"test-code":{"insertions":5,"deletions":0}}},{"hash":"0de527070994dd8f4964f01aefe908f64a44af0f","isMergeCommit":true,"messageTitle":"Merge pull request #15 from Brian030601/master","messageBody":"Add JUnit Test","fileTypesAndContributionMap":{}},{"hash":"4f083629e9883f982e7a1465aa020b4e7c159996","isMergeCommit":false,"messageTitle":"Fix Calendar","messageBody":"","fileTypesAndContributionMap":{"functional-code":{"insertions":0,"deletions":13}}},{"hash":"85ff53a4953cd07da22db548ac468ade341caf9a","isMergeCommit":true,"messageTitle":"Merge pull request #16 from Brian030601/master","messageBody":"Fix Calendar","fileTypesAndContributionMap":{}},{"hash":"16530fbe89b68e5a11662ece37e64e4c2e156990","isMergeCommit":false,"messageTitle":"Implement CalendarCommandParser","messageBody":"","fileTypesAndContributionMap":{"functional-code":{"insertions":21,"deletions":0}}},{"hash":"a74ef394dc91d9aa62b344d501a1712e3fa1b1d9","isMergeCommit":true,"messageTitle":"Merge pull request #18 from Brian030601/master","messageBody":"Implement CalendarCommandParser","fileTypesAndContributionMap":{}}]},{"date":"2023-10-19","commitResults":[{"hash":"123419806cd1d20006f00d45f3c38d887a0e7e08","isMergeCommit":false,"messageTitle":"Implement Calendar Command","messageBody":"","fileTypesAndContributionMap":{"functional-code":{"insertions":106,"deletions":11}}},{"hash":"1381eef2921ab298b96d6d7e1b2d1b8e7e3ded37","isMergeCommit":true,"messageTitle":"Merge pull request #22 from Brian030601/master","messageBody":"Implement Calendar Command","fileTypesAndContributionMap":{}},{"hash":"b9667f388141a4092bd687f91b6c8b5e8dc6ec62","isMergeCommit":false,"messageTitle":"Change EventStorage Name","messageBody":"","fileTypesAndContributionMap":{"functional-code":{"insertions":0,"deletions":33}}},{"hash":"4e03314e7f7911f2ec9480657e465ac9dc56d8f7","isMergeCommit":true,"messageTitle":"Merge branch \u0027master\u0027 into Jingxi-Calendar_update","messageBody":"","fileTypesAndContributionMap":{}},{"hash":"a1131aae9aa56a4de14c78cff59a60a13ae645b2","isMergeCommit":true,"messageTitle":"Merge pull request #21 from Cheezeblokz/Jingxi-Calendar_update","messageBody":"Jingxi calendar update","fileTypesAndContributionMap":{}},{"hash":"045e454a471174c0cfa2871914b503423bee8552","isMergeCommit":true,"messageTitle":"Merge branch \u0027master\u0027 of https://github.com/AY2324S1-CS2113-F11-3/tp","messageBody":"* \u0027master\u0027 of https://github.com/AY2324S1-CS2113-F11-3/tp:\n  Added processing for respective user commands in EventCommand subclasses AddEventCommand, DeleteEventCommand, ListCalendarEventsCommand and UnknownCommand\n  Added basic functionality for CalendarManager to ask for user input\n  Added basic Calendar parameters and capabilities for adding, deleting and listing events\n\n# Conflicts:\n#\tsrc/main/java/seedu/duke/calendar/EventStorage.java\n","fileTypesAndContributionMap":{}},{"hash":"3a53123591f69efa42a6e01b8b0d9e54f0339b35","isMergeCommit":true,"messageTitle":"Merge pull request #24 from Brian030601/master","messageBody":"Resolve Merge Conflicts","fileTypesAndContributionMap":{}},{"hash":"666869d6caa6b3995894b44f0fb4739295a9c117","isMergeCommit":false,"messageTitle":"Fix CodingStyle","messageBody":"","fileTypesAndContributionMap":{"functional-code":{"insertions":12,"deletions":15}}},{"hash":"8bfd0e8e70174296b4a0111a3ebecc962ad4c3e0","isMergeCommit":true,"messageTitle":"Merge pull request #25 from Brian030601/master","messageBody":"Fix CodingStyle","fileTypesAndContributionMap":{}},{"hash":"9b9db6bd96eed4e5a9efb15fa024dc8d8808454c","isMergeCommit":false,"messageTitle":"Connect Calendar with Duke","messageBody":"","fileTypesAndContributionMap":{"functional-code":{"insertions":67,"deletions":8}}},{"hash":"f3d5405ed73079fdb5ba9f2cb29332b08a7f2644","isMergeCommit":true,"messageTitle":"Merge pull request #27 from Brian030601/master","messageBody":"Connect Calendar with Duke","fileTypesAndContributionMap":{}},{"hash":"8fea1da38f03c4d83a153f839eea3bea6002d9d3","isMergeCommit":false,"messageTitle":"Improve Calendar \u0026 Flashcard Integration","messageBody":"","fileTypesAndContributionMap":{"functional-code":{"insertions":9,"deletions":5}}},{"hash":"4d8184d0c0c05b21d2512739ce1779951d6f3726","isMergeCommit":true,"messageTitle":"Merge pull request #28 from Brian030601/master","messageBody":"Improve Calendar \u0026 Flashcard Integration","fileTypesAndContributionMap":{}},{"hash":"449157cdb9a3a077849e2b73178a048833d0f027","isMergeCommit":false,"messageTitle":"Fix Calendar Add/List/Delete Issues","messageBody":"","fileTypesAndContributionMap":{"functional-code":{"insertions":31,"deletions":12}}},{"hash":"8083d7cd25fd6a3f752a2f4560d97230cfb7f327","isMergeCommit":true,"messageTitle":"Merge pull request #1 from Brian030601/A-CalendarIssues","messageBody":"Fix Calendar Add/List/Delete Issues","fileTypesAndContributionMap":{}},{"hash":"3e94866e89a62856ffdd09810aec1b808b460b23","isMergeCommit":true,"messageTitle":"Merge branch \u0027master\u0027 into master","messageBody":"","fileTypesAndContributionMap":{}},{"hash":"012d36d4915527e20501ee219a13ceeb6e7c1d58","isMergeCommit":true,"messageTitle":"Merge pull request #33 from Brian030601/master","messageBody":"Fix Calendar Add/List/Delete Issues","fileTypesAndContributionMap":{}}]},{"date":"2023-10-20","commitResults":[{"hash":"a8eff678d15c01e07bd87efcbcfd72abe5b0f24f","isMergeCommit":false,"messageTitle":"Fix UI Messages","messageBody":"","fileTypesAndContributionMap":{"functional-code":{"insertions":2,"deletions":2}}},{"hash":"4c5ded51d171e4928225d345f151152388844e27","isMergeCommit":true,"messageTitle":"Merge branch \u0027master\u0027 of https://github.com/AY2324S1-CS2113-F11-3/tp","messageBody":"* \u0027master\u0027 of https://github.com/AY2324S1-CS2113-F11-3/tp:\n  Added Event Storage\n  Format for Event Storage\n  Unify calendar and flashcard mode\n\n# Conflicts:\n#\tsrc/main/java/seedu/duke/Duke.java\n","fileTypesAndContributionMap":{}},{"hash":"8691f15c4b5bc9fb11837b80b014d9947311e93f","isMergeCommit":false,"messageTitle":"Improve Ui","messageBody":"","fileTypesAndContributionMap":{"functional-code":{"insertions":5,"deletions":2}}}]},{"date":"2023-10-21","commitResults":[{"hash":"20d423dd105a984aaf279311a438ee66b62e924a","isMergeCommit":true,"messageTitle":"Merge branch \u0027master\u0027 of https://github.com/AY2324S1-CS2113-F11-3/tp","messageBody":"* \u0027master\u0027 of https://github.com/AY2324S1-CS2113-F11-3/tp:\n  Logging again\n  Get back to no-assertion\n  Logging edited 2\n  Logging edited\n  Adding loggers\n  re-add assertions\n  delete assertion\n","fileTypesAndContributionMap":{}}]},{"date":"2023-10-27","commitResults":[{"hash":"d96c6283479d5c18774fd8f0c5cb9047e78f0899","isMergeCommit":true,"messageTitle":"Merge branch \u0027master\u0027 of https://github.com/AY2324S1-CS2113-F11-3/tp","messageBody":"* \u0027master\u0027 of https://github.com/AY2324S1-CS2113-F11-3/tp:\n  Update DG with user stories\n  Update DeveloperGuide.md about storage\n  Add expert mode for deleting and reviewing\n  Making Java CI test pass (again)\n  Making Java CI test pass\n  Implement calculating global flashcard id\n  Handle empty flashcardlist when listing flashcards\n  Implement delete single flashcard feature\n  Add ability to delete all flashcards\n  Allow rating the difficulty of a review\n  Implement basic help command\n  Explain how to use flashcards in the UG\n\n# Conflicts:\n#\tdata/flashcards/flashcard.txt\n#\tsrc/main/java/seedu/duke/Duke.java\n","fileTypesAndContributionMap":{}},{"hash":"49a7356b9db11282437824c1879109205e228d04","isMergeCommit":false,"messageTitle":"Add Calendar Components to DG","messageBody":"","fileTypesAndContributionMap":{"functional-code":{"insertions":1,"deletions":2},"docs":{"insertions":21,"deletions":10}}},{"hash":"44ca7c00ac67cfcf22001878c28f16c875e0fa50","isMergeCommit":true,"messageTitle":"Merge pull request #62 from Brian030601/master","messageBody":"Update DG: Add Information for Calendar ","fileTypesAndContributionMap":{}}]},{"date":"2023-11-02","commitResults":[{"hash":"f7cc236a3cf00e61c6e38a5da63f703bd1d5e3c5","isMergeCommit":false,"messageTitle":"Add FindEvent \u0026 DeleteAllEvent","messageBody":"","fileTypesAndContributionMap":{"functional-code":{"insertions":65,"deletions":5},"docs":{"insertions":25,"deletions":3}}},{"hash":"5d72f0baae05c02c9a7f29a720286837aa3b466a","isMergeCommit":true,"messageTitle":"Merge branch \u0027master\u0027 of https://github.com/AY2324S1-CS2113-F11-3/tp","messageBody":"* \u0027master\u0027 of https://github.com/AY2324S1-CS2113-F11-3/tp:\n  Resolve Codestyle Error\n  Added some Test\n\n# Conflicts:\n#\tsrc/main/java/seedu/duke/calendar/EventList.java\n","fileTypesAndContributionMap":{}},{"hash":"115bdba80ffab9d2f4ccc99ae8c7470a170c3c59","isMergeCommit":true,"messageTitle":"Merge pull request #69 from Brian030601/master","messageBody":"Add FindEvent \u0026 DeleteAll","fileTypesAndContributionMap":{}},{"hash":"cc99feff434301c3cbc49141b54db0817447ca18","isMergeCommit":false,"messageTitle":"Fix Command Formatting","messageBody":"","fileTypesAndContributionMap":{"functional-code":{"insertions":29,"deletions":20}}},{"hash":"67efcbfc37e7c4dc3a3763abbbffef3f89e8ffd1","isMergeCommit":true,"messageTitle":"Merge pull request #71 from Brian030601/master","messageBody":"Fix Command Formatting","fileTypesAndContributionMap":{}},{"hash":"8018be82c2f50b88c96509e26133c4ea796e3a9a","isMergeCommit":false,"messageTitle":"Write Userguide","messageBody":"","fileTypesAndContributionMap":{"functional-code":{"insertions":43,"deletions":5},"docs":{"insertions":77,"deletions":12}}},{"hash":"2d7f50fc2253fa1adae13bd631715511d4f6a772","isMergeCommit":true,"messageTitle":"Merge branch \u0027master\u0027 of https://github.com/AY2324S1-CS2113-F11-3/tp","messageBody":"* \u0027master\u0027 of https://github.com/AY2324S1-CS2113-F11-3/tp:\n  Add event txt again\n  Add event txt\n  Disable INFO logs\n  Resolve data directory error\n","fileTypesAndContributionMap":{}},{"hash":"e0566a02a16b682999018fc06feca341147138ba","isMergeCommit":false,"messageTitle":"Change Command Names","messageBody":"","fileTypesAndContributionMap":{"functional-code":{"insertions":0,"deletions":39}}},{"hash":"8322567b84c25e17dcd5ccbafde30a9707a650ba","isMergeCommit":true,"messageTitle":"Merge pull request #74 from Brian030601/master","messageBody":"Write Userguide","fileTypesAndContributionMap":{}},{"hash":"7c502379f50869a706078ab98193be185ef14760","isMergeCommit":false,"messageTitle":"Update DG","messageBody":"","fileTypesAndContributionMap":{"functional-code":{"insertions":4,"deletions":4},"docs":{"insertions":19,"deletions":6}}},{"hash":"c1c3c25b70808a985f60305ecdccbfa0000ed55b","isMergeCommit":true,"messageTitle":"Merge pull request #76 from Brian030601/master","messageBody":"Update DG","fileTypesAndContributionMap":{}}]},{"date":"2023-11-06","commitResults":[{"hash":"737fcd5690f55067368a52e10d70cda63455bbe8","isMergeCommit":false,"messageTitle":"Fix Delete Event Bug","messageBody":"","fileTypesAndContributionMap":{"functional-code":{"insertions":22,"deletions":63}}},{"hash":"1751c8e32428d0ac19535f8b1e3765d4f245917e","isMergeCommit":true,"messageTitle":"Merge pull request #116 from Brian030601/master","messageBody":"Fix Delete Event Bug","fileTypesAndContributionMap":{}},{"hash":"29b968076e1a69b5286a09f92291094bae898e53","isMergeCommit":false,"messageTitle":"Fix Exit \u0026 Find Bug","messageBody":"","fileTypesAndContributionMap":{"functional-code":{"insertions":8,"deletions":5}}},{"hash":"f5a5d15d9dada8d6ddb77d0041b34ac32b4ff2c8","isMergeCommit":true,"messageTitle":"Merge pull request #117 from Brian030601/master","messageBody":"Fix Exit \u0026 Find Bug","fileTypesAndContributionMap":{}},{"hash":"3693a463d562f06c6fc1dea5e3124a6285330bb2","isMergeCommit":false,"messageTitle":"Fix AddEvent Time","messageBody":"","fileTypesAndContributionMap":{"functional-code":{"insertions":7,"deletions":4}}},{"hash":"9e3a64d76e530f023e0be74eb17851591f965ec1","isMergeCommit":true,"messageTitle":"Merge pull request #118 from Brian030601/master","messageBody":"Fix AddEvent Time","fileTypesAndContributionMap":{}},{"hash":"95031026efb8ab8bae4fc9dbc6646a9a736ceeff","isMergeCommit":false,"messageTitle":"Add Exceptions","messageBody":"","fileTypesAndContributionMap":{"functional-code":{"insertions":111,"deletions":17}}},{"hash":"67360f0c60ebcebc4f849458b77784a8f61ca0a8","isMergeCommit":true,"messageTitle":"Merge pull request #119 from Brian030601/master","messageBody":"Add Exceptions","fileTypesAndContributionMap":{}}]},{"date":"2023-11-08","commitResults":[{"hash":"6cfa449aeebba6d0bd7763497dd05f550872cf7b","isMergeCommit":false,"messageTitle":"Add JavaDoc","messageBody":"","fileTypesAndContributionMap":{"functional-code":{"insertions":179,"deletions":18}}},{"hash":"0658db79235c0462f7da65eed5ecb6d5dde42962","isMergeCommit":false,"messageTitle":"Update ReadMe","messageBody":"","fileTypesAndContributionMap":{"docs":{"insertions":4,"deletions":2}}},{"hash":"f68a5b5508a3c46d9ff91c8f1f9fb5aa4be31d0e","isMergeCommit":true,"messageTitle":"Merge pull request #120 from Brian030601/master","messageBody":"Add Documentation","fileTypesAndContributionMap":{}}]}]},"authorFileTypeContributionMap":{"wendelinwemhoener":{"docs":121,"functional-code":879,"test-code":17,"other":1},"Cheezeblokz":{"docs":3,"functional-code":225,"test-code":0},"junhyeong0411":{"docs":108,"functional-code":503,"test-code":52},"Brian030601":{"docs":121,"functional-code":309,"test-code":5}},"authorContributionVariance":{"wendelinwemhoener":7243.6973,"Cheezeblokz":2748.179,"junhyeong0411":5017.095,"Brian030601":5988.01},"authorDisplayNameMap":{"wendelinwemhoener":"CS2113-F11-3 WEMH..ELIN","Cheezeblokz":"CS2113-F11-3 ZHU ..NGXI","junhyeong0411":"CS2113-F11-3 BANG..EONG","Brian030601":"CS2113-F11-3 KHER..ALAN"}}
