{"authorDailyContributionsMap":{"ken-ruster":[{"date":"2023-10-05","commitResults":[{"hash":"faf542c932dc8c668aff0ec933dabdff06d14b84","isMergeCommit":false,"messageTitle":"Update README.md","messageBody":"","fileTypesAndContributionMap":{"docs":{"insertions":1,"deletions":1}}},{"hash":"6e59d9b754ad45058c2079c92e49c7e3018eabd4","isMergeCommit":false,"messageTitle":"Add question mark","messageBody":"","fileTypesAndContributionMap":{"functional-code":{"insertions":1,"deletions":1}}},{"hash":"8a501b95c2b2abe506ad139c3c31aebceb2fb205","isMergeCommit":true,"messageTitle":"Merge pull request #1 from ken-ruster/branch-test","messageBody":"Add question mark","fileTypesAndContributionMap":{}}]},{"date":"2023-10-16","commitResults":[{"hash":"f1ff0f7411762e6f7165868f47bc046d3c53ef57","isMergeCommit":true,"messageTitle":"Merge pull request #1 from AY2324S1-CS2113-T18-1/master","messageBody":"Merge template commits","fileTypesAndContributionMap":{}},{"hash":"65189450fa76a75657d7196b52644045e1a5cd0b","isMergeCommit":false,"messageTitle":"Add Move class","messageBody":"","fileTypesAndContributionMap":{"functional-code":{"insertions":28,"deletions":0}}},{"hash":"c26acb544fbc894759c3fa25710b2309afbb3112","isMergeCommit":false,"messageTitle":"Add getPieceAtCoor for ChessBoard","messageBody":"","fileTypesAndContributionMap":{"functional-code":{"insertions":6,"deletions":0}}},{"hash":"f25704646d91a0357e8feba59d6930ae51fe34f4","isMergeCommit":false,"messageTitle":"Add parseMove to Parser","messageBody":"","fileTypesAndContributionMap":{"functional-code":{"insertions":27,"deletions":0}}},{"hash":"b6a41564720327fc4a2f4918e8ffab6d85bf61f6","isMergeCommit":true,"messageTitle":"Merge pull request #9 from ken-ruster/master","messageBody":"Add Move, parseMove, getPieceAtCoor","fileTypesAndContributionMap":{}},{"hash":"7bce486c240254f0df114f0b7c98550c07fd87e3","isMergeCommit":false,"messageTitle":"Add exception to handle invalid moves","messageBody":"","fileTypesAndContributionMap":{"functional-code":{"insertions":11,"deletions":0}}},{"hash":"adf441fe87620d6c32a057bd929bf5649861a7ee","isMergeCommit":false,"messageTitle":"Add placeholder movePiece() function","messageBody":"","fileTypesAndContributionMap":{"functional-code":{"insertions":5,"deletions":0}}},{"hash":"36b657b73341f5386dcbddde151d1cd8b417590e","isMergeCommit":false,"messageTitle":"Parser.java: Add ParseCommand function","messageBody":"","fileTypesAndContributionMap":{"functional-code":{"insertions":23,"deletions":10}}},{"hash":"5c3dcaac28b2874d45e7b11eca8bc53914f195dd","isMergeCommit":false,"messageTitle":"Update message for InvalidMoveException","messageBody":"","fileTypesAndContributionMap":{"functional-code":{"insertions":2,"deletions":1}}},{"hash":"aad8c9191d3d81e12fc1a3d26a0e90353127740c","isMergeCommit":false,"messageTitle":"Update documentation","messageBody":"","fileTypesAndContributionMap":{"functional-code":{"insertions":11,"deletions":7}}},{"hash":"c01a71e62fea28af6635422189d4179e321ae0dc","isMergeCommit":true,"messageTitle":"Merge branch \u0027master\u0027 into master","messageBody":"","fileTypesAndContributionMap":{}},{"hash":"be3d08b56f3db7bab6e6dd2c0d07610386e5733e","isMergeCommit":true,"messageTitle":"Merge pull request #12 from ken-ruster/master","messageBody":"Add parseCommand","fileTypesAndContributionMap":{}},{"hash":"0733fc344115ccba632803263803c4e51e00ab8f","isMergeCommit":false,"messageTitle":"Update Parser to work with executeMove","messageBody":"","fileTypesAndContributionMap":{"functional-code":{"insertions":1,"deletions":5}}},{"hash":"cc4d6742f26ea5ee50dd98a646bc948f7614dff7","isMergeCommit":true,"messageTitle":"Merge pull request #13 from ken-ruster/master","messageBody":"Update Parser to work with executeMove","fileTypesAndContributionMap":{}}]},{"date":"2023-10-17","commitResults":[{"hash":"cc1de14b8dbd21ae323f79c66791d60fba907572","isMergeCommit":true,"messageTitle":"Merge pull request #2 from AY2324S1-CS2113-T18-1/master","messageBody":"Update","fileTypesAndContributionMap":{}},{"hash":"2f537195a96090920c3263243b6d72f2571a61e5","isMergeCommit":false,"messageTitle":"Add parsePromote","messageBody":"","fileTypesAndContributionMap":{"functional-code":{"insertions":22,"deletions":0}}},{"hash":"e8af2c24700f59a9ea4243a776584a100d4e2cdd","isMergeCommit":true,"messageTitle":"Merge pull request #22 from ken-ruster/parse-promote","messageBody":"Add parsePromote","fileTypesAndContributionMap":{}}]},{"date":"2023-10-18","commitResults":[{"hash":"1b8f09fa06caa73c93ceaf4bd7325f96e830d188","isMergeCommit":false,"messageTitle":"Optimise parseMove","messageBody":"","fileTypesAndContributionMap":{"functional-code":{"insertions":11,"deletions":4}}},{"hash":"abb3d1280718214199edb41df98078071f0b9f44","isMergeCommit":false,"messageTitle":"Modify Move to expose only piece","messageBody":"","fileTypesAndContributionMap":{"functional-code":{"insertions":6,"deletions":7}}},{"hash":"8c2e65cd475e0074d35b12b4e5b2ad8e99c9d21f","isMergeCommit":true,"messageTitle":"Merge pull request #23 from ken-ruster/parse-promote","messageBody":"Modify Move class","fileTypesAndContributionMap":{}}]}],"antrikshdhand":[{"date":"2023-10-05","commitResults":[{"hash":"b0a61b4e5ecda5db94f4ad8a08c8a11dca11e77b","isMergeCommit":false,"messageTitle":"Update AboutUs.md","messageBody":"","fileTypesAndContributionMap":{"docs":{"insertions":7,"deletions":7}}},{"hash":"7d48b22f326388f2eca1ddaa4894dac5c51d2485","isMergeCommit":true,"messageTitle":"Merge pull request #5 from antrikshdhand/antriksh-AboutUs","messageBody":"Update AboutUs.md","fileTypesAndContributionMap":{}}]}],"TriciaBK":[{"date":"2023-10-05","commitResults":[{"hash":"fc7c1bd4091ee83c6df0616f710bf7ab3651b856","isMergeCommit":false,"messageTitle":"?????","messageBody":"","fileTypesAndContributionMap":{"functional-code":{"insertions":1,"deletions":1}}},{"hash":"58e114c5917e81e436287764309e5165576cc4aa","isMergeCommit":true,"messageTitle":"Merge pull request #3 from TriciaBK/tricia","messageBody":"?????","fileTypesAndContributionMap":{}}]},{"date":"2023-10-16","commitResults":[{"hash":"f0541ec8fa6d99300896d53ff19d40d67c7ab2c4","isMergeCommit":false,"messageTitle":"added temporary method for executeMove method to access","messageBody":"","fileTypesAndContributionMap":{"functional-code":{"insertions":9,"deletions":0}}},{"hash":"1ca4a431744c9f133d36d60d4808b2b72b3d9fb1","isMergeCommit":false,"messageTitle":"added temporary method for executeMove method to access","messageBody":"","fileTypesAndContributionMap":{"functional-code":{"insertions":34,"deletions":2}}},{"hash":"760456c7df5d6f6e094e4e65df781b09e632fa9c","isMergeCommit":false,"messageTitle":"Add executeMove method","messageBody":"","fileTypesAndContributionMap":{"functional-code":{"insertions":7,"deletions":5}}},{"hash":"75807ce2a7deb81cb42415befcf264333f2bd42e","isMergeCommit":false,"messageTitle":"Removed move history","messageBody":"","fileTypesAndContributionMap":{"functional-code":{"insertions":12,"deletions":18}}},{"hash":"ef9786cafa2dc81bb582195af35e46f26008ac72","isMergeCommit":true,"messageTitle":"Merge pull request #11 from TriciaBK/chessboard-state","messageBody":"Chessboard state","fileTypesAndContributionMap":{}},{"hash":"eddf4457de673699da57131e019856e79e27339d","isMergeCommit":false,"messageTitle":"Add exception handling for saving board","messageBody":"","fileTypesAndContributionMap":{"functional-code":{"insertions":12,"deletions":0}}},{"hash":"b2fac1f5d326c2c39029ac7c3a388557ef3ac9c7","isMergeCommit":false,"messageTitle":"Add exception handling for loading board","messageBody":"","fileTypesAndContributionMap":{"functional-code":{"insertions":14,"deletions":0}}}]},{"date":"2023-10-17","commitResults":[{"hash":"d26a09bde262783d3a3312df1ac069dd2ef138a6","isMergeCommit":false,"messageTitle":"Add saveBoard and loadBoard methods","messageBody":"","fileTypesAndContributionMap":{"functional-code":{"insertions":111,"deletions":1}}},{"hash":"432e0ca40922330edc0b0bd8e2f530f5c2a45ad3","isMergeCommit":false,"messageTitle":"Add setTile method for loadBoard","messageBody":"","fileTypesAndContributionMap":{"functional-code":{"insertions":3,"deletions":5}}},{"hash":"1197ab36e28a828f2ee61300cbbc07018b20b2f8","isMergeCommit":false,"messageTitle":"Update method","messageBody":"","fileTypesAndContributionMap":{"functional-code":{"insertions":8,"deletions":0}}},{"hash":"bd47e5d8ee0916a3164ae5c0c3f4fcf6defc164b","isMergeCommit":false,"messageTitle":"Update Save and Load method","messageBody":"","fileTypesAndContributionMap":{"functional-code":{"insertions":14,"deletions":9}}},{"hash":"7ef957bdcd5debc1c7fb7af31a51a8ce8acb76f3","isMergeCommit":true,"messageTitle":"Merge branch \u0027storage\u0027","messageBody":"","fileTypesAndContributionMap":{}}]},{"date":"2023-10-18","commitResults":[{"hash":"43b8f674c63120a95a4365894df2f54ae716833e","isMergeCommit":false,"messageTitle":"Add updatePosition method after move excution","messageBody":"","fileTypesAndContributionMap":{"functional-code":{"insertions":5,"deletions":0}}},{"hash":"adf3af69b9d133a9cd3b18393397d55a0032c64b","isMergeCommit":false,"messageTitle":"Add exception handling in executeMove method","messageBody":"","fileTypesAndContributionMap":{"functional-code":{"insertions":4,"deletions":5}}},{"hash":"3d9ed6eda7e0a1c8e97d40fc2af25d562c8423d2","isMergeCommit":true,"messageTitle":"Merge pull request #24 from TriciaBK/chessboard-state","messageBody":"Update executeMove","fileTypesAndContributionMap":{}},{"hash":"962a3055847617e6ab3689d473755dd44a688e28","isMergeCommit":true,"messageTitle":"Merge branch \u0027master\u0027 of https://github.com/AY2324S1-CS2113-T18-1/tp into storage","messageBody":"","fileTypesAndContributionMap":{}},{"hash":"bf7f156df16b8da47a8fb666b93670e0186befdc","isMergeCommit":false,"messageTitle":"Fixed checkstyle violations","messageBody":"","fileTypesAndContributionMap":{"functional-code":{"insertions":34,"deletions":27}}},{"hash":"94b32dbefed7b8c9ba74a83454871c957e4e3866","isMergeCommit":true,"messageTitle":"Merge pull request #25 from TriciaBK/storage","messageBody":"Resolved Storage checkstyle violations","fileTypesAndContributionMap":{}}]}],"onx001":[{"date":"2023-10-05","commitResults":[{"hash":"3f292064f69048663493770d480744c23b56b6c4","isMergeCommit":false,"messageTitle":"Update README.md","messageBody":"","fileTypesAndContributionMap":{"docs":{"insertions":1,"deletions":1}}},{"hash":"5fa1cf229e9d7354ebd4e848ca46411c10ecbd5d","isMergeCommit":true,"messageTitle":"Merge pull request #2 from onx001/onx-AboutUs","messageBody":"Update README.md","fileTypesAndContributionMap":{}}]},{"date":"2023-10-11","commitResults":[{"hash":"67b268ef9145aba4ebf24e7d07d328c13b18ed03","isMergeCommit":true,"messageTitle":"Merge remote-tracking branch \u0027origin/onx-AboutUs\u0027","messageBody":"","fileTypesAndContributionMap":{}},{"hash":"8753fbaa6e312c71a7e121ce566ee779e2a032a7","isMergeCommit":true,"messageTitle":"Merge remote-tracking branch \u0027origin/master\u0027","messageBody":"","fileTypesAndContributionMap":{}}]},{"date":"2023-10-16","commitResults":[{"hash":"e2d445f2146c5512f3fbe96952c356004d7679b8","isMergeCommit":false,"messageTitle":"Display valid moves","messageBody":"Implementation of valid moves in progress.\n\nLet\u0027s have a function to display valid moves.\n","fileTypesAndContributionMap":{"functional-code":{"insertions":78,"deletions":13}}},{"hash":"dfe81161128ae9c8510d3facc98671f4e24b04f5","isMergeCommit":true,"messageTitle":"Merge pull request #14 from onx001/ValidMoveDisplay","messageBody":"Display valid moves","fileTypesAndContributionMap":{}},{"hash":"c71ad2eaad3f4461ad84502c91a3530b5e325503","isMergeCommit":false,"messageTitle":"Update ChessPiece.java","messageBody":"","fileTypesAndContributionMap":{"functional-code":{"insertions":53,"deletions":1}}},{"hash":"8dcb170f321be50a71ff77c18bcf80de9138253a","isMergeCommit":true,"messageTitle":"Merge pull request #15 from onx001/ValidMoveDisplay","messageBody":"Update ChessPiece.java","fileTypesAndContributionMap":{}}]},{"date":"2023-10-17","commitResults":[{"hash":"b0b7f5e2fdb988cbe187c8ce83fd7849263540fb","isMergeCommit":false,"messageTitle":"Implement Move Validation","messageBody":"Knowing whether a move is valid is important for gameplay, especially for future implementations of solving algorithms.\n\nLet\u0027s implement a generic available move and validity checker as well as basic UI additions for debugging.\n","fileTypesAndContributionMap":{"functional-code":{"insertions":120,"deletions":51}}},{"hash":"7dcec1be03acca1a7f2c1d1c1f78d9b737c847eb","isMergeCommit":true,"messageTitle":"Merge pull request #17 from onx001/ValidMove","messageBody":"Implement Move Validation","fileTypesAndContributionMap":{}},{"hash":"d3893b200ef00ed734b42572a0f273fcf8919bb7","isMergeCommit":true,"messageTitle":"Merge branch \u0027master\u0027 into storage","messageBody":"","fileTypesAndContributionMap":{}},{"hash":"183d7f5d6905d378d6020cd098c1d048b32fb058","isMergeCommit":true,"messageTitle":"Merge pull request #16 from TriciaBK/storage","messageBody":"Storage","fileTypesAndContributionMap":{}},{"hash":"3d3ab4435289b7652113feb39f5e5330e0e77859","isMergeCommit":false,"messageTitle":"Edit JUnit test and add assert statement","messageBody":"","fileTypesAndContributionMap":{"test-code":{"insertions":2,"deletions":0}}},{"hash":"69452968a4da01aeb4af72ca6a920b6a93bf11b7","isMergeCommit":true,"messageTitle":"Merge pull request #18 from onx001/JUnitAssert","messageBody":"Edit JUnit test and add assert statement","fileTypesAndContributionMap":{}},{"hash":"fd0cd7c36fa63644a017cbb77f06c9604a2be3b1","isMergeCommit":false,"messageTitle":"Fix coding standard for gradle style checks","messageBody":"Let\u0027s standardise coding styles for easier management across different programmers\n","fileTypesAndContributionMap":{"functional-code":{"insertions":36,"deletions":34}}},{"hash":"aa2fb919ec3a346f4248ee74c8df431892942e57","isMergeCommit":true,"messageTitle":"Merge pull request #19 from onx001/Style-Fix-1","messageBody":"Fix coding standard for gradle style checks","fileTypesAndContributionMap":{}},{"hash":"d5b4508a9b9a8818e88eb0787e3e404d3429ba25","isMergeCommit":false,"messageTitle":"Add function for colour change","messageBody":"Swapping board axii every turn change is troublesome and resource-wasteful.\n\nLet\u0027s add valid function checking depending on board colour and orientation.\n","fileTypesAndContributionMap":{"functional-code":{"insertions":23,"deletions":2}}},{"hash":"bf4d6fc7abcfa8fec49b7a19a7b9991320c971f6","isMergeCommit":true,"messageTitle":"Merge pull request #20 from onx001/AddBlackPawnCheck","messageBody":"Add function for colour change","fileTypesAndContributionMap":{}},{"hash":"3dd93d8e677e892818307cb61a1a5105737b53e6","isMergeCommit":true,"messageTitle":"Merge pull request #21 from onx001/JUnitTest-1","messageBody":"Update EXPECTED.TXT","fileTypesAndContributionMap":{}}]}],"TongZhengHong":[{"date":"2023-10-05","commitResults":[{"hash":"62922ff6fccb29e15f6a330af40a4242b1addf1c","isMergeCommit":false,"messageTitle":"Close scanner","messageBody":"","fileTypesAndContributionMap":{"functional-code":{"insertions":2,"deletions":0}}},{"hash":"2b99e2930c4d2001569261848c570906d5a7fdfa","isMergeCommit":true,"messageTitle":"Merge pull request #4 from TongZhengHong/ZhengHong","messageBody":"Close scanner","fileTypesAndContributionMap":{}}]},{"date":"2023-10-08","commitResults":[{"hash":"c839a08a725946522e2ac0485e7c2fdf3267a493","isMergeCommit":false,"messageTitle":"Remove questions marks","messageBody":"","fileTypesAndContributionMap":{"functional-code":{"insertions":1,"deletions":1}}},{"hash":"f5030d7118f9839cf6f7166b7f7fa8631d6bb98d","isMergeCommit":true,"messageTitle":"Merge pull request #6 from TongZhengHong/fix_cd_test","messageBody":"Remove questions marks","fileTypesAndContributionMap":{}}]},{"date":"2023-10-14","commitResults":[{"hash":"65df1cb11da47e7062fdfcad883dfc1aa3ad03a4","isMergeCommit":false,"messageTitle":"Change Duke to ChessMaster","messageBody":"","fileTypesAndContributionMap":{"other":{"insertions":7,"deletions":7}}}]},{"date":"2023-10-15","commitResults":[{"hash":"6abb6778d5f773debb94bb877b519d9948c5464d","isMergeCommit":false,"messageTitle":"Basic skeleton classes","messageBody":"","fileTypesAndContributionMap":{"functional-code":{"insertions":109,"deletions":5}}},{"hash":"c4f69a258ac8c205eef9450c9a6e7f18ba445e24","isMergeCommit":false,"messageTitle":"Change package board to package game","messageBody":"","fileTypesAndContributionMap":{"functional-code":{"insertions":74,"deletions":34}}},{"hash":"7f57dba052fa9a6e7d53ad264a6f46479d66634f","isMergeCommit":false,"messageTitle":"Add row, col and color to chessPieces","messageBody":"","fileTypesAndContributionMap":{"functional-code":{"insertions":97,"deletions":9}}},{"hash":"65ae9d850d9aba82c149050ee4caf45918f4d25c","isMergeCommit":false,"messageTitle":"Update utility classes","messageBody":"","fileTypesAndContributionMap":{"functional-code":{"insertions":90,"deletions":8}}},{"hash":"29d972ea154a415ba986a02be82b5a4b67fe67a3","isMergeCommit":false,"messageTitle":"Change chess pieces from unicode to letter","messageBody":"","fileTypesAndContributionMap":{"functional-code":{"insertions":13,"deletions":13}}},{"hash":"264f8cb40e5caca637d71b091d4fdcc88923f99d","isMergeCommit":false,"messageTitle":"Update printing code","messageBody":"","fileTypesAndContributionMap":{"functional-code":{"insertions":21,"deletions":24}}},{"hash":"df10c20c4ad72b22b262a879ebaaf5ff91f1962c","isMergeCommit":false,"messageTitle":"Remove key string and standardise color","messageBody":"","fileTypesAndContributionMap":{"functional-code":{"insertions":18,"deletions":34}}},{"hash":"a47b7be89bf74c89a7aaa0ef21170a27b87ee748","isMergeCommit":false,"messageTitle":"Update chess piece color initialisation","messageBody":"","fileTypesAndContributionMap":{"functional-code":{"insertions":27,"deletions":17}}},{"hash":"75a416c5acfbe1ad67323668dac625a535b0be8a","isMergeCommit":false,"messageTitle":"Create basic exceptions","messageBody":"","fileTypesAndContributionMap":{"functional-code":{"insertions":32,"deletions":0}}},{"hash":"ae6ad89bcd9c3f3db05d2cccc9641e839b1954db","isMergeCommit":false,"messageTitle":"Create Coordinate class","messageBody":"","fileTypesAndContributionMap":{"functional-code":{"insertions":79,"deletions":0}}},{"hash":"dd431c7ff48227541dd9a409b77e093ef28e5a1d","isMergeCommit":false,"messageTitle":"Add getAvailableCoordinate for each chess piece","messageBody":"","fileTypesAndContributionMap":{"functional-code":{"insertions":204,"deletions":4}}},{"hash":"1565b161990f065ab146cd9b0d607171b4b4a846","isMergeCommit":false,"messageTitle":"Minor changes","messageBody":"","fileTypesAndContributionMap":{"functional-code":{"insertions":9,"deletions":5}}},{"hash":"ae54b6e50ee89ea5bd9516ee8745948bbf9cdc15","isMergeCommit":false,"messageTitle":"Update printChessBoard to show coordinate beside","messageBody":"","fileTypesAndContributionMap":{"functional-code":{"insertions":18,"deletions":3}}}]},{"date":"2023-10-16","commitResults":[{"hash":"049349fd79bcd94348ebdc4ed225b4223ec9beab","isMergeCommit":false,"messageTitle":"Add javadoc comments for important methods","messageBody":"","fileTypesAndContributionMap":{"functional-code":{"insertions":41,"deletions":2}}},{"hash":"a89e57499a273dffb13562c97b38aa1ff7de1cd0","isMergeCommit":false,"messageTitle":"Update checkstyle draft","messageBody":"","fileTypesAndContributionMap":{"functional-code":{"insertions":85,"deletions":73}}},{"hash":"df797156621c80d93c4647ca00daa74290a42db7","isMergeCommit":false,"messageTitle":"Address checkstyles","messageBody":"","fileTypesAndContributionMap":{"functional-code":{"insertions":33,"deletions":24}}},{"hash":"c1cad31c65a0396670d913dee75b41918f2f7bdb","isMergeCommit":false,"messageTitle":"Fix IO redirection test","messageBody":"","fileTypesAndContributionMap":{"functional-code":{"insertions":22,"deletions":21},"other":{"insertions":8,"deletions":2}}},{"hash":"88ba9a509231ff35aa0bdd960f330719e8b03182","isMergeCommit":false,"messageTitle":"Fix checkstyle","messageBody":"","fileTypesAndContributionMap":{"functional-code":{"insertions":25,"deletions":19}}},{"hash":"ea5ecbfa6267d890a8aab3ae4e3beb8d2a0515c3","isMergeCommit":true,"messageTitle":"Merge pull request #8 from TongZhengHong/branch-setup-template","messageBody":"Branch setup template","fileTypesAndContributionMap":{}}]},{"date":"2023-10-18","commitResults":[{"hash":"c78ff2c464137518d661559179236062e0b33a33","isMergeCommit":false,"messageTitle":"Add ChessMasterException parent exception class","messageBody":"","fileTypesAndContributionMap":{"functional-code":{"insertions":12,"deletions":5}}},{"hash":"a925d01c5ea210767e562f71f5fc10fed0036d3f","isMergeCommit":false,"messageTitle":"Create NullPieceException for empty piece at tile retrieval","messageBody":"","fileTypesAndContributionMap":{"functional-code":{"insertions":20,"deletions":3}}},{"hash":"fe912e66c55c2d129616ec0ccb0e5f4196a7fa46","isMergeCommit":false,"messageTitle":"Remove redundant MoveValidator class","messageBody":"","fileTypesAndContributionMap":{"functional-code":{"insertions":0,"deletions":14}}},{"hash":"3c2e74665a7c6300f390ff3481c6243349179843","isMergeCommit":false,"messageTitle":"Add/Update utility access function","messageBody":"","fileTypesAndContributionMap":{"functional-code":{"insertions":47,"deletions":29}}},{"hash":"59ebda2d24dbc3be6cfc1504988b92f86b2e35cd","isMergeCommit":false,"messageTitle":"Fix parseAlgebraicCoor method bug","messageBody":"","fileTypesAndContributionMap":{"functional-code":{"insertions":2,"deletions":2}}},{"hash":"e99af55f311bf0441ee59cb852db6f984098c525","isMergeCommit":false,"messageTitle":"Implement main chess game engine","messageBody":"","fileTypesAndContributionMap":{"functional-code":{"insertions":52,"deletions":33}}},{"hash":"68f90d785ce97bb364e92287d8aa3b27b8418781","isMergeCommit":false,"messageTitle":"Clean up code","messageBody":"","fileTypesAndContributionMap":{"functional-code":{"insertions":0,"deletions":3}}},{"hash":"7a91674b6218114e072cb688bf929bf358e1c995","isMergeCommit":false,"messageTitle":"Fix CI tests","messageBody":"","fileTypesAndContributionMap":{"functional-code":{"insertions":24,"deletions":52}}},{"hash":"595ce058d9f7bdd7ccb74c684a732d9e7147b220","isMergeCommit":true,"messageTitle":"Merge branch \u0027master\u0027 into branch-setup-chessmaster-engine","messageBody":"","fileTypesAndContributionMap":{}}]},{"date":"2023-10-19","commitResults":[{"hash":"52218d65a20ae4e67ab80a87a4c0d465b9185443","isMergeCommit":false,"messageTitle":"Test CI gradle build","messageBody":"","fileTypesAndContributionMap":{"functional-code":{"insertions":4,"deletions":4}}},{"hash":"78565daefec3130476e01ed3f7a53d44b41bdd4a","isMergeCommit":true,"messageTitle":"Merge branch \u0027branch-setup-chessmaster-engine\u0027 of https://github.com/TongZhengHong/tp into branch-setup-chessmaster-engine","messageBody":"","fileTypesAndContributionMap":{}},{"hash":"bf12a91560598d566b3de5f872e60f2100c4f5fa","isMergeCommit":false,"messageTitle":"Fix CI checks","messageBody":"","fileTypesAndContributionMap":{"functional-code":{"insertions":1,"deletions":5}}},{"hash":"8fb02e14aae84b7dba8f2d5fa5b6c08dbd92fae3","isMergeCommit":true,"messageTitle":"Merge pull request #26 from TongZhengHong/branch-setup-chessmaster-engine","messageBody":"Branch setup chessmaster engine","fileTypesAndContributionMap":{}}]}]},"authorFileTypeContributionMap":{"ken-ruster":{"docs":1,"functional-code":90,"test-code":0},"antrikshdhand":{"docs":7,"functional-code":0,"test-code":0},"TriciaBK":{"docs":0,"functional-code":118,"test-code":0},"onx001":{"docs":1,"functional-code":228,"test-code":2},"TongZhengHong":{"docs":0,"functional-code":808,"test-code":2,"other":8}},"authorContributionVariance":{"ken-ruster":669.6466,"antrikshdhand":6.75,"TriciaBK":1323.0752,"onx001":3096.5037,"TongZhengHong":36318.418},"authorDisplayNameMap":{"ken-ruster":"CS2113-T18-1 OH K.. WEI","antrikshdhand":"CS2113-T18-1 DHAN..IKSH","TriciaBK":"CS2113-T18-1 TRIC..PING","onx001":"CS2113-T18-1 OU N..IANG","TongZhengHong":"CS2113-T18-1 TONG..HONG"}}
