{"authorDailyContributionsMap":{"ken-ruster":[{"date":"2023-10-05","commitResults":[{"hash":"faf542c932dc8c668aff0ec933dabdff06d14b84","isMergeCommit":false,"messageTitle":"Update README.md","messageBody":"","fileTypesAndContributionMap":{"docs":{"insertions":1,"deletions":1}}},{"hash":"6e59d9b754ad45058c2079c92e49c7e3018eabd4","isMergeCommit":false,"messageTitle":"Add question mark","messageBody":"","fileTypesAndContributionMap":{"functional-code":{"insertions":1,"deletions":1}}},{"hash":"8a501b95c2b2abe506ad139c3c31aebceb2fb205","isMergeCommit":true,"messageTitle":"Merge pull request #1 from ken-ruster/branch-test","messageBody":"Add question mark","fileTypesAndContributionMap":{}}]},{"date":"2023-10-16","commitResults":[{"hash":"f1ff0f7411762e6f7165868f47bc046d3c53ef57","isMergeCommit":true,"messageTitle":"Merge pull request #1 from AY2324S1-CS2113-T18-1/master","messageBody":"Merge template commits","fileTypesAndContributionMap":{}},{"hash":"65189450fa76a75657d7196b52644045e1a5cd0b","isMergeCommit":false,"messageTitle":"Add Move class","messageBody":"","fileTypesAndContributionMap":{"functional-code":{"insertions":28,"deletions":0}}},{"hash":"c26acb544fbc894759c3fa25710b2309afbb3112","isMergeCommit":false,"messageTitle":"Add getPieceAtCoor for ChessBoard","messageBody":"","fileTypesAndContributionMap":{"functional-code":{"insertions":6,"deletions":0}}},{"hash":"f25704646d91a0357e8feba59d6930ae51fe34f4","isMergeCommit":false,"messageTitle":"Add parseMove to Parser","messageBody":"","fileTypesAndContributionMap":{"functional-code":{"insertions":27,"deletions":0}}},{"hash":"b6a41564720327fc4a2f4918e8ffab6d85bf61f6","isMergeCommit":true,"messageTitle":"Merge pull request #9 from ken-ruster/master","messageBody":"Add Move, parseMove, getPieceAtCoor","fileTypesAndContributionMap":{}},{"hash":"7bce486c240254f0df114f0b7c98550c07fd87e3","isMergeCommit":false,"messageTitle":"Add exception to handle invalid moves","messageBody":"","fileTypesAndContributionMap":{"functional-code":{"insertions":11,"deletions":0}}},{"hash":"adf441fe87620d6c32a057bd929bf5649861a7ee","isMergeCommit":false,"messageTitle":"Add placeholder movePiece() function","messageBody":"","fileTypesAndContributionMap":{"functional-code":{"insertions":5,"deletions":0}}},{"hash":"36b657b73341f5386dcbddde151d1cd8b417590e","isMergeCommit":false,"messageTitle":"Parser.java: Add ParseCommand function","messageBody":"","fileTypesAndContributionMap":{"functional-code":{"insertions":23,"deletions":10}}},{"hash":"5c3dcaac28b2874d45e7b11eca8bc53914f195dd","isMergeCommit":false,"messageTitle":"Update message for InvalidMoveException","messageBody":"","fileTypesAndContributionMap":{"functional-code":{"insertions":2,"deletions":1}}},{"hash":"aad8c9191d3d81e12fc1a3d26a0e90353127740c","isMergeCommit":false,"messageTitle":"Update documentation","messageBody":"","fileTypesAndContributionMap":{"functional-code":{"insertions":11,"deletions":7}}},{"hash":"c01a71e62fea28af6635422189d4179e321ae0dc","isMergeCommit":true,"messageTitle":"Merge branch \u0027master\u0027 into master","messageBody":"","fileTypesAndContributionMap":{}},{"hash":"be3d08b56f3db7bab6e6dd2c0d07610386e5733e","isMergeCommit":true,"messageTitle":"Merge pull request #12 from ken-ruster/master","messageBody":"Add parseCommand","fileTypesAndContributionMap":{}},{"hash":"0733fc344115ccba632803263803c4e51e00ab8f","isMergeCommit":false,"messageTitle":"Update Parser to work with executeMove","messageBody":"","fileTypesAndContributionMap":{"functional-code":{"insertions":1,"deletions":5}}},{"hash":"cc4d6742f26ea5ee50dd98a646bc948f7614dff7","isMergeCommit":true,"messageTitle":"Merge pull request #13 from ken-ruster/master","messageBody":"Update Parser to work with executeMove","fileTypesAndContributionMap":{}}]},{"date":"2023-10-17","commitResults":[{"hash":"cc1de14b8dbd21ae323f79c66791d60fba907572","isMergeCommit":true,"messageTitle":"Merge pull request #2 from AY2324S1-CS2113-T18-1/master","messageBody":"Update","fileTypesAndContributionMap":{}},{"hash":"2f537195a96090920c3263243b6d72f2571a61e5","isMergeCommit":false,"messageTitle":"Add parsePromote","messageBody":"","fileTypesAndContributionMap":{"functional-code":{"insertions":22,"deletions":0}}},{"hash":"e8af2c24700f59a9ea4243a776584a100d4e2cdd","isMergeCommit":true,"messageTitle":"Merge pull request #22 from ken-ruster/parse-promote","messageBody":"Add parsePromote","fileTypesAndContributionMap":{}}]},{"date":"2023-10-18","commitResults":[{"hash":"1b8f09fa06caa73c93ceaf4bd7325f96e830d188","isMergeCommit":false,"messageTitle":"Optimise parseMove","messageBody":"","fileTypesAndContributionMap":{"functional-code":{"insertions":11,"deletions":4}}},{"hash":"abb3d1280718214199edb41df98078071f0b9f44","isMergeCommit":false,"messageTitle":"Modify Move to expose only piece","messageBody":"","fileTypesAndContributionMap":{"functional-code":{"insertions":6,"deletions":7}}},{"hash":"8c2e65cd475e0074d35b12b4e5b2ad8e99c9d21f","isMergeCommit":true,"messageTitle":"Merge pull request #23 from ken-ruster/parse-promote","messageBody":"Modify Move class","fileTypesAndContributionMap":{}}]},{"date":"2023-10-19","commitResults":[{"hash":"8bcff2098b9526763e0cc36ec2391aa7d764de7b","isMergeCommit":true,"messageTitle":"Merge pull request #3 from AY2324S1-CS2113-T18-1/master","messageBody":"Update","fileTypesAndContributionMap":{}},{"hash":"d17246f0048e71e2293e8174fc5b557e3a5a021a","isMergeCommit":true,"messageTitle":"Merge pull request #4 from AY2324S1-CS2113-T18-1/master","messageBody":"Update","fileTypesAndContributionMap":{}},{"hash":"fe5200d7c19a4cd9021b625b6b8ab83bb56a4385","isMergeCommit":false,"messageTitle":"Add promotion function","messageBody":"","fileTypesAndContributionMap":{"functional-code":{"insertions":111,"deletions":36}}},{"hash":"aee0fdb2217b2711ece98c83d9c3f359cd57cd35","isMergeCommit":true,"messageTitle":"Merge branch \u0027master\u0027 into promote","messageBody":"","fileTypesAndContributionMap":{}},{"hash":"9b929ea7cccd3f42ef18b9938cf55287e7743840","isMergeCommit":true,"messageTitle":"Merge pull request #35 from ken-ruster/promote","messageBody":"Add promote","fileTypesAndContributionMap":{}},{"hash":"130c73447825d8722992d68eb30ae1a6554b72a4","isMergeCommit":true,"messageTitle":"Merge pull request #5 from AY2324S1-CS2113-T18-1/master","messageBody":"Update","fileTypesAndContributionMap":{}}]},{"date":"2023-10-20","commitResults":[{"hash":"10aa63e2dcaaeb83ac98cb5a2c8307f2137ac15c","isMergeCommit":false,"messageTitle":"Refactor to replace ChessTile[][] with ChessBoard","messageBody":"","fileTypesAndContributionMap":{"functional-code":{"insertions":236,"deletions":165}}},{"hash":"180b17f79b261c4f3e88a68b6e76b2a754973308","isMergeCommit":true,"messageTitle":"Merge branch \u0027master\u0027 into inputChange","messageBody":"","fileTypesAndContributionMap":{}},{"hash":"b3e2b227dc0be3412277f0edd95d51ffe3636940","isMergeCommit":true,"messageTitle":"Merge pull request #41 from ken-ruster/inputChange","messageBody":"Convert ChessTile 2D Array to ChessBoard Objects within getAvailableCoordinates method of ChessPiece objects","fileTypesAndContributionMap":{}},{"hash":"e0234d99755f86ccd0fefd92c524df38f63bb1f5","isMergeCommit":true,"messageTitle":"Merge pull request #6 from AY2324S1-CS2113-T18-1/master","messageBody":"Update","fileTypesAndContributionMap":{}},{"hash":"8b8a824082cf7a375a459b10a01ad0afec07369c","isMergeCommit":false,"messageTitle":"Fix bug in executeMove","messageBody":"","fileTypesAndContributionMap":{"functional-code":{"insertions":2,"deletions":2}}},{"hash":"71a9826f5af8b9a526398f92ab08efce1eaf57e1","isMergeCommit":true,"messageTitle":"Merge pull request #43 from ken-ruster/castling-fix","messageBody":"Fix bug from merge","fileTypesAndContributionMap":{}},{"hash":"4c4abc0175d821e56e9ad6ff226c3f6af6d1d02f","isMergeCommit":true,"messageTitle":"Merge pull request #7 from AY2324S1-CS2113-T18-1/master","messageBody":"update","fileTypesAndContributionMap":{}},{"hash":"950cd9421835d5d7cffe4f5ab388778553c5b704","isMergeCommit":false,"messageTitle":"Fix bug causing all moves to evaluate invalid","messageBody":"","fileTypesAndContributionMap":{"functional-code":{"insertions":7,"deletions":7}}},{"hash":"9719431bb9cc2c798dc3ad1d940641c09262591f","isMergeCommit":false,"messageTitle":"Fix checkStyle violations","messageBody":"","fileTypesAndContributionMap":{"functional-code":{"insertions":67,"deletions":70}}},{"hash":"c799155550c6b18fe27328d60f294b5d7f5c0c29","isMergeCommit":true,"messageTitle":"Merge pull request #46 from ken-ruster/bugfix","messageBody":"Bugfix","fileTypesAndContributionMap":{}},{"hash":"6d82fdd693fb388a57751b397bbde643d804babd","isMergeCommit":true,"messageTitle":"Merge pull request #8 from AY2324S1-CS2113-T18-1/master","messageBody":"Update","fileTypesAndContributionMap":{}},{"hash":"124550cac18d24dbdbc47af118d2a8084dc352bb","isMergeCommit":false,"messageTitle":"Add jUnit test for parsePromote","messageBody":"","fileTypesAndContributionMap":{"test-code":{"insertions":18,"deletions":0}}},{"hash":"74fa224b6e6a52bf56f565b20b8c4b556bb88211","isMergeCommit":false,"messageTitle":"Add assertion","messageBody":"","fileTypesAndContributionMap":{"functional-code":{"insertions":1,"deletions":0}}},{"hash":"cb91b595ac7c796524153f17787277b76c5d83f0","isMergeCommit":true,"messageTitle":"Merge pull request #47 from ken-ruster/jUnit-assert","messageBody":"Add jUnit and assertion","tags":["v1.0"],"fileTypesAndContributionMap":{}}]},{"date":"2023-10-24","commitResults":[{"hash":"849a9445c8c9b4f08f86b7be22904a2c213d12e8","isMergeCommit":true,"messageTitle":"Merge pull request #9 from AY2324S1-CS2113-T18-1/master","messageBody":"Update","fileTypesAndContributionMap":{}},{"hash":"77d79bf75a86782bfe4b53cbce65a6a3701e382c","isMergeCommit":false,"messageTitle":"Add fn to show available moves for a piece","messageBody":"","fileTypesAndContributionMap":{"functional-code":{"insertions":88,"deletions":5}}},{"hash":"db74989da863f7cc36f7540733676a617b46f37e","isMergeCommit":false,"messageTitle":"Fix checkstyle errors","messageBody":"","fileTypesAndContributionMap":{"functional-code":{"insertions":7,"deletions":3}}},{"hash":"18393a590c44c6cf96e4841a37b6ecf814075c93","isMergeCommit":true,"messageTitle":"Merge branch \u0027master\u0027 into showAvailableMoves","messageBody":"","fileTypesAndContributionMap":{}}]},{"date":"2023-10-25","commitResults":[{"hash":"605514ee0b1f6c6fe4f3d6d86732382422b67aba","isMergeCommit":false,"messageTitle":"Address review comments","messageBody":"","fileTypesAndContributionMap":{"functional-code":{"insertions":12,"deletions":26}}},{"hash":"39dba37db67348b1e3ab05dbc8803ead13bb7bf8","isMergeCommit":false,"messageTitle":"Fix CheckStyle","messageBody":"","fileTypesAndContributionMap":{"functional-code":{"insertions":8,"deletions":4}}},{"hash":"b25ef97f1e84834b6cc62fc1a28977004d91afe2","isMergeCommit":false,"messageTitle":"Fix CI tests","messageBody":"","fileTypesAndContributionMap":{"functional-code":{"insertions":1,"deletions":1}}},{"hash":"f30bce1d149e5821e72e906029dfc3b1721fe367","isMergeCommit":false,"messageTitle":"Move message displaying available coord","messageBody":"","fileTypesAndContributionMap":{"functional-code":{"insertions":2,"deletions":1}}},{"hash":"b1aa7a9f4c4af98b33eefff39b41c0218fb00e62","isMergeCommit":false,"messageTitle":"Move message displaying available coord","messageBody":"","fileTypesAndContributionMap":{"functional-code":{"insertions":16,"deletions":4}}},{"hash":"18d3d136b9a0ae86f204d2f9a23efa541765bdf4","isMergeCommit":true,"messageTitle":"Merge branch \u0027master\u0027 into showAvailableMoves","messageBody":"","fileTypesAndContributionMap":{}},{"hash":"5832b80bc3d13ccc24575533b0e4de9785e01170","isMergeCommit":true,"messageTitle":"Merge pull request #68 from ken-ruster/showAvailableMoves","messageBody":"Add function to show available moves","fileTypesAndContributionMap":{}}]},{"date":"2023-10-26","commitResults":[{"hash":"4594004f36864b213727d4b6c157c37da6696c36","isMergeCommit":true,"messageTitle":"Merge pull request #10 from AY2324S1-CS2113-T18-1/master","messageBody":"Update","fileTypesAndContributionMap":{}},{"hash":"821658aebd0a3c9175df8f5674ac821b3ade7ff0","isMergeCommit":true,"messageTitle":"Merge pull request #79 from onx001/chessmasterai3","messageBody":"Implement board points and fix style checks","fileTypesAndContributionMap":{}},{"hash":"cefe15b6b81f45f76431209d9328384a78ec0008","isMergeCommit":false,"messageTitle":"Enable assertions","messageBody":"","fileTypesAndContributionMap":{"other":{"insertions":1,"deletions":0}}}]},{"date":"2023-10-27","commitResults":[{"hash":"b4aadfb4faa57b329769af55b8fa1b7f5a17ad58","isMergeCommit":false,"messageTitle":"Add documentation for `Parser`","messageBody":"","fileTypesAndContributionMap":{"docs":{"insertions":75,"deletions":0}}},{"hash":"33087366ca8fb5387e63aa249444b7a66edd28a8","isMergeCommit":false,"messageTitle":"Add class diagram for `Parser` and `Command`","messageBody":"","fileTypesAndContributionMap":{"docs":{"insertions":60,"deletions":4}}},{"hash":"34d73b3c62929ccff345d978c0db31cc1f5773f5","isMergeCommit":true,"messageTitle":"Merge pull request #87 from TongZhengHong/branch-chessmaster-game-docs","messageBody":"Add documentation for `ChessMaster` and `Game`","fileTypesAndContributionMap":{}},{"hash":"8e3a157320a2d4bbc4c107d6a94ce8ccd06804b2","isMergeCommit":true,"messageTitle":"Merge pull request #86 from TriciaBK/tricia","messageBody":"Add Documentation for Storage ","fileTypesAndContributionMap":{}}]},{"date":"2023-10-28","commitResults":[{"hash":"785563562b942d5a764cd9e455208263e1060744","isMergeCommit":false,"messageTitle":"Modify getAvailableCoordinatesString()","messageBody":"Add a custom message for when there are no moves available for the piece chosen\n","fileTypesAndContributionMap":{"functional-code":{"insertions":12,"deletions":2}}},{"hash":"d559284193d923c12f32de49b30cb98ff8e2a80d","isMergeCommit":true,"messageTitle":"Merge pull request #11 from AY2324S1-CS2113-T18-1/master","messageBody":"Update","fileTypesAndContributionMap":{}},{"hash":"830c708f19d3f5c0367a1d75b685b1ea7df1633f","isMergeCommit":false,"messageTitle":"Fix CheckStyle errors","messageBody":"","fileTypesAndContributionMap":{"functional-code":{"insertions":2,"deletions":2}}},{"hash":"6569c8a0cf9d6b33801061fbf7efb8c81b555697","isMergeCommit":true,"messageTitle":"Merge branch \u0027master\u0027 into no-available-moves-message","messageBody":"","fileTypesAndContributionMap":{}}]},{"date":"2023-10-29","commitResults":[{"hash":"aba0a9c401a093d478c1cb0e003bf1831cf6279c","isMergeCommit":false,"messageTitle":"Add help message at start of game","messageBody":"","fileTypesAndContributionMap":{"functional-code":{"insertions":16,"deletions":0}}},{"hash":"6a570cae9452da871b8528e58c8fb2cb9b960320","isMergeCommit":false,"messageTitle":"Add `moves` to list of commands in help","messageBody":"","fileTypesAndContributionMap":{"functional-code":{"insertions":6,"deletions":0}}}]},{"date":"2023-10-31","commitResults":[{"hash":"4fc3a9d59d2c8b18fb2ccc534af76c9875732350","isMergeCommit":true,"messageTitle":"Merge branch \u0027master\u0027 into no-available-moves-message","messageBody":"","fileTypesAndContributionMap":{}}]},{"date":"2023-11-01","commitResults":[{"hash":"4b2c0d0dd9049296eb88462fb65684b77c5632e5","isMergeCommit":false,"messageTitle":"Fix CI Tests","messageBody":"","fileTypesAndContributionMap":{"functional-code":{"insertions":7,"deletions":1}}},{"hash":"3f77fea303733594d649e2e947ca9ea27cf46a74","isMergeCommit":true,"messageTitle":"Merge pull request #98 from TongZhengHong/branch-show-board-with-prev-move","messageBody":"Show board with previous move","fileTypesAndContributionMap":{}},{"hash":"6ff8a8eb367c7d9d02af378e9437bcc6fd664996","isMergeCommit":true,"messageTitle":"Merge pull request #95 from TriciaBK/tricia","messageBody":"Update command strings to fit char constraint","fileTypesAndContributionMap":{}},{"hash":"0229bb2a68782acebb6449cbf8b488aa9072c62e","isMergeCommit":true,"messageTitle":"Merge pull request #100 from TongZhengHong/branch-draft-ug","messageBody":"User guide first draft template","fileTypesAndContributionMap":{}},{"hash":"5cc3981960d2dc85267082dff93348f91f2ad65d","isMergeCommit":true,"messageTitle":"Merge pull request #12 from AY2324S1-CS2113-T18-1/master","messageBody":"Update","fileTypesAndContributionMap":{}},{"hash":"8d91920f33d58713060290c596e042c042b291ab","isMergeCommit":false,"messageTitle":"Update user guide","messageBody":"","fileTypesAndContributionMap":{"docs":{"insertions":72,"deletions":24}}},{"hash":"87915a49e9db62c6313abd56897822c5a88a656a","isMergeCommit":false,"messageTitle":"Add guide on end of game","messageBody":"","fileTypesAndContributionMap":{"docs":{"insertions":5,"deletions":0}}},{"hash":"680dfb1f3bd97d1b6e0dca47711237c8f8f99671","isMergeCommit":false,"messageTitle":"Add FAQ","messageBody":"","fileTypesAndContributionMap":{"docs":{"insertions":12,"deletions":1}}},{"hash":"5b9c7ce2b061baaf255293df38fb91953cafa9a5","isMergeCommit":true,"messageTitle":"Merge pull request #102 from onx001/DifficultySave","messageBody":"Add Difficulty and Bugfix","fileTypesAndContributionMap":{}}]}],"antrikshdhand":[{"date":"2023-10-05","commitResults":[{"hash":"b0a61b4e5ecda5db94f4ad8a08c8a11dca11e77b","isMergeCommit":false,"messageTitle":"Update AboutUs.md","messageBody":"","fileTypesAndContributionMap":{"docs":{"insertions":7,"deletions":7}}},{"hash":"7d48b22f326388f2eca1ddaa4894dac5c51d2485","isMergeCommit":true,"messageTitle":"Merge pull request #5 from antrikshdhand/antriksh-AboutUs","messageBody":"Update AboutUs.md","fileTypesAndContributionMap":{}}]},{"date":"2023-10-19","commitResults":[{"hash":"c801ea42692d588d4378a889cd284d324c242eea","isMergeCommit":false,"messageTitle":"Add basic Game and Player classes","messageBody":"","fileTypesAndContributionMap":{"functional-code":{"insertions":96,"deletions":40}}},{"hash":"72e15c80654b8b9c589b6910a662a8c367315064","isMergeCommit":true,"messageTitle":"Expand Player and Game classes","messageBody":"","fileTypesAndContributionMap":{}},{"hash":"c623d03e5e2e13851592c85ae7f02d81590e5be3","isMergeCommit":false,"messageTitle":"Add template code for CPU","messageBody":"","fileTypesAndContributionMap":{"functional-code":{"insertions":43,"deletions":14}}},{"hash":"1f6a9e688b08833476b8db4b75441bb397e3382c","isMergeCommit":false,"messageTitle":"Make Player class abstract","messageBody":"","fileTypesAndContributionMap":{"functional-code":{"insertions":1,"deletions":1}}},{"hash":"1ee70b10c3755d2b766943710434006ab8a38d1b","isMergeCommit":true,"messageTitle":"Merge pull request #29 from antrikshdhand/master","messageBody":"Add Game and Player classes","fileTypesAndContributionMap":{}},{"hash":"69699348f9c5b5e995bee0120cc502ba2de3edef","isMergeCommit":false,"messageTitle":"Add randomised-move CPU","messageBody":"","fileTypesAndContributionMap":{"functional-code":{"insertions":42,"deletions":27}}},{"hash":"4fbf4f7b2a03be0a9a627c687b1d520bc2a6cf4b","isMergeCommit":true,"messageTitle":"Merge pull request #34 from antrikshdhand/master","messageBody":"Add randomised-move CPU","fileTypesAndContributionMap":{}},{"hash":"57557e1600d7cec0f7c99201f5668cff55c3ca3d","isMergeCommit":false,"messageTitle":"Add Javadoc comments","messageBody":"","fileTypesAndContributionMap":{"functional-code":{"insertions":56,"deletions":9}}},{"hash":"e0c748497d6b7dae036fc751f024a702a1acbd09","isMergeCommit":true,"messageTitle":"Merge branch \u0027master\u0027 of https://github.com/AY2324S1-CS2113-T18-1/tp","messageBody":"","fileTypesAndContributionMap":{}},{"hash":"f39a2582f107c613370f40b1bce494547625f726","isMergeCommit":false,"messageTitle":"Fix game launcher class","messageBody":"","fileTypesAndContributionMap":{"functional-code":{"insertions":0,"deletions":51}}},{"hash":"a03f6672f37537c87e2d823a682385d33f404366","isMergeCommit":true,"messageTitle":"Merge pull request #38 from antrikshdhand/master","messageBody":"Fix conflict between Game and ChessMaster classes","fileTypesAndContributionMap":{}}]}],"TriciaBK":[{"date":"2023-10-05","commitResults":[{"hash":"fc7c1bd4091ee83c6df0616f710bf7ab3651b856","isMergeCommit":false,"messageTitle":"?????","messageBody":"","fileTypesAndContributionMap":{"functional-code":{"insertions":1,"deletions":1}}},{"hash":"58e114c5917e81e436287764309e5165576cc4aa","isMergeCommit":true,"messageTitle":"Merge pull request #3 from TriciaBK/tricia","messageBody":"?????","fileTypesAndContributionMap":{}}]},{"date":"2023-10-16","commitResults":[{"hash":"f0541ec8fa6d99300896d53ff19d40d67c7ab2c4","isMergeCommit":false,"messageTitle":"added temporary method for executeMove method to access","messageBody":"","fileTypesAndContributionMap":{"functional-code":{"insertions":9,"deletions":0}}},{"hash":"1ca4a431744c9f133d36d60d4808b2b72b3d9fb1","isMergeCommit":false,"messageTitle":"added temporary method for executeMove method to access","messageBody":"","fileTypesAndContributionMap":{"functional-code":{"insertions":34,"deletions":2}}},{"hash":"760456c7df5d6f6e094e4e65df781b09e632fa9c","isMergeCommit":false,"messageTitle":"Add executeMove method","messageBody":"","fileTypesAndContributionMap":{"functional-code":{"insertions":7,"deletions":5}}},{"hash":"75807ce2a7deb81cb42415befcf264333f2bd42e","isMergeCommit":false,"messageTitle":"Removed move history","messageBody":"","fileTypesAndContributionMap":{"functional-code":{"insertions":12,"deletions":18}}},{"hash":"ef9786cafa2dc81bb582195af35e46f26008ac72","isMergeCommit":true,"messageTitle":"Merge pull request #11 from TriciaBK/chessboard-state","messageBody":"Chessboard state","fileTypesAndContributionMap":{}},{"hash":"eddf4457de673699da57131e019856e79e27339d","isMergeCommit":false,"messageTitle":"Add exception handling for saving board","messageBody":"","fileTypesAndContributionMap":{"functional-code":{"insertions":12,"deletions":0}}},{"hash":"b2fac1f5d326c2c39029ac7c3a388557ef3ac9c7","isMergeCommit":false,"messageTitle":"Add exception handling for loading board","messageBody":"","fileTypesAndContributionMap":{"functional-code":{"insertions":14,"deletions":0}}}]},{"date":"2023-10-17","commitResults":[{"hash":"d26a09bde262783d3a3312df1ac069dd2ef138a6","isMergeCommit":false,"messageTitle":"Add saveBoard and loadBoard methods","messageBody":"","fileTypesAndContributionMap":{"functional-code":{"insertions":111,"deletions":1}}},{"hash":"432e0ca40922330edc0b0bd8e2f530f5c2a45ad3","isMergeCommit":false,"messageTitle":"Add setTile method for loadBoard","messageBody":"","fileTypesAndContributionMap":{"functional-code":{"insertions":3,"deletions":5}}},{"hash":"1197ab36e28a828f2ee61300cbbc07018b20b2f8","isMergeCommit":false,"messageTitle":"Update method","messageBody":"","fileTypesAndContributionMap":{"functional-code":{"insertions":8,"deletions":0}}},{"hash":"bd47e5d8ee0916a3164ae5c0c3f4fcf6defc164b","isMergeCommit":false,"messageTitle":"Update Save and Load method","messageBody":"","fileTypesAndContributionMap":{"functional-code":{"insertions":14,"deletions":9}}},{"hash":"7ef957bdcd5debc1c7fb7af31a51a8ce8acb76f3","isMergeCommit":true,"messageTitle":"Merge branch \u0027storage\u0027","messageBody":"","fileTypesAndContributionMap":{}}]},{"date":"2023-10-18","commitResults":[{"hash":"43b8f674c63120a95a4365894df2f54ae716833e","isMergeCommit":false,"messageTitle":"Add updatePosition method after move excution","messageBody":"","fileTypesAndContributionMap":{"functional-code":{"insertions":5,"deletions":0}}},{"hash":"adf3af69b9d133a9cd3b18393397d55a0032c64b","isMergeCommit":false,"messageTitle":"Add exception handling in executeMove method","messageBody":"","fileTypesAndContributionMap":{"functional-code":{"insertions":4,"deletions":5}}},{"hash":"3d9ed6eda7e0a1c8e97d40fc2af25d562c8423d2","isMergeCommit":true,"messageTitle":"Merge pull request #24 from TriciaBK/chessboard-state","messageBody":"Update executeMove","fileTypesAndContributionMap":{}},{"hash":"962a3055847617e6ab3689d473755dd44a688e28","isMergeCommit":true,"messageTitle":"Merge branch \u0027master\u0027 of https://github.com/AY2324S1-CS2113-T18-1/tp into storage","messageBody":"","fileTypesAndContributionMap":{}},{"hash":"bf7f156df16b8da47a8fb666b93670e0186befdc","isMergeCommit":false,"messageTitle":"Fixed checkstyle violations","messageBody":"","fileTypesAndContributionMap":{"functional-code":{"insertions":34,"deletions":27}}},{"hash":"94b32dbefed7b8c9ba74a83454871c957e4e3866","isMergeCommit":true,"messageTitle":"Merge pull request #25 from TriciaBK/storage","messageBody":"Resolved Storage checkstyle violations","fileTypesAndContributionMap":{}}]},{"date":"2023-10-20","commitResults":[{"hash":"5a0364a5abe5bb30d994cf2bc70ade619328002b","isMergeCommit":false,"messageTitle":"Add method to check for end game and winning colour","messageBody":"","fileTypesAndContributionMap":{"functional-code":{"insertions":55,"deletions":5}}},{"hash":"be8099ab0ada8f58ecbd2c527171d052f1516477","isMergeCommit":true,"messageTitle":"Merge pull request #44 from TriciaBK/tricia","messageBody":"Add method to check for end game and winning colour","fileTypesAndContributionMap":{}},{"hash":"405ae94c37c42748cf1bd5ac27107ffc1ca10e65","isMergeCommit":false,"messageTitle":"Add load method into game class","messageBody":"","fileTypesAndContributionMap":{"functional-code":{"insertions":21,"deletions":6}}},{"hash":"af00691e10775886437e525b1933e910713da92d","isMergeCommit":false,"messageTitle":"Add assertions","messageBody":"","fileTypesAndContributionMap":{"functional-code":{"insertions":3,"deletions":0}}},{"hash":"2d29393dfa418b76ac5ffd025468a68dc3298302","isMergeCommit":true,"messageTitle":"Merge pull request #45 from TriciaBK/tricia","messageBody":"Add load method into game class and add assertions","fileTypesAndContributionMap":{}}]},{"date":"2023-10-23","commitResults":[{"hash":"7ca4c096e8a554e18a9bf59027a308b16adf5c4b","isMergeCommit":false,"messageTitle":"Added CPUFirstMove if playerColour is black","messageBody":"","fileTypesAndContributionMap":{"functional-code":{"insertions":16,"deletions":4}}},{"hash":"548e89850c1b79c57bfb5d3ad401356c1ade444a","isMergeCommit":true,"messageTitle":"Merge pull request #58 from TriciaBK/tricia","messageBody":"Added CPUFirstMove if playerColour is black","fileTypesAndContributionMap":{}},{"hash":"dd2257fb6cb082dbaf2175e58c66298bc43a0d71","isMergeCommit":false,"messageTitle":"Update Help Command","messageBody":"","fileTypesAndContributionMap":{"functional-code":{"insertions":6,"deletions":1}}},{"hash":"70e64b55c5b725952af36c259c49a78b98a74358","isMergeCommit":false,"messageTitle":"Add RulesCommand and update HelpCommand","messageBody":"","fileTypesAndContributionMap":{"functional-code":{"insertions":39,"deletions":5}}},{"hash":"5cb6a76ebc89bfc88f68ec924f2dbf762535d17e","isMergeCommit":true,"messageTitle":"Merge pull request #59 from TriciaBK/tricia","messageBody":"Add RulesCommand and update HelpCommand","fileTypesAndContributionMap":{}}]},{"date":"2023-10-24","commitResults":[{"hash":"1d15c2b26c03f1726de6f01947d026cccbab1160","isMergeCommit":false,"messageTitle":"Add ShowCommand","messageBody":"","fileTypesAndContributionMap":{"functional-code":{"insertions":25,"deletions":5}}},{"hash":"06483415b35f057262101d7b05a6cc74d8ff8e4d","isMergeCommit":false,"messageTitle":"Fixed checkstlye","messageBody":"","fileTypesAndContributionMap":{"functional-code":{"insertions":7,"deletions":3}}},{"hash":"36a59b41f4c7b7bf9daeba45d7dcebfa10bddfd0","isMergeCommit":true,"messageTitle":"Merge pull request #65 from TriciaBK/tricia","messageBody":"Add ShowCommand","fileTypesAndContributionMap":{}}]},{"date":"2023-10-27","commitResults":[{"hash":"d9d54711b5e6c6b7a46fb05f8c3731778683bea4","isMergeCommit":true,"messageTitle":"Merge pull request #84 from TongZhengHong/branch-junit-assert","messageBody":"Branch junit assert","fileTypesAndContributionMap":{}},{"hash":"7ee4c2cbc63b522c470538c1913a7d02cc382ef4","isMergeCommit":false,"messageTitle":"Update Developer Guide for storage class","messageBody":"","fileTypesAndContributionMap":{"docs":{"insertions":38,"deletions":6}}},{"hash":"55728cacf7bc7be03eaaf762cbd0dcd6be2ac7e9","isMergeCommit":false,"messageTitle":"Update Developer Guide for storage class","messageBody":"","fileTypesAndContributionMap":{"docs":{"insertions":152,"deletions":28}}},{"hash":"1bb9026a886788acbf115db4ff7b72717514a5cb","isMergeCommit":true,"messageTitle":"Merge branch \u0027master\u0027 into tricia","messageBody":"","fileTypesAndContributionMap":{}},{"hash":"61cc6492f4f3ca4f0c9652ef3d68bd8abd0ca2a2","isMergeCommit":false,"messageTitle":"Addressed reviewer comments","messageBody":"","fileTypesAndContributionMap":{"docs":{"insertions":1,"deletions":2}}},{"hash":"e9a257881b0fb6d741d6ce2dd310d6857908d22d","isMergeCommit":true,"messageTitle":"Merge branch \u0027tricia\u0027 of https://github.com/TriciaBK/tp into tricia","messageBody":"","fileTypesAndContributionMap":{}}]},{"date":"2023-10-28","commitResults":[{"hash":"116aa70f1d31987b9ed33337655b72d763a18219","isMergeCommit":false,"messageTitle":"Update command string","messageBody":"","fileTypesAndContributionMap":{"functional-code":{"insertions":8,"deletions":11}}},{"hash":"9b2c17f8f9a8801f00d1ebe88c75ca03196f3dab","isMergeCommit":false,"messageTitle":"Update execute to show board after string","messageBody":"","fileTypesAndContributionMap":{"functional-code":{"insertions":4,"deletions":1}}}]},{"date":"2023-11-01","commitResults":[{"hash":"e94e7187e2ba513ad0518efdf927f3c97e32ec70","isMergeCommit":false,"messageTitle":"edit ShowCommand","messageBody":"","fileTypesAndContributionMap":{"functional-code":{"insertions":1,"deletions":2}}},{"hash":"964bcea9a14c78ed45f173a49b7f23e724db1ded","isMergeCommit":true,"messageTitle":"Resolved conflict","messageBody":"","fileTypesAndContributionMap":{}}]},{"date":"2023-11-02","commitResults":[{"hash":"35716a17905f60ad3359017de5ea26861cacade1","isMergeCommit":false,"messageTitle":"Moved storage uml and png into  diagram and image folder","messageBody":"","fileTypesAndContributionMap":{"functional-code":{"insertions":5,"deletions":4},"docs":{"insertions":3,"deletions":2}}},{"hash":"9d514da9798a0875f5c16f89463e86b5c0b43c9d","isMergeCommit":false,"messageTitle":"Update DeveloperGuide","messageBody":"","fileTypesAndContributionMap":{"docs":{"insertions":19,"deletions":16}}},{"hash":"ebb46ecae0cc9304fa2598857020e81c35744fd7","isMergeCommit":false,"messageTitle":"Update UserGuide","messageBody":"","fileTypesAndContributionMap":{"docs":{"insertions":16,"deletions":8}}},{"hash":"987ae2e15f927e277cc369d0b1e42f77e41dd9b8","isMergeCommit":false,"messageTitle":"Add ViewLegendCommand and update relevant classes","messageBody":"","fileTypesAndContributionMap":{"functional-code":{"insertions":55,"deletions":21}}},{"hash":"8aab2ebc4c8f660ab1c80234e5e1865380d6de67","isMergeCommit":false,"messageTitle":"Fix checkstyle errors","messageBody":"","fileTypesAndContributionMap":{"functional-code":{"insertions":24,"deletions":17}}},{"hash":"6ef26e9b8969914a48c5144b18f2e303d41289b4","isMergeCommit":false,"messageTitle":"Add storing and loading of currentPlayer","messageBody":"","fileTypesAndContributionMap":{"functional-code":{"insertions":54,"deletions":5}}},{"hash":"5764c5b12d20c38431e2e7c60aacccc25c02747d","isMergeCommit":false,"messageTitle":"Update ViewLegendCommand","messageBody":"","fileTypesAndContributionMap":{"functional-code":{"insertions":13,"deletions":12}}},{"hash":"5ed0f5902e90c2741fc00a07b15c0192d77080c7","isMergeCommit":false,"messageTitle":"Update and rename LegendCommand","messageBody":"","fileTypesAndContributionMap":{"functional-code":{"insertions":43,"deletions":38}}},{"hash":"3c73eacdf8f8b1fc88fbf1eb2a608a1b564b4896","isMergeCommit":false,"messageTitle":"Update Rules to use exact pieces representation","messageBody":"","fileTypesAndContributionMap":{"functional-code":{"insertions":13,"deletions":7}}},{"hash":"509521f4ee843af5da5d446ced79c0e64d949f9b","isMergeCommit":false,"messageTitle":"Update Rules string","messageBody":"","fileTypesAndContributionMap":{"functional-code":{"insertions":2,"deletions":2}}},{"hash":"ac05f9ab44060ede7f5171c0b67873ea290783dc","isMergeCommit":false,"messageTitle":"Add tracking of current player colour","messageBody":"","fileTypesAndContributionMap":{"functional-code":{"insertions":22,"deletions":17}}},{"hash":"40fe47e42db430d93a0d1f5caa305f9d3a61d0a2","isMergeCommit":true,"messageTitle":"Merge branch \u0027master\u0027 of https://github.com/AY2324S1-CS2113-T18-1/tp into player-color","messageBody":"","fileTypesAndContributionMap":{}},{"hash":"ee83ae30acd3dc83c614e71685ff334cddccedd3","isMergeCommit":false,"messageTitle":"Fixed checkstyle","messageBody":"","fileTypesAndContributionMap":{"functional-code":{"insertions":1,"deletions":4}}}]},{"date":"2023-11-03","commitResults":[{"hash":"4094e74bfbe1ea20d3e48fe1cefcdf95032420ba","isMergeCommit":false,"messageTitle":"Exception handling in loadCurrentcolor","messageBody":"","fileTypesAndContributionMap":{"functional-code":{"insertions":25,"deletions":15}}}]}],"onx001":[{"date":"2023-10-05","commitResults":[{"hash":"3f292064f69048663493770d480744c23b56b6c4","isMergeCommit":false,"messageTitle":"Update README.md","messageBody":"","fileTypesAndContributionMap":{"docs":{"insertions":1,"deletions":1}}},{"hash":"5fa1cf229e9d7354ebd4e848ca46411c10ecbd5d","isMergeCommit":true,"messageTitle":"Merge pull request #2 from onx001/onx-AboutUs","messageBody":"Update README.md","fileTypesAndContributionMap":{}}]},{"date":"2023-10-11","commitResults":[{"hash":"67b268ef9145aba4ebf24e7d07d328c13b18ed03","isMergeCommit":true,"messageTitle":"Merge remote-tracking branch \u0027origin/onx-AboutUs\u0027","messageBody":"","fileTypesAndContributionMap":{}},{"hash":"8753fbaa6e312c71a7e121ce566ee779e2a032a7","isMergeCommit":true,"messageTitle":"Merge remote-tracking branch \u0027origin/master\u0027","messageBody":"","fileTypesAndContributionMap":{}}]},{"date":"2023-10-16","commitResults":[{"hash":"e2d445f2146c5512f3fbe96952c356004d7679b8","isMergeCommit":false,"messageTitle":"Display valid moves","messageBody":"Implementation of valid moves in progress.\n\nLet\u0027s have a function to display valid moves.\n","fileTypesAndContributionMap":{"functional-code":{"insertions":78,"deletions":13}}},{"hash":"dfe81161128ae9c8510d3facc98671f4e24b04f5","isMergeCommit":true,"messageTitle":"Merge pull request #14 from onx001/ValidMoveDisplay","messageBody":"Display valid moves","fileTypesAndContributionMap":{}},{"hash":"c71ad2eaad3f4461ad84502c91a3530b5e325503","isMergeCommit":false,"messageTitle":"Update ChessPiece.java","messageBody":"","fileTypesAndContributionMap":{"functional-code":{"insertions":53,"deletions":1}}},{"hash":"8dcb170f321be50a71ff77c18bcf80de9138253a","isMergeCommit":true,"messageTitle":"Merge pull request #15 from onx001/ValidMoveDisplay","messageBody":"Update ChessPiece.java","fileTypesAndContributionMap":{}}]},{"date":"2023-10-17","commitResults":[{"hash":"b0b7f5e2fdb988cbe187c8ce83fd7849263540fb","isMergeCommit":false,"messageTitle":"Implement Move Validation","messageBody":"Knowing whether a move is valid is important for gameplay, especially for future implementations of solving algorithms.\n\nLet\u0027s implement a generic available move and validity checker as well as basic UI additions for debugging.\n","fileTypesAndContributionMap":{"functional-code":{"insertions":120,"deletions":51}}},{"hash":"7dcec1be03acca1a7f2c1d1c1f78d9b737c847eb","isMergeCommit":true,"messageTitle":"Merge pull request #17 from onx001/ValidMove","messageBody":"Implement Move Validation","fileTypesAndContributionMap":{}},{"hash":"d3893b200ef00ed734b42572a0f273fcf8919bb7","isMergeCommit":true,"messageTitle":"Merge branch \u0027master\u0027 into storage","messageBody":"","fileTypesAndContributionMap":{}},{"hash":"183d7f5d6905d378d6020cd098c1d048b32fb058","isMergeCommit":true,"messageTitle":"Merge pull request #16 from TriciaBK/storage","messageBody":"Storage","fileTypesAndContributionMap":{}},{"hash":"3d3ab4435289b7652113feb39f5e5330e0e77859","isMergeCommit":false,"messageTitle":"Edit JUnit test and add assert statement","messageBody":"","fileTypesAndContributionMap":{"test-code":{"insertions":2,"deletions":0}}},{"hash":"69452968a4da01aeb4af72ca6a920b6a93bf11b7","isMergeCommit":true,"messageTitle":"Merge pull request #18 from onx001/JUnitAssert","messageBody":"Edit JUnit test and add assert statement","fileTypesAndContributionMap":{}},{"hash":"fd0cd7c36fa63644a017cbb77f06c9604a2be3b1","isMergeCommit":false,"messageTitle":"Fix coding standard for gradle style checks","messageBody":"Let\u0027s standardise coding styles for easier management across different programmers\n","fileTypesAndContributionMap":{"functional-code":{"insertions":36,"deletions":34}}},{"hash":"aa2fb919ec3a346f4248ee74c8df431892942e57","isMergeCommit":true,"messageTitle":"Merge pull request #19 from onx001/Style-Fix-1","messageBody":"Fix coding standard for gradle style checks","fileTypesAndContributionMap":{}},{"hash":"d5b4508a9b9a8818e88eb0787e3e404d3429ba25","isMergeCommit":false,"messageTitle":"Add function for colour change","messageBody":"Swapping board axii every turn change is troublesome and resource-wasteful.\n\nLet\u0027s add valid function checking depending on board colour and orientation.\n","fileTypesAndContributionMap":{"functional-code":{"insertions":23,"deletions":2}}},{"hash":"bf4d6fc7abcfa8fec49b7a19a7b9991320c971f6","isMergeCommit":true,"messageTitle":"Merge pull request #20 from onx001/AddBlackPawnCheck","messageBody":"Add function for colour change","fileTypesAndContributionMap":{}},{"hash":"3dd93d8e677e892818307cb61a1a5105737b53e6","isMergeCommit":true,"messageTitle":"Merge pull request #21 from onx001/JUnitTest-1","messageBody":"Update EXPECTED.TXT","fileTypesAndContributionMap":{}}]},{"date":"2023-10-19","commitResults":[{"hash":"e1640df62e18fdbe1d3de90c17c1e0f21291953d","isMergeCommit":false,"messageTitle":"Implement Flatten Coordinate","messageBody":"","fileTypesAndContributionMap":{"functional-code":{"insertions":17,"deletions":0}}},{"hash":"7359a5d798ba0583174408e8b800f299d2b13377","isMergeCommit":true,"messageTitle":"Merge pull request #30 from onx001/flatten-coord","messageBody":"Flatten coord","fileTypesAndContributionMap":{}},{"hash":"9d23107cff35717d80ae6f52dfe1c333392cca88","isMergeCommit":false,"messageTitle":"Abstract Command Class","messageBody":"Having the parser handle all inputs results in messy and convoluted class files.\n\nLet\u0027s abstract out the command class to be handled separately.\n","fileTypesAndContributionMap":{"functional-code":{"insertions":98,"deletions":6}}},{"hash":"f03e1b317732d8279bd6911d7b923d7f61858b72","isMergeCommit":true,"messageTitle":"Merge branch \u0027master\u0027 into AbstractCommandClass","messageBody":"","fileTypesAndContributionMap":{}},{"hash":"cc9aaecfd81fead5ecd23f0c2b0f9148fc3012fc","isMergeCommit":true,"messageTitle":"Merge pull request #37 from onx001/AbstractCommandClass","messageBody":"Abstract Command Class","fileTypesAndContributionMap":{}},{"hash":"0bc26ac88df85e06f0a3536103d65328eefcad15","isMergeCommit":false,"messageTitle":"Integrate command classes into game class","messageBody":"","fileTypesAndContributionMap":{"functional-code":{"insertions":40,"deletions":12}}},{"hash":"231125b6a729e8416852c2942e88be3798eb5035","isMergeCommit":true,"messageTitle":"Merge pull request #39 from onx001/integratecommandgame","messageBody":"Integrate command classes into game class","fileTypesAndContributionMap":{}},{"hash":"3f2c7175536a406dd46bdbd29af467ff16c4e8cc","isMergeCommit":false,"messageTitle":"Add Castling Function","messageBody":"Castling is an important move in chess. Let\u0027s add the ability to do so.\n","fileTypesAndContributionMap":{"functional-code":{"insertions":59,"deletions":0}}},{"hash":"e23635bcc1abf7119eb3cb555194f461f9219a72","isMergeCommit":true,"messageTitle":"Merge pull request #40 from onx001/AddCastling","messageBody":"Add Castling Function","fileTypesAndContributionMap":{}}]},{"date":"2023-10-21","commitResults":[{"hash":"47aec5c69ae9b3fe1402b7cfcfd23af951fb64a6","isMergeCommit":false,"messageTitle":"Abstract Command Exceptions","messageBody":"Abstract exception handling outside of command objects\n","fileTypesAndContributionMap":{"functional-code":{"insertions":19,"deletions":6}}},{"hash":"7a8f63944552e64dbc8a4a644d2a2e36ae384b49","isMergeCommit":true,"messageTitle":"Merge pull request #49 from onx001/AbstractCommand","messageBody":"Abstract Command Exceptions","fileTypesAndContributionMap":{}}]},{"date":"2023-10-23","commitResults":[{"hash":"1c21298c9483f64cf3fd104245eecdcac9dbce5c","isMergeCommit":false,"messageTitle":"Add Point System","messageBody":"Point systems are important for chess pieces in the minimax algorithm. Let\u0027s assign points to chess pieces for later implementation.\n","fileTypesAndContributionMap":{"functional-code":{"insertions":39,"deletions":0},"test-code":{"insertions":21,"deletions":0}}},{"hash":"60126b4b0adcba8fdd28357d746e3997ea06aae2","isMergeCommit":true,"messageTitle":"Merge pull request #60 from onx001/points","messageBody":"Add Point System","fileTypesAndContributionMap":{}},{"hash":"788919bf75b60cca636a21110d84defbb20a0548","isMergeCommit":false,"messageTitle":"Add Minimax Function","messageBody":"Add basic minimax function for AI.\n\nTo-dos include returning a move and adding alpha-beta pruning, as well as difficulty selection.\n","fileTypesAndContributionMap":{"functional-code":{"insertions":157,"deletions":0}}},{"hash":"ccba7cd34bf2a4fe3174226eff5b8f924460b603","isMergeCommit":true,"messageTitle":"Merge pull request #62 from onx001/minimax1","messageBody":"Add Minimax Function","fileTypesAndContributionMap":{}}]},{"date":"2023-10-24","commitResults":[{"hash":"e29e6176dd302de0e4d938ea5b1f2d44b46e4145","isMergeCommit":false,"messageTitle":"Add move to minimax","messageBody":"Todo: Fix move changing error\n","fileTypesAndContributionMap":{"functional-code":{"insertions":94,"deletions":14}}},{"hash":"524828778d07bebd7681fe5b06c577527cd06687","isMergeCommit":true,"messageTitle":"Merge pull request #66 from onx001/move-minimax","messageBody":"Add move to minimax","fileTypesAndContributionMap":{}},{"hash":"84c39b46fc27e851c5c8ea01dfdcaa9d6112bcbd","isMergeCommit":false,"messageTitle":"Finish basic chessmaster logic","messageBody":"","fileTypesAndContributionMap":{"functional-code":{"insertions":4,"deletions":2}}},{"hash":"e05577a9d2517463c37dd95e8d6204d293e98537","isMergeCommit":true,"messageTitle":"Merge pull request #67 from onx001/chessmasterai1","messageBody":"Finish basic chessmaster logic","fileTypesAndContributionMap":{}},{"hash":"d3240ce55eecf45e23be9f8728e823f0e11f223a","isMergeCommit":false,"messageTitle":"Score Bug Hunting 1","messageBody":"Scores are not updating properly. Am in the process of finding the bug\n","fileTypesAndContributionMap":{"functional-code":{"insertions":18,"deletions":7}}},{"hash":"ffa80a73b9f451294433b0196bb97ceb4ee0640f","isMergeCommit":true,"messageTitle":"Merge pull request #69 from onx001/chessmasterai1","messageBody":"Score Bug Hunting 1","fileTypesAndContributionMap":{}}]},{"date":"2023-10-25","commitResults":[{"hash":"bdf516f0afbbf54b5e57fa5b2056c28608aa7e19","isMergeCommit":false,"messageTitle":"SolveBugDiffPiece","messageBody":"","fileTypesAndContributionMap":{"functional-code":{"insertions":19,"deletions":29}}},{"hash":"e5827f2a4239e43d0d50ad21e1f57b722c254867","isMergeCommit":true,"messageTitle":"Merge pull request #70 from onx001/chessmasterai1","messageBody":"SolveBugDiffPiece","fileTypesAndContributionMap":{}},{"hash":"fc7f3068828f8068002a709bf9d332ba2b36f085","isMergeCommit":false,"messageTitle":"Fix bug with cannibal code","messageBody":"","fileTypesAndContributionMap":{"functional-code":{"insertions":17,"deletions":14}}},{"hash":"0771cd45a2d7e6a0253cf6f56fdfa7c847796d4b","isMergeCommit":true,"messageTitle":"Merge pull request #71 from onx001/chessmasterai1","messageBody":"Fix bug with cannibal code","fileTypesAndContributionMap":{}}]},{"date":"2023-10-26","commitResults":[{"hash":"ec076a39d09139babadbad8aa6ff0b5c4c8c0554","isMergeCommit":false,"messageTitle":"Implement board points and fix style checks","messageBody":"Also added a few comments for the algorithm\n\nTodo: Add comprehensive comments and testing\n","fileTypesAndContributionMap":{"functional-code":{"insertions":50,"deletions":0}}},{"hash":"6da70024882468322789a89ae5734caa87c93b76","isMergeCommit":true,"messageTitle":"Merge branch \u0027master\u0027 into chessmasterai3","messageBody":"","fileTypesAndContributionMap":{}},{"hash":"946c63e2c4467721d775f59d8e5ca6f47bf2cf4b","isMergeCommit":false,"messageTitle":"Resolve merge conflicts","messageBody":"","fileTypesAndContributionMap":{"functional-code":{"insertions":0,"deletions":3}}},{"hash":"09c58d80de779b1748c7e9358f5084395896a2f6","isMergeCommit":false,"messageTitle":"Add board weights","messageBody":"","fileTypesAndContributionMap":{"functional-code":{"insertions":59,"deletions":5}}},{"hash":"585a4fe97f4b4868b50d7644d5e636f1afbb534b","isMergeCommit":false,"messageTitle":"fix merges and update ui tests","messageBody":"","fileTypesAndContributionMap":{"functional-code":{"insertions":31,"deletions":17},"test-code":{"insertions":1,"deletions":1}}},{"hash":"29f3cf4eb8133dff60b85c7a320b78e57b95eb41","isMergeCommit":false,"messageTitle":"fix checkstyle violations","messageBody":"","fileTypesAndContributionMap":{"functional-code":{"insertions":2,"deletions":2}}},{"hash":"8a7066df090d46fd362d8fc25eb96441314d51a8","isMergeCommit":false,"messageTitle":"Add more description","messageBody":"Javadocs and comments are important for readability and cross-developer coordination. Let\u0027s add more.\n","fileTypesAndContributionMap":{"functional-code":{"insertions":40,"deletions":8}}},{"hash":"e78e1198480b5d5a30c581a72e859295bd836e90","isMergeCommit":false,"messageTitle":"Add v1 requirements to developer guide","messageBody":"","fileTypesAndContributionMap":{"functional-code":{"insertions":7,"deletions":0},"docs":{"insertions":10,"deletions":0}}},{"hash":"7145ccccc6bf36fceff4f05f8deb736ff273d94d","isMergeCommit":false,"messageTitle":"Minimax fine tuning","messageBody":"Fine tuned minimax algorithm and updated developer guide\n","fileTypesAndContributionMap":{"functional-code":{"insertions":7,"deletions":4},"docs":{"insertions":6,"deletions":0}}},{"hash":"6bbb9a0c2ec11c08e53e511ffec62f6363403d99","isMergeCommit":true,"messageTitle":"Merge pull request #83 from ken-ruster/enable-Assert","messageBody":"Enable assert in gradle","fileTypesAndContributionMap":{}}]},{"date":"2023-10-31","commitResults":[{"hash":"af3aa0f88314fca926bdab1f867022a18746bccf","isMergeCommit":true,"messageTitle":"Merge pull request #94 from TongZhengHong/branch-nonstatic-textui","messageBody":"Make `TextUI` methods non-static","fileTypesAndContributionMap":{}}]},{"date":"2023-11-01","commitResults":[{"hash":"a94bbd6891733d423ab9986221732d9341a850d6","isMergeCommit":false,"messageTitle":"Add Difficulty and Bugfix","messageBody":"","fileTypesAndContributionMap":{"functional-code":{"insertions":114,"deletions":12},"docs":{"insertions":84,"deletions":0}}},{"hash":"47c5a32927ba0b7fc92202e58fa255c21b93a270","isMergeCommit":false,"messageTitle":"Update UML","messageBody":"","fileTypesAndContributionMap":{"docs":{"insertions":6,"deletions":4}}}]},{"date":"2023-11-02","commitResults":[{"hash":"fd6419a97c5723dc4a0b2017956ecb09e2c0a873","isMergeCommit":true,"messageTitle":"Merge pull request #103 from onx001/DifficultySave","messageBody":"Update MiniMax UML Sequence Diagram","tags":["v2.0"],"fileTypesAndContributionMap":{}},{"hash":"42ffd0f99fbca73257716acda02c83cc7b5ec675","isMergeCommit":false,"messageTitle":"Update DeveloperGuide.md","messageBody":"","fileTypesAndContributionMap":{"docs":{"insertions":9,"deletions":4}}},{"hash":"ec1f0f818638260f70d6df5fc8ee7a33401b4289","isMergeCommit":false,"messageTitle":"Update PUML1","messageBody":"","fileTypesAndContributionMap":{"docs":{"insertions":6,"deletions":5}}},{"hash":"55c1feca4bea8fc38aa1662984b762b8c1ff3d0e","isMergeCommit":false,"messageTitle":"Update PUML2","messageBody":"","fileTypesAndContributionMap":{"docs":{"insertions":5,"deletions":5}}},{"hash":"d190c4157a8d9db8ef5eee78dc95d4dbf8e109b8","isMergeCommit":false,"messageTitle":"Fix bug for savefile manipulation","messageBody":"","fileTypesAndContributionMap":{"functional-code":{"insertions":52,"deletions":0},"docs":{"insertions":11,"deletions":6}}}]},{"date":"2023-11-03","commitResults":[{"hash":"3f5ec119366ea3c7e4170abd160cb6b03a673e6a","isMergeCommit":true,"messageTitle":"Merge branch \u0027master\u0027 into bugFixLoad","messageBody":"","fileTypesAndContributionMap":{}},{"hash":"9f7a1daa120f26057cfa2045f42d0496565b79b8","isMergeCommit":false,"messageTitle":"PR Review Fix","messageBody":"","fileTypesAndContributionMap":{"functional-code":{"insertions":52,"deletions":37}}},{"hash":"cdf3ef8d282e0b2cd1d286a056887f9d657dc829","isMergeCommit":true,"messageTitle":"Merge branch \u0027master\u0027 into bugFixLoad","messageBody":"","fileTypesAndContributionMap":{}},{"hash":"2a3bfeb06fa1a245208ec04bdaf2a84341e4bcb8","isMergeCommit":true,"messageTitle":"Merge pull request #114 from TongZhengHong/branch-storage-hasMoved","messageBody":"Store `hasMoved` flag for each ChessPiece","fileTypesAndContributionMap":{}},{"hash":"0401b9ef9bd5a298e3650fe166ad380ff7e23615","isMergeCommit":false,"messageTitle":"Fix Startcolor bug and add minimax test","messageBody":"","fileTypesAndContributionMap":{"functional-code":{"insertions":1,"deletions":0},"test-code":{"insertions":17,"deletions":0}}},{"hash":"f87fe025a37c31520e4c753e1144557236fb4dea","isMergeCommit":false,"messageTitle":"Fix stylecheck errors","messageBody":"","fileTypesAndContributionMap":{"test-code":{"insertions":1,"deletions":1}}},{"hash":"853f43af018aad46f40aa4c9b6e0ca5d21673c97","isMergeCommit":false,"messageTitle":"Update test","messageBody":"","fileTypesAndContributionMap":{"test-code":{"insertions":1,"deletions":1}}},{"hash":"08f1efd01c936c4bcb77e288182c15dd42cb78a7","isMergeCommit":false,"messageTitle":"Update difficulty loading bug","messageBody":"","fileTypesAndContributionMap":{"functional-code":{"insertions":6,"deletions":3}}}]}],"TongZhengHong":[{"date":"2023-10-05","commitResults":[{"hash":"62922ff6fccb29e15f6a330af40a4242b1addf1c","isMergeCommit":false,"messageTitle":"Close scanner","messageBody":"","fileTypesAndContributionMap":{"functional-code":{"insertions":2,"deletions":0}}},{"hash":"2b99e2930c4d2001569261848c570906d5a7fdfa","isMergeCommit":true,"messageTitle":"Merge pull request #4 from TongZhengHong/ZhengHong","messageBody":"Close scanner","fileTypesAndContributionMap":{}}]},{"date":"2023-10-08","commitResults":[{"hash":"c839a08a725946522e2ac0485e7c2fdf3267a493","isMergeCommit":false,"messageTitle":"Remove questions marks","messageBody":"","fileTypesAndContributionMap":{"functional-code":{"insertions":1,"deletions":1}}},{"hash":"f5030d7118f9839cf6f7166b7f7fa8631d6bb98d","isMergeCommit":true,"messageTitle":"Merge pull request #6 from TongZhengHong/fix_cd_test","messageBody":"Remove questions marks","fileTypesAndContributionMap":{}}]},{"date":"2023-10-14","commitResults":[{"hash":"65df1cb11da47e7062fdfcad883dfc1aa3ad03a4","isMergeCommit":false,"messageTitle":"Change Duke to ChessMaster","messageBody":"","fileTypesAndContributionMap":{"other":{"insertions":7,"deletions":7}}}]},{"date":"2023-10-15","commitResults":[{"hash":"6abb6778d5f773debb94bb877b519d9948c5464d","isMergeCommit":false,"messageTitle":"Basic skeleton classes","messageBody":"","fileTypesAndContributionMap":{"functional-code":{"insertions":109,"deletions":5}}},{"hash":"c4f69a258ac8c205eef9450c9a6e7f18ba445e24","isMergeCommit":false,"messageTitle":"Change package board to package game","messageBody":"","fileTypesAndContributionMap":{"functional-code":{"insertions":74,"deletions":34}}},{"hash":"7f57dba052fa9a6e7d53ad264a6f46479d66634f","isMergeCommit":false,"messageTitle":"Add row, col and color to chessPieces","messageBody":"","fileTypesAndContributionMap":{"functional-code":{"insertions":97,"deletions":9}}},{"hash":"65ae9d850d9aba82c149050ee4caf45918f4d25c","isMergeCommit":false,"messageTitle":"Update utility classes","messageBody":"","fileTypesAndContributionMap":{"functional-code":{"insertions":90,"deletions":8}}},{"hash":"29d972ea154a415ba986a02be82b5a4b67fe67a3","isMergeCommit":false,"messageTitle":"Change chess pieces from unicode to letter","messageBody":"","fileTypesAndContributionMap":{"functional-code":{"insertions":13,"deletions":13}}},{"hash":"264f8cb40e5caca637d71b091d4fdcc88923f99d","isMergeCommit":false,"messageTitle":"Update printing code","messageBody":"","fileTypesAndContributionMap":{"functional-code":{"insertions":21,"deletions":24}}},{"hash":"df10c20c4ad72b22b262a879ebaaf5ff91f1962c","isMergeCommit":false,"messageTitle":"Remove key string and standardise color","messageBody":"","fileTypesAndContributionMap":{"functional-code":{"insertions":18,"deletions":34}}},{"hash":"a47b7be89bf74c89a7aaa0ef21170a27b87ee748","isMergeCommit":false,"messageTitle":"Update chess piece color initialisation","messageBody":"","fileTypesAndContributionMap":{"functional-code":{"insertions":27,"deletions":17}}},{"hash":"75a416c5acfbe1ad67323668dac625a535b0be8a","isMergeCommit":false,"messageTitle":"Create basic exceptions","messageBody":"","fileTypesAndContributionMap":{"functional-code":{"insertions":32,"deletions":0}}},{"hash":"ae6ad89bcd9c3f3db05d2cccc9641e839b1954db","isMergeCommit":false,"messageTitle":"Create Coordinate class","messageBody":"","fileTypesAndContributionMap":{"functional-code":{"insertions":79,"deletions":0}}},{"hash":"dd431c7ff48227541dd9a409b77e093ef28e5a1d","isMergeCommit":false,"messageTitle":"Add getAvailableCoordinate for each chess piece","messageBody":"","fileTypesAndContributionMap":{"functional-code":{"insertions":204,"deletions":4}}},{"hash":"1565b161990f065ab146cd9b0d607171b4b4a846","isMergeCommit":false,"messageTitle":"Minor changes","messageBody":"","fileTypesAndContributionMap":{"functional-code":{"insertions":9,"deletions":5}}},{"hash":"ae54b6e50ee89ea5bd9516ee8745948bbf9cdc15","isMergeCommit":false,"messageTitle":"Update printChessBoard to show coordinate beside","messageBody":"","fileTypesAndContributionMap":{"functional-code":{"insertions":18,"deletions":3}}}]},{"date":"2023-10-16","commitResults":[{"hash":"049349fd79bcd94348ebdc4ed225b4223ec9beab","isMergeCommit":false,"messageTitle":"Add javadoc comments for important methods","messageBody":"","fileTypesAndContributionMap":{"functional-code":{"insertions":41,"deletions":2}}},{"hash":"a89e57499a273dffb13562c97b38aa1ff7de1cd0","isMergeCommit":false,"messageTitle":"Update checkstyle draft","messageBody":"","fileTypesAndContributionMap":{"functional-code":{"insertions":85,"deletions":73}}},{"hash":"df797156621c80d93c4647ca00daa74290a42db7","isMergeCommit":false,"messageTitle":"Address checkstyles","messageBody":"","fileTypesAndContributionMap":{"functional-code":{"insertions":33,"deletions":24}}},{"hash":"c1cad31c65a0396670d913dee75b41918f2f7bdb","isMergeCommit":false,"messageTitle":"Fix IO redirection test","messageBody":"","fileTypesAndContributionMap":{"functional-code":{"insertions":22,"deletions":21},"other":{"insertions":8,"deletions":2}}},{"hash":"88ba9a509231ff35aa0bdd960f330719e8b03182","isMergeCommit":false,"messageTitle":"Fix checkstyle","messageBody":"","fileTypesAndContributionMap":{"functional-code":{"insertions":25,"deletions":19}}},{"hash":"ea5ecbfa6267d890a8aab3ae4e3beb8d2a0515c3","isMergeCommit":true,"messageTitle":"Merge pull request #8 from TongZhengHong/branch-setup-template","messageBody":"Branch setup template","fileTypesAndContributionMap":{}}]},{"date":"2023-10-18","commitResults":[{"hash":"c78ff2c464137518d661559179236062e0b33a33","isMergeCommit":false,"messageTitle":"Add ChessMasterException parent exception class","messageBody":"","fileTypesAndContributionMap":{"functional-code":{"insertions":12,"deletions":5}}},{"hash":"a925d01c5ea210767e562f71f5fc10fed0036d3f","isMergeCommit":false,"messageTitle":"Create NullPieceException for empty piece at tile retrieval","messageBody":"","fileTypesAndContributionMap":{"functional-code":{"insertions":20,"deletions":3}}},{"hash":"fe912e66c55c2d129616ec0ccb0e5f4196a7fa46","isMergeCommit":false,"messageTitle":"Remove redundant MoveValidator class","messageBody":"","fileTypesAndContributionMap":{"functional-code":{"insertions":0,"deletions":14}}},{"hash":"3c2e74665a7c6300f390ff3481c6243349179843","isMergeCommit":false,"messageTitle":"Add/Update utility access function","messageBody":"","fileTypesAndContributionMap":{"functional-code":{"insertions":47,"deletions":29}}},{"hash":"59ebda2d24dbc3be6cfc1504988b92f86b2e35cd","isMergeCommit":false,"messageTitle":"Fix parseAlgebraicCoor method bug","messageBody":"","fileTypesAndContributionMap":{"functional-code":{"insertions":2,"deletions":2}}},{"hash":"e99af55f311bf0441ee59cb852db6f984098c525","isMergeCommit":false,"messageTitle":"Implement main chess game engine","messageBody":"","fileTypesAndContributionMap":{"functional-code":{"insertions":52,"deletions":33}}},{"hash":"68f90d785ce97bb364e92287d8aa3b27b8418781","isMergeCommit":false,"messageTitle":"Clean up code","messageBody":"","fileTypesAndContributionMap":{"functional-code":{"insertions":0,"deletions":3}}},{"hash":"7a91674b6218114e072cb688bf929bf358e1c995","isMergeCommit":false,"messageTitle":"Fix CI tests","messageBody":"","fileTypesAndContributionMap":{"functional-code":{"insertions":24,"deletions":52}}},{"hash":"595ce058d9f7bdd7ccb74c684a732d9e7147b220","isMergeCommit":true,"messageTitle":"Merge branch \u0027master\u0027 into branch-setup-chessmaster-engine","messageBody":"","fileTypesAndContributionMap":{}}]},{"date":"2023-10-19","commitResults":[{"hash":"52218d65a20ae4e67ab80a87a4c0d465b9185443","isMergeCommit":false,"messageTitle":"Test CI gradle build","messageBody":"","fileTypesAndContributionMap":{"functional-code":{"insertions":4,"deletions":4}}},{"hash":"78565daefec3130476e01ed3f7a53d44b41bdd4a","isMergeCommit":true,"messageTitle":"Merge branch \u0027branch-setup-chessmaster-engine\u0027 of https://github.com/TongZhengHong/tp into branch-setup-chessmaster-engine","messageBody":"","fileTypesAndContributionMap":{}},{"hash":"bf12a91560598d566b3de5f872e60f2100c4f5fa","isMergeCommit":false,"messageTitle":"Fix CI checks","messageBody":"","fileTypesAndContributionMap":{"functional-code":{"insertions":1,"deletions":5}}},{"hash":"8fb02e14aae84b7dba8f2d5fa5b6c08dbd92fae3","isMergeCommit":true,"messageTitle":"Merge pull request #26 from TongZhengHong/branch-setup-chessmaster-engine","messageBody":"Branch setup chessmaster engine","fileTypesAndContributionMap":{}}]},{"date":"2023-10-20","commitResults":[{"hash":"324bfb986eae77c3b4320681e737853fe54f86cc","isMergeCommit":false,"messageTitle":"Add random seed to CPU class for predictable moves","messageBody":"","fileTypesAndContributionMap":{"functional-code":{"insertions":4,"deletions":3}}},{"hash":"02382a331c6ae7955bc9b8638a79e7a2e9524ec3","isMergeCommit":false,"messageTitle":"Disable loading chessboard from file","messageBody":"","fileTypesAndContributionMap":{"functional-code":{"insertions":10,"deletions":10}}},{"hash":"49ac9a8ef5dac96d765e666ac3568955bd0a97b6","isMergeCommit":false,"messageTitle":"Remove unnecessary imports","messageBody":"","fileTypesAndContributionMap":{"functional-code":{"insertions":0,"deletions":8}}},{"hash":"684d03d43560c18eb09ac0741feba9440d747c82","isMergeCommit":false,"messageTitle":"Fix checkstyle","messageBody":"","fileTypesAndContributionMap":{"functional-code":{"insertions":95,"deletions":76}}}]},{"date":"2023-10-21","commitResults":[{"hash":"9206bedfacec06759286c5583eddd93460a83211","isMergeCommit":true,"messageTitle":"Merge branch \u0027master\u0027 into branch-random-seed","messageBody":"","fileTypesAndContributionMap":{}},{"hash":"149c72293e41b61c832dccdefe2b4124bf349a88","isMergeCommit":true,"messageTitle":"Merge branch \u0027master\u0027 of https://github.com/AY2324S1-CS2113-T18-1/tp into branch-random-seed","messageBody":"","fileTypesAndContributionMap":{}},{"hash":"7bc96700214cbc3f3ab9e639c47e55e8c6e48200","isMergeCommit":true,"messageTitle":"Merge branch \u0027branch-random-seed\u0027 of https://github.com/TongZhengHong/tp into branch-random-seed","messageBody":"","fileTypesAndContributionMap":{}},{"hash":"820dd8faab666fa676edb155ab3718e0fefc38fa","isMergeCommit":false,"messageTitle":"Disable logo display","messageBody":"","fileTypesAndContributionMap":{"functional-code":{"insertions":14,"deletions":14}}},{"hash":"2f50638243d2749ddb5e9ec730c4736334d65b73","isMergeCommit":false,"messageTitle":"Fix abort function","messageBody":"","fileTypesAndContributionMap":{"functional-code":{"insertions":18,"deletions":14}}},{"hash":"99d7bc00cdab2ab7e4a8c2c18d3758f4c14ad2c9","isMergeCommit":true,"messageTitle":"Merge branch \u0027branch-random-seed\u0027 of https://github.com/TongZhengHong/tp into branch-random-seed","messageBody":"","fileTypesAndContributionMap":{}},{"hash":"9461a089c5cc50fa80e4364aab7ab8e78d58f48d","isMergeCommit":true,"messageTitle":"Merge pull request #48 from TongZhengHong/branch-random-seed","messageBody":"Add random seed to CPU class for predictable moves","fileTypesAndContributionMap":{}}]},{"date":"2023-10-22","commitResults":[{"hash":"ab98dd0d4e1f1e039e592fc724411497641373b8","isMergeCommit":false,"messageTitle":"Add CommandResult to store result of command execution","messageBody":"","fileTypesAndContributionMap":{"functional-code":{"insertions":22,"deletions":0}}},{"hash":"cb66ab4f5ffc05ae44f71298f88e293a68d9dc28","isMergeCommit":false,"messageTitle":"Add new exceptions","messageBody":"","fileTypesAndContributionMap":{"functional-code":{"insertions":25,"deletions":0}}},{"hash":"76a3ad44c9f47aebd2e353c063376a2897f70d35","isMergeCommit":false,"messageTitle":"Remove getMove and update commands","messageBody":"","fileTypesAndContributionMap":{"functional-code":{"insertions":43,"deletions":56}}},{"hash":"bd0030634aae5a1a53832adad552fe4ff2ca00d0","isMergeCommit":false,"messageTitle":"Remove castling flags and add new utility methods","messageBody":"","fileTypesAndContributionMap":{"functional-code":{"insertions":66,"deletions":42}}},{"hash":"ca42df96c7d0a5d408886f4a23c4ef633cbcba0f","isMergeCommit":false,"messageTitle":"Clean up getAvailableCoor methods","messageBody":"","fileTypesAndContributionMap":{"functional-code":{"insertions":112,"deletions":208}}},{"hash":"16904a75ccc4eaccbcf87f3446528d3b4ff0b1fa","isMergeCommit":false,"messageTitle":"Add captured and promotion checking when updating ChessTile","messageBody":"","fileTypesAndContributionMap":{"functional-code":{"insertions":30,"deletions":3}}},{"hash":"66041493be64a3bfeef58db574c54128dd9c4351","isMergeCommit":false,"messageTitle":"Add more utility methods in Coordinate and TextUI","messageBody":"","fileTypesAndContributionMap":{"functional-code":{"insertions":21,"deletions":6}}},{"hash":"c6ff0391eeddc01d7fa84a44b2c9e5f73fdce71d","isMergeCommit":false,"messageTitle":"Update castling checking code","messageBody":"","fileTypesAndContributionMap":{"functional-code":{"insertions":15,"deletions":9}}},{"hash":"f44e4d347f39ab93a7146787c671ec3462ab0787","isMergeCommit":false,"messageTitle":"Abstract methods from Player class to ChessMaster","messageBody":"","fileTypesAndContributionMap":{"functional-code":{"insertions":115,"deletions":120}}},{"hash":"681ba2dacf170b4f3b1c931547396ab58d88933b","isMergeCommit":false,"messageTitle":"Update main control flow in Game class","messageBody":"","fileTypesAndContributionMap":{"functional-code":{"insertions":218,"deletions":177}}},{"hash":"ec03db5e0cfb6dc0662257cc8506441cbc55affa","isMergeCommit":true,"messageTitle":"Merge branch \u0027master\u0027 of tp into branch-more-oop","messageBody":"","fileTypesAndContributionMap":{}},{"hash":"b542a666ee82943b60342bf88d0622175ac10c11","isMergeCommit":false,"messageTitle":"Minor fix to storage to pass CI","messageBody":"","fileTypesAndContributionMap":{"functional-code":{"insertions":1,"deletions":1}}},{"hash":"0a125a950de7455328a54205caa3c8995c2ca376","isMergeCommit":true,"messageTitle":"Merge pull request #53 from TongZhengHong/branch-more-oop","messageBody":"Branch more OOP","fileTypesAndContributionMap":{}},{"hash":"3bccc222482f5aaf807551620367b77d298b8682","isMergeCommit":false,"messageTitle":"Add createFile method before loading and saving","messageBody":"","fileTypesAndContributionMap":{"functional-code":{"insertions":63,"deletions":58}}},{"hash":"0d1d6d2cc6bc3a457775b7dc10321bde6590452e","isMergeCommit":false,"messageTitle":"Add Color enum \u0026 javadoc to color utility methods","messageBody":"","fileTypesAndContributionMap":{"functional-code":{"insertions":85,"deletions":25}}},{"hash":"8e97434da7c932e0b9175ef5f527967daf08b16e","isMergeCommit":false,"messageTitle":"Update ChessPiece classes to use Color enum","messageBody":"","fileTypesAndContributionMap":{"functional-code":{"insertions":14,"deletions":15}}},{"hash":"8722a95c98a28cf93fe73eba0a0f70330cd1415f","isMergeCommit":false,"messageTitle":"Update Player classes to use Color enum","messageBody":"","fileTypesAndContributionMap":{"functional-code":{"insertions":9,"deletions":6}}},{"hash":"28e2bfc05da8e6311e33bae03b98040cbadd83c0","isMergeCommit":false,"messageTitle":"Update remaining classes to use Color enum","messageBody":"","fileTypesAndContributionMap":{"functional-code":{"insertions":42,"deletions":38},"test-code":{"insertions":2,"deletions":1}}},{"hash":"1cb5d04a4441175f6089d232312c0391c9f8e0ee","isMergeCommit":true,"messageTitle":"Merge pull request #54 from TongZhengHong/branch-standardise-color","messageBody":"Branch standardise color","fileTypesAndContributionMap":{}},{"hash":"f72a760331a1b8add5ddbeda4dc93f056440619d","isMergeCommit":true,"messageTitle":"Merge branch \u0027master\u0027 into branch-fix-storage","messageBody":"","fileTypesAndContributionMap":{}}]},{"date":"2023-10-23","commitResults":[{"hash":"ad1a4fbb5ab765ccfbb22144569c39dcf0f6cad0","isMergeCommit":false,"messageTitle":"Create Color enum and abstract utility functions","messageBody":"","fileTypesAndContributionMap":{"functional-code":{"insertions":37,"deletions":0}}},{"hash":"af1cfb79b3c2d4461d15784b706553c98080e871","isMergeCommit":false,"messageTitle":"Update classes with new Color enum class","messageBody":"","fileTypesAndContributionMap":{"functional-code":{"insertions":13,"deletions":48},"test-code":{"insertions":1,"deletions":1}}},{"hash":"c6481859d17f8d39ab14de72dd20c28107c15a69","isMergeCommit":false,"messageTitle":"Update parse color function","messageBody":"","fileTypesAndContributionMap":{"functional-code":{"insertions":9,"deletions":4}}},{"hash":"f8b093e01f799186bae92ff143f2a8ed5cdd6ae5","isMergeCommit":false,"messageTitle":"Add loadPlayerColor method to storage","messageBody":"","fileTypesAndContributionMap":{"functional-code":{"insertions":54,"deletions":11}}},{"hash":"d3c5763ecc8c09726028c212b83093df0d3065f1","isMergeCommit":false,"messageTitle":"Add new prompt messages in TextUI","messageBody":"","fileTypesAndContributionMap":{"functional-code":{"insertions":30,"deletions":3}}},{"hash":"145579e2cfe2c8d42eb4bcdd31a15cf18eaec483","isMergeCommit":false,"messageTitle":"Add basic menu screen to incorporate storage","messageBody":"","fileTypesAndContributionMap":{"functional-code":{"insertions":70,"deletions":5}}},{"hash":"405004cdcbd17a84b09651c91f74991c97b81429","isMergeCommit":false,"messageTitle":"Fix CI checks","messageBody":"","fileTypesAndContributionMap":{"functional-code":{"insertions":2,"deletions":1}}},{"hash":"06b4dfa6c0483278c474b09fd616ed73c70a299a","isMergeCommit":true,"messageTitle":"Merge pull request #55 from TongZhengHong/branch-fix-storage","messageBody":"Branch fix storage","fileTypesAndContributionMap":{}},{"hash":"368c3e0edc140b481ed9138db0af0cdf952f1de0","isMergeCommit":false,"messageTitle":"Add display prompts to ChessMaster when loading game","messageBody":"","fileTypesAndContributionMap":{"functional-code":{"insertions":80,"deletions":31}}},{"hash":"df760f8839fd4776b219a1f23fe319a0d0d908a8","isMergeCommit":false,"messageTitle":"Change minor format","messageBody":"","fileTypesAndContributionMap":{"functional-code":{"insertions":3,"deletions":4}}},{"hash":"5b09eef974fb106ded255114a355f98463a07be9","isMergeCommit":false,"messageTitle":"Add new exception for moving empty piece","messageBody":"","fileTypesAndContributionMap":{"functional-code":{"insertions":68,"deletions":52}}},{"hash":"417b80043947aa1788366f6b5381d104a96f22e0","isMergeCommit":false,"messageTitle":"Update MoveCommand to parse move in execute","messageBody":"","fileTypesAndContributionMap":{"functional-code":{"insertions":31,"deletions":22}}},{"hash":"9210900781e250acccccea531d5ecfa473aa4255","isMergeCommit":false,"messageTitle":"Reset storage file after end of game","messageBody":"","fileTypesAndContributionMap":{"functional-code":{"insertions":27,"deletions":10}}},{"hash":"7795994c9da29cf8bade97a9f4b191a40ae34258","isMergeCommit":false,"messageTitle":"Update new display format of Chess Board","messageBody":"","fileTypesAndContributionMap":{"functional-code":{"insertions":39,"deletions":25}}},{"hash":"661eb2af274f956d09a7d70368efb9ca9c608ffa","isMergeCommit":false,"messageTitle":"Update Game class with new function implementation","messageBody":"","fileTypesAndContributionMap":{"functional-code":{"insertions":6,"deletions":5}}},{"hash":"8fbdcaad36233bd9b10d2cba74ab813643446967","isMergeCommit":true,"messageTitle":"Merge branch \u0027master\u0027 of https://github.com/AY2324S1-CS2113-T18-1/tp into branch-beautify-textUI","messageBody":"","fileTypesAndContributionMap":{}},{"hash":"05353d08b67f19829e02157c3d06a406750d7a1c","isMergeCommit":false,"messageTitle":"Minor formatting changes","messageBody":"","fileTypesAndContributionMap":{"functional-code":{"insertions":29,"deletions":20}}},{"hash":"9e1848b1a18fa75c185ad4282c0090a683183356","isMergeCommit":false,"messageTitle":"Minor changes to CPU first move","messageBody":"","fileTypesAndContributionMap":{"functional-code":{"insertions":13,"deletions":8}}},{"hash":"cebf92a411866dfac8b6986b7fa6067014cb3758","isMergeCommit":false,"messageTitle":"Add ant build config file for jar generation","messageBody":"","fileTypesAndContributionMap":{"other":{"insertions":35,"deletions":0}}},{"hash":"488a640bf673fad73526eb4568c244d96eb45241","isMergeCommit":false,"messageTitle":"Fix CI checks","messageBody":"","fileTypesAndContributionMap":{"functional-code":{"insertions":31,"deletions":26}}},{"hash":"ee7ab7e5d203d1eecddea51455428492b014d9c0","isMergeCommit":false,"messageTitle":"Add ant build config file for jar generation","messageBody":"","fileTypesAndContributionMap":{"other":{"insertions":35,"deletions":0}}},{"hash":"e9aeca72e4b8b494d9e56273a91dbb3436e66141","isMergeCommit":false,"messageTitle":"Fix CI checks","messageBody":"","fileTypesAndContributionMap":{"functional-code":{"insertions":31,"deletions":26},"test-code":{"insertions":2,"deletions":5}}},{"hash":"54c3377b719f551241501b8bc182d0751ff6ebd5","isMergeCommit":true,"messageTitle":"Merge branch \u0027branch-beautify-textUI\u0027 of https://github.com/TongZhengHong/tp into branch-beautify-textUI","messageBody":"","fileTypesAndContributionMap":{}},{"hash":"e9decd346e72260702f9498f0d549ac86cfb2b43","isMergeCommit":true,"messageTitle":"Merge pull request #61 from TongZhengHong/branch-beautify-textUI","messageBody":"Branch beautify text UI","fileTypesAndContributionMap":{}},{"hash":"3b77bd3c1503b15c4094d5915d6f0a461e68b01e","isMergeCommit":false,"messageTitle":"Update human promotion text UI","messageBody":"","fileTypesAndContributionMap":{"functional-code":{"insertions":9,"deletions":8}}},{"hash":"2aaa4b500ff41e6df2a114ab896570c7a5b154a2","isMergeCommit":false,"messageTitle":"Add MoveCommand and Player type checking methods","messageBody":"","fileTypesAndContributionMap":{"functional-code":{"insertions":10,"deletions":46}}},{"hash":"bfe394e40a9d946eaae91ae87684e529cc947086","isMergeCommit":false,"messageTitle":"Update main control logic to be turn based","messageBody":"","fileTypesAndContributionMap":{"functional-code":{"insertions":51,"deletions":30}}},{"hash":"f208755af8b44abd8524f7f4125af7fe6806ed4f","isMergeCommit":true,"messageTitle":"Merge pull request #63 from TongZhengHong/branch-refactor-game","messageBody":"Branch refactor game","fileTypesAndContributionMap":{}}]},{"date":"2023-10-26","commitResults":[{"hash":"fd37c963ecab66fd0dc488a16503be88f2854b9c","isMergeCommit":false,"messageTitle":"Remove MoveEmptyPieceException replaced with NullPieceException","messageBody":"","fileTypesAndContributionMap":{"functional-code":{"insertions":4,"deletions":29}}},{"hash":"fc51d27abe2870ddf88e528def55dee6b0b3f435","isMergeCommit":false,"messageTitle":"Pass playerColor into ChessBoard object instead of Game","messageBody":"","fileTypesAndContributionMap":{"functional-code":{"insertions":30,"deletions":28}}},{"hash":"a41b9f74ff067e4652f4074fd001b6814f0972e8","isMergeCommit":false,"messageTitle":"Add assertions where necessary","messageBody":"","fileTypesAndContributionMap":{"functional-code":{"insertions":27,"deletions":12}}},{"hash":"a3380a5541d4109ccabbd4c1fe2257244adbe3da","isMergeCommit":false,"messageTitle":"Rename chessmaster package to game package","messageBody":"","fileTypesAndContributionMap":{"other":{"insertions":3,"deletions":3}}},{"hash":"d7a6f346661aab400170ebe331b3c12a95a9281a","isMergeCommit":false,"messageTitle":"Add new junit tests","messageBody":"","fileTypesAndContributionMap":{"test-code":{"insertions":269,"deletions":0}}}]},{"date":"2023-10-27","commitResults":[{"hash":"17d41bb39c2cf9db61e4bf4a2ff31cb2290f6ca5","isMergeCommit":true,"messageTitle":"Merge branch \u0027master\u0027 into doc-promote","messageBody":"","fileTypesAndContributionMap":{}},{"hash":"f853d9e68d745fd78e94e46ad197d7bc51edd465","isMergeCommit":true,"messageTitle":"Merge pull request #85 from ken-ruster/doc-promote","messageBody":"Add documentation for `Parser` and `Command`","fileTypesAndContributionMap":{}},{"hash":"cb268266a25d2a1fe83ac4c8fde6f5a6a9c1b8f7","isMergeCommit":false,"messageTitle":"Developer guide for ChessMaster and Game","messageBody":"","fileTypesAndContributionMap":{"docs":{"insertions":200,"deletions":3}}},{"hash":"9c14af88cf4e0323e343b2133ff00e4d4bb4e640","isMergeCommit":false,"messageTitle":"Add Documentation for ChessMaster and Game","messageBody":"","fileTypesAndContributionMap":{"docs":{"insertions":200,"deletions":3}}},{"hash":"67ebaed0ee6dbca50bad9eb67cb9a66af4252b58","isMergeCommit":false,"messageTitle":"Remove unnecessary commands","messageBody":"","fileTypesAndContributionMap":{"functional-code":{"insertions":28,"deletions":53}}},{"hash":"c6c6e2c440b93aa70517bce077fa995158214203","isMergeCommit":false,"messageTitle":"Add repo sense @author tags where necessary","messageBody":"","fileTypesAndContributionMap":{"functional-code":{"insertions":33,"deletions":16}}},{"hash":"9b6e910466d24058de8e3dbb70363e9d89b66ecf","isMergeCommit":false,"messageTitle":"Change @author to @@author","messageBody":"","fileTypesAndContributionMap":{"functional-code":{"insertions":35,"deletions":38}}}]},{"date":"2023-10-29","commitResults":[{"hash":"30c6f15afd82f040617aa32cf07dd2a7a9aa610a","isMergeCommit":false,"messageTitle":"Update Move isValid method to take ChessBoard as arg","messageBody":"","fileTypesAndContributionMap":{"functional-code":{"insertions":5,"deletions":5}}},{"hash":"a825c4ec8796a233e4378ffbed0cb42b198aeda6","isMergeCommit":false,"messageTitle":"Check move validity in MoveCommand execute()","messageBody":"","fileTypesAndContributionMap":{"functional-code":{"insertions":6,"deletions":3}}},{"hash":"7906eb0770108d9177d32669a02a0d70b2af00d8","isMergeCommit":true,"messageTitle":"Merge pull request #88 from TongZhengHong/branch-repo-sense","messageBody":"Update individual code contribution with repo sense @@author tags","fileTypesAndContributionMap":{}}]},{"date":"2023-10-31","commitResults":[{"hash":"5ee5c74ccae5d67085749e547ecbb516d0d52446","isMergeCommit":true,"messageTitle":"Merge pull request #91 from ken-ruster/start-help","messageBody":"Add help message at start","fileTypesAndContributionMap":{}},{"hash":"07c42614d1fe2f2408bb4703e5c78b23fef7a39d","isMergeCommit":false,"messageTitle":"Move static ExceptionMessages class to UI package","messageBody":"","fileTypesAndContributionMap":{"functional-code":{"insertions":16,"deletions":0},"other":{"insertions":1,"deletions":1}}},{"hash":"3af0fe8cf12d90ee9474692107f38811fce673df","isMergeCommit":true,"messageTitle":"Merge pull request #92 from TongZhengHong/branch-fix-move-validity","messageBody":"Branch fix move validity","fileTypesAndContributionMap":{}},{"hash":"35a7affaf4fff8bc962176a052c9426377845e7e","isMergeCommit":false,"messageTitle":"Add @@author tag for Exception classes","messageBody":"","fileTypesAndContributionMap":{"functional-code":{"insertions":9,"deletions":0}}},{"hash":"70dbf1c6ffff949188b42329b8738b2167f6ab1d","isMergeCommit":false,"messageTitle":"Add isPawn method to check pawn object","messageBody":"","fileTypesAndContributionMap":{"functional-code":{"insertions":7,"deletions":0}}},{"hash":"2ff8c015ca0166931a1dc9562be7fafb49bf8e86","isMergeCommit":false,"messageTitle":"Make TextUI non-static \u0026 move showChessBoard()","messageBody":"","fileTypesAndContributionMap":{"functional-code":{"insertions":97,"deletions":112},"test-code":{"insertions":6,"deletions":2}}},{"hash":"ab72878747032985c724afae1dff382924795e1e","isMergeCommit":false,"messageTitle":"Add TextUI to Command execute method","messageBody":"","fileTypesAndContributionMap":{"functional-code":{"insertions":14,"deletions":7}}},{"hash":"2955134d8a0f503a43ac7b3a5a6d04bf7c795d95","isMergeCommit":false,"messageTitle":"Update showMoveCommand with new representation","messageBody":"","fileTypesAndContributionMap":{"functional-code":{"insertions":74,"deletions":13}}},{"hash":"d55dd8a502636b0ec5a7e157dcef3da3c297a3b3","isMergeCommit":false,"messageTitle":"Add whitespace around check in checkstyle","messageBody":"","fileTypesAndContributionMap":{"functional-code":{"insertions":19,"deletions":27},"other":{"insertions":6,"deletions":0}}},{"hash":"32d148983e0fad987fcad755f9c4e4d333d36183","isMergeCommit":false,"messageTitle":"Update ShowCommand to show prompt first","messageBody":"","fileTypesAndContributionMap":{"functional-code":{"insertions":3,"deletions":2}}},{"hash":"e0936947c897ccb74d2c83e52afc901ee31df9ad","isMergeCommit":false,"messageTitle":"Fix checkstyle in ParserTest","messageBody":"","fileTypesAndContributionMap":{"test-code":{"insertions":2,"deletions":1}}},{"hash":"52f68f227988d5f5d0c82bbcd60d01710062acdc","isMergeCommit":false,"messageTitle":"Remove unused import in MoveCommand","messageBody":"","fileTypesAndContributionMap":{"functional-code":{"insertions":0,"deletions":1}}},{"hash":"c25b4df580cfa180e698ff4393e78ab4d31d2a17","isMergeCommit":true,"messageTitle":"Merge branch \u0027master\u0027 of https://github.com/AY2324S1-CS2113-T18-1/tp into branch-nonstatic-textui","messageBody":"","fileTypesAndContributionMap":{}}]},{"date":"2023-11-01","commitResults":[{"hash":"939d169550d1f73aa5ee9be3758cb9067da0ac43","isMergeCommit":true,"messageTitle":"Merge pull request #90 from ken-ruster/no-available-moves-message","messageBody":"Modify getAvailableCoordinatesString()","fileTypesAndContributionMap":{}},{"hash":"04d6400be685eb19bdc605570269fc7f77562da0","isMergeCommit":false,"messageTitle":"Remove print cpu best move","messageBody":"","fileTypesAndContributionMap":{"functional-code":{"insertions":0,"deletions":3}}},{"hash":"c43cff3a57536b8dfa766f255d3340888c6d6b0d","isMergeCommit":false,"messageTitle":"Add print chessboard with previous move","messageBody":"","fileTypesAndContributionMap":{"functional-code":{"insertions":52,"deletions":10}}},{"hash":"f89f8a612ac188875878075bd5bbe4a2224a703d","isMergeCommit":false,"messageTitle":"Add basic user guide draft template outline","messageBody":"","fileTypesAndContributionMap":{"docs":{"insertions":170,"deletions":11}}},{"hash":"1400ca2d7fca8637ebd3dca58c772dc75387f2c0","isMergeCommit":true,"messageTitle":"Merge pull request #101 from ken-ruster/ug-commands","messageBody":"Update User Guide","fileTypesAndContributionMap":{}}]},{"date":"2023-11-02","commitResults":[{"hash":"dcf78f9901c9034e63845749d585570591eac03a","isMergeCommit":true,"messageTitle":"Merge pull request #104 from TriciaBK/tricia","messageBody":"Add ViewLegendCommand","fileTypesAndContributionMap":{}}]},{"date":"2023-11-03","commitResults":[{"hash":"db9f74aa4330e8d29ca11b4808d785a88d4a0def","isMergeCommit":true,"messageTitle":"Merge pull request #112 from TriciaBK/player-color","messageBody":"Implement currentColour in ChessMaster","fileTypesAndContributionMap":{}},{"hash":"8e6bf7e207aca558201c8d2c2d8824cb9e5d9a23","isMergeCommit":false,"messageTitle":"Remove json tag in code blocks in user guide","messageBody":"","fileTypesAndContributionMap":{"docs":{"insertions":3,"deletions":3}}},{"hash":"e7652bbd4429a01488aa2a495c0f8b6fac4ad839","isMergeCommit":false,"messageTitle":"Update parse color method to include empty color check","messageBody":"","fileTypesAndContributionMap":{"functional-code":{"insertions":22,"deletions":12}}},{"hash":"b53e0da3c0ff85b8312dca47001b02742f5d7214","isMergeCommit":false,"messageTitle":"Update first move player checking","messageBody":"","fileTypesAndContributionMap":{"functional-code":{"insertions":12,"deletions":30}}},{"hash":"bca88623803ed3214658b5a69b89b7b55d5adca5","isMergeCommit":true,"messageTitle":"Merge pull request #111 from onx001/bugFixLoad","messageBody":"Check for presence of 2 kings when loading board and count number of pieces for both sides","fileTypesAndContributionMap":{}},{"hash":"222220bd6f92465521bc9fd41f9ad1a5ec1ca2f7","isMergeCommit":false,"messageTitle":"Update winning player ui message","messageBody":"","fileTypesAndContributionMap":{"functional-code":{"insertions":13,"deletions":9}}},{"hash":"924a483adc27c704bed3ff9787055548f8df7214","isMergeCommit":false,"messageTitle":"Change minor text ui","messageBody":"","fileTypesAndContributionMap":{"functional-code":{"insertions":4,"deletions":3}}},{"hash":"751e64a3c7e5647c8ef2de414e3a6321652562fe","isMergeCommit":false,"messageTitle":"Store hasMoved flag for each ChessPiece in text file","messageBody":"","fileTypesAndContributionMap":{"functional-code":{"insertions":40,"deletions":15}}},{"hash":"bf251538a1352aafb68c213fe4412b5400fe66e0","isMergeCommit":true,"messageTitle":"Merge branch \u0027master\u0027 of https://github.com/AY2324S1-CS2113-T18-1/tp into branch-storage-hasMoved","messageBody":"","fileTypesAndContributionMap":{}},{"hash":"b247f11ff249e41c9bec7bed2af9d2085980ccfc","isMergeCommit":false,"messageTitle":"Update parseColor test to throw exception when empty","messageBody":"","fileTypesAndContributionMap":{"test-code":{"insertions":6,"deletions":2}}},{"hash":"9fc8c134bfe7a14c4dabe0ca9438437b8658da81","isMergeCommit":true,"messageTitle":"Merge pull request #115 from onx001/StartBug","messageBody":"Start bug fix","fileTypesAndContributionMap":{}}]}]},"authorFileTypeContributionMap":{"ken-ruster":{"docs":211,"functional-code":314,"test-code":20,"other":1},"antrikshdhand":{"docs":7,"functional-code":121,"test-code":0},"TriciaBK":{"docs":184,"functional-code":425,"test-code":0},"onx001":{"docs":106,"functional-code":694,"test-code":38},"TongZhengHong":{"docs":352,"functional-code":1827,"test-code":278,"other":48}},"authorContributionVariance":{"ken-ruster":8800.195,"antrikshdhand":3278.7397,"TriciaBK":5853.9688,"onx001":6552.8076,"TongZhengHong":114219.81},"authorDisplayNameMap":{"ken-ruster":"CS2113-T18-1 OH K.. WEI","antrikshdhand":"CS2113-T18-1 DHAN..IKSH","TriciaBK":"CS2113-T18-1 TRIC..PING","onx001":"CS2113-T18-1 OU N..IANG","TongZhengHong":"CS2113-T18-1 TONG..HONG"}}
