{"authorDailyContributionsMap":{"spinoandraptos":[{"date":"2023-10-04","commitResults":[{"hash":"6c6d1698f76fbc9d508f95105074ab9f2110d65c","isMergeCommit":true,"messageTitle":"Merge pull request #3 from StevenGX12/master","messageBody":"Add Guan Xiao","fileTypesAndContributionMap":{}},{"hash":"df29befffe396116433778af88e0a3623bece7fc","isMergeCommit":false,"messageTitle":"add Juncheng","messageBody":"","fileTypesAndContributionMap":{"docs":{"insertions":6,"deletions":6}}},{"hash":"419f657d64069e11fed53b7deb272799c0cf26f6","isMergeCommit":false,"messageTitle":"Refactoring","messageBody":"","fileTypesAndContributionMap":{"functional-code":{"insertions":1335,"deletions":21}}},{"hash":"7d646598095de5b46119f52d8328c6dcbe88e668","isMergeCommit":true,"messageTitle":"Merge pull request #6 from spinoandraptos/master","messageBody":"Refactoring","fileTypesAndContributionMap":{}}]},{"date":"2023-10-08","commitResults":[{"hash":"84ed7d900a90383cf0be6bb3cf33621d45496623","isMergeCommit":true,"messageTitle":"Merge pull request #8 from James-Hong-Jey/master","messageBody":"","fileTypesAndContributionMap":{}},{"hash":"174c6b202404b7d3e4890aea3b763a50171dff07","isMergeCommit":true,"messageTitle":"Merge pull request #9 from James-Hong-Jey/master","messageBody":"Add CommandShortAnswer, Update Parser","fileTypesAndContributionMap":{}},{"hash":"3189b597a50f04c45de9a88523964aeeb1bdcb7f","isMergeCommit":false,"messageTitle":"Added CommandEdit, Implemented Storage","messageBody":"","fileTypesAndContributionMap":{"functional-code":{"insertions":154,"deletions":112},"other":{"insertions":3,"deletions":3}}}]},{"date":"2023-10-12","commitResults":[{"hash":"8c043626b9ce59e181aef4173d1ccfd720fa7a51","isMergeCommit":true,"messageTitle":"Merge pull request #29 from lisizhuang-0121/master","messageBody":"Closes #27 Add skeleton for Parser JUnit test with test cases of invalid commands","fileTypesAndContributionMap":{}}]},{"date":"2023-10-17","commitResults":[{"hash":"d2d4c2442c60bc271a2448e5e30c354de723dfc5","isMergeCommit":false,"messageTitle":"Added tests for edit and list commands","messageBody":"","fileTypesAndContributionMap":{"functional-code":{"insertions":1,"deletions":2},"test-code":{"insertions":223,"deletions":0}}},{"hash":"619754ac78040fedfcce7715229d1123faf8ff29","isMergeCommit":true,"messageTitle":"Merge pull request #35 from yeo-menghan/branch-Logger","messageBody":"Add CustomLogger Class - provide logging capabilities to QuizHub","fileTypesAndContributionMap":{}},{"hash":"9d306428b7e46da2eac2f6a781e197979ed989ed","isMergeCommit":true,"messageTitle":"Merge branch \u0027master\u0027 of https://github.com/AY2324S1-CS2113-W12-1/tp into junit-test-edit-list-command","messageBody":"","fileTypesAndContributionMap":{}}]},{"date":"2023-10-18","commitResults":[{"hash":"77d5af63c40d5d1fec590a1839a9bda7e30cd8e5","isMergeCommit":true,"messageTitle":"Merge pull request #39 from StevenGX12/branch-junit-test-help-delete-find-command","messageBody":"","fileTypesAndContributionMap":{}},{"hash":"02b2e656c2151f89645110e520df79a52d260788","isMergeCommit":true,"messageTitle":"Merge pull request #41 from lisizhuang-0121/master","messageBody":"Fix bug in editing questions and answers","fileTypesAndContributionMap":{}}]},{"date":"2023-10-21","commitResults":[{"hash":"803188901bf34d49d8dc2801c4b8f85cb756afdb","isMergeCommit":true,"messageTitle":"Merge pull request #50 from StevenGX12/branch-categorize-questions-by-module","messageBody":"","fileTypesAndContributionMap":{}},{"hash":"ac9694149cfd7f2e2faa3ae9a451f888d61f47ba","isMergeCommit":false,"messageTitle":"Refactored code to meet coding standards","messageBody":"","fileTypesAndContributionMap":{"functional-code":{"insertions":111,"deletions":94},"other":{"insertions":2,"deletions":2},"test-code":{"insertions":63,"deletions":46}}},{"hash":"31df027fc7a15af84706e70831cd02a150409e39","isMergeCommit":true,"messageTitle":"Merge branch \u0027master\u0027 into code-quality-control","messageBody":"","fileTypesAndContributionMap":{}},{"hash":"7201655780fe5ec8aa3946d5fcb1468a03bda511","isMergeCommit":true,"messageTitle":"Merge branch \u0027master\u0027 of https://github.com/AY2324S1-CS2113-W12-1/tp","messageBody":"# Conflicts:\n#\tsrc/main/java/quizhub/questionlist/QuestionList.java\n","fileTypesAndContributionMap":{}},{"hash":"b1d0b039dda0013076f420c3744f03bf48e6d6c7","isMergeCommit":true,"messageTitle":"Merge branch \u0027master\u0027 of https://github.com/AY2324S1-CS2113-W12-1/tp into code-quality-control","messageBody":"# Conflicts:\n#\tsrc/main/java/quizhub/questionlist/QuestionList.java\n","fileTypesAndContributionMap":{}},{"hash":"ff0205d612d5ceed374eb84a5dc5c2221c1beeb7","isMergeCommit":false,"messageTitle":"no message","messageBody":"","fileTypesAndContributionMap":{"docs":{"insertions":8,"deletions":83}}},{"hash":"96298734d292a2b39b661555af39485f9dab05a8","isMergeCommit":true,"messageTitle":"Merge branch \u0027master\u0027 of https://github.com/spinoandraptos/tp into code-quality-control","messageBody":"","fileTypesAndContributionMap":{}},{"hash":"c0c68817e875fde5abfa7df5d05d0c1f512f5450","isMergeCommit":true,"messageTitle":"Merge branch \u0027code-quality-control\u0027 of https://github.com/spinoandraptos/tp into code-quality-control","messageBody":"# Conflicts:\n#\tsrc/main/java/quizhub/questionlist/QuestionList.java\n","fileTypesAndContributionMap":{}},{"hash":"0450003a6bc37a4824ffa42b902355ba2327077e","isMergeCommit":false,"messageTitle":"Refactored Code","messageBody":"","fileTypesAndContributionMap":{"functional-code":{"insertions":5,"deletions":11},"other":{"insertions":1,"deletions":1}}},{"hash":"22bc37216bfac6f1c761c71c5d22a7d66f467c43","isMergeCommit":false,"messageTitle":"Updated checkstyle version","messageBody":"","fileTypesAndContributionMap":{"other":{"insertions":1,"deletions":1}}},{"hash":"28760df5d989cd3a75edd708e8a274374fd22e7f","isMergeCommit":false,"messageTitle":"Refactored code for coding standard","messageBody":"","fileTypesAndContributionMap":{"functional-code":{"insertions":12,"deletions":12}}},{"hash":"a942565335e3305fe202aea376a37b30675cebf1","isMergeCommit":false,"messageTitle":"Refactored Code","messageBody":"","fileTypesAndContributionMap":{"functional-code":{"insertions":8,"deletions":11}}},{"hash":"21f04502757b120fc73d5f0e5b738db96844a704","isMergeCommit":true,"messageTitle":"Merge pull request #56 from spinoandraptos/code-quality-control","messageBody":"Refactored code to meet coding standards","fileTypesAndContributionMap":{}}]},{"date":"2023-10-22","commitResults":[{"hash":"cb2634cafc2f25b928067ae2c5a360551b11b068","isMergeCommit":false,"messageTitle":"Added question difficulty levels","messageBody":"","fileTypesAndContributionMap":{"functional-code":{"insertions":360,"deletions":126},"test-code":{"insertions":59,"deletions":54}}},{"hash":"395063d74f60e949ba60c3fb9f10d3f500a9e6fb","isMergeCommit":true,"messageTitle":"Merge pull request #57 from spinoandraptos/mark-questions","messageBody":"Added question difficulty levels","fileTypesAndContributionMap":{}},{"hash":"596ab0e3e0926218008b05da298bf26f627e6980","isMergeCommit":false,"messageTitle":"Added categorisation for quiz modes","messageBody":"","fileTypesAndContributionMap":{"functional-code":{"insertions":74,"deletions":11},"test-code":{"insertions":2,"deletions":2}}},{"hash":"e0ede314755aa5c33370733627aebd54ba62976d","isMergeCommit":true,"messageTitle":"Merge pull request #59 from spinoandraptos/categorise-questions","messageBody":"Added categorisation to organise quiz questions by module","fileTypesAndContributionMap":{}},{"hash":"45183848877790c1b25b0c46e295570a906149a1","isMergeCommit":false,"messageTitle":"Added Junit testing for command to mark question difficulty, abstracted out class MockStorage for reuse during testing","messageBody":"","fileTypesAndContributionMap":{"test-code":{"insertions":186,"deletions":35}}},{"hash":"86d74d03ea53982ce91b3495df39f255fbd2023a","isMergeCommit":false,"messageTitle":"Added junit testing for command to mark question difficulty, abstracted out class MockStorage for easy reuse in testing","messageBody":"","fileTypesAndContributionMap":{"test-code":{"insertions":192,"deletions":36}}},{"hash":"2c95f662f577ae85402c9f6e201aed789e4fee4a","isMergeCommit":true,"messageTitle":"Merge pull request #62 from spinoandraptos/junit-mark-difficulty","messageBody":"Added junit testing for command to mark question difficulty, abstract…","fileTypesAndContributionMap":{}}]},{"date":"2023-10-23","commitResults":[{"hash":"7412057e77ee27c74055b20055258a24b3543468","isMergeCommit":true,"messageTitle":"Merge branch \u0027junit-mark-difficulty\u0027","messageBody":"# Conflicts:\n#\tsrc/test/java/quizhub/command/CommandDeleteTest.java\n#\tsrc/test/java/quizhub/command/CommandMarkTest.java\n#\tsrc/test/java/quizhub/storage/MockStorage.java\n","fileTypesAndContributionMap":{}}]},{"date":"2023-10-24","commitResults":[{"hash":"076594dc7c3f40cb8ba6d368a569ffb71dd4b313","isMergeCommit":true,"messageTitle":"Developer guide - added parser details","messageBody":"","fileTypesAndContributionMap":{}},{"hash":"30d21e663aad83726249ee80c1a679e99a243ab1","isMergeCommit":true,"messageTitle":"Merge branch \u0027master\u0027 into branch-RandomQnsStart","messageBody":"","fileTypesAndContributionMap":{}},{"hash":"65895a275aad73ce81415e2a417c0afbfdc7ef9d","isMergeCommit":true,"messageTitle":"Merge pull request #66 from yeo-menghan/branch-RandomQnsStart","messageBody":"Clarify details for Start command in parser","fileTypesAndContributionMap":{}},{"hash":"784e934163a5651180b64ecc00be36a14ec45b1b","isMergeCommit":true,"messageTitle":"Merge branch \u0027master\u0027 into developer-guide","messageBody":"","fileTypesAndContributionMap":{}},{"hash":"c795434676e4e1e54667589b68086f6bd70a0145","isMergeCommit":true,"messageTitle":"Merge pull request #67 from spinoandraptos/developer-guide","messageBody":"Developer guide","fileTypesAndContributionMap":{}}]},{"date":"2023-10-25","commitResults":[{"hash":"eaec1cdac145b8d2e9350b6a523da42ed8ee5c11","isMergeCommit":false,"messageTitle":"Optimised question difficulty processing","messageBody":"","fileTypesAndContributionMap":{"functional-code":{"insertions":12,"deletions":23}}},{"hash":"8460f898f85d5c7bee4242cf0ff835dc825c7fe4","isMergeCommit":true,"messageTitle":"Merge branch \u0027master\u0027 of https://github.com/AY2324S1-CS2113-W12-1/tp","messageBody":"# Conflicts:\n#\tsrc/main/java/quizhub/parser/Parser.java\n","fileTypesAndContributionMap":{}},{"hash":"b501674b35695192c02516c01ccfbef2348851e0","isMergeCommit":true,"messageTitle":"Merge pull request #77 from spinoandraptos/master","messageBody":"Optimised question difficulty interpreting","fileTypesAndContributionMap":{}}]},{"date":"2023-10-26","commitResults":[{"hash":"9d20f3f3662467dfe485c090a4f5c26ca0bfb17e","isMergeCommit":true,"messageTitle":"Merge branch \u0027master\u0027 of https://github.com/AY2324S1-CS2113-W12-1/tp","messageBody":"","fileTypesAndContributionMap":{}},{"hash":"24e0b27d25c307fb92fea9460feba9f91b0c4cb1","isMergeCommit":false,"messageTitle":"Abstracted command parsing for CommandMarkDifficulty and CommandStart into the Parser class","messageBody":"","fileTypesAndContributionMap":{"functional-code":{"insertions":85,"deletions":62}}},{"hash":"e698226b035dc121af0a2c7b14823f9cbc231e8c","isMergeCommit":false,"messageTitle":"Documentation fixes","messageBody":"","fileTypesAndContributionMap":{"functional-code":{"insertions":1,"deletions":1}}},{"hash":"f028743ca528591025ae81dbe26ffbf59ad1adc5","isMergeCommit":false,"messageTitle":"Checkstyle fixes","messageBody":"","fileTypesAndContributionMap":{"functional-code":{"insertions":1,"deletions":2}}},{"hash":"1552d4abd894466393d25f95f969781e366c8d51","isMergeCommit":true,"messageTitle":"Merge pull request #96 from spinoandraptos/parser-refactoring","messageBody":"Abstracted command parsing from CommandMarkDifficulty and CommandStart into Parser class","fileTypesAndContributionMap":{}},{"hash":"ca9052578ebab34d31bd32ccc32b0b473ddb9d88","isMergeCommit":false,"messageTitle":"Fixed UI display errors","messageBody":"","fileTypesAndContributionMap":{"functional-code":{"insertions":3,"deletions":3}}}]},{"date":"2023-10-27","commitResults":[{"hash":"a9353f69c3c628907557794a4f0327a8c6771b4a","isMergeCommit":true,"messageTitle":"Merge branch \u0027master\u0027 of https://github.com/AY2324S1-CS2113-W12-1/tp","messageBody":"","fileTypesAndContributionMap":{}},{"hash":"95dc70f0db3ad00e68e2588fe735bc468849f293","isMergeCommit":false,"messageTitle":"Updated Junit tests for CommandStart and CommandMarkDifficulty","messageBody":"","fileTypesAndContributionMap":{"functional-code":{"insertions":93,"deletions":71},"other":{"insertions":1,"deletions":0},"test-code":{"insertions":339,"deletions":208}}},{"hash":"fb19b6801138c5d05e73c89c3b287c33ccd1dbb7","isMergeCommit":false,"messageTitle":"Fixed Checkstyle errors","messageBody":"","fileTypesAndContributionMap":{"test-code":{"insertions":0,"deletions":1}}},{"hash":"87bc426b2f8fdc90be5341f93cbe2f05a32beca9","isMergeCommit":true,"messageTitle":"Merge branch \u0027master\u0027 of https://github.com/AY2324S1-CS2113-W12-1/tp","messageBody":"","fileTypesAndContributionMap":{}},{"hash":"0d8604dfcb65893f874a233671b17eafcf524ae7","isMergeCommit":true,"messageTitle":"Merge branch \u0027master\u0027 of https://github.com/AY2324S1-CS2113-W12-1/tp into parser-refactoring-test","messageBody":"","fileTypesAndContributionMap":{}},{"hash":"493de44748acceba4c70d6a7cc1778f3e05874f7","isMergeCommit":false,"messageTitle":"Fixed failing tests","messageBody":"","fileTypesAndContributionMap":{"functional-code":{"insertions":12,"deletions":9}}},{"hash":"85a94278750add285f2cc2d2e41bdcb66aabf68c","isMergeCommit":false,"messageTitle":"Fixed failing tests","messageBody":"","fileTypesAndContributionMap":{"test-code":{"insertions":3,"deletions":3}}},{"hash":"314abaca8eba6369318b08a25edda2275731ccb4","isMergeCommit":true,"messageTitle":"Merge pull request #101 from spinoandraptos/parser-refactoring-test","messageBody":"Updated Junit tests for CommandStart and CommandMarkDifficulty","fileTypesAndContributionMap":{}},{"hash":"3dce94b26f7ab31c447340028c258c4b45906dba","isMergeCommit":true,"messageTitle":"Merge branch \u0027parser-refactoring-test\u0027","messageBody":"","fileTypesAndContributionMap":{}}]},{"date":"2023-10-28","commitResults":[{"hash":"d172b15fc19a1478c724f92be44f77874d783090","isMergeCommit":false,"messageTitle":"Updated parser parseCommand sequence diagram","messageBody":"","fileTypesAndContributionMap":{"docs":{"insertions":1,"deletions":1}}},{"hash":"69d8a0b9023f6dd1aa697f4a7e67f880b52bffb9","isMergeCommit":true,"messageTitle":"Merge pull request #108 from spinoandraptos/master","messageBody":"Updated Parser parseCommand Sequence Diagram ","fileTypesAndContributionMap":{}},{"hash":"28715538d00b192887adbc20a2ce55b394997903","isMergeCommit":false,"messageTitle":"Added DG appendix and fixed minor formatting issues","messageBody":"","fileTypesAndContributionMap":{"docs":{"insertions":24,"deletions":34}}},{"hash":"baf19adafb423d5f205aa3495809b93b30a84ed0","isMergeCommit":false,"messageTitle":"Added command edit and markdiff to UG","messageBody":"","fileTypesAndContributionMap":{"docs":{"insertions":80,"deletions":33}}},{"hash":"e610b2a7fd4591750f20e979b8444b4e0afc2978","isMergeCommit":false,"messageTitle":"Added command edit and markdiff to UG","messageBody":"","fileTypesAndContributionMap":{"docs":{"insertions":146,"deletions":109}}},{"hash":"220d1220da28ad7bc6e42a01dc39b1fecc83084b","isMergeCommit":true,"messageTitle":"Merge pull request #111 from spinoandraptos/user-guide","messageBody":"Added command edit and markdiff to UG","fileTypesAndContributionMap":{}}]},{"date":"2023-10-29","commitResults":[{"hash":"5f28e1fe46eb60942bc947379ad9dc83b5fccab4","isMergeCommit":true,"messageTitle":"Merge branch \u0027user-guide\u0027","messageBody":"# Conflicts:\n#\tdocs/DeveloperGuide.md\n#\tdocs/UserGuide.md\n","fileTypesAndContributionMap":{}},{"hash":"ec3e1cb9843b15b97dfbc52021f2a4f161060bdd","isMergeCommit":false,"messageTitle":"UG minor format issue","messageBody":"","fileTypesAndContributionMap":{"docs":{"insertions":1,"deletions":1}}},{"hash":"0ba89c3b74848629c143b227becaed703c32f69e","isMergeCommit":false,"messageTitle":"Fixed DG merge conflict issues","messageBody":"","fileTypesAndContributionMap":{"docs":{"insertions":2,"deletions":36}}},{"hash":"f441f0a5adbc20852fb3830ec3a2a063f3d68072","isMergeCommit":true,"messageTitle":"Merge branch \u0027master\u0027 of https://github.com/AY2324S1-CS2113-W12-1/tp","messageBody":"","fileTypesAndContributionMap":{}},{"hash":"79ec1e5ef98426f93fb6ab8b5e2286b01b14e109","isMergeCommit":false,"messageTitle":"Edited command output documentation for commandShort","messageBody":"","fileTypesAndContributionMap":{"docs":{"insertions":11,"deletions":5}}},{"hash":"04b1b0e7da9288bb64b1dd039643b78edab86cec","isMergeCommit":true,"messageTitle":"Merge pull request #115 from spinoandraptos/master","messageBody":"Fixed some UG and DG formatting issues ","fileTypesAndContributionMap":{}},{"hash":"a61da160651908eb7593de701a261cc1f07bc232","isMergeCommit":false,"messageTitle":"Fixed UG command output diplay formatting issue","messageBody":"","fileTypesAndContributionMap":{"docs":{"insertions":27,"deletions":27}}},{"hash":"5feab10fa34b9586be80bcaca1c9e6d4a93a3be9","isMergeCommit":false,"messageTitle":"Fixed UG command output formatting issues","messageBody":"","fileTypesAndContributionMap":{"functional-code":{"insertions":1,"deletions":1},"docs":{"insertions":14,"deletions":1}}},{"hash":"575c352513ddd1675b3338b80dad6c6b9796d616","isMergeCommit":true,"messageTitle":"Merge pull request #116 from spinoandraptos/master","messageBody":"Fixed UG command output display formatting","fileTypesAndContributionMap":{}},{"hash":"d25ebf8db4dae0634147f8c4ac4edc916a113dcf","isMergeCommit":false,"messageTitle":"Fixed UG help command description","messageBody":"","fileTypesAndContributionMap":{"docs":{"insertions":3,"deletions":6}}},{"hash":"475c4fb2e8b2c08a0121af819ff6d8447125ca7c","isMergeCommit":true,"messageTitle":"Merge pull request #117 from spinoandraptos/master","messageBody":"Fixed UG help command description","fileTypesAndContributionMap":{}}]}],"StevenGX12":[{"date":"2023-10-04","commitResults":[{"hash":"89a5fcaa30ce7cd31fe47503bb2873226575c6b8","isMergeCommit":true,"messageTitle":"Merge pull request #2 from James-Hong-Jey/master","messageBody":"Add James","fileTypesAndContributionMap":{}},{"hash":"9dc6e6889ff581686f9e040603ee748d51c37b1a","isMergeCommit":false,"messageTitle":"added Guan Xiao AboutUs.md","messageBody":"","fileTypesAndContributionMap":{"docs":{"insertions":1,"deletions":1}}},{"hash":"e43a7268e881e66880f125a55ba992a5659e1637","isMergeCommit":true,"messageTitle":"resolved merge conflict","messageBody":"","fileTypesAndContributionMap":{}},{"hash":"5794b6bc163b412507ec00d46d2f9627c6a034f7","isMergeCommit":true,"messageTitle":"Merge pull request #5 from lisizhuang-0121/master","messageBody":"Update aboutus.md","fileTypesAndContributionMap":{}}]},{"date":"2023-10-09","commitResults":[{"hash":"6dde24d6485345dc3c3bce285aa3370f4c826f7c","isMergeCommit":true,"messageTitle":"Merge pull request #12 from yeo-menghan/branch-QuizMode","messageBody":"Branch quiz mode","fileTypesAndContributionMap":{}},{"hash":"919bffd25b6508283eb156867e2dc13853958696","isMergeCommit":false,"messageTitle":"updated UI and help command","messageBody":"","fileTypesAndContributionMap":{"functional-code":{"insertions":33,"deletions":12}}}]},{"date":"2023-10-17","commitResults":[{"hash":"37e590ab99132292aba1ec5031af078a34d57805","isMergeCommit":true,"messageTitle":"Merge pull request #33 from yeo-menghan/branch-StartQuizTest","messageBody":"Branch StartTest","fileTypesAndContributionMap":{}},{"hash":"64a8e454d68bc3ae0aeba542489059b28323e079","isMergeCommit":true,"messageTitle":"Merge pull request #36 from spinoandraptos/junit-test-edit-list-command","messageBody":"Add JUnit CommandEdit, Add JUnit CommandList, Adjust Question Description Display Format","fileTypesAndContributionMap":{}}]},{"date":"2023-10-18","commitResults":[{"hash":"23ba5e69c4bbdf012c8f310e3105264004398153","isMergeCommit":false,"messageTitle":"Add Junit tests for help, find and delete commands","messageBody":"","fileTypesAndContributionMap":{"test-code":{"insertions":275,"deletions":0}}}]},{"date":"2023-10-21","commitResults":[{"hash":"c2027663c8ac122e37a35546af2da8be8d2a4b59","isMergeCommit":false,"messageTitle":"Update JUnit test for Help and Find commands","messageBody":"","fileTypesAndContributionMap":{"functional-code":{"insertions":2,"deletions":1},"test-code":{"insertions":100,"deletions":34}}},{"hash":"18a095a2631ce870544a5c93efd82ab30779ba9b","isMergeCommit":true,"messageTitle":"Merge pull request #49 from StevenGX12/branch-junit-test-help-delete-find-command","messageBody":"Update JUnit test for Help and Find commands","fileTypesAndContributionMap":{}},{"hash":"c3b8139ffd40bc6ae94073568437b9404a5630ce","isMergeCommit":false,"messageTitle":"Add module attribute to question and search by module function","messageBody":"","fileTypesAndContributionMap":{"functional-code":{"insertions":72,"deletions":8},"test-code":{"insertions":15,"deletions":15}}}]},{"date":"2023-10-24","commitResults":[{"hash":"2f6f59f0c13ee0b29ac45e88736757b5fa17fb33","isMergeCommit":false,"messageTitle":"Add Storage component to developer guide Add several assertions in different classes","messageBody":"","fileTypesAndContributionMap":{"functional-code":{"insertions":3,"deletions":0},"docs":{"insertions":47,"deletions":0},"test-code":{"insertions":2,"deletions":0}}},{"hash":"50b67f23f9b68a2f68c2912813b942e27c23d08a","isMergeCommit":false,"messageTitle":"Update developer guide","messageBody":"","fileTypesAndContributionMap":{"docs":{"insertions":1,"deletions":0}}},{"hash":"24a0b4adcea8281b87de99a9697dcf53dbfec03f","isMergeCommit":true,"messageTitle":"Merge pull request #71 from StevenGX12/branch-developer-guide","messageBody":"Update developer guide","fileTypesAndContributionMap":{}}]},{"date":"2023-10-26","commitResults":[{"hash":"a42dacee2795f4d1a17444b40889359e7d35a9dc","isMergeCommit":false,"messageTitle":"Add UI component of developer guide","messageBody":"","fileTypesAndContributionMap":{"docs":{"insertions":32,"deletions":0}}},{"hash":"6ce8ba86521d5a3db6dbc61b344d7ebbb2ca663b","isMergeCommit":false,"messageTitle":"Refactor parsing elements from CommandEdit to Parser Fixed tests for CommandFind and CommandEdit","messageBody":"","fileTypesAndContributionMap":{"functional-code":{"insertions":44,"deletions":41},"test-code":{"insertions":80,"deletions":22}}},{"hash":"b0aafa75f406e3f84e19146b4783ce959f15f7a6","isMergeCommit":false,"messageTitle":"Fixed bug in CommandEditTest","messageBody":"","fileTypesAndContributionMap":{"test-code":{"insertions":1,"deletions":1}}},{"hash":"32dd7db1a0dc748db256c8c676da8bc9e5b9137e","isMergeCommit":true,"messageTitle":"Merge pull request #97 from StevenGX12/branch-code-refactor","messageBody":"Refactor parsing elements from CommandEdit to Parser\r\nFixed tests for CommandFind and CommandEdit","fileTypesAndContributionMap":{}}]},{"date":"2023-10-29","commitResults":[{"hash":"54baf920c7a7fdbe6e96545125fd0369ab6de711","isMergeCommit":false,"messageTitle":"Add user guide for \u0027delete\u0027 and \u0027find\u0027 commands","messageBody":"","fileTypesAndContributionMap":{"docs":{"insertions":38,"deletions":0}}},{"hash":"932ab82eb97ae8c9f48fcf4f997751f94ce864f6","isMergeCommit":true,"messageTitle":"Merge pull request #112 from StevenGX12/branch-user-guide","messageBody":"Add user guide for \u0027delete\u0027 and \u0027find\u0027 commands","fileTypesAndContributionMap":{}}]}],"yeo-menghan":[{"date":"2023-10-04","commitResults":[{"hash":"437a578d991ab42603936e351239623440e806c8","isMergeCommit":false,"messageTitle":"Update README.md","messageBody":"Change from Duke to QuizHub on ReadMe","fileTypesAndContributionMap":{"docs":{"insertions":1,"deletions":1}}},{"hash":"96293a9443789434cf941b15cdebf0bbfa57d745","isMergeCommit":false,"messageTitle":"Add personal details(Meng Han) on AboutUs.md","messageBody":"","fileTypesAndContributionMap":{"docs":{"insertions":7,"deletions":7}}},{"hash":"568326efb68a7553262bf268501d90613739f023","isMergeCommit":true,"messageTitle":"Merge pull request #4 from spinoandraptos/master","messageBody":"add Juncheng","fileTypesAndContributionMap":{}}]},{"date":"2023-10-09","commitResults":[{"hash":"908207acef2fd89a00b4a74737adf8ded8a80145","isMergeCommit":true,"messageTitle":"Merge pull request #10 from AY2324S1-CS2113-W12-1/CommandEdit-and-Storage","messageBody":"Added CommandEdit, Implemented Storage","fileTypesAndContributionMap":{}},{"hash":"53259b048ec950c253cbc566fedba93fdad0d2f7","isMergeCommit":false,"messageTitle":"Add quiz mode with Start command - known bug: displaying both Question \u0026 Answer","messageBody":"","fileTypesAndContributionMap":{"functional-code":{"insertions":83,"deletions":2}}},{"hash":"afbcce9d71aef01eec2235c69a34d0fe5ad737cb","isMergeCommit":false,"messageTitle":"Implement v1.0 start quiz mode - hide answer when displaying question","messageBody":"","fileTypesAndContributionMap":{"functional-code":{"insertions":37,"deletions":17}}}]},{"date":"2023-10-11","commitResults":[{"hash":"37435c2000856c832080cfb16ba748d83ee56dee","isMergeCommit":true,"messageTitle":"Merge pull request #13 from StevenGX12/branch-feature-ui","messageBody":"updated UI and help command","fileTypesAndContributionMap":{}}]},{"date":"2023-10-16","commitResults":[{"hash":"ac403d72be67d1f75c3320a5126fbbc221e2574d","isMergeCommit":false,"messageTitle":"Add StartQuiz test in file QuestionListTest","messageBody":"","fileTypesAndContributionMap":{"test-code":{"insertions":114,"deletions":0}}},{"hash":"0e8d55308019df6e501da3711ea7e1e81e61fcda","isMergeCommit":false,"messageTitle":"Add preliminary storage features - test cases 3/3 fail","messageBody":"","fileTypesAndContributionMap":{"functional-code":{"insertions":15,"deletions":0},"test-code":{"insertions":16,"deletions":0}}}]},{"date":"2023-10-17","commitResults":[{"hash":"89aec25e8204afaf04a2a153900060902eb265fa","isMergeCommit":true,"messageTitle":"Merge branch \u0027master\u0027 of https://github.com/AY2324S1-CS2113-W12-1/tp into branch-StartQuizTest","messageBody":"","fileTypesAndContributionMap":{}},{"hash":"ab851efe950edee1dd31f03c777751cc81bc32f0","isMergeCommit":false,"messageTitle":"Pull from remote. Fix testStartQuizWithNoQuestions and testAddQuestionToListAndStorage","messageBody":"","fileTypesAndContributionMap":{"functional-code":{"insertions":9,"deletions":1},"test-code":{"insertions":35,"deletions":23}}},{"hash":"e5a87ba72c59146eea2aa540c6d9059ef82dd580","isMergeCommit":false,"messageTitle":"Move QuestionListTest from parser to command - rename to StartTest","messageBody":"","fileTypesAndContributionMap":{"functional-code":{"insertions":0,"deletions":4},"other":{"insertions":2,"deletions":2}}},{"hash":"f7fc87e17f86a4e5fa1f64ea8c8d49358f3d6f46","isMergeCommit":false,"messageTitle":"Pass 3/3 StartTest.java","messageBody":"","fileTypesAndContributionMap":{"functional-code":{"insertions":2,"deletions":2},"test-code":{"insertions":5,"deletions":5}}},{"hash":"f17f3f8e6ff57b28b8b41862a9517d3efa054626","isMergeCommit":false,"messageTitle":"Add CustomLogger Class - provide logging capabilities to QuizHub","messageBody":"","fileTypesAndContributionMap":{"functional-code":{"insertions":23,"deletions":0}}},{"hash":"e86f5576f77bd60660ddaea01b2004011478424f","isMergeCommit":true,"messageTitle":"Merge pull request #37 from lisizhuang-0121/master","messageBody":"Fix minor code quality issues.","tags":["Version_1_0"],"fileTypesAndContributionMap":{}}]},{"date":"2023-10-18","commitResults":[{"hash":"821b499e492917b6e4c50eba020b8c1a6839b65e","isMergeCommit":true,"messageTitle":"Merge pull request #38 from lisizhuang-0121/master","messageBody":"Fix minor bugs in adding questions and taking quiz","fileTypesAndContributionMap":{}}]},{"date":"2023-10-23","commitResults":[{"hash":"394b2be754c0261ccd2cabd51b5abc4e12ec3159","isMergeCommit":false,"messageTitle":"Update parser help for start command","messageBody":"","fileTypesAndContributionMap":{"functional-code":{"insertions":13,"deletions":3}}},{"hash":"d276d02dc73ea4d49ec352125f1ec18acd21f6a8","isMergeCommit":false,"messageTitle":"Clarify definition of Command Shuffle","messageBody":"","fileTypesAndContributionMap":{"functional-code":{"insertions":1,"deletions":2}}},{"hash":"fb00c8cb043f6bc35a76b77c4bfeb4a13af5445c","isMergeCommit":false,"messageTitle":"implement /normal and /random to startCommand to randomise or sequence questions","messageBody":"","fileTypesAndContributionMap":{"functional-code":{"insertions":34,"deletions":4}}},{"hash":"a1f98f18b169094bf054a4639d0ec7584320f4a1","isMergeCommit":false,"messageTitle":"Refactor executeCommand in CommandStart","messageBody":"","fileTypesAndContributionMap":{"functional-code":{"insertions":25,"deletions":32}}},{"hash":"36f65e810a94fabeabae270a05b02510a9d3761f","isMergeCommit":false,"messageTitle":"Extend short command to be clear","messageBody":"","fileTypesAndContributionMap":{"functional-code":{"insertions":1,"deletions":1}}}]},{"date":"2023-10-24","commitResults":[{"hash":"cca0cee732367b417feade88a0400aca22811735","isMergeCommit":false,"messageTitle":"Clarify details for Start command in parser","messageBody":"","fileTypesAndContributionMap":{"functional-code":{"insertions":1,"deletions":1}}},{"hash":"48c585a348444dc89362efbb490d443a9ff96997","isMergeCommit":false,"messageTitle":"Add /random to CommandStart","messageBody":"","fileTypesAndContributionMap":{"functional-code":{"insertions":2,"deletions":2},"docs":{"insertions":0,"deletions":2}}},{"hash":"bfa0dbaf71d34f67f1d77516511602d6cd51252a","isMergeCommit":true,"messageTitle":"Reimplement /random to CommandStart to resolve merge conflict","messageBody":"","fileTypesAndContributionMap":{}},{"hash":"497a8678a512fec18759da039c2146823b2606de","isMergeCommit":false,"messageTitle":"Convert /random feature from if-else to switch","messageBody":"","fileTypesAndContributionMap":{"functional-code":{"insertions":7,"deletions":6}}},{"hash":"e2790379dd843d533a2efd077f72a77374fda7f5","isMergeCommit":true,"messageTitle":"Merge branch \u0027master\u0027 of https://github.com/AY2324S1-CS2113-W12-1/tp into branch-RandomQnsStart","messageBody":"","fileTypesAndContributionMap":{}},{"hash":"230a9be8548c0e1949800de7a700a91f017001c9","isMergeCommit":true,"messageTitle":"Merge pull request #68 from yeo-menghan/branch-RandomQnsStart","messageBody":"Branch random qns start","fileTypesAndContributionMap":{}},{"hash":"ee3a30e89e97a885127654cfb9922b8b2e1e7dee","isMergeCommit":false,"messageTitle":"Add StartCommand uml and StartCommand documentation to DeveloperGuide.md","messageBody":"","fileTypesAndContributionMap":{"docs":{"insertions":66,"deletions":36}}},{"hash":"74667af8a90c7b0a99ecf14324df5242abe80b83","isMergeCommit":true,"messageTitle":"Merge pull request #69 from yeo-menghan/branch-CommandStartUML","messageBody":"Add StartCommand uml and StartCommand documentation to DeveloperGuide.md","fileTypesAndContributionMap":{}}]},{"date":"2023-10-26","commitResults":[{"hash":"07f3f38d233e40fb27b2343eca1cc93f006e4912","isMergeCommit":true,"messageTitle":"Merge pull request #89 from lisizhuang-0121/master","messageBody":"Fix tests in Delete, Edit, Find, List, and Start Test","fileTypesAndContributionMap":{}},{"hash":"edc42130ed23db3fc87396459b920bb24efac7a7","isMergeCommit":false,"messageTitle":"Remove \\r from failed test cases to achieve 100% test cases pass rate","messageBody":"","fileTypesAndContributionMap":{"test-code":{"insertions":8,"deletions":8}}},{"hash":"a6ae45406e4159fb94ec01751c78d5e35b9cb5e3","isMergeCommit":true,"messageTitle":"Merge pull request #90 from yeo-menghan/branch-TestCI","messageBody":"Remove \\r from failed test cases to achieve 100% test cases pass rate","fileTypesAndContributionMap":{}}]},{"date":"2023-10-27","commitResults":[{"hash":"d849948bec9bff5ec4ec88243682d9bf7b71048f","isMergeCommit":false,"messageTitle":"Init CommandStartTest2","messageBody":"","fileTypesAndContributionMap":{"test-code":{"insertions":146,"deletions":0}}},{"hash":"67c2f966ef8db9da9605b3c496f25e2ae9bf85bf","isMergeCommit":true,"messageTitle":"Merge branch \u0027master\u0027 of https://github.com/AY2324S1-CS2113-W12-1/tp into branch-CommandStartTest2","messageBody":"","fileTypesAndContributionMap":{}},{"hash":"28c555440691ba33b6669122a0bb45ff947a4867","isMergeCommit":false,"messageTitle":"Add UG for Introduction and /help command","messageBody":"","fileTypesAndContributionMap":{"docs":{"insertions":33,"deletions":12},"test-code":{"insertions":0,"deletions":147}}},{"hash":"b18c8df13adb3ec8882607606e40397fa1a9562a","isMergeCommit":false,"messageTitle":"Add UG for /list and /short commands","messageBody":"","fileTypesAndContributionMap":{"docs":{"insertions":28,"deletions":0}}},{"hash":"e82b7aba052bf90723fb4bd74c79991d19846fc8","isMergeCommit":false,"messageTitle":"Add UG for /start and /shuffle commands","messageBody":"","fileTypesAndContributionMap":{"docs":{"insertions":38,"deletions":0}}},{"hash":"9e89a05f90c995aeaf1f30e7123e5d0e6b4dfba5","isMergeCommit":false,"messageTitle":"Edit feature list in UG and add Command Cheatsheet in UG","messageBody":"","fileTypesAndContributionMap":{"docs":{"insertions":47,"deletions":41}}},{"hash":"7570f4b92f4a5c86562d382c0e05346e5e0f5480","isMergeCommit":true,"messageTitle":"Merge pull request #99 from yeo-menghan/branch-UG","messageBody":"Branch UG init","fileTypesAndContributionMap":{}}]}],"James-Hong-Jey":[{"date":"2023-10-04","commitResults":[{"hash":"cfa71b85ff164366845684af16d070e31ea60359","isMergeCommit":false,"messageTitle":"Change aboutus.md","messageBody":"","fileTypesAndContributionMap":{"docs":{"insertions":1,"deletions":1}}},{"hash":"ff15f0850b54fd060d30b9efb9967fc1e0d9ab18","isMergeCommit":true,"messageTitle":"Resolve merge conflict","messageBody":"","fileTypesAndContributionMap":{}}]},{"date":"2023-10-08","commitResults":[{"hash":"59726e824ebe24615b40411cb772b0cd1af4b63f","isMergeCommit":true,"messageTitle":"Merge pull request #7 from lisizhuang-0121/master","messageBody":"Refactor code to align with QuizHub code structure.","fileTypesAndContributionMap":{}},{"hash":"5781673f896f0c94d455e6f90bd81064a2b60c5d","isMergeCommit":false,"messageTitle":"Change Task words to Question, Comment out old code","messageBody":"","fileTypesAndContributionMap":{"functional-code":{"insertions":388,"deletions":382}}},{"hash":"6ae2d08763bc68f7ce450755d3341b498a8f2075","isMergeCommit":false,"messageTitle":"Add CommandShortAnswer, remove redundancies","messageBody":"","fileTypesAndContributionMap":{"functional-code":{"insertions":31,"deletions":38},"other":{"insertions":6,"deletions":6}}}]},{"date":"2023-10-16","commitResults":[{"hash":"3689320d26a5d1629ca650330a058b18c15a637b","isMergeCommit":false,"messageTitle":"Add JUnit CommandShortAnswer, Add JUnit addToQuestionList","messageBody":"","fileTypesAndContributionMap":{"functional-code":{"insertions":10,"deletions":1},"test-code":{"insertions":45,"deletions":0}}}]},{"date":"2023-10-17","commitResults":[{"hash":"7a965c94ecafa3507c2246700af709a8e035b42f","isMergeCommit":true,"messageTitle":"Merge pull request #32 from James-Hong-Jey/JUnit","messageBody":"Add JUnit CommandShortAnswer, Add JUnit addToQuestionList","fileTypesAndContributionMap":{}}]},{"date":"2023-10-21","commitResults":[{"hash":"2d48b66fa0ac979743ad4042ad721157907b1fea","isMergeCommit":false,"messageTitle":"Add Shuffle","messageBody":"","fileTypesAndContributionMap":{"functional-code":{"insertions":23,"deletions":1}}},{"hash":"94f03b08917c989740c4aad088c8ac9b6cb66710","isMergeCommit":false,"messageTitle":"Add an assert and a logging","messageBody":"","fileTypesAndContributionMap":{"functional-code":{"insertions":6,"deletions":0}}},{"hash":"973220a81069c775bc9ce5aa1d62ccd51f606da2","isMergeCommit":false,"messageTitle":"Clean up Find command","messageBody":"","fileTypesAndContributionMap":{"functional-code":{"insertions":1,"deletions":4}}},{"hash":"c83703fe81ed2dd8f4f32e1cd634fe4dcf0bfd1a","isMergeCommit":false,"messageTitle":"Add Dev Guide Architecture","messageBody":"","fileTypesAndContributionMap":{"docs":{"insertions":21,"deletions":2}}},{"hash":"636404c0ddaeffae283f1f9978da51e626a03f5e","isMergeCommit":true,"messageTitle":"Merge pull request #55 from James-Hong-Jey/master","messageBody":"Add Architecture to Dev Guide","fileTypesAndContributionMap":{}}]},{"date":"2023-10-24","commitResults":[{"hash":"8eff0aa37130c992176747b7492a81e7b467881f","isMergeCommit":true,"messageTitle":"Merge pull request #64 from yeo-menghan/branch-RandomQnsStart","messageBody":"Branch random qns start","fileTypesAndContributionMap":{}},{"hash":"4c31e670091d8b8623045ef038dd0677faa4c706","isMergeCommit":false,"messageTitle":"Revert \"Branch random qns start\"","messageBody":"","fileTypesAndContributionMap":{"functional-code":{"insertions":18,"deletions":50}}},{"hash":"75b8cefa4e66396db41a38fe53c5fca5c56a331b","isMergeCommit":true,"messageTitle":"Merge pull request #65 from AY2324S1-CS2113-W12-1/revert-64-branch-RandomQnsStart","messageBody":"Revert \"Branch random qns start\"","fileTypesAndContributionMap":{}},{"hash":"7a52c4a396e0e4f2067745f743607d01275b11c4","isMergeCommit":false,"messageTitle":"Add Short Command and Find Command to Dev Guide","messageBody":"","fileTypesAndContributionMap":{"docs":{"insertions":30,"deletions":0}}},{"hash":"3f850e1678e0167cd2c3c3868c7e601a154824d2","isMergeCommit":true,"messageTitle":"Merge pull request #70 from James-Hong-Jey/master","messageBody":"Add Short Command and Find Command to Dev Guide","fileTypesAndContributionMap":{}}]},{"date":"2023-10-25","commitResults":[{"hash":"ebf475c90b99fe9d6d3aa92bb985a9413c5147b0","isMergeCommit":false,"messageTitle":"Add Short Command diagram","messageBody":"","fileTypesAndContributionMap":{"docs":{"insertions":3,"deletions":0}}},{"hash":"52e9f4189576a52196d287369f67fd5595f54dec","isMergeCommit":true,"messageTitle":"Merge pull request #72 from James-Hong-Jey/master","messageBody":"Add Short Command Diagram to DG","fileTypesAndContributionMap":{}},{"hash":"6a2bd99d3c3a5fcd38caec28c6549910dc9af1fa","isMergeCommit":false,"messageTitle":"Fix test files style","messageBody":"","fileTypesAndContributionMap":{"test-code":{"insertions":24,"deletions":14}}},{"hash":"0aa3c28f9bf7bd41d534d1aae5e3e7f6bc391b31","isMergeCommit":false,"messageTitle":"Fix 1 Junit, 2 left to fix","messageBody":"","fileTypesAndContributionMap":{"functional-code":{"insertions":40,"deletions":34},"test-code":{"insertions":39,"deletions":0}}},{"hash":"5e4abb7ed5853f686f424aadfb582c960d75f4a0","isMergeCommit":true,"messageTitle":"Merge pull request #76 from James-Hong-Jey/master","messageBody":"Pass CI tests halfway","fileTypesAndContributionMap":{}}]},{"date":"2023-10-26","commitResults":[{"hash":"e67b9800fdbbd75a51dc6ee413230fd6a6e50bf8","isMergeCommit":false,"messageTitle":"Fix checkstyle","messageBody":"","fileTypesAndContributionMap":{"functional-code":{"insertions":28,"deletions":36},"test-code":{"insertions":5,"deletions":5}}},{"hash":"d43962c336a76536f2e5408e1c2171dce94e0f5d","isMergeCommit":true,"messageTitle":"Merge pull request #87 from StevenGX12/branch-developer-guide","messageBody":"Add UI component of developer guide","fileTypesAndContributionMap":{}},{"hash":"0c023f11f1f368f6fded9ef6509758a4cf8554a0","isMergeCommit":true,"messageTitle":"Merge branch \u0027master\u0027 of https://github.com/AY2324S1-CS2113-W12-1/tp","messageBody":"","fileTypesAndContributionMap":{}},{"hash":"5751d0bbd081e2f4d90d446cadacadd6c2425195","isMergeCommit":false,"messageTitle":"Attempt fix of edit tests","messageBody":"","fileTypesAndContributionMap":{"test-code":{"insertions":4,"deletions":1}}},{"hash":"67c4dd17ecf6911163fd11737ef539a04c918fdd","isMergeCommit":true,"messageTitle":"Merge pull request #88 from James-Hong-Jey/master","messageBody":"Fix Checkstyle","fileTypesAndContributionMap":{}}]}],"lisizhuang-0121":[{"date":"2023-10-04","commitResults":[{"hash":"db4924094e6d09cacbe80b263645d4f6e6778802","isMergeCommit":true,"messageTitle":"Merge pull request #1 from yeo-menghan/master","messageBody":"Add personal details(Meng Han) on AboutUs.md","fileTypesAndContributionMap":{}},{"hash":"7398eac81f0be5e14293d06439587f84e7cea114","isMergeCommit":false,"messageTitle":"Update aboutus.md","messageBody":"","fileTypesAndContributionMap":{"docs":{"insertions":7,"deletions":7}}}]},{"date":"2023-10-05","commitResults":[{"hash":"be1e01236a2a636b43c835c00d65832c606e7b06","isMergeCommit":false,"messageTitle":"Refactor code to align with QuizHub code structure.","messageBody":"","fileTypesAndContributionMap":{"functional-code":{"insertions":65,"deletions":243},"other":{"insertions":99,"deletions":105}}},{"hash":"815456aa4e9a69f2359c634ce6d3183d0ca11172","isMergeCommit":false,"messageTitle":"Refactor and rename classes for better readability","messageBody":"","fileTypesAndContributionMap":{"functional-code":{"insertions":274,"deletions":462},"other":{"insertions":9,"deletions":9}}}]},{"date":"2023-10-12","commitResults":[{"hash":"7c06aff1313bf138f10ec7375ff55889f31f8e56","isMergeCommit":false,"messageTitle":"Add Invalid Command Class for improved command parsing","messageBody":"","fileTypesAndContributionMap":{"functional-code":{"insertions":43,"deletions":20}}},{"hash":"af8a7aab2f7cff548363c5615fa500b84cf7b7d4","isMergeCommit":true,"messageTitle":"Merge pull request #16 from lisizhuang-0121/master","messageBody":"Add Invalid Command Class for improved command parsing","fileTypesAndContributionMap":{}},{"hash":"76953b2108f83fa551f74a4db56822b3c9c22f8f","isMergeCommit":false,"messageTitle":"Fix minor bug in command parser for handling empty commands","messageBody":"","fileTypesAndContributionMap":{"functional-code":{"insertions":20,"deletions":16}}},{"hash":"c71a386f5bd64788eddb3377662b848b3782e91c","isMergeCommit":true,"messageTitle":"Merge pull request #28 from lisizhuang-0121/master","messageBody":"Fix minor bug in command parser for handling empty commands","fileTypesAndContributionMap":{}},{"hash":"6f9d92535a8c58c94add3a36bf2b6b7e374091f5","isMergeCommit":false,"messageTitle":"Add skeleton for Parser JUnit test with test cases of invalid commands","messageBody":"Edit message field of commandInvalid to public to allow comparison in the tests.\n","fileTypesAndContributionMap":{"functional-code":{"insertions":1,"deletions":1},"test-code":{"insertions":63,"deletions":0}}}]},{"date":"2023-10-17","commitResults":[{"hash":"4fdf529869faba917c09787471e457a9a43c39bb","isMergeCommit":false,"messageTitle":"Add assertions and fix minor code quality issues","messageBody":"","fileTypesAndContributionMap":{"functional-code":{"insertions":98,"deletions":98}}},{"hash":"46c9191ff97396777d903f98670298b78bab1ec6","isMergeCommit":false,"messageTitle":"Fix minor bug in assertion","messageBody":"","fileTypesAndContributionMap":{"functional-code":{"insertions":0,"deletions":2}}},{"hash":"d38040b3ebff23f9e10e4b8bbb1cd541605bcd11","isMergeCommit":false,"messageTitle":"Fix minor bugs in adding questions and taking quiz","messageBody":"Bug 1 - Add question has uncaught exceptions, fixed by checking for null\nBug 2 - Taking quiz may output wrong for white spaces in answers\n","fileTypesAndContributionMap":{"functional-code":{"insertions":9,"deletions":4}}}]},{"date":"2023-10-18","commitResults":[{"hash":"7522945291940993ef8bc68b936802cb438a39be","isMergeCommit":false,"messageTitle":"Fix bug in editing questions and answers","messageBody":"","fileTypesAndContributionMap":{"functional-code":{"insertions":21,"deletions":18},"other":{"insertions":1,"deletions":0}}}]},{"date":"2023-10-21","commitResults":[{"hash":"3400e5554e05c19f7e781646902f06e1f2f5344f","isMergeCommit":false,"messageTitle":"Update skeleton for Developer guide with UML","messageBody":"","fileTypesAndContributionMap":{"docs":{"insertions":64,"deletions":8}}},{"hash":"68b82f82ce1625c492e51edbfa099a8f070250bf","isMergeCommit":true,"messageTitle":"Merge pull request #51 from James-Hong-Jey/shuffle","messageBody":"Add Shuffle, Find","fileTypesAndContributionMap":{}},{"hash":"e8db9d9b43bd4a2a4a1d5a57f54ec35f98af1815","isMergeCommit":true,"messageTitle":"Merge pull request #52 from lisizhuang-0121/master","messageBody":"Update skeleton for Developer guide with UML","fileTypesAndContributionMap":{}},{"hash":"54454cd61ae874d56ee2857fdfd153c9841fa76e","isMergeCommit":true,"messageTitle":"Merge pull request #53 from lisizhuang-0121/master","messageBody":"Add UML Powerpoint Template","fileTypesAndContributionMap":{}}]},{"date":"2023-10-22","commitResults":[{"hash":"b5c467d5a61d9c6dcb6e5caa0f91cb4ad5463c0c","isMergeCommit":false,"messageTitle":"Improve code quality in /storage/Storage.java","messageBody":"Abstract functions for lower nesting level\nImprove error handling for file parsing cases\nImprove program logic\n","fileTypesAndContributionMap":{"functional-code":{"insertions":53,"deletions":33}}},{"hash":"5089a7189cc6d7cd13cfa615f38cbb1998d391af","isMergeCommit":true,"messageTitle":"Merge pull request #60 from lisizhuang-0121/master","messageBody":"Improve code quality in /storage/Storage.java","fileTypesAndContributionMap":{}},{"hash":"07fb6ec555da28475febb6a2927956598ac36d41","isMergeCommit":false,"messageTitle":"Handle invalid question difficulty levels when reading from storage","messageBody":"Ensure questions conform to the 3 difficulty levels by calling the parser class\n","fileTypesAndContributionMap":{"functional-code":{"insertions":6,"deletions":1}}},{"hash":"d2a3e118f4010cad370bc5dd182e929cdad34ae8","isMergeCommit":true,"messageTitle":"Merge pull request #61 from lisizhuang-0121/master","messageBody":"Handle invalid question difficulty levels when reading from storage","fileTypesAndContributionMap":{}}]},{"date":"2023-10-25","commitResults":[{"hash":"840bc8874c62cdae1635bb396c7472e5b92ea891","isMergeCommit":false,"messageTitle":"Update skeleton for parsing commands in Parser","messageBody":"","fileTypesAndContributionMap":{"functional-code":{"insertions":82,"deletions":25},"test-code":{"insertions":1,"deletions":1}}},{"hash":"3de09345ce79e937fe1b28d8547c95d1c96799e4","isMergeCommit":false,"messageTitle":"Convert error messages in commands to public static","messageBody":"","fileTypesAndContributionMap":{"functional-code":{"insertions":37,"deletions":31}}},{"hash":"d3ef7652234fa173d82caf858b55059787f7c7d4","isMergeCommit":true,"messageTitle":"Merge pull request #80 from lisizhuang-0121/master","messageBody":"Refactor code in parser and commands","fileTypesAndContributionMap":{}},{"hash":"ce66fae4dcbdf87e7be7c760939543bf9c09b9e3","isMergeCommit":false,"messageTitle":"Update test for DELETE command","messageBody":"","fileTypesAndContributionMap":{"test-code":{"insertions":7,"deletions":5}}},{"hash":"6298b5e18132f5f793c53653f79c492abe4ef646","isMergeCommit":false,"messageTitle":"Refactor and move FIND command parsing to parser","messageBody":"","fileTypesAndContributionMap":{"functional-code":{"insertions":43,"deletions":39},"test-code":{"insertions":9,"deletions":1}}},{"hash":"491d4ea6282298abf9ad999247a115f48ac92c7b","isMergeCommit":true,"messageTitle":"Merge pull request #85 from lisizhuang-0121/master","messageBody":"Refactor code in command parsing and find command","fileTypesAndContributionMap":{}},{"hash":"aab6e922c577e387de591d9bbdd442e25d2185e2","isMergeCommit":false,"messageTitle":"Abstract function to create short answer question","messageBody":"","fileTypesAndContributionMap":{"functional-code":{"insertions":83,"deletions":76},"test-code":{"insertions":2,"deletions":0}}},{"hash":"e3f9ef91b2e39bf7748595322511426a06b03f63","isMergeCommit":false,"messageTitle":"Fix tests temporarily due to change in add question command","messageBody":"","fileTypesAndContributionMap":{"functional-code":{"insertions":3,"deletions":2},"test-code":{"insertions":21,"deletions":18}}},{"hash":"e1f6cf0c7f744be154bf2ed096925d28869d45d8","isMergeCommit":true,"messageTitle":"Merge pull request #86 from lisizhuang-0121/master","messageBody":"Modify Short Answer Question Command to use parser","fileTypesAndContributionMap":{}}]},{"date":"2023-10-26","commitResults":[{"hash":"0e0bdcaa0bfcfbe380db710e2c02ebde76472d8f","isMergeCommit":false,"messageTitle":"Fix tests in Delete, Edit, Find, List, and Start Test","messageBody":"","fileTypesAndContributionMap":{"test-code":{"insertions":74,"deletions":60}}},{"hash":"47620310a4e57800b720b164b735f2745f03b751","isMergeCommit":false,"messageTitle":"Temporarily disable failed tests for refactoring","messageBody":"","fileTypesAndContributionMap":{"test-code":{"insertions":41,"deletions":41}}},{"hash":"c40c624bfa3912f4b168a06caa5e74576cb41707","isMergeCommit":false,"messageTitle":"Remove line seperators before assertion testing","messageBody":"","fileTypesAndContributionMap":{"test-code":{"insertions":42,"deletions":36}}},{"hash":"d16ffcdc0e7dcac18b6be9842aaa91fa681cc3f7","isMergeCommit":true,"messageTitle":"Merge pull request #95 from lisizhuang-0121/master","messageBody":"Fix CI errors in assertion testing due to line seperators","fileTypesAndContributionMap":{}}]}]},"authorFileTypeContributionMap":{"spinoandraptos":{"docs":245,"functional-code":854,"test-code":670,"other":3},"StevenGX12":{"docs":117,"functional-code":127,"test-code":322},"yeo-menghan":{"docs":103,"functional-code":140,"test-code":48},"James-Hong-Jey":{"docs":50,"functional-code":311,"test-code":75},"lisizhuang-0121":{"docs":54,"functional-code":355,"test-code":154,"other":1}},"authorContributionVariance":{"spinoandraptos":95709.44,"StevenGX12":4508.729,"yeo-menghan":7601.7227,"James-Hong-Jey":19103.39,"lisizhuang-0121":48132.215},"authorDisplayNameMap":{"spinoandraptos":"CS2113-W12-1 MAN ..HENG","StevenGX12":"CS2113-W12-1 GUAN..XIAO","yeo-menghan":"CS2113-W12-1 YEO .. HAN","James-Hong-Jey":"CS2113-W12-1 JAME.. JEY","lisizhuang-0121":"CS2113-W12-1 LI S..UANG"}}
