{"authorDailyContributionsMap":{"spinoandraptos":[{"date":"2023-10-04","commitResults":[{"hash":"6c6d1698f76fbc9d508f95105074ab9f2110d65c","isMergeCommit":true,"messageTitle":"Merge pull request #3 from StevenGX12/master","messageBody":"Add Guan Xiao","fileTypesAndContributionMap":{}},{"hash":"df29befffe396116433778af88e0a3623bece7fc","isMergeCommit":false,"messageTitle":"add Juncheng","messageBody":"","fileTypesAndContributionMap":{"docs":{"insertions":6,"deletions":6}}},{"hash":"419f657d64069e11fed53b7deb272799c0cf26f6","isMergeCommit":false,"messageTitle":"Refactoring","messageBody":"","fileTypesAndContributionMap":{"functional-code":{"insertions":1335,"deletions":21}}},{"hash":"7d646598095de5b46119f52d8328c6dcbe88e668","isMergeCommit":true,"messageTitle":"Merge pull request #6 from spinoandraptos/master","messageBody":"Refactoring","fileTypesAndContributionMap":{}}]},{"date":"2023-10-08","commitResults":[{"hash":"84ed7d900a90383cf0be6bb3cf33621d45496623","isMergeCommit":true,"messageTitle":"Merge pull request #8 from James-Hong-Jey/master","messageBody":"","fileTypesAndContributionMap":{}},{"hash":"174c6b202404b7d3e4890aea3b763a50171dff07","isMergeCommit":true,"messageTitle":"Merge pull request #9 from James-Hong-Jey/master","messageBody":"Add CommandShortAnswer, Update Parser","fileTypesAndContributionMap":{}},{"hash":"3189b597a50f04c45de9a88523964aeeb1bdcb7f","isMergeCommit":false,"messageTitle":"Added CommandEdit, Implemented Storage","messageBody":"","fileTypesAndContributionMap":{"functional-code":{"insertions":154,"deletions":112},"other":{"insertions":3,"deletions":3}}}]},{"date":"2023-10-12","commitResults":[{"hash":"8c043626b9ce59e181aef4173d1ccfd720fa7a51","isMergeCommit":true,"messageTitle":"Merge pull request #29 from lisizhuang-0121/master","messageBody":"Closes #27 Add skeleton for Parser JUnit test with test cases of invalid commands","fileTypesAndContributionMap":{}}]},{"date":"2023-10-17","commitResults":[{"hash":"d2d4c2442c60bc271a2448e5e30c354de723dfc5","isMergeCommit":false,"messageTitle":"Added tests for edit and list commands","messageBody":"","fileTypesAndContributionMap":{"functional-code":{"insertions":1,"deletions":2},"test-code":{"insertions":223,"deletions":0}}},{"hash":"619754ac78040fedfcce7715229d1123faf8ff29","isMergeCommit":true,"messageTitle":"Merge pull request #35 from yeo-menghan/branch-Logger","messageBody":"Add CustomLogger Class - provide logging capabilities to QuizHub","fileTypesAndContributionMap":{}},{"hash":"9d306428b7e46da2eac2f6a781e197979ed989ed","isMergeCommit":true,"messageTitle":"Merge branch \u0027master\u0027 of https://github.com/AY2324S1-CS2113-W12-1/tp into junit-test-edit-list-command","messageBody":"","fileTypesAndContributionMap":{}}]},{"date":"2023-10-18","commitResults":[{"hash":"77d5af63c40d5d1fec590a1839a9bda7e30cd8e5","isMergeCommit":true,"messageTitle":"Merge pull request #39 from StevenGX12/branch-junit-test-help-delete-find-command","messageBody":"","fileTypesAndContributionMap":{}},{"hash":"02b2e656c2151f89645110e520df79a52d260788","isMergeCommit":true,"messageTitle":"Merge pull request #41 from lisizhuang-0121/master","messageBody":"Fix bug in editing questions and answers","fileTypesAndContributionMap":{}}]},{"date":"2023-10-21","commitResults":[{"hash":"803188901bf34d49d8dc2801c4b8f85cb756afdb","isMergeCommit":true,"messageTitle":"Merge pull request #50 from StevenGX12/branch-categorize-questions-by-module","messageBody":"","fileTypesAndContributionMap":{}},{"hash":"ac9694149cfd7f2e2faa3ae9a451f888d61f47ba","isMergeCommit":false,"messageTitle":"Refactored code to meet coding standards","messageBody":"","fileTypesAndContributionMap":{"functional-code":{"insertions":111,"deletions":94},"other":{"insertions":2,"deletions":2},"test-code":{"insertions":63,"deletions":46}}},{"hash":"31df027fc7a15af84706e70831cd02a150409e39","isMergeCommit":true,"messageTitle":"Merge branch \u0027master\u0027 into code-quality-control","messageBody":"","fileTypesAndContributionMap":{}},{"hash":"7201655780fe5ec8aa3946d5fcb1468a03bda511","isMergeCommit":true,"messageTitle":"Merge branch \u0027master\u0027 of https://github.com/AY2324S1-CS2113-W12-1/tp","messageBody":"# Conflicts:\n#\tsrc/main/java/quizhub/questionlist/QuestionList.java\n","fileTypesAndContributionMap":{}},{"hash":"b1d0b039dda0013076f420c3744f03bf48e6d6c7","isMergeCommit":true,"messageTitle":"Merge branch \u0027master\u0027 of https://github.com/AY2324S1-CS2113-W12-1/tp into code-quality-control","messageBody":"# Conflicts:\n#\tsrc/main/java/quizhub/questionlist/QuestionList.java\n","fileTypesAndContributionMap":{}},{"hash":"ff0205d612d5ceed374eb84a5dc5c2221c1beeb7","isMergeCommit":false,"messageTitle":"no message","messageBody":"","fileTypesAndContributionMap":{"docs":{"insertions":8,"deletions":83}}},{"hash":"96298734d292a2b39b661555af39485f9dab05a8","isMergeCommit":true,"messageTitle":"Merge branch \u0027master\u0027 of https://github.com/spinoandraptos/tp into code-quality-control","messageBody":"","fileTypesAndContributionMap":{}},{"hash":"c0c68817e875fde5abfa7df5d05d0c1f512f5450","isMergeCommit":true,"messageTitle":"Merge branch \u0027code-quality-control\u0027 of https://github.com/spinoandraptos/tp into code-quality-control","messageBody":"# Conflicts:\n#\tsrc/main/java/quizhub/questionlist/QuestionList.java\n","fileTypesAndContributionMap":{}},{"hash":"0450003a6bc37a4824ffa42b902355ba2327077e","isMergeCommit":false,"messageTitle":"Refactored Code","messageBody":"","fileTypesAndContributionMap":{"functional-code":{"insertions":5,"deletions":11},"other":{"insertions":1,"deletions":1}}},{"hash":"22bc37216bfac6f1c761c71c5d22a7d66f467c43","isMergeCommit":false,"messageTitle":"Updated checkstyle version","messageBody":"","fileTypesAndContributionMap":{"other":{"insertions":1,"deletions":1}}},{"hash":"28760df5d989cd3a75edd708e8a274374fd22e7f","isMergeCommit":false,"messageTitle":"Refactored code for coding standard","messageBody":"","fileTypesAndContributionMap":{"functional-code":{"insertions":12,"deletions":12}}},{"hash":"a942565335e3305fe202aea376a37b30675cebf1","isMergeCommit":false,"messageTitle":"Refactored Code","messageBody":"","fileTypesAndContributionMap":{"functional-code":{"insertions":8,"deletions":11}}},{"hash":"21f04502757b120fc73d5f0e5b738db96844a704","isMergeCommit":true,"messageTitle":"Merge pull request #56 from spinoandraptos/code-quality-control","messageBody":"Refactored code to meet coding standards","fileTypesAndContributionMap":{}}]},{"date":"2023-10-22","commitResults":[{"hash":"cb2634cafc2f25b928067ae2c5a360551b11b068","isMergeCommit":false,"messageTitle":"Added question difficulty levels","messageBody":"","fileTypesAndContributionMap":{"functional-code":{"insertions":360,"deletions":126},"test-code":{"insertions":59,"deletions":54}}},{"hash":"395063d74f60e949ba60c3fb9f10d3f500a9e6fb","isMergeCommit":true,"messageTitle":"Merge pull request #57 from spinoandraptos/mark-questions","messageBody":"Added question difficulty levels","fileTypesAndContributionMap":{}},{"hash":"596ab0e3e0926218008b05da298bf26f627e6980","isMergeCommit":false,"messageTitle":"Added categorisation for quiz modes","messageBody":"","fileTypesAndContributionMap":{"functional-code":{"insertions":74,"deletions":11},"test-code":{"insertions":2,"deletions":2}}},{"hash":"e0ede314755aa5c33370733627aebd54ba62976d","isMergeCommit":true,"messageTitle":"Merge pull request #59 from spinoandraptos/categorise-questions","messageBody":"Added categorisation to organise quiz questions by module","fileTypesAndContributionMap":{}},{"hash":"45183848877790c1b25b0c46e295570a906149a1","isMergeCommit":false,"messageTitle":"Added Junit testing for command to mark question difficulty, abstracted out class MockStorage for reuse during testing","messageBody":"","fileTypesAndContributionMap":{"test-code":{"insertions":186,"deletions":35}}},{"hash":"86d74d03ea53982ce91b3495df39f255fbd2023a","isMergeCommit":false,"messageTitle":"Added junit testing for command to mark question difficulty, abstracted out class MockStorage for easy reuse in testing","messageBody":"","fileTypesAndContributionMap":{"test-code":{"insertions":192,"deletions":36}}},{"hash":"2c95f662f577ae85402c9f6e201aed789e4fee4a","isMergeCommit":true,"messageTitle":"Merge pull request #62 from spinoandraptos/junit-mark-difficulty","messageBody":"Added junit testing for command to mark question difficulty, abstract…","fileTypesAndContributionMap":{}}]},{"date":"2023-10-23","commitResults":[{"hash":"7412057e77ee27c74055b20055258a24b3543468","isMergeCommit":true,"messageTitle":"Merge branch \u0027junit-mark-difficulty\u0027","messageBody":"# Conflicts:\n#\tsrc/test/java/quizhub/command/CommandDeleteTest.java\n#\tsrc/test/java/quizhub/command/CommandMarkTest.java\n#\tsrc/test/java/quizhub/storage/MockStorage.java\n","fileTypesAndContributionMap":{}}]},{"date":"2023-10-24","commitResults":[{"hash":"076594dc7c3f40cb8ba6d368a569ffb71dd4b313","isMergeCommit":true,"messageTitle":"Developer guide - added parser details","messageBody":"","fileTypesAndContributionMap":{}},{"hash":"30d21e663aad83726249ee80c1a679e99a243ab1","isMergeCommit":true,"messageTitle":"Merge branch \u0027master\u0027 into branch-RandomQnsStart","messageBody":"","fileTypesAndContributionMap":{}},{"hash":"65895a275aad73ce81415e2a417c0afbfdc7ef9d","isMergeCommit":true,"messageTitle":"Merge pull request #66 from yeo-menghan/branch-RandomQnsStart","messageBody":"Clarify details for Start command in parser","fileTypesAndContributionMap":{}},{"hash":"784e934163a5651180b64ecc00be36a14ec45b1b","isMergeCommit":true,"messageTitle":"Merge branch \u0027master\u0027 into developer-guide","messageBody":"","fileTypesAndContributionMap":{}},{"hash":"c795434676e4e1e54667589b68086f6bd70a0145","isMergeCommit":true,"messageTitle":"Merge pull request #67 from spinoandraptos/developer-guide","messageBody":"Developer guide","fileTypesAndContributionMap":{}}]},{"date":"2023-10-25","commitResults":[{"hash":"eaec1cdac145b8d2e9350b6a523da42ed8ee5c11","isMergeCommit":false,"messageTitle":"Optimised question difficulty processing","messageBody":"","fileTypesAndContributionMap":{"functional-code":{"insertions":12,"deletions":23}}},{"hash":"8460f898f85d5c7bee4242cf0ff835dc825c7fe4","isMergeCommit":true,"messageTitle":"Merge branch \u0027master\u0027 of https://github.com/AY2324S1-CS2113-W12-1/tp","messageBody":"# Conflicts:\n#\tsrc/main/java/quizhub/parser/Parser.java\n","fileTypesAndContributionMap":{}},{"hash":"b501674b35695192c02516c01ccfbef2348851e0","isMergeCommit":true,"messageTitle":"Merge pull request #77 from spinoandraptos/master","messageBody":"Optimised question difficulty interpreting","fileTypesAndContributionMap":{}}]},{"date":"2023-10-26","commitResults":[{"hash":"9d20f3f3662467dfe485c090a4f5c26ca0bfb17e","isMergeCommit":true,"messageTitle":"Merge branch \u0027master\u0027 of https://github.com/AY2324S1-CS2113-W12-1/tp","messageBody":"","fileTypesAndContributionMap":{}},{"hash":"24e0b27d25c307fb92fea9460feba9f91b0c4cb1","isMergeCommit":false,"messageTitle":"Abstracted command parsing for CommandMarkDifficulty and CommandStart into the Parser class","messageBody":"","fileTypesAndContributionMap":{"functional-code":{"insertions":85,"deletions":62}}},{"hash":"e698226b035dc121af0a2c7b14823f9cbc231e8c","isMergeCommit":false,"messageTitle":"Documentation fixes","messageBody":"","fileTypesAndContributionMap":{"functional-code":{"insertions":1,"deletions":1}}},{"hash":"f028743ca528591025ae81dbe26ffbf59ad1adc5","isMergeCommit":false,"messageTitle":"Checkstyle fixes","messageBody":"","fileTypesAndContributionMap":{"functional-code":{"insertions":1,"deletions":2}}},{"hash":"1552d4abd894466393d25f95f969781e366c8d51","isMergeCommit":true,"messageTitle":"Merge pull request #96 from spinoandraptos/parser-refactoring","messageBody":"Abstracted command parsing from CommandMarkDifficulty and CommandStart into Parser class","fileTypesAndContributionMap":{}},{"hash":"ca9052578ebab34d31bd32ccc32b0b473ddb9d88","isMergeCommit":false,"messageTitle":"Fixed UI display errors","messageBody":"","fileTypesAndContributionMap":{"functional-code":{"insertions":3,"deletions":3}}}]},{"date":"2023-10-27","commitResults":[{"hash":"a9353f69c3c628907557794a4f0327a8c6771b4a","isMergeCommit":true,"messageTitle":"Merge branch \u0027master\u0027 of https://github.com/AY2324S1-CS2113-W12-1/tp","messageBody":"","fileTypesAndContributionMap":{}},{"hash":"95dc70f0db3ad00e68e2588fe735bc468849f293","isMergeCommit":false,"messageTitle":"Updated Junit tests for CommandStart and CommandMarkDifficulty","messageBody":"","fileTypesAndContributionMap":{"functional-code":{"insertions":93,"deletions":71},"other":{"insertions":1,"deletions":0},"test-code":{"insertions":339,"deletions":208}}},{"hash":"fb19b6801138c5d05e73c89c3b287c33ccd1dbb7","isMergeCommit":false,"messageTitle":"Fixed Checkstyle errors","messageBody":"","fileTypesAndContributionMap":{"test-code":{"insertions":0,"deletions":1}}},{"hash":"87bc426b2f8fdc90be5341f93cbe2f05a32beca9","isMergeCommit":true,"messageTitle":"Merge branch \u0027master\u0027 of https://github.com/AY2324S1-CS2113-W12-1/tp","messageBody":"","fileTypesAndContributionMap":{}},{"hash":"0d8604dfcb65893f874a233671b17eafcf524ae7","isMergeCommit":true,"messageTitle":"Merge branch \u0027master\u0027 of https://github.com/AY2324S1-CS2113-W12-1/tp into parser-refactoring-test","messageBody":"","fileTypesAndContributionMap":{}},{"hash":"493de44748acceba4c70d6a7cc1778f3e05874f7","isMergeCommit":false,"messageTitle":"Fixed failing tests","messageBody":"","fileTypesAndContributionMap":{"functional-code":{"insertions":12,"deletions":9}}},{"hash":"85a94278750add285f2cc2d2e41bdcb66aabf68c","isMergeCommit":false,"messageTitle":"Fixed failing tests","messageBody":"","fileTypesAndContributionMap":{"test-code":{"insertions":3,"deletions":3}}},{"hash":"314abaca8eba6369318b08a25edda2275731ccb4","isMergeCommit":true,"messageTitle":"Merge pull request #101 from spinoandraptos/parser-refactoring-test","messageBody":"Updated Junit tests for CommandStart and CommandMarkDifficulty","fileTypesAndContributionMap":{}},{"hash":"3dce94b26f7ab31c447340028c258c4b45906dba","isMergeCommit":true,"messageTitle":"Merge branch \u0027parser-refactoring-test\u0027","messageBody":"","fileTypesAndContributionMap":{}}]},{"date":"2023-10-28","commitResults":[{"hash":"d172b15fc19a1478c724f92be44f77874d783090","isMergeCommit":false,"messageTitle":"Updated parser parseCommand sequence diagram","messageBody":"","fileTypesAndContributionMap":{"docs":{"insertions":1,"deletions":1}}},{"hash":"69d8a0b9023f6dd1aa697f4a7e67f880b52bffb9","isMergeCommit":true,"messageTitle":"Merge pull request #108 from spinoandraptos/master","messageBody":"Updated Parser parseCommand Sequence Diagram ","fileTypesAndContributionMap":{}},{"hash":"28715538d00b192887adbc20a2ce55b394997903","isMergeCommit":false,"messageTitle":"Added DG appendix and fixed minor formatting issues","messageBody":"","fileTypesAndContributionMap":{"docs":{"insertions":24,"deletions":34}}},{"hash":"baf19adafb423d5f205aa3495809b93b30a84ed0","isMergeCommit":false,"messageTitle":"Added command edit and markdiff to UG","messageBody":"","fileTypesAndContributionMap":{"docs":{"insertions":80,"deletions":33}}},{"hash":"e610b2a7fd4591750f20e979b8444b4e0afc2978","isMergeCommit":false,"messageTitle":"Added command edit and markdiff to UG","messageBody":"","fileTypesAndContributionMap":{"docs":{"insertions":146,"deletions":109}}},{"hash":"220d1220da28ad7bc6e42a01dc39b1fecc83084b","isMergeCommit":true,"messageTitle":"Merge pull request #111 from spinoandraptos/user-guide","messageBody":"Added command edit and markdiff to UG","fileTypesAndContributionMap":{}}]},{"date":"2023-10-29","commitResults":[{"hash":"5f28e1fe46eb60942bc947379ad9dc83b5fccab4","isMergeCommit":true,"messageTitle":"Merge branch \u0027user-guide\u0027","messageBody":"# Conflicts:\n#\tdocs/DeveloperGuide.md\n#\tdocs/UserGuide.md\n","fileTypesAndContributionMap":{}},{"hash":"ec3e1cb9843b15b97dfbc52021f2a4f161060bdd","isMergeCommit":false,"messageTitle":"UG minor format issue","messageBody":"","fileTypesAndContributionMap":{"docs":{"insertions":1,"deletions":1}}},{"hash":"0ba89c3b74848629c143b227becaed703c32f69e","isMergeCommit":false,"messageTitle":"Fixed DG merge conflict issues","messageBody":"","fileTypesAndContributionMap":{"docs":{"insertions":2,"deletions":36}}},{"hash":"f441f0a5adbc20852fb3830ec3a2a063f3d68072","isMergeCommit":true,"messageTitle":"Merge branch \u0027master\u0027 of https://github.com/AY2324S1-CS2113-W12-1/tp","messageBody":"","fileTypesAndContributionMap":{}},{"hash":"79ec1e5ef98426f93fb6ab8b5e2286b01b14e109","isMergeCommit":false,"messageTitle":"Edited command output documentation for commandShort","messageBody":"","fileTypesAndContributionMap":{"docs":{"insertions":11,"deletions":5}}},{"hash":"04b1b0e7da9288bb64b1dd039643b78edab86cec","isMergeCommit":true,"messageTitle":"Merge pull request #115 from spinoandraptos/master","messageBody":"Fixed some UG and DG formatting issues ","fileTypesAndContributionMap":{}},{"hash":"a61da160651908eb7593de701a261cc1f07bc232","isMergeCommit":false,"messageTitle":"Fixed UG command output diplay formatting issue","messageBody":"","fileTypesAndContributionMap":{"docs":{"insertions":27,"deletions":27}}},{"hash":"5feab10fa34b9586be80bcaca1c9e6d4a93a3be9","isMergeCommit":false,"messageTitle":"Fixed UG command output formatting issues","messageBody":"","fileTypesAndContributionMap":{"functional-code":{"insertions":1,"deletions":1},"docs":{"insertions":14,"deletions":1}}},{"hash":"575c352513ddd1675b3338b80dad6c6b9796d616","isMergeCommit":true,"messageTitle":"Merge pull request #116 from spinoandraptos/master","messageBody":"Fixed UG command output display formatting","fileTypesAndContributionMap":{}},{"hash":"d25ebf8db4dae0634147f8c4ac4edc916a113dcf","isMergeCommit":false,"messageTitle":"Fixed UG help command description","messageBody":"","fileTypesAndContributionMap":{"docs":{"insertions":3,"deletions":6}}},{"hash":"475c4fb2e8b2c08a0121af819ff6d8447125ca7c","isMergeCommit":true,"messageTitle":"Merge pull request #117 from spinoandraptos/master","messageBody":"Fixed UG help command description","fileTypesAndContributionMap":{}},{"hash":"d34c886c09a634782e2e10c5aeee70532cc1ad9a","isMergeCommit":false,"messageTitle":"Abstracted code for CommandEdit and reinforced additional bug checks","messageBody":"","fileTypesAndContributionMap":{"functional-code":{"insertions":145,"deletions":38},"test-code":{"insertions":2,"deletions":2}}},{"hash":"d846ca97f8858fce8fc3e59370f95c1feddd6eea","isMergeCommit":true,"messageTitle":"Merge branch \u0027master\u0027 of https://github.com/AY2324S1-CS2113-W12-1/tp into reinforce-command-edit-mark","messageBody":"# Conflicts:\n#\tsrc/test/java/quizhub/command/CommandHelpTest.java\n","fileTypesAndContributionMap":{}},{"hash":"4b00e95a8af618509b45b230cc8a6fc63873c868","isMergeCommit":true,"messageTitle":"Merge pull request #122 from spinoandraptos/reinforce-command-edit-mark","messageBody":"Reinforce command edit mark","fileTypesAndContributionMap":{}},{"hash":"59502949844971020c7f5d9a5ca97ba2bad8c3d2","isMergeCommit":false,"messageTitle":"Abstracted code for CommandMarkDifficulty and reinforced bug checking","messageBody":"","fileTypesAndContributionMap":{"functional-code":{"insertions":101,"deletions":56},"test-code":{"insertions":118,"deletions":25}}},{"hash":"abcc030df5c214445f809cd39c1bc71fbfb400ee","isMergeCommit":true,"messageTitle":"Merge branch \u0027master\u0027 of https://github.com/AY2324S1-CS2113-W12-1/tp into reinforce-command-edit-mark","messageBody":"","fileTypesAndContributionMap":{}},{"hash":"eaccfd0afdd5efb12dfe9df3116d3ae414853c62","isMergeCommit":false,"messageTitle":"Further bug detection for CommandEdit and Updated tests for CommandMarkDiff and CommandEdit","messageBody":"","fileTypesAndContributionMap":{"functional-code":{"insertions":13,"deletions":4},"test-code":{"insertions":20,"deletions":0}}},{"hash":"8e4238505cccf81c47afdabd55c12010df31b883","isMergeCommit":true,"messageTitle":"Merge branch \u0027master\u0027 of https://github.com/AY2324S1-CS2113-W12-1/tp into reinforce-command-edit-mark","messageBody":"","fileTypesAndContributionMap":{}},{"hash":"73b2214f9cce4269c4f59f907d9e45b0903fd875","isMergeCommit":true,"messageTitle":"Merge pull request #125 from spinoandraptos/reinforce-command-edit-mark","messageBody":"Reinforced Bug Checks for CommandEdit and CommandMarkDifficulty, Updated tests for both commands","fileTypesAndContributionMap":{}}]},{"date":"2023-10-30","commitResults":[{"hash":"de60eb9a41d297d80834a8da10e082b445ca15ee","isMergeCommit":false,"messageTitle":"Abstracted code for CommandStart and AssembleListFromModules to shorten methods and avoid deep nesting, reinforced bug catching for CommandStart, added new tests for CommandStart","messageBody":"","fileTypesAndContributionMap":{"functional-code":{"insertions":167,"deletions":53},"docs":{"insertions":3,"deletions":3},"test-code":{"insertions":59,"deletions":4}}},{"hash":"226e6822f12e2f3f82a8aca4fc832a95a42b45c5","isMergeCommit":true,"messageTitle":"Merge branch \u0027master\u0027 of https://github.com/AY2324S1-CS2113-W12-1/tp into reinforce-command-edit-mark","messageBody":"# Conflicts:\n#\tdocs/UserGuide.md\n#\tsrc/main/java/quizhub/parser/Parser.java\n","fileTypesAndContributionMap":{}},{"hash":"2525debd835bb4612998a59edc7432b858c34cf6","isMergeCommit":true,"messageTitle":"Merge pull request #128 from spinoandraptos/reinforce-command-edit-mark","messageBody":"Abstracted code for CommandStart and AssembleListFromModules to shorten methods and avoid deep nesting, reinforced bug catching for CommandStart, added new tests for CommandStart","fileTypesAndContributionMap":{}},{"hash":"1f36c57ea6b0be5f19d07d82997e6c677c971729","isMergeCommit":false,"messageTitle":"Updated UG formatting","messageBody":"","fileTypesAndContributionMap":{"docs":{"insertions":53,"deletions":49}}},{"hash":"a49fd8d3b997a49cfa4ab3ae5b12eb1c0d70535b","isMergeCommit":true,"messageTitle":"Merge pull request #129 from spinoandraptos/reinforce-command-edit-mark","messageBody":"Updated UG formatting","fileTypesAndContributionMap":{}}]},{"date":"2023-11-03","commitResults":[{"hash":"45822eb36a5fc6c58a1698576fe81af80afe4aea","isMergeCommit":false,"messageTitle":"UG Markdiff command format fix","messageBody":"","fileTypesAndContributionMap":{"docs":{"insertions":2,"deletions":2}}},{"hash":"0ed9c6d510aa659e9a01dc82dc57f31897d41064","isMergeCommit":true,"messageTitle":"Merge pull request #148 from spinoandraptos/master","messageBody":"UG Markdiff command format fix","fileTypesAndContributionMap":{}}]},{"date":"2023-11-07","commitResults":[{"hash":"728db77b32ad1f9f01757ded7f060a7328065ca6","isMergeCommit":false,"messageTitle":"Updated PPP, fixed typo in parseEditCommand","messageBody":"","fileTypesAndContributionMap":{"functional-code":{"insertions":2,"deletions":2},"docs":{"insertions":92,"deletions":7}}},{"hash":"9f6b26ef8cbc1f1eaf65fc4695a3434f6f3692bd","isMergeCommit":true,"messageTitle":"Merge pull request #194 from spinoandraptos/PPP","messageBody":"Updated PPP, fixed typo in parseEditCommand","fileTypesAndContributionMap":{}}]},{"date":"2023-11-08","commitResults":[{"hash":"ceb4dda4d02dbda0c0e8f190bbed1ff467bc31e2","isMergeCommit":false,"messageTitle":"Ui abstraction of print statements","messageBody":"","fileTypesAndContributionMap":{"functional-code":{"insertions":3,"deletions":5}}},{"hash":"6e122fdfe3282062485ab4daffe65bcc62b52d30","isMergeCommit":true,"messageTitle":"Merge branch \u0027master\u0027 of https://github.com/AY2324S1-CS2113-W12-1/tp into UI_refactor","messageBody":"","fileTypesAndContributionMap":{}},{"hash":"787cc566479d05cbd15c64f4c597c6c33311526c","isMergeCommit":false,"messageTitle":"UI Abstraction of print statements","messageBody":"","fileTypesAndContributionMap":{"functional-code":{"insertions":13,"deletions":15}}},{"hash":"13c2ab38df4fe4fac4be24b0f9ade2b2f8d42a7e","isMergeCommit":true,"messageTitle":"Merge pull request #202 from spinoandraptos/UI_refactor","messageBody":"UI refactor","fileTypesAndContributionMap":{}},{"hash":"ca4949b51202916b6b92b6c50a145032fc6a9a14","isMergeCommit":false,"messageTitle":"UI Abstractions to remove print statements","messageBody":"","fileTypesAndContributionMap":{"functional-code":{"insertions":22,"deletions":20}}},{"hash":"a19fd62f9a3d17306389d01a6cc47521e89a1825","isMergeCommit":true,"messageTitle":"Merge pull request #204 from spinoandraptos/UI_refactor","messageBody":"UI Abstractions to remove print statements","fileTypesAndContributionMap":{}},{"hash":"36576141a61dd96744612b13f03721742454075a","isMergeCommit":false,"messageTitle":"Code abstraction for CommandStart","messageBody":"","fileTypesAndContributionMap":{"functional-code":{"insertions":15,"deletions":12}}},{"hash":"161dd82cd2aef04c58023c478da70a6254e3f68f","isMergeCommit":true,"messageTitle":"Merge branch \u0027master\u0027 of https://github.com/AY2324S1-CS2113-W12-1/tp into UI_refactor","messageBody":"","fileTypesAndContributionMap":{}},{"hash":"b79416e904bc81760b6f23612f4e005428da870c","isMergeCommit":false,"messageTitle":"Update ui displaymessage to include static method","messageBody":"","fileTypesAndContributionMap":{"functional-code":{"insertions":16,"deletions":13}}},{"hash":"25709f0f8c027a99181df4df4fbffa2346f7cc54","isMergeCommit":true,"messageTitle":"Merge pull request #211 from spinoandraptos/UI_refactor","messageBody":"UI refactor","fileTypesAndContributionMap":{}},{"hash":"2704980721fcc355819a1f58403c1722ad821baf","isMergeCommit":false,"messageTitle":"Code abstraction for addQnFromFile","messageBody":"","fileTypesAndContributionMap":{"functional-code":{"insertions":74,"deletions":41}}},{"hash":"3c3c47cfba44dac542c456fe76371ca61f6b58dd","isMergeCommit":true,"messageTitle":"Merge branch \u0027master\u0027 of https://github.com/AY2324S1-CS2113-W12-1/tp into UI_refactor","messageBody":"","fileTypesAndContributionMap":{}},{"hash":"aa4381cf9d7babaa8508813c31ad3264a3a52954","isMergeCommit":false,"messageTitle":"UI Abstraction to abstract out string literals and remove print statements","messageBody":"","fileTypesAndContributionMap":{"functional-code":{"insertions":45,"deletions":29}}},{"hash":"1bc414832f96aa4c1977dcfd4335f7ccf5724b5b","isMergeCommit":true,"messageTitle":"Merge branch \u0027master\u0027 of https://github.com/AY2324S1-CS2113-W12-1/tp into UI_refactor","messageBody":"","fileTypesAndContributionMap":{}},{"hash":"680cf6c560937ffd7aaf9729585896e8f00f1b7c","isMergeCommit":true,"messageTitle":"Merge pull request #215 from spinoandraptos/UI_refactor","messageBody":"UI refactor","fileTypesAndContributionMap":{}},{"hash":"122988816670631f1e7184ad7e0977a5ad5951b4","isMergeCommit":false,"messageTitle":"Fixed wrong abstraction","messageBody":"","fileTypesAndContributionMap":{"functional-code":{"insertions":2,"deletions":3}}},{"hash":"f4c56f2ad30d3a3ea817853fa43dfc8dbeed65c8","isMergeCommit":true,"messageTitle":"Merge pull request #216 from spinoandraptos/UI_refactor","messageBody":"Fixed wrong abstraction","fileTypesAndContributionMap":{}}]},{"date":"2023-11-09","commitResults":[{"hash":"5491129ab6cd89ef35e04b52f87b5ebd874b70c4","isMergeCommit":false,"messageTitle":"DG Refactoring","messageBody":"","fileTypesAndContributionMap":{"docs":{"insertions":42,"deletions":21}}},{"hash":"4ec25ac5e3c5f7b8530052cb2aa627c33e41ed01","isMergeCommit":true,"messageTitle":"Merge pull request #225 from spinoandraptos/master","messageBody":"DG Refactoring","fileTypesAndContributionMap":{}},{"hash":"42c531457f1923203a2c3de98c896ddcd844167e","isMergeCommit":false,"messageTitle":"Reorganisation of UML diagrams and Implemented standardised styling across all UML diagrams","messageBody":"","fileTypesAndContributionMap":{"functional-code":{"insertions":0,"deletions":2},"docs":{"insertions":184,"deletions":52}}},{"hash":"a150ead64897bef2a29dc6d792d4de7785e28642","isMergeCommit":true,"messageTitle":"Merge pull request #228 from spinoandraptos/master","messageBody":"Reorganisation of UML diagrams and Implemented standardised styling a…","fileTypesAndContributionMap":{}},{"hash":"ec344d66e6444bdb46a54353ec712018ac314453","isMergeCommit":false,"messageTitle":"Added overall class interactions UML diagram, updated overall architecture diagram, updated style to increase  DPI","messageBody":"","fileTypesAndContributionMap":{"docs":{"insertions":97,"deletions":47}}},{"hash":"3fb5194722841f187974443e12a95f83a3c7ae5e","isMergeCommit":true,"messageTitle":"Merge branch \u0027master\u0027 of https://github.com/AY2324S1-CS2113-W12-1/tp","messageBody":"# Conflicts:\n#\tdocs/UML/Puml/commandExit.puml\n#\tdocs/UML/Puml/commandMarkDiff.puml\n","fileTypesAndContributionMap":{}},{"hash":"9a9342df1d3d5db2a09eca6507d35a6bd9502881","isMergeCommit":true,"messageTitle":"Changed Overall architecture diagram, overall class diagram and application lifecycle diagram to be standardised style and correct logic","messageBody":"","fileTypesAndContributionMap":{}},{"hash":"e46f9086b3a802ba1a91567e7c6dec19f24ec65a","isMergeCommit":true,"messageTitle":"Merge branch \u0027master\u0027 of https://github.com/spinoandraptos/tp","messageBody":"","fileTypesAndContributionMap":{}},{"hash":"e3df2310a8fd733982b966abbdb02218526d6015","isMergeCommit":false,"messageTitle":"Fixed checkstyle error","messageBody":"","fileTypesAndContributionMap":{"functional-code":{"insertions":2,"deletions":1}}},{"hash":"629bf9c58df74bf84960e99b05d60f118517ebc1","isMergeCommit":true,"messageTitle":"Merge pull request #231 from spinoandraptos/master","messageBody":"Updated UML Diagrams for overall architecture, overall class relationships, and application lifecycle to have same style and correct logic","fileTypesAndContributionMap":{}}]}],"StevenGX12":[{"date":"2023-10-04","commitResults":[{"hash":"89a5fcaa30ce7cd31fe47503bb2873226575c6b8","isMergeCommit":true,"messageTitle":"Merge pull request #2 from James-Hong-Jey/master","messageBody":"Add James","fileTypesAndContributionMap":{}},{"hash":"9dc6e6889ff581686f9e040603ee748d51c37b1a","isMergeCommit":false,"messageTitle":"added Guan Xiao AboutUs.md","messageBody":"","fileTypesAndContributionMap":{"docs":{"insertions":1,"deletions":1}}},{"hash":"e43a7268e881e66880f125a55ba992a5659e1637","isMergeCommit":true,"messageTitle":"resolved merge conflict","messageBody":"","fileTypesAndContributionMap":{}},{"hash":"5794b6bc163b412507ec00d46d2f9627c6a034f7","isMergeCommit":true,"messageTitle":"Merge pull request #5 from lisizhuang-0121/master","messageBody":"Update aboutus.md","fileTypesAndContributionMap":{}}]},{"date":"2023-10-09","commitResults":[{"hash":"6dde24d6485345dc3c3bce285aa3370f4c826f7c","isMergeCommit":true,"messageTitle":"Merge pull request #12 from yeo-menghan/branch-QuizMode","messageBody":"Branch quiz mode","fileTypesAndContributionMap":{}},{"hash":"919bffd25b6508283eb156867e2dc13853958696","isMergeCommit":false,"messageTitle":"updated UI and help command","messageBody":"","fileTypesAndContributionMap":{"functional-code":{"insertions":33,"deletions":12}}}]},{"date":"2023-10-17","commitResults":[{"hash":"37e590ab99132292aba1ec5031af078a34d57805","isMergeCommit":true,"messageTitle":"Merge pull request #33 from yeo-menghan/branch-StartQuizTest","messageBody":"Branch StartTest","fileTypesAndContributionMap":{}},{"hash":"64a8e454d68bc3ae0aeba542489059b28323e079","isMergeCommit":true,"messageTitle":"Merge pull request #36 from spinoandraptos/junit-test-edit-list-command","messageBody":"Add JUnit CommandEdit, Add JUnit CommandList, Adjust Question Description Display Format","fileTypesAndContributionMap":{}}]},{"date":"2023-10-18","commitResults":[{"hash":"23ba5e69c4bbdf012c8f310e3105264004398153","isMergeCommit":false,"messageTitle":"Add Junit tests for help, find and delete commands","messageBody":"","fileTypesAndContributionMap":{"test-code":{"insertions":275,"deletions":0}}}]},{"date":"2023-10-21","commitResults":[{"hash":"c2027663c8ac122e37a35546af2da8be8d2a4b59","isMergeCommit":false,"messageTitle":"Update JUnit test for Help and Find commands","messageBody":"","fileTypesAndContributionMap":{"functional-code":{"insertions":2,"deletions":1},"test-code":{"insertions":100,"deletions":34}}},{"hash":"18a095a2631ce870544a5c93efd82ab30779ba9b","isMergeCommit":true,"messageTitle":"Merge pull request #49 from StevenGX12/branch-junit-test-help-delete-find-command","messageBody":"Update JUnit test for Help and Find commands","fileTypesAndContributionMap":{}},{"hash":"c3b8139ffd40bc6ae94073568437b9404a5630ce","isMergeCommit":false,"messageTitle":"Add module attribute to question and search by module function","messageBody":"","fileTypesAndContributionMap":{"functional-code":{"insertions":72,"deletions":8},"test-code":{"insertions":15,"deletions":15}}}]},{"date":"2023-10-24","commitResults":[{"hash":"2f6f59f0c13ee0b29ac45e88736757b5fa17fb33","isMergeCommit":false,"messageTitle":"Add Storage component to developer guide Add several assertions in different classes","messageBody":"","fileTypesAndContributionMap":{"functional-code":{"insertions":3,"deletions":0},"docs":{"insertions":47,"deletions":0},"test-code":{"insertions":2,"deletions":0}}},{"hash":"50b67f23f9b68a2f68c2912813b942e27c23d08a","isMergeCommit":false,"messageTitle":"Update developer guide","messageBody":"","fileTypesAndContributionMap":{"docs":{"insertions":1,"deletions":0}}},{"hash":"24a0b4adcea8281b87de99a9697dcf53dbfec03f","isMergeCommit":true,"messageTitle":"Merge pull request #71 from StevenGX12/branch-developer-guide","messageBody":"Update developer guide","fileTypesAndContributionMap":{}}]},{"date":"2023-10-26","commitResults":[{"hash":"a42dacee2795f4d1a17444b40889359e7d35a9dc","isMergeCommit":false,"messageTitle":"Add UI component of developer guide","messageBody":"","fileTypesAndContributionMap":{"docs":{"insertions":32,"deletions":0}}},{"hash":"6ce8ba86521d5a3db6dbc61b344d7ebbb2ca663b","isMergeCommit":false,"messageTitle":"Refactor parsing elements from CommandEdit to Parser Fixed tests for CommandFind and CommandEdit","messageBody":"","fileTypesAndContributionMap":{"functional-code":{"insertions":44,"deletions":41},"test-code":{"insertions":80,"deletions":22}}},{"hash":"b0aafa75f406e3f84e19146b4783ce959f15f7a6","isMergeCommit":false,"messageTitle":"Fixed bug in CommandEditTest","messageBody":"","fileTypesAndContributionMap":{"test-code":{"insertions":1,"deletions":1}}},{"hash":"32dd7db1a0dc748db256c8c676da8bc9e5b9137e","isMergeCommit":true,"messageTitle":"Merge pull request #97 from StevenGX12/branch-code-refactor","messageBody":"Refactor parsing elements from CommandEdit to Parser\r\nFixed tests for CommandFind and CommandEdit","fileTypesAndContributionMap":{}}]},{"date":"2023-10-29","commitResults":[{"hash":"54baf920c7a7fdbe6e96545125fd0369ab6de711","isMergeCommit":false,"messageTitle":"Add user guide for \u0027delete\u0027 and \u0027find\u0027 commands","messageBody":"","fileTypesAndContributionMap":{"docs":{"insertions":38,"deletions":0}}},{"hash":"932ab82eb97ae8c9f48fcf4f997751f94ce864f6","isMergeCommit":true,"messageTitle":"Merge pull request #112 from StevenGX12/branch-user-guide","messageBody":"Add user guide for \u0027delete\u0027 and \u0027find\u0027 commands","fileTypesAndContributionMap":{}}]},{"date":"2023-10-31","commitResults":[{"hash":"850ef2b1f748d65494eead4e1c21fb659339570b","isMergeCommit":false,"messageTitle":"minor code refactoring","messageBody":"","fileTypesAndContributionMap":{"functional-code":{"insertions":30,"deletions":11},"test-code":{"insertions":17,"deletions":5}}},{"hash":"2ca011d62c01986a2db0420166a24d8aa55d807c","isMergeCommit":false,"messageTitle":"Fix checkstyle error","messageBody":"","fileTypesAndContributionMap":{"functional-code":{"insertions":1,"deletions":1},"test-code":{"insertions":1,"deletions":1}}},{"hash":"09b035d5fba7d86b5195853c0099358c571a767b","isMergeCommit":true,"messageTitle":"Merge pull request #133 from StevenGX12/branch-code-refactor","messageBody":"minor code refactoring","fileTypesAndContributionMap":{}}]},{"date":"2023-11-04","commitResults":[{"hash":"2b083902a0fa566f385209f49f864bdeb5d65aee","isMergeCommit":false,"messageTitle":"add MCQ class, command, edit and parse methods","messageBody":"","fileTypesAndContributionMap":{"functional-code":{"insertions":400,"deletions":149}}},{"hash":"593232073aec4e83760a99aeb9df2023d5f02d15","isMergeCommit":true,"messageTitle":"Merge pull request #185 from StevenGX12/branch-feature-mcq","messageBody":"Add MCQ class, command, edit and parse methods","fileTypesAndContributionMap":{}},{"hash":"1639fd63b9708ddf1eb3e445ce341a7565eff009","isMergeCommit":false,"messageTitle":"Fix some bugs related to mcq parsing and storage","messageBody":"","fileTypesAndContributionMap":{"functional-code":{"insertions":127,"deletions":96},"test-code":{"insertions":87,"deletions":80}}},{"hash":"54a3925a11515bcc50274d940521df3685b956d6","isMergeCommit":false,"messageTitle":"Fix checkstyle errors","messageBody":"","fileTypesAndContributionMap":{"functional-code":{"insertions":1,"deletions":2},"test-code":{"insertions":0,"deletions":1}}},{"hash":"827d1f92d34bff434fcf2b82fdb3a0b19f601ea3","isMergeCommit":true,"messageTitle":"Merge pull request #193 from StevenGX12/branch-code-refactor","messageBody":"Bug fix for MCQ parsing and storage","fileTypesAndContributionMap":{}}]},{"date":"2023-11-07","commitResults":[{"hash":"ee309329426c70dd62b9d88612cdbd435e6d8f50","isMergeCommit":false,"messageTitle":"Add Guan Xiao PPP","messageBody":"","fileTypesAndContributionMap":{"docs":{"insertions":69,"deletions":1}}},{"hash":"abc2ea6a238de56c44f0e3467b33e90a226b25a9","isMergeCommit":true,"messageTitle":"Merge pull request #197 from StevenGX12/master","messageBody":"Add Guan Xiao PPP","fileTypesAndContributionMap":{}}]},{"date":"2023-11-09","commitResults":[{"hash":"43cba2cf369c661edd9c9662f08a88710ca47149","isMergeCommit":false,"messageTitle":"Update DG for CommandEdit","messageBody":"","fileTypesAndContributionMap":{"functional-code":{"insertions":9,"deletions":9},"docs":{"insertions":21,"deletions":17}}},{"hash":"7095ff7026acf75fb8a540680173a35e4009a007","isMergeCommit":true,"messageTitle":"Merge pull request #229 from StevenGX12/branch-developer-guide","messageBody":"Update DG for CommandEdit","fileTypesAndContributionMap":{}}]}],"yeo-menghan":[{"date":"2023-10-04","commitResults":[{"hash":"437a578d991ab42603936e351239623440e806c8","isMergeCommit":false,"messageTitle":"Update README.md","messageBody":"Change from Duke to QuizHub on ReadMe","fileTypesAndContributionMap":{"docs":{"insertions":1,"deletions":1}}},{"hash":"96293a9443789434cf941b15cdebf0bbfa57d745","isMergeCommit":false,"messageTitle":"Add personal details(Meng Han) on AboutUs.md","messageBody":"","fileTypesAndContributionMap":{"docs":{"insertions":7,"deletions":7}}},{"hash":"568326efb68a7553262bf268501d90613739f023","isMergeCommit":true,"messageTitle":"Merge pull request #4 from spinoandraptos/master","messageBody":"add Juncheng","fileTypesAndContributionMap":{}}]},{"date":"2023-10-09","commitResults":[{"hash":"908207acef2fd89a00b4a74737adf8ded8a80145","isMergeCommit":true,"messageTitle":"Merge pull request #10 from AY2324S1-CS2113-W12-1/CommandEdit-and-Storage","messageBody":"Added CommandEdit, Implemented Storage","fileTypesAndContributionMap":{}},{"hash":"53259b048ec950c253cbc566fedba93fdad0d2f7","isMergeCommit":false,"messageTitle":"Add quiz mode with Start command - known bug: displaying both Question \u0026 Answer","messageBody":"","fileTypesAndContributionMap":{"functional-code":{"insertions":83,"deletions":2}}},{"hash":"afbcce9d71aef01eec2235c69a34d0fe5ad737cb","isMergeCommit":false,"messageTitle":"Implement v1.0 start quiz mode - hide answer when displaying question","messageBody":"","fileTypesAndContributionMap":{"functional-code":{"insertions":37,"deletions":17}}}]},{"date":"2023-10-11","commitResults":[{"hash":"37435c2000856c832080cfb16ba748d83ee56dee","isMergeCommit":true,"messageTitle":"Merge pull request #13 from StevenGX12/branch-feature-ui","messageBody":"updated UI and help command","fileTypesAndContributionMap":{}}]},{"date":"2023-10-16","commitResults":[{"hash":"ac403d72be67d1f75c3320a5126fbbc221e2574d","isMergeCommit":false,"messageTitle":"Add StartQuiz test in file QuestionListTest","messageBody":"","fileTypesAndContributionMap":{"test-code":{"insertions":114,"deletions":0}}},{"hash":"0e8d55308019df6e501da3711ea7e1e81e61fcda","isMergeCommit":false,"messageTitle":"Add preliminary storage features - test cases 3/3 fail","messageBody":"","fileTypesAndContributionMap":{"functional-code":{"insertions":15,"deletions":0},"test-code":{"insertions":16,"deletions":0}}}]},{"date":"2023-10-17","commitResults":[{"hash":"89aec25e8204afaf04a2a153900060902eb265fa","isMergeCommit":true,"messageTitle":"Merge branch \u0027master\u0027 of https://github.com/AY2324S1-CS2113-W12-1/tp into branch-StartQuizTest","messageBody":"","fileTypesAndContributionMap":{}},{"hash":"ab851efe950edee1dd31f03c777751cc81bc32f0","isMergeCommit":false,"messageTitle":"Pull from remote. Fix testStartQuizWithNoQuestions and testAddQuestionToListAndStorage","messageBody":"","fileTypesAndContributionMap":{"functional-code":{"insertions":9,"deletions":1},"test-code":{"insertions":35,"deletions":23}}},{"hash":"e5a87ba72c59146eea2aa540c6d9059ef82dd580","isMergeCommit":false,"messageTitle":"Move QuestionListTest from parser to command - rename to StartTest","messageBody":"","fileTypesAndContributionMap":{"functional-code":{"insertions":0,"deletions":4},"other":{"insertions":2,"deletions":2}}},{"hash":"f7fc87e17f86a4e5fa1f64ea8c8d49358f3d6f46","isMergeCommit":false,"messageTitle":"Pass 3/3 StartTest.java","messageBody":"","fileTypesAndContributionMap":{"functional-code":{"insertions":2,"deletions":2},"test-code":{"insertions":5,"deletions":5}}},{"hash":"f17f3f8e6ff57b28b8b41862a9517d3efa054626","isMergeCommit":false,"messageTitle":"Add CustomLogger Class - provide logging capabilities to QuizHub","messageBody":"","fileTypesAndContributionMap":{"functional-code":{"insertions":23,"deletions":0}}},{"hash":"e86f5576f77bd60660ddaea01b2004011478424f","isMergeCommit":true,"messageTitle":"Merge pull request #37 from lisizhuang-0121/master","messageBody":"Fix minor code quality issues.","tags":["Version_1_0"],"fileTypesAndContributionMap":{}}]},{"date":"2023-10-18","commitResults":[{"hash":"821b499e492917b6e4c50eba020b8c1a6839b65e","isMergeCommit":true,"messageTitle":"Merge pull request #38 from lisizhuang-0121/master","messageBody":"Fix minor bugs in adding questions and taking quiz","fileTypesAndContributionMap":{}}]},{"date":"2023-10-23","commitResults":[{"hash":"394b2be754c0261ccd2cabd51b5abc4e12ec3159","isMergeCommit":false,"messageTitle":"Update parser help for start command","messageBody":"","fileTypesAndContributionMap":{"functional-code":{"insertions":13,"deletions":3}}},{"hash":"d276d02dc73ea4d49ec352125f1ec18acd21f6a8","isMergeCommit":false,"messageTitle":"Clarify definition of Command Shuffle","messageBody":"","fileTypesAndContributionMap":{"functional-code":{"insertions":1,"deletions":2}}},{"hash":"fb00c8cb043f6bc35a76b77c4bfeb4a13af5445c","isMergeCommit":false,"messageTitle":"implement /normal and /random to startCommand to randomise or sequence questions","messageBody":"","fileTypesAndContributionMap":{"functional-code":{"insertions":34,"deletions":4}}},{"hash":"a1f98f18b169094bf054a4639d0ec7584320f4a1","isMergeCommit":false,"messageTitle":"Refactor executeCommand in CommandStart","messageBody":"","fileTypesAndContributionMap":{"functional-code":{"insertions":25,"deletions":32}}},{"hash":"36f65e810a94fabeabae270a05b02510a9d3761f","isMergeCommit":false,"messageTitle":"Extend short command to be clear","messageBody":"","fileTypesAndContributionMap":{"functional-code":{"insertions":1,"deletions":1}}}]},{"date":"2023-10-24","commitResults":[{"hash":"cca0cee732367b417feade88a0400aca22811735","isMergeCommit":false,"messageTitle":"Clarify details for Start command in parser","messageBody":"","fileTypesAndContributionMap":{"functional-code":{"insertions":1,"deletions":1}}},{"hash":"48c585a348444dc89362efbb490d443a9ff96997","isMergeCommit":false,"messageTitle":"Add /random to CommandStart","messageBody":"","fileTypesAndContributionMap":{"functional-code":{"insertions":2,"deletions":2},"docs":{"insertions":0,"deletions":2}}},{"hash":"bfa0dbaf71d34f67f1d77516511602d6cd51252a","isMergeCommit":true,"messageTitle":"Reimplement /random to CommandStart to resolve merge conflict","messageBody":"","fileTypesAndContributionMap":{}},{"hash":"497a8678a512fec18759da039c2146823b2606de","isMergeCommit":false,"messageTitle":"Convert /random feature from if-else to switch","messageBody":"","fileTypesAndContributionMap":{"functional-code":{"insertions":7,"deletions":6}}},{"hash":"e2790379dd843d533a2efd077f72a77374fda7f5","isMergeCommit":true,"messageTitle":"Merge branch \u0027master\u0027 of https://github.com/AY2324S1-CS2113-W12-1/tp into branch-RandomQnsStart","messageBody":"","fileTypesAndContributionMap":{}},{"hash":"230a9be8548c0e1949800de7a700a91f017001c9","isMergeCommit":true,"messageTitle":"Merge pull request #68 from yeo-menghan/branch-RandomQnsStart","messageBody":"Branch random qns start","fileTypesAndContributionMap":{}},{"hash":"ee3a30e89e97a885127654cfb9922b8b2e1e7dee","isMergeCommit":false,"messageTitle":"Add StartCommand uml and StartCommand documentation to DeveloperGuide.md","messageBody":"","fileTypesAndContributionMap":{"docs":{"insertions":66,"deletions":36}}},{"hash":"74667af8a90c7b0a99ecf14324df5242abe80b83","isMergeCommit":true,"messageTitle":"Merge pull request #69 from yeo-menghan/branch-CommandStartUML","messageBody":"Add StartCommand uml and StartCommand documentation to DeveloperGuide.md","fileTypesAndContributionMap":{}}]},{"date":"2023-10-26","commitResults":[{"hash":"07f3f38d233e40fb27b2343eca1cc93f006e4912","isMergeCommit":true,"messageTitle":"Merge pull request #89 from lisizhuang-0121/master","messageBody":"Fix tests in Delete, Edit, Find, List, and Start Test","fileTypesAndContributionMap":{}},{"hash":"edc42130ed23db3fc87396459b920bb24efac7a7","isMergeCommit":false,"messageTitle":"Remove \\r from failed test cases to achieve 100% test cases pass rate","messageBody":"","fileTypesAndContributionMap":{"test-code":{"insertions":8,"deletions":8}}},{"hash":"a6ae45406e4159fb94ec01751c78d5e35b9cb5e3","isMergeCommit":true,"messageTitle":"Merge pull request #90 from yeo-menghan/branch-TestCI","messageBody":"Remove \\r from failed test cases to achieve 100% test cases pass rate","fileTypesAndContributionMap":{}}]},{"date":"2023-10-27","commitResults":[{"hash":"d849948bec9bff5ec4ec88243682d9bf7b71048f","isMergeCommit":false,"messageTitle":"Init CommandStartTest2","messageBody":"","fileTypesAndContributionMap":{"test-code":{"insertions":146,"deletions":0}}},{"hash":"67c2f966ef8db9da9605b3c496f25e2ae9bf85bf","isMergeCommit":true,"messageTitle":"Merge branch \u0027master\u0027 of https://github.com/AY2324S1-CS2113-W12-1/tp into branch-CommandStartTest2","messageBody":"","fileTypesAndContributionMap":{}},{"hash":"28c555440691ba33b6669122a0bb45ff947a4867","isMergeCommit":false,"messageTitle":"Add UG for Introduction and /help command","messageBody":"","fileTypesAndContributionMap":{"docs":{"insertions":33,"deletions":12},"test-code":{"insertions":0,"deletions":147}}},{"hash":"b18c8df13adb3ec8882607606e40397fa1a9562a","isMergeCommit":false,"messageTitle":"Add UG for /list and /short commands","messageBody":"","fileTypesAndContributionMap":{"docs":{"insertions":28,"deletions":0}}},{"hash":"e82b7aba052bf90723fb4bd74c79991d19846fc8","isMergeCommit":false,"messageTitle":"Add UG for /start and /shuffle commands","messageBody":"","fileTypesAndContributionMap":{"docs":{"insertions":38,"deletions":0}}},{"hash":"9e89a05f90c995aeaf1f30e7123e5d0e6b4dfba5","isMergeCommit":false,"messageTitle":"Edit feature list in UG and add Command Cheatsheet in UG","messageBody":"","fileTypesAndContributionMap":{"docs":{"insertions":47,"deletions":41}}},{"hash":"7570f4b92f4a5c86562d382c0e05346e5e0f5480","isMergeCommit":true,"messageTitle":"Merge pull request #99 from yeo-menghan/branch-UG","messageBody":"Branch UG init","fileTypesAndContributionMap":{}}]},{"date":"2023-10-28","commitResults":[{"hash":"d54bcd488807e85d533aa0d15c1313cf78f85b75","isMergeCommit":false,"messageTitle":"Ini testShortAns with empty test cases","messageBody":"","fileTypesAndContributionMap":{"test-code":{"insertions":192,"deletions":0}}},{"hash":"5e671e61d0548e06eb54500c841e397c39e15cd9","isMergeCommit":false,"messageTitle":"Add ShortAns exception handling for additional commands","messageBody":"","fileTypesAndContributionMap":{"functional-code":{"insertions":48,"deletions":5}}}]},{"date":"2023-10-29","commitResults":[{"hash":"702281cfe98cb36b2e2fb4723175ec9dc8eb2f3b","isMergeCommit":false,"messageTitle":"Add duplicate feature to addShortAns to prevent duplicated entries","messageBody":"","fileTypesAndContributionMap":{"functional-code":{"insertions":40,"deletions":32}}},{"hash":"a6e4e12dc1b5dfbb3b89524862e48c6cca69af8c","isMergeCommit":true,"messageTitle":"Merge branch \u0027master\u0027 of https://github.com/AY2324S1-CS2113-W12-1/tp into branch-ShortAnsIncrement","messageBody":"","fileTypesAndContributionMap":{}},{"hash":"8f67ddb669b1f23971beb98bbfc781f30d392334","isMergeCommit":false,"messageTitle":"Resolve gradle checkstyle","messageBody":"","fileTypesAndContributionMap":{"functional-code":{"insertions":0,"deletions":1},"test-code":{"insertions":2,"deletions":2}}},{"hash":"3ce892dfab685cb5255a0851e80e31650c827b6c","isMergeCommit":true,"messageTitle":"Merge pull request #119 from yeo-menghan/branch-ShortAnsIncrement","messageBody":"Branch short ans increment","fileTypesAndContributionMap":{}},{"hash":"f58235dd1e3a3f3627663d9c71df2d823d208034","isMergeCommit":true,"messageTitle":"Merge branch \u0027master\u0027 of https://github.com/AY2324S1-CS2113-W12-1/tp into branch-testShortAns","messageBody":"","fileTypesAndContributionMap":{}},{"hash":"30a83b43a4ba5b4ea31b7cb07bb3b9330907b3bf","isMergeCommit":false,"messageTitle":"Standardise testCliOutputCorrectness","messageBody":"","fileTypesAndContributionMap":{"test-code":{"insertions":2,"deletions":0}}},{"hash":"0d867f2de725a08e16540ed8e83c55f22b1eeb0a","isMergeCommit":false,"messageTitle":"Add testValidCommand for CommandShortAnswerTest","messageBody":"","fileTypesAndContributionMap":{"test-code":{"insertions":12,"deletions":4}}},{"hash":"02ba18438cfac5365534e728b71ad985380f42df","isMergeCommit":false,"messageTitle":"Add testInvalidDelimiter for CommandShortAnswerTest","messageBody":"","fileTypesAndContributionMap":{"test-code":{"insertions":5,"deletions":1}}},{"hash":"52468320c7236fb1fbb01c3d20afad5a3723003f","isMergeCommit":false,"messageTitle":"Add testMissingFields for CommandShortAnswerTest","messageBody":"","fileTypesAndContributionMap":{"functional-code":{"insertions":1,"deletions":1},"test-code":{"insertions":10,"deletions":14}}},{"hash":"19e7dbd9371e7d1304a32c2065f04c4e701c5327","isMergeCommit":false,"messageTitle":"Add testAdditionalFields for CommandShortAnswerTest","messageBody":"","fileTypesAndContributionMap":{"test-code":{"insertions":5,"deletions":1}}},{"hash":"0ab513c35ce0ae812eef641e0e195c3738e576ce","isMergeCommit":false,"messageTitle":"Resolve bug on add short answer with invalid difficulty","messageBody":"","fileTypesAndContributionMap":{"functional-code":{"insertions":5,"deletions":0}}},{"hash":"d72728ab2ca460b2530b36bb991207627a149a20","isMergeCommit":true,"messageTitle":"Merge branch \u0027master\u0027 of https://github.com/AY2324S1-CS2113-W12-1/tp into branch-ShortAnsIncrement","messageBody":"","fileTypesAndContributionMap":{}},{"hash":"8d9f727a7076cc83a85a9e31be84494af0603e71","isMergeCommit":true,"messageTitle":"Merge pull request #121 from yeo-menghan/branch-ShortAnsIncrement","messageBody":"Branch short ans increment","fileTypesAndContributionMap":{}},{"hash":"f4180e834268724fdd4d8ec0721cdccee7ecf5eb","isMergeCommit":true,"messageTitle":"Merge branch \u0027master\u0027 of https://github.com/AY2324S1-CS2113-W12-1/tp into branch-testShortAns","messageBody":"","fileTypesAndContributionMap":{}},{"hash":"71646761d1455d3b7ca185b474da53c2172b6565","isMergeCommit":false,"messageTitle":"Add testInvalidDifficulty for CommandShortAnswerTest","messageBody":"","fileTypesAndContributionMap":{"test-code":{"insertions":7,"deletions":1}}},{"hash":"06b74e0462632eecd5aedd4530bce8eb30eb072e","isMergeCommit":false,"messageTitle":"Add testDuplicateHandling for CommandShortAnswerTest","messageBody":"","fileTypesAndContributionMap":{"test-code":{"insertions":34,"deletions":53}}},{"hash":"877eeedebd0d9e5c7f842232ebbb5b761de9b1d3","isMergeCommit":false,"messageTitle":"Add testFileExistence for CommandShortAnswerTest \u0026\u0026 Modify Mockstorage to handle testing","messageBody":"","fileTypesAndContributionMap":{"test-code":{"insertions":49,"deletions":2}}},{"hash":"d40054834276acdc0aee4168b326b201772e4f84","isMergeCommit":false,"messageTitle":"Add testStorageDeleteShortAns for CommandShortAnswerTest","messageBody":"","fileTypesAndContributionMap":{"test-code":{"insertions":44,"deletions":20}}},{"hash":"8a506bc973f27f4a642bb57fbe6caf143a6cf5d9","isMergeCommit":false,"messageTitle":"Checkstyle Compliant","messageBody":"","fileTypesAndContributionMap":{"test-code":{"insertions":18,"deletions":17}}},{"hash":"206d70d541716512c828b27f910f65b8aa2f1da0","isMergeCommit":true,"messageTitle":"Merge pull request #123 from yeo-menghan/branch-testShortAns","messageBody":"Branch test short ans","fileTypesAndContributionMap":{}},{"hash":"22de2f2152c5f1aae29fe1b4936e86df113fbaac","isMergeCommit":false,"messageTitle":"Correct window test issue on testStorageDeleteShortAns","messageBody":"","fileTypesAndContributionMap":{"test-code":{"insertions":8,"deletions":3}}},{"hash":"f647b584fdd57410f270e73f27bc3b0fe005d6eb","isMergeCommit":true,"messageTitle":"Merge pull request #124 from yeo-menghan/branch-testShortAns","messageBody":"Correct window test issue on testStorageDeleteShortAns","fileTypesAndContributionMap":{}}]},{"date":"2023-10-31","commitResults":[{"hash":"999f8e934b87131568e93dcfc53d88ccdc5b156f","isMergeCommit":false,"messageTitle":"Add skeleton for last 6 commands + Shuffle Command Sequence Diagram","messageBody":"","fileTypesAndContributionMap":{"docs":{"insertions":59,"deletions":28}}},{"hash":"61a7fdd19e3d3ae84239ab498ff15afa99f455ff","isMergeCommit":false,"messageTitle":"Add Shuffle Command and Edit Command UGs","messageBody":"","fileTypesAndContributionMap":{"docs":{"insertions":124,"deletions":4}}},{"hash":"d9e6bd5d6f7e82d037e7e701cf203e7397baf584","isMergeCommit":false,"messageTitle":"Add UG for edit Command","messageBody":"","fileTypesAndContributionMap":{"docs":{"insertions":100,"deletions":4}}},{"hash":"88c02f7c1606d06565186e8d7a05b6e768814043","isMergeCommit":false,"messageTitle":"Add UG for markdiff Command","messageBody":"","fileTypesAndContributionMap":{"docs":{"insertions":100,"deletions":4}}},{"hash":"18152b08be1ec4feef5626d4f5abb054c5d2948b","isMergeCommit":false,"messageTitle":"Revamp Start Command UG and add Exit Command UG","messageBody":"","fileTypesAndContributionMap":{"docs":{"insertions":76,"deletions":5}}},{"hash":"4a596f52eae014a54346045b1d635ee96fedb038","isMergeCommit":false,"messageTitle":"Edit Command Exit\u0027s brief description","messageBody":"","fileTypesAndContributionMap":{"docs":{"insertions":1,"deletions":1}}},{"hash":"cb577638bb6572f7e364ed03e729463226b54373","isMergeCommit":true,"messageTitle":"Merge branch \u0027master\u0027 of https://github.com/AY2324S1-CS2113-W12-1/tp into branch-CommandUGs","messageBody":"","fileTypesAndContributionMap":{}},{"hash":"a53249514b63e0d08563e07cb822317cf2396f42","isMergeCommit":true,"messageTitle":"Merge pull request #134 from yeo-menghan/branch-CommandUGs","messageBody":"Branch command u gs","tags":["Version_2_0"],"fileTypesAndContributionMap":{}},{"hash":"a348efeeb0efac4e075c367074f595e18ef87754","isMergeCommit":false,"messageTitle":"Add commandShuffleTest","messageBody":"","fileTypesAndContributionMap":{"test-code":{"insertions":86,"deletions":0}}},{"hash":"a1460feb22376f40923f1c87dc72c2d88cd6955c","isMergeCommit":false,"messageTitle":"Rectify formatting issues for markdiff implementation","messageBody":"","fileTypesAndContributionMap":{"docs":{"insertions":4,"deletions":4}}},{"hash":"fa4c4c73ee8d822cb6453588d9582ae872befc82","isMergeCommit":true,"messageTitle":"Deconflict merge","messageBody":"","fileTypesAndContributionMap":{}},{"hash":"4691120c60e5b2ed147c7b041862779b7ff3b956","isMergeCommit":true,"messageTitle":"Merge pull request #138 from yeo-menghan/branch-CommandUGs","messageBody":"Branch command u gs","fileTypesAndContributionMap":{}},{"hash":"ea8a14745f1c808bcfa5856da42a5aa1ddeea6bb","isMergeCommit":true,"messageTitle":"Merge branch \u0027master\u0027 of https://github.com/AY2324S1-CS2113-W12-1/tp into branch-CommandShuffleTest","messageBody":"","fileTypesAndContributionMap":{}},{"hash":"eba8681efa215d3fcb07bb8d8829f566ac253e7c","isMergeCommit":true,"messageTitle":"Merge pull request #139 from yeo-menghan/branch-CommandShuffleTest","messageBody":"Branch command shuffle test","fileTypesAndContributionMap":{}}]},{"date":"2023-11-04","commitResults":[{"hash":"e586295dedf2d0917db68bc5d7b0809933cf2228","isMergeCommit":false,"messageTitle":"Fix M shown as S when listed","messageBody":"","fileTypesAndContributionMap":{"functional-code":{"insertions":25,"deletions":3}}},{"hash":"d43719bf8ec70eba910691cf80e9b9a9aff58b29","isMergeCommit":true,"messageTitle":"Merge pull request #190 from yeo-menghan/branch-startMCQ","messageBody":"Fix M shown as S when listed","fileTypesAndContributionMap":{}},{"hash":"83577fbb6e2985142ba6517602fbee658aef9ea8","isMergeCommit":false,"messageTitle":"Integrated mcq and shortans into /start command","messageBody":"","fileTypesAndContributionMap":{"functional-code":{"insertions":49,"deletions":9}}},{"hash":"ca5277707fcdc01331a574a05e6851928e8ea0e4","isMergeCommit":false,"messageTitle":"Remove commented code","messageBody":"","fileTypesAndContributionMap":{"functional-code":{"insertions":1,"deletions":17}}},{"hash":"ee914ee41438566cf5dd9234463e0ba5962a91c9","isMergeCommit":true,"messageTitle":"Merge pull request #191 from yeo-menghan/branch-startMCQ","messageBody":"Branch start mcq","fileTypesAndContributionMap":{}},{"hash":"ae2708c52d575fef1808b265d9012e8cb98f893e","isMergeCommit":false,"messageTitle":"Add Ui elements","messageBody":"","fileTypesAndContributionMap":{"functional-code":{"insertions":1,"deletions":1}}},{"hash":"3246aa20249acc112011eee7769b1a20e3830fe0","isMergeCommit":false,"messageTitle":"Resolve issue #168 on shuffle command not having ui feedback","messageBody":"","fileTypesAndContributionMap":{"functional-code":{"insertions":4,"deletions":2}}},{"hash":"d37a39d67185a4f0c08daacc7188adb5b8e8b279","isMergeCommit":true,"messageTitle":"Merge pull request #192 from yeo-menghan/branch-smallIncrements","messageBody":"Resolve issue #168 on shuffle command not having ui feedback","fileTypesAndContributionMap":{}}]},{"date":"2023-11-08","commitResults":[{"hash":"1054987055f3628b2dcc6a598ddb542d6cf8d1d0","isMergeCommit":true,"messageTitle":"Merge branch \u0027master\u0027 of https://github.com/AY2324S1-CS2113-W12-1/tp into branch-startMCQ","messageBody":"","fileTypesAndContributionMap":{}},{"hash":"4c71e59bc150feefc65597dff359d5bee4da4318","isMergeCommit":false,"messageTitle":"Add boundary checking for invalid int and out of array bounds for mcq","messageBody":"","fileTypesAndContributionMap":{"functional-code":{"insertions":56,"deletions":14}}},{"hash":"395dd42c53336b498b3449c8e133dc4da19debd3","isMergeCommit":false,"messageTitle":"Ensure \u0027Your Answer\u0027 is replicated per wrong input when doing boundary checking for mcq","messageBody":"","fileTypesAndContributionMap":{"functional-code":{"insertions":5,"deletions":2}}},{"hash":"efdee7ba8471e6890c7d10ae44a3c4e0a7f036a0","isMergeCommit":false,"messageTitle":"Add blank answer check","messageBody":"","fileTypesAndContributionMap":{"functional-code":{"insertions":22,"deletions":40}}},{"hash":"1b0f0fadb2bd8ef84b82c80a2197bcd0878b6919","isMergeCommit":false,"messageTitle":"Add exitquiz to exit in the middle of the quiz","messageBody":"","fileTypesAndContributionMap":{"functional-code":{"insertions":13,"deletions":2}}},{"hash":"37d5a66f3d4cc95ea4c3d65dc87de06470f87e20","isMergeCommit":true,"messageTitle":"Merge pull request #199 from yeo-menghan/branch-startMCQ","messageBody":"Branch start mcq","fileTypesAndContributionMap":{}},{"hash":"5fe6eb300183d853d4776cfee03591af68439f94","isMergeCommit":false,"messageTitle":"Integrate question type for StartCommand to filter /mix or /short or /mcq","messageBody":"","fileTypesAndContributionMap":{"functional-code":{"insertions":54,"deletions":14}}},{"hash":"212ef878c19c2bd161948206d97df97c156b1617","isMergeCommit":false,"messageTitle":"Init qntype","messageBody":"","fileTypesAndContributionMap":{"functional-code":{"insertions":11,"deletions":5}}},{"hash":"2a427f6ba44c58b2397ae081e3a1364128b5dabd","isMergeCommit":false,"messageTitle":"Integrate /mix /mcq /short into start command","messageBody":"","fileTypesAndContributionMap":{"functional-code":{"insertions":60,"deletions":46}}},{"hash":"d8a3d4739adc4f043d185e140b07a6454409b1af","isMergeCommit":true,"messageTitle":"Merge pull request #200 from yeo-menghan/branch-startMCQ","messageBody":"Start Command /mix /mcq /short","fileTypesAndContributionMap":{}},{"hash":"954d6a67fbb93c5bf0bd6536f86723f15a6028b8","isMergeCommit":false,"messageTitle":"Fix bug for mcq indexing","messageBody":"","fileTypesAndContributionMap":{"functional-code":{"insertions":155,"deletions":49}}},{"hash":"8329f2ee136d25acae6e49146e33251a8452dc67","isMergeCommit":true,"messageTitle":"Merge pull request #207 from yeo-menghan/branch-StartCommandRefactor","messageBody":"Fix bug for mcq indexing","fileTypesAndContributionMap":{}},{"hash":"e9699acae954aef7c4c0e4f50c76f5c6adb47683","isMergeCommit":false,"messageTitle":"Remove comments","messageBody":"","fileTypesAndContributionMap":{"functional-code":{"insertions":3,"deletions":78}}},{"hash":"e15364357cf66574f5dd1330abe115d179845623","isMergeCommit":true,"messageTitle":"Merge pull request #210 from yeo-menghan/branch-StartCommandRefactor","messageBody":"Remove comments","fileTypesAndContributionMap":{}},{"hash":"04f20aa5070657b742bdbee58f2eec742b38084c","isMergeCommit":false,"messageTitle":"Add protection against \\exitquiz for shortans","messageBody":"","fileTypesAndContributionMap":{"functional-code":{"insertions":4,"deletions":0}}},{"hash":"eb9af666b36ac8946ba7dcd93f069895c7224fbe","isMergeCommit":true,"messageTitle":"Merge pull request #212 from yeo-menghan/branch-exitQuiz","messageBody":"Add protection against \\exitquiz for shortans","fileTypesAndContributionMap":{}},{"hash":"1a9fc273f7b675d8713b7783a46d5ad08535e977","isMergeCommit":false,"messageTitle":"Refactor start command","messageBody":"","fileTypesAndContributionMap":{"functional-code":{"insertions":80,"deletions":22}}},{"hash":"64b322df055f520569000ff1de8d7b9b423fe72b","isMergeCommit":true,"messageTitle":"Merge branch \u0027master\u0027 of https://github.com/AY2324S1-CS2113-W12-1/tp","messageBody":"","fileTypesAndContributionMap":{}},{"hash":"c4e899c7b21d62c7c34b2858ca0f690dcd57d5f8","isMergeCommit":true,"messageTitle":"Merge branch \u0027master\u0027 of https://github.com/AY2324S1-CS2113-W12-1/tp","messageBody":"","fileTypesAndContributionMap":{}},{"hash":"c4a4d72d1aa0e5610d8f432dc86e4ad282688e85","isMergeCommit":false,"messageTitle":"Revert refactoring of StartCommand","messageBody":"","fileTypesAndContributionMap":{"functional-code":{"insertions":0,"deletions":47}}},{"hash":"8e09b8f9e3c3a93f38b2c7f04391e237f3bd9ded","isMergeCommit":false,"messageTitle":"Change bracket for checkstyle","messageBody":"","fileTypesAndContributionMap":{"functional-code":{"insertions":3,"deletions":1}}},{"hash":"17344a8a4342c930b398ba81585ba8036d142843","isMergeCommit":true,"messageTitle":"Merge pull request #217 from yeo-menghan/master","messageBody":"Revert refactoring for Short Command","fileTypesAndContributionMap":{}},{"hash":"bfab8ee460fa428767a8166bd59fcaf773037bc6","isMergeCommit":false,"messageTitle":"Fix bug on exitquiz","messageBody":"","fileTypesAndContributionMap":{"functional-code":{"insertions":3,"deletions":6}}},{"hash":"fcb57ed9ceee1110bde5487923b678cf159e3b55","isMergeCommit":true,"messageTitle":"Merge pull request #219 from yeo-menghan/master","messageBody":"Fix bug on exitquiz","fileTypesAndContributionMap":{}}]},{"date":"2023-11-09","commitResults":[{"hash":"0c8ecf928b4eca46f6cbac7967c8b7d56d852b40","isMergeCommit":false,"messageTitle":"Add Meng Han\u0027s PPP","messageBody":"","fileTypesAndContributionMap":{"docs":{"insertions":80,"deletions":0}}},{"hash":"e8915a8dd05e7070cd326913c9e5671873af8df2","isMergeCommit":false,"messageTitle":"Change Meng Han\u0027s Profile picture","messageBody":"","fileTypesAndContributionMap":{"docs":{"insertions":1,"deletions":1}}},{"hash":"38141651dd05da89410c6b782360f12be3b434b7","isMergeCommit":true,"messageTitle":"Merge pull request #226 from yeo-menghan/master","messageBody":"Meng Han\u0027s PPP and Profile Picture","fileTypesAndContributionMap":{}},{"hash":"a9fc8d167ec40444b69d3d13dc83d28d57e52079","isMergeCommit":false,"messageTitle":"Update DG Command Markdiff sequence diagram","messageBody":"","fileTypesAndContributionMap":{"docs":{"insertions":28,"deletions":10}}},{"hash":"a310bcd9a7b47d01f10a09cd01e9fed349ac9aa3","isMergeCommit":false,"messageTitle":"Update CommandMarkDiff class diagram","messageBody":"","fileTypesAndContributionMap":{"docs":{"insertions":1,"deletions":0}}},{"hash":"c48ee0ce1254d75883b013c18ef192f3c1c7cbb6","isMergeCommit":false,"messageTitle":"Update StartCommand details in accordance with the user guide\u0027s update","messageBody":"","fileTypesAndContributionMap":{"docs":{"insertions":36,"deletions":15}}},{"hash":"4479fa3eab6473efdd102bade605668c8f27534c","isMergeCommit":false,"messageTitle":"Update command exit uml","messageBody":"","fileTypesAndContributionMap":{"docs":{"insertions":21,"deletions":9}}},{"hash":"7752e816cd64bf90ced826a71316cdab4ca30fd9","isMergeCommit":false,"messageTitle":"Update command Start developer guide + command Start display score after each question","messageBody":"","fileTypesAndContributionMap":{"functional-code":{"insertions":3,"deletions":1},"docs":{"insertions":68,"deletions":10}}},{"hash":"972899328ec32d5f70f1a3fd37c61821ffc34dde","isMergeCommit":false,"messageTitle":"Update command markdiff developer guide","messageBody":"","fileTypesAndContributionMap":{"docs":{"insertions":98,"deletions":32}}},{"hash":"940debf590e4df31d9af1041bcd3d8f507f6edd2","isMergeCommit":false,"messageTitle":"Add comand Shuffle invalid commands developer guide","messageBody":"","fileTypesAndContributionMap":{"docs":{"insertions":9,"deletions":0}}},{"hash":"43cb518af1bedc6e954e54e8c7cf6052ba0d5152","isMergeCommit":false,"messageTitle":"Update Invalid qn type in start parser","messageBody":"","fileTypesAndContributionMap":{"functional-code":{"insertions":5,"deletions":6},"docs":{"insertions":15,"deletions":3}}},{"hash":"8c24ba14d15f8ed645cf979b9944995c505ee78f","isMergeCommit":false,"messageTitle":"Add tolowercase() to parserStart to allow for non-case-sensitive commands","messageBody":"","fileTypesAndContributionMap":{"functional-code":{"insertions":4,"deletions":4},"docs":{"insertions":25,"deletions":5}}},{"hash":"6927ab93de4888bb99c157e52d57ea707fa6bb09","isMergeCommit":false,"messageTitle":"Add to startparser to prevent additional input after /qntype","messageBody":"","fileTypesAndContributionMap":{"functional-code":{"insertions":9,"deletions":5}}},{"hash":"8a46b54e756ec12fbd6431d8d874bb7772e638bf","isMergeCommit":false,"messageTitle":"Update edit command DG along with potential bug fixes","messageBody":"","fileTypesAndContributionMap":{"docs":{"insertions":138,"deletions":36}}},{"hash":"a4a27f4d54371bef0a7df042c6e87a00794b3b54","isMergeCommit":true,"messageTitle":"Resolve merge conflicts","messageBody":"","fileTypesAndContributionMap":{}},{"hash":"57f049a6c444a2a9f6cb1e6930374da6a4574d96","isMergeCommit":true,"messageTitle":"Merge pull request #230 from yeo-menghan/master","messageBody":"DG for Edit, MarkDiff, Start, Exit, Shuffle","fileTypesAndContributionMap":{}},{"hash":"8bb501acdce71199c132d0adc55400410c3cdfdd","isMergeCommit":false,"messageTitle":"Update class structures for start, markdiff and shuffle","messageBody":"","fileTypesAndContributionMap":{"docs":{"insertions":98,"deletions":16}}},{"hash":"17554c5cd6b984c01d7b771d13b28b32b7c86b24","isMergeCommit":false,"messageTitle":"Update class structure for edit command","messageBody":"","fileTypesAndContributionMap":{"docs":{"insertions":24,"deletions":7}}},{"hash":"4380ac870bcdc12a70cd8d137c2297c927eef063","isMergeCommit":false,"messageTitle":"Update edit parser to reject \\exitquiz as answer","messageBody":"","fileTypesAndContributionMap":{"functional-code":{"insertions":9,"deletions":2}}},{"hash":"d6d5231bc73624cdcd0a9ef9306092d312909af4","isMergeCommit":true,"messageTitle":"Merge pull request #232 from yeo-menghan/master","messageBody":"DG class structure for command \u0026 edit parser \\exitquiz","fileTypesAndContributionMap":{}}]}],"James-Hong-Jey":[{"date":"2023-10-04","commitResults":[{"hash":"cfa71b85ff164366845684af16d070e31ea60359","isMergeCommit":false,"messageTitle":"Change aboutus.md","messageBody":"","fileTypesAndContributionMap":{"docs":{"insertions":1,"deletions":1}}},{"hash":"ff15f0850b54fd060d30b9efb9967fc1e0d9ab18","isMergeCommit":true,"messageTitle":"Resolve merge conflict","messageBody":"","fileTypesAndContributionMap":{}}]},{"date":"2023-10-08","commitResults":[{"hash":"59726e824ebe24615b40411cb772b0cd1af4b63f","isMergeCommit":true,"messageTitle":"Merge pull request #7 from lisizhuang-0121/master","messageBody":"Refactor code to align with QuizHub code structure.","fileTypesAndContributionMap":{}},{"hash":"5781673f896f0c94d455e6f90bd81064a2b60c5d","isMergeCommit":false,"messageTitle":"Change Task words to Question, Comment out old code","messageBody":"","fileTypesAndContributionMap":{"functional-code":{"insertions":388,"deletions":382}}},{"hash":"6ae2d08763bc68f7ce450755d3341b498a8f2075","isMergeCommit":false,"messageTitle":"Add CommandShortAnswer, remove redundancies","messageBody":"","fileTypesAndContributionMap":{"functional-code":{"insertions":31,"deletions":38},"other":{"insertions":6,"deletions":6}}}]},{"date":"2023-10-16","commitResults":[{"hash":"3689320d26a5d1629ca650330a058b18c15a637b","isMergeCommit":false,"messageTitle":"Add JUnit CommandShortAnswer, Add JUnit addToQuestionList","messageBody":"","fileTypesAndContributionMap":{"functional-code":{"insertions":10,"deletions":1},"test-code":{"insertions":45,"deletions":0}}}]},{"date":"2023-10-17","commitResults":[{"hash":"7a965c94ecafa3507c2246700af709a8e035b42f","isMergeCommit":true,"messageTitle":"Merge pull request #32 from James-Hong-Jey/JUnit","messageBody":"Add JUnit CommandShortAnswer, Add JUnit addToQuestionList","fileTypesAndContributionMap":{}}]},{"date":"2023-10-21","commitResults":[{"hash":"2d48b66fa0ac979743ad4042ad721157907b1fea","isMergeCommit":false,"messageTitle":"Add Shuffle","messageBody":"","fileTypesAndContributionMap":{"functional-code":{"insertions":23,"deletions":1}}},{"hash":"94f03b08917c989740c4aad088c8ac9b6cb66710","isMergeCommit":false,"messageTitle":"Add an assert and a logging","messageBody":"","fileTypesAndContributionMap":{"functional-code":{"insertions":6,"deletions":0}}},{"hash":"973220a81069c775bc9ce5aa1d62ccd51f606da2","isMergeCommit":false,"messageTitle":"Clean up Find command","messageBody":"","fileTypesAndContributionMap":{"functional-code":{"insertions":1,"deletions":4}}},{"hash":"c83703fe81ed2dd8f4f32e1cd634fe4dcf0bfd1a","isMergeCommit":false,"messageTitle":"Add Dev Guide Architecture","messageBody":"","fileTypesAndContributionMap":{"docs":{"insertions":21,"deletions":2}}},{"hash":"636404c0ddaeffae283f1f9978da51e626a03f5e","isMergeCommit":true,"messageTitle":"Merge pull request #55 from James-Hong-Jey/master","messageBody":"Add Architecture to Dev Guide","fileTypesAndContributionMap":{}}]},{"date":"2023-10-24","commitResults":[{"hash":"8eff0aa37130c992176747b7492a81e7b467881f","isMergeCommit":true,"messageTitle":"Merge pull request #64 from yeo-menghan/branch-RandomQnsStart","messageBody":"Branch random qns start","fileTypesAndContributionMap":{}},{"hash":"4c31e670091d8b8623045ef038dd0677faa4c706","isMergeCommit":false,"messageTitle":"Revert \"Branch random qns start\"","messageBody":"","fileTypesAndContributionMap":{"functional-code":{"insertions":18,"deletions":50}}},{"hash":"75b8cefa4e66396db41a38fe53c5fca5c56a331b","isMergeCommit":true,"messageTitle":"Merge pull request #65 from AY2324S1-CS2113-W12-1/revert-64-branch-RandomQnsStart","messageBody":"Revert \"Branch random qns start\"","fileTypesAndContributionMap":{}},{"hash":"7a52c4a396e0e4f2067745f743607d01275b11c4","isMergeCommit":false,"messageTitle":"Add Short Command and Find Command to Dev Guide","messageBody":"","fileTypesAndContributionMap":{"docs":{"insertions":30,"deletions":0}}},{"hash":"3f850e1678e0167cd2c3c3868c7e601a154824d2","isMergeCommit":true,"messageTitle":"Merge pull request #70 from James-Hong-Jey/master","messageBody":"Add Short Command and Find Command to Dev Guide","fileTypesAndContributionMap":{}}]},{"date":"2023-10-25","commitResults":[{"hash":"ebf475c90b99fe9d6d3aa92bb985a9413c5147b0","isMergeCommit":false,"messageTitle":"Add Short Command diagram","messageBody":"","fileTypesAndContributionMap":{"docs":{"insertions":3,"deletions":0}}},{"hash":"52e9f4189576a52196d287369f67fd5595f54dec","isMergeCommit":true,"messageTitle":"Merge pull request #72 from James-Hong-Jey/master","messageBody":"Add Short Command Diagram to DG","fileTypesAndContributionMap":{}},{"hash":"6a2bd99d3c3a5fcd38caec28c6549910dc9af1fa","isMergeCommit":false,"messageTitle":"Fix test files style","messageBody":"","fileTypesAndContributionMap":{"test-code":{"insertions":24,"deletions":14}}},{"hash":"0aa3c28f9bf7bd41d534d1aae5e3e7f6bc391b31","isMergeCommit":false,"messageTitle":"Fix 1 Junit, 2 left to fix","messageBody":"","fileTypesAndContributionMap":{"functional-code":{"insertions":40,"deletions":34},"test-code":{"insertions":39,"deletions":0}}},{"hash":"5e4abb7ed5853f686f424aadfb582c960d75f4a0","isMergeCommit":true,"messageTitle":"Merge pull request #76 from James-Hong-Jey/master","messageBody":"Pass CI tests halfway","fileTypesAndContributionMap":{}}]},{"date":"2023-10-26","commitResults":[{"hash":"e67b9800fdbbd75a51dc6ee413230fd6a6e50bf8","isMergeCommit":false,"messageTitle":"Fix checkstyle","messageBody":"","fileTypesAndContributionMap":{"functional-code":{"insertions":28,"deletions":36},"test-code":{"insertions":5,"deletions":5}}},{"hash":"d43962c336a76536f2e5408e1c2171dce94e0f5d","isMergeCommit":true,"messageTitle":"Merge pull request #87 from StevenGX12/branch-developer-guide","messageBody":"Add UI component of developer guide","fileTypesAndContributionMap":{}},{"hash":"0c023f11f1f368f6fded9ef6509758a4cf8554a0","isMergeCommit":true,"messageTitle":"Merge branch \u0027master\u0027 of https://github.com/AY2324S1-CS2113-W12-1/tp","messageBody":"","fileTypesAndContributionMap":{}},{"hash":"5751d0bbd081e2f4d90d446cadacadd6c2425195","isMergeCommit":false,"messageTitle":"Attempt fix of edit tests","messageBody":"","fileTypesAndContributionMap":{"test-code":{"insertions":4,"deletions":1}}},{"hash":"67c4dd17ecf6911163fd11737ef539a04c918fdd","isMergeCommit":true,"messageTitle":"Merge pull request #88 from James-Hong-Jey/master","messageBody":"Fix Checkstyle","fileTypesAndContributionMap":{}}]},{"date":"2023-10-30","commitResults":[{"hash":"1073375250e9cef0c3a2e50fd1690480e79a5bb2","isMergeCommit":false,"messageTitle":"Add first 6 commands to DevGuide without diagrams","messageBody":"","fileTypesAndContributionMap":{"docs":{"insertions":39,"deletions":4}}},{"hash":"b17ec30e906b26e5dfc9fd921a78f322cc21d50c","isMergeCommit":false,"messageTitle":"Add diagrams to DevGuide","messageBody":"","fileTypesAndContributionMap":{"docs":{"insertions":62,"deletions":1}}},{"hash":"1391b00db2af7d2f0db9daf6828e004889453dc3","isMergeCommit":true,"messageTitle":"Merge pull request #130 from James-Hong-Jey/master","messageBody":"Add Commands 1-6 to Dev Guide","fileTypesAndContributionMap":{}}]},{"date":"2023-11-01","commitResults":[{"hash":"a9796ededf4c4cabe6fa635c6e3a820885872697","isMergeCommit":false,"messageTitle":"Halfway implement MCQ feature","messageBody":"","fileTypesAndContributionMap":{"functional-code":{"insertions":192,"deletions":53}}},{"hash":"603696c2415a6f7cac7914b6ea9fd46ff8ba6e99","isMergeCommit":true,"messageTitle":"Merge pull request #147 from James-Hong-Jey/master","messageBody":"Halfway implement MCQ feature","fileTypesAndContributionMap":{}}]},{"date":"2023-11-08","commitResults":[{"hash":"0b9f8e9a7744c17acfc5ec6f080642a8ee8fd9fa","isMergeCommit":false,"messageTitle":"Catch duplicate options in mcq","messageBody":"","fileTypesAndContributionMap":{"functional-code":{"insertions":9,"deletions":0}}},{"hash":"44b57ca81037a927724812eb52ccff7320c33c9e","isMergeCommit":true,"messageTitle":"Merge pull request #206 from James-Hong-Jey/master","messageBody":"Catch duplicate options in mcq","fileTypesAndContributionMap":{}},{"hash":"de67605636923d0f76c28ba467eee5c9412bcf13","isMergeCommit":false,"messageTitle":"Start on ppp","messageBody":"","fileTypesAndContributionMap":{"docs":{"insertions":30,"deletions":0}}}]},{"date":"2023-11-09","commitResults":[{"hash":"bcc71651dcfd24ec3a41ca106ba98aacfbdd05a0","isMergeCommit":false,"messageTitle":"Add DG diagrams","messageBody":"","fileTypesAndContributionMap":{"docs":{"insertions":225,"deletions":44}}},{"hash":"61ea56c732aea21031cb81be7c9ebed221450764","isMergeCommit":true,"messageTitle":"Merge pull request #223 from James-Hong-Jey/master","messageBody":"Add DG Diagrams","fileTypesAndContributionMap":{}}]}],"lisizhuang-0121":[{"date":"2023-10-04","commitResults":[{"hash":"db4924094e6d09cacbe80b263645d4f6e6778802","isMergeCommit":true,"messageTitle":"Merge pull request #1 from yeo-menghan/master","messageBody":"Add personal details(Meng Han) on AboutUs.md","fileTypesAndContributionMap":{}},{"hash":"7398eac81f0be5e14293d06439587f84e7cea114","isMergeCommit":false,"messageTitle":"Update aboutus.md","messageBody":"","fileTypesAndContributionMap":{"docs":{"insertions":7,"deletions":7}}}]},{"date":"2023-10-05","commitResults":[{"hash":"be1e01236a2a636b43c835c00d65832c606e7b06","isMergeCommit":false,"messageTitle":"Refactor code to align with QuizHub code structure.","messageBody":"","fileTypesAndContributionMap":{"functional-code":{"insertions":65,"deletions":243},"other":{"insertions":99,"deletions":105}}},{"hash":"815456aa4e9a69f2359c634ce6d3183d0ca11172","isMergeCommit":false,"messageTitle":"Refactor and rename classes for better readability","messageBody":"","fileTypesAndContributionMap":{"functional-code":{"insertions":274,"deletions":462},"other":{"insertions":9,"deletions":9}}}]},{"date":"2023-10-12","commitResults":[{"hash":"7c06aff1313bf138f10ec7375ff55889f31f8e56","isMergeCommit":false,"messageTitle":"Add Invalid Command Class for improved command parsing","messageBody":"","fileTypesAndContributionMap":{"functional-code":{"insertions":43,"deletions":20}}},{"hash":"af8a7aab2f7cff548363c5615fa500b84cf7b7d4","isMergeCommit":true,"messageTitle":"Merge pull request #16 from lisizhuang-0121/master","messageBody":"Add Invalid Command Class for improved command parsing","fileTypesAndContributionMap":{}},{"hash":"76953b2108f83fa551f74a4db56822b3c9c22f8f","isMergeCommit":false,"messageTitle":"Fix minor bug in command parser for handling empty commands","messageBody":"","fileTypesAndContributionMap":{"functional-code":{"insertions":20,"deletions":16}}},{"hash":"c71a386f5bd64788eddb3377662b848b3782e91c","isMergeCommit":true,"messageTitle":"Merge pull request #28 from lisizhuang-0121/master","messageBody":"Fix minor bug in command parser for handling empty commands","fileTypesAndContributionMap":{}},{"hash":"6f9d92535a8c58c94add3a36bf2b6b7e374091f5","isMergeCommit":false,"messageTitle":"Add skeleton for Parser JUnit test with test cases of invalid commands","messageBody":"Edit message field of commandInvalid to public to allow comparison in the tests.\n","fileTypesAndContributionMap":{"functional-code":{"insertions":1,"deletions":1},"test-code":{"insertions":63,"deletions":0}}}]},{"date":"2023-10-17","commitResults":[{"hash":"4fdf529869faba917c09787471e457a9a43c39bb","isMergeCommit":false,"messageTitle":"Add assertions and fix minor code quality issues","messageBody":"","fileTypesAndContributionMap":{"functional-code":{"insertions":98,"deletions":98}}},{"hash":"46c9191ff97396777d903f98670298b78bab1ec6","isMergeCommit":false,"messageTitle":"Fix minor bug in assertion","messageBody":"","fileTypesAndContributionMap":{"functional-code":{"insertions":0,"deletions":2}}},{"hash":"d38040b3ebff23f9e10e4b8bbb1cd541605bcd11","isMergeCommit":false,"messageTitle":"Fix minor bugs in adding questions and taking quiz","messageBody":"Bug 1 - Add question has uncaught exceptions, fixed by checking for null\nBug 2 - Taking quiz may output wrong for white spaces in answers\n","fileTypesAndContributionMap":{"functional-code":{"insertions":9,"deletions":4}}}]},{"date":"2023-10-18","commitResults":[{"hash":"7522945291940993ef8bc68b936802cb438a39be","isMergeCommit":false,"messageTitle":"Fix bug in editing questions and answers","messageBody":"","fileTypesAndContributionMap":{"functional-code":{"insertions":21,"deletions":18},"other":{"insertions":1,"deletions":0}}}]},{"date":"2023-10-21","commitResults":[{"hash":"3400e5554e05c19f7e781646902f06e1f2f5344f","isMergeCommit":false,"messageTitle":"Update skeleton for Developer guide with UML","messageBody":"","fileTypesAndContributionMap":{"docs":{"insertions":64,"deletions":8}}},{"hash":"68b82f82ce1625c492e51edbfa099a8f070250bf","isMergeCommit":true,"messageTitle":"Merge pull request #51 from James-Hong-Jey/shuffle","messageBody":"Add Shuffle, Find","fileTypesAndContributionMap":{}},{"hash":"e8db9d9b43bd4a2a4a1d5a57f54ec35f98af1815","isMergeCommit":true,"messageTitle":"Merge pull request #52 from lisizhuang-0121/master","messageBody":"Update skeleton for Developer guide with UML","fileTypesAndContributionMap":{}},{"hash":"54454cd61ae874d56ee2857fdfd153c9841fa76e","isMergeCommit":true,"messageTitle":"Merge pull request #53 from lisizhuang-0121/master","messageBody":"Add UML Powerpoint Template","fileTypesAndContributionMap":{}}]},{"date":"2023-10-22","commitResults":[{"hash":"b5c467d5a61d9c6dcb6e5caa0f91cb4ad5463c0c","isMergeCommit":false,"messageTitle":"Improve code quality in /storage/Storage.java","messageBody":"Abstract functions for lower nesting level\nImprove error handling for file parsing cases\nImprove program logic\n","fileTypesAndContributionMap":{"functional-code":{"insertions":53,"deletions":33}}},{"hash":"5089a7189cc6d7cd13cfa615f38cbb1998d391af","isMergeCommit":true,"messageTitle":"Merge pull request #60 from lisizhuang-0121/master","messageBody":"Improve code quality in /storage/Storage.java","fileTypesAndContributionMap":{}},{"hash":"07fb6ec555da28475febb6a2927956598ac36d41","isMergeCommit":false,"messageTitle":"Handle invalid question difficulty levels when reading from storage","messageBody":"Ensure questions conform to the 3 difficulty levels by calling the parser class\n","fileTypesAndContributionMap":{"functional-code":{"insertions":6,"deletions":1}}},{"hash":"d2a3e118f4010cad370bc5dd182e929cdad34ae8","isMergeCommit":true,"messageTitle":"Merge pull request #61 from lisizhuang-0121/master","messageBody":"Handle invalid question difficulty levels when reading from storage","fileTypesAndContributionMap":{}}]},{"date":"2023-10-25","commitResults":[{"hash":"840bc8874c62cdae1635bb396c7472e5b92ea891","isMergeCommit":false,"messageTitle":"Update skeleton for parsing commands in Parser","messageBody":"","fileTypesAndContributionMap":{"functional-code":{"insertions":82,"deletions":25},"test-code":{"insertions":1,"deletions":1}}},{"hash":"3de09345ce79e937fe1b28d8547c95d1c96799e4","isMergeCommit":false,"messageTitle":"Convert error messages in commands to public static","messageBody":"","fileTypesAndContributionMap":{"functional-code":{"insertions":37,"deletions":31}}},{"hash":"d3ef7652234fa173d82caf858b55059787f7c7d4","isMergeCommit":true,"messageTitle":"Merge pull request #80 from lisizhuang-0121/master","messageBody":"Refactor code in parser and commands","fileTypesAndContributionMap":{}},{"hash":"ce66fae4dcbdf87e7be7c760939543bf9c09b9e3","isMergeCommit":false,"messageTitle":"Update test for DELETE command","messageBody":"","fileTypesAndContributionMap":{"test-code":{"insertions":7,"deletions":5}}},{"hash":"6298b5e18132f5f793c53653f79c492abe4ef646","isMergeCommit":false,"messageTitle":"Refactor and move FIND command parsing to parser","messageBody":"","fileTypesAndContributionMap":{"functional-code":{"insertions":43,"deletions":39},"test-code":{"insertions":9,"deletions":1}}},{"hash":"491d4ea6282298abf9ad999247a115f48ac92c7b","isMergeCommit":true,"messageTitle":"Merge pull request #85 from lisizhuang-0121/master","messageBody":"Refactor code in command parsing and find command","fileTypesAndContributionMap":{}},{"hash":"aab6e922c577e387de591d9bbdd442e25d2185e2","isMergeCommit":false,"messageTitle":"Abstract function to create short answer question","messageBody":"","fileTypesAndContributionMap":{"functional-code":{"insertions":83,"deletions":76},"test-code":{"insertions":2,"deletions":0}}},{"hash":"e3f9ef91b2e39bf7748595322511426a06b03f63","isMergeCommit":false,"messageTitle":"Fix tests temporarily due to change in add question command","messageBody":"","fileTypesAndContributionMap":{"functional-code":{"insertions":3,"deletions":2},"test-code":{"insertions":21,"deletions":18}}},{"hash":"e1f6cf0c7f744be154bf2ed096925d28869d45d8","isMergeCommit":true,"messageTitle":"Merge pull request #86 from lisizhuang-0121/master","messageBody":"Modify Short Answer Question Command to use parser","fileTypesAndContributionMap":{}}]},{"date":"2023-10-26","commitResults":[{"hash":"0e0bdcaa0bfcfbe380db710e2c02ebde76472d8f","isMergeCommit":false,"messageTitle":"Fix tests in Delete, Edit, Find, List, and Start Test","messageBody":"","fileTypesAndContributionMap":{"test-code":{"insertions":74,"deletions":60}}},{"hash":"47620310a4e57800b720b164b735f2745f03b751","isMergeCommit":false,"messageTitle":"Temporarily disable failed tests for refactoring","messageBody":"","fileTypesAndContributionMap":{"test-code":{"insertions":41,"deletions":41}}},{"hash":"c40c624bfa3912f4b168a06caa5e74576cb41707","isMergeCommit":false,"messageTitle":"Remove line seperators before assertion testing","messageBody":"","fileTypesAndContributionMap":{"test-code":{"insertions":42,"deletions":36}}},{"hash":"d16ffcdc0e7dcac18b6be9842aaa91fa681cc3f7","isMergeCommit":true,"messageTitle":"Merge pull request #95 from lisizhuang-0121/master","messageBody":"Fix CI errors in assertion testing due to line seperators","fileTypesAndContributionMap":{}}]},{"date":"2023-10-30","commitResults":[{"hash":"8db796778fdaface35810eda7436101020172983","isMergeCommit":false,"messageTitle":"Update user guide for better readability and include file editing guide","messageBody":"","fileTypesAndContributionMap":{"docs":{"insertions":60,"deletions":22}}},{"hash":"11a8823258322f53ae61cf7e8127f22555820165","isMergeCommit":false,"messageTitle":"Add missing return statements for JavaDoc","messageBody":"","fileTypesAndContributionMap":{"functional-code":{"insertions":17,"deletions":4}}},{"hash":"251507710bfe8f15660e958ff9aeaa0f62123157","isMergeCommit":false,"messageTitle":"Reduce usage of magic literal and improve program logic","messageBody":"","fileTypesAndContributionMap":{"functional-code":{"insertions":39,"deletions":34}}},{"hash":"1a946beb5761c5a526d2be7ce62e465961e96c22","isMergeCommit":true,"messageTitle":"Merge pull request #126 from lisizhuang-0121/master","messageBody":"Update user guide and code quality","fileTypesAndContributionMap":{}}]},{"date":"2023-10-31","commitResults":[{"hash":"ab69edb42a6a41f8f364f7f3716dd5bc76cd4c56","isMergeCommit":false,"messageTitle":"Update naming convention of legacy variables and comments","messageBody":"Remove \"chatbot\", \"task\", \"tasklist\", \"tasks\", \"duke\" naming conventions.\n","fileTypesAndContributionMap":{"functional-code":{"insertions":37,"deletions":36}}},{"hash":"17671dc55706f89d3303aa5156f38cfa687331e1","isMergeCommit":false,"messageTitle":"Update UGDG with new naming convention","messageBody":"","fileTypesAndContributionMap":{"docs":{"insertions":8,"deletions":8}}},{"hash":"be7dd8efb596cae4c011e93f8c93fe7b365b1618","isMergeCommit":false,"messageTitle":"Fix checkstyle error for PR","messageBody":"","fileTypesAndContributionMap":{"functional-code":{"insertions":1,"deletions":1}}},{"hash":"2550394e2e00d8606a0317fe61299f8edece2d14","isMergeCommit":true,"messageTitle":"Merge pull request #131 from lisizhuang-0121/master","messageBody":"Rename any instance of legacy names \"duke\" and \"task\"","fileTypesAndContributionMap":{}},{"hash":"7e61a4e19f7bd4b944adfd9cae5f41137738011d","isMergeCommit":false,"messageTitle":"Update DG for version 2.0 release","messageBody":"","fileTypesAndContributionMap":{"docs":{"insertions":3,"deletions":3}}},{"hash":"f02392fe2314e5189a817e54560cd8641e3987f9","isMergeCommit":true,"messageTitle":"Merge pull request #136 from lisizhuang-0121/master","messageBody":"Update DG for version 2.0 release","fileTypesAndContributionMap":{}}]},{"date":"2023-11-01","commitResults":[{"hash":"066fd84f182f8af2624050f2f81d1870e95570f1","isMergeCommit":false,"messageTitle":"Add assertions for Parser class","messageBody":"","fileTypesAndContributionMap":{"functional-code":{"insertions":4,"deletions":0}}},{"hash":"9bf2ecfc6164ca8ff832292ac8cb89dc259f59bb","isMergeCommit":true,"messageTitle":"Merge pull request #140 from lisizhuang-0121/master","messageBody":"Add assertions for Parser class","fileTypesAndContributionMap":{}}]},{"date":"2023-11-04","commitResults":[{"hash":"d4ff87ce5e26fe173f26dbea40c925278035906c","isMergeCommit":false,"messageTitle":"Update user guide to resolve misinformation","messageBody":"","fileTypesAndContributionMap":{"functional-code":{"insertions":2,"deletions":2},"docs":{"insertions":62,"deletions":37}}},{"hash":"fa92c42b6cc9ece8f0b081691f822f14a4d9076b","isMergeCommit":true,"messageTitle":"Merge pull request #186 from lisizhuang-0121/master","messageBody":"Update user guide to resolve any misinformation and provide clearer instructions","fileTypesAndContributionMap":{}},{"hash":"e2360b01572b76ce0963919480fd73a83e23f62d","isMergeCommit":false,"messageTitle":"Add escape sequence for illegal characters.","messageBody":"","fileTypesAndContributionMap":{"functional-code":{"insertions":9,"deletions":11},"docs":{"insertions":6,"deletions":2},"test-code":{"insertions":4,"deletions":2}}},{"hash":"1f6fdd21837e4266dbb7f73c9b614aae5e33b4cc","isMergeCommit":true,"messageTitle":"Merge pull request #187 from lisizhuang-0121/master","messageBody":"Allow forward slash through escape characters","fileTypesAndContributionMap":{}},{"hash":"5dad37acdf8cd1555922ad823fed17eb79a56761","isMergeCommit":false,"messageTitle":"Fix case sensitivity when loading from file","messageBody":"","fileTypesAndContributionMap":{"functional-code":{"insertions":1,"deletions":1},"docs":{"insertions":1,"deletions":1}}},{"hash":"aec0e76f12fc630a3d47d33c068f8e0cf50cedbd","isMergeCommit":false,"messageTitle":"Fix invalid difficulty handling when parsing from storage file.","messageBody":"","fileTypesAndContributionMap":{"functional-code":{"insertions":6,"deletions":3}}},{"hash":"91dfed72810986675596e9dbb5d98fc435f8242a","isMergeCommit":true,"messageTitle":"Merge pull request #188 from lisizhuang-0121/master","messageBody":"Fix issues when loading from storage file","fileTypesAndContributionMap":{}}]},{"date":"2023-11-07","commitResults":[{"hash":"b39b553fd16f74e0e1f1565da5067acf8f348a28","isMergeCommit":false,"messageTitle":"Implement methods for converting questions to strings","messageBody":"","fileTypesAndContributionMap":{"functional-code":{"insertions":79,"deletions":46}}},{"hash":"99fb70fca0957f239e436568759bf094803e4dbc","isMergeCommit":false,"messageTitle":"Fix checkstyle violation","messageBody":"","fileTypesAndContributionMap":{"test-code":{"insertions":3,"deletions":3}}},{"hash":"77b5b4a966fb752acdad0fa75c8e4d84b9d22df0","isMergeCommit":false,"messageTitle":"Update tests","messageBody":"","fileTypesAndContributionMap":{"functional-code":{"insertions":50,"deletions":34},"test-code":{"insertions":8,"deletions":7}}},{"hash":"f1b069d8493f5420cb9eccf485861c9318f624b0","isMergeCommit":true,"messageTitle":"Merge pull request #195 from lisizhuang-0121/master","messageBody":"Refactor code and fix some bugs","fileTypesAndContributionMap":{}},{"hash":"f2294e6766a2fbd42eea33e8db70e59f35a6f3c8","isMergeCommit":false,"messageTitle":"Fix styling issues in documentations","messageBody":"","fileTypesAndContributionMap":{"docs":{"insertions":2,"deletions":2}}},{"hash":"b5853d0848dcb13960e83c896c13fd432de1fc87","isMergeCommit":false,"messageTitle":"Update documentations","messageBody":"","fileTypesAndContributionMap":{"docs":{"insertions":17,"deletions":10}}},{"hash":"7200ca97a4d93fe3342d8d68eb6d8747e3fb80d3","isMergeCommit":true,"messageTitle":"Merge pull request #196 from lisizhuang-0121/master","messageBody":"Fix styling issues in documentations and update docs","fileTypesAndContributionMap":{}}]},{"date":"2023-11-08","commitResults":[{"hash":"d8404f430cfae052dc2e85ccd4149f2adb630244","isMergeCommit":false,"messageTitle":"Refactor question and questionlist in displaying","messageBody":"","fileTypesAndContributionMap":{"functional-code":{"insertions":1,"deletions":36}}},{"hash":"6384a440c08b12349f0ada7e0b3ea01930ec0d31","isMergeCommit":true,"messageTitle":"Merge pull request #201 from lisizhuang-0121/master","messageBody":"Refactor question and questionlist in displaying","fileTypesAndContributionMap":{}},{"hash":"ef01d2c91a1f8e5a209541b04748572fc286564c","isMergeCommit":false,"messageTitle":"Improve code quality in questionlist","messageBody":"","fileTypesAndContributionMap":{"functional-code":{"insertions":30,"deletions":91}}},{"hash":"ac42cfe1aed12b51c357a975aa96e3b02f054c70","isMergeCommit":false,"messageTitle":"Update question list","messageBody":"","fileTypesAndContributionMap":{"functional-code":{"insertions":6,"deletions":10}}},{"hash":"e9d748f9f9fbb6c4107420e9e620dbf4df92efa4","isMergeCommit":true,"messageTitle":"Merge pull request #203 from lisizhuang-0121/master","messageBody":"Improve code quality for question list","fileTypesAndContributionMap":{}},{"hash":"d772c7babbdf9e31e8d4f3f85858abdba076e8b1","isMergeCommit":false,"messageTitle":"Update user guide","messageBody":"","fileTypesAndContributionMap":{"docs":{"insertions":46,"deletions":14}}},{"hash":"b88ba146f383f7326e1f9f830bc481be90646671","isMergeCommit":true,"messageTitle":"Merge pull request #209 from lisizhuang-0121/master","messageBody":"Update user guide with latest information","fileTypesAndContributionMap":{}},{"hash":"e38a27eb1d26b18a048e997de5f323564412fb09","isMergeCommit":false,"messageTitle":"Update user guide with latest commands and features","messageBody":"","fileTypesAndContributionMap":{"docs":{"insertions":31,"deletions":17}}},{"hash":"de51cd374aca4501e59f0b9a8a9bf8ab599b24b2","isMergeCommit":true,"messageTitle":"Merge pull request #213 from lisizhuang-0121/master","messageBody":"Update user guide with latest commands and features","fileTypesAndContributionMap":{}},{"hash":"76e05e28a6f4618ef5c177d8009e10174ff32ec4","isMergeCommit":false,"messageTitle":"Update tests","messageBody":"","fileTypesAndContributionMap":{"test-code":{"insertions":17,"deletions":16}}},{"hash":"44f5b33a2e23b3cb5932e74f0820b43411130177","isMergeCommit":true,"messageTitle":"Merge pull request #214 from lisizhuang-0121/master","messageBody":"Update tests","fileTypesAndContributionMap":{}},{"hash":"22ce2737e86a980cb365b61f600145e26b05b845","isMergeCommit":false,"messageTitle":"Edit tests","messageBody":"","fileTypesAndContributionMap":{"test-code":{"insertions":6,"deletions":6}}},{"hash":"ef3f09ccbd37db11c477001c721162e3242ff9c4","isMergeCommit":true,"messageTitle":"Merge pull request #218 from lisizhuang-0121/master","messageBody":"Edit tests","fileTypesAndContributionMap":{}},{"hash":"277c14fdd67ddab972ef085c5fe15f821c6947b2","isMergeCommit":false,"messageTitle":"Refactor code related to start quiz command","messageBody":"","fileTypesAndContributionMap":{"functional-code":{"insertions":83,"deletions":48},"test-code":{"insertions":4,"deletions":4}}},{"hash":"70ea840145110ede1cf464c6af1c27996d313f8c","isMergeCommit":true,"messageTitle":"Merge pull request #221 from lisizhuang-0121/master","messageBody":"Refactor code related to start quiz command","fileTypesAndContributionMap":{}}]},{"date":"2023-11-09","commitResults":[{"hash":"b787495759de73e08a741d0884fa39909cac2803","isMergeCommit":false,"messageTitle":"Review user guide and fix bugs","messageBody":"","fileTypesAndContributionMap":{"functional-code":{"insertions":27,"deletions":16},"docs":{"insertions":115,"deletions":58},"test-code":{"insertions":1,"deletions":2}}},{"hash":"5159ef78190ee0f634716c90fe8282ab935f3a87","isMergeCommit":true,"messageTitle":"Merge pull request #224 from lisizhuang-0121/master","messageBody":"Review user guide and fix bugs","fileTypesAndContributionMap":{}}]}]},"authorFileTypeContributionMap":{"spinoandraptos":{"docs":648,"functional-code":1073,"test-code":792,"other":3},"StevenGX12":{"docs":164,"functional-code":454,"test-code":385},"yeo-menghan":{"docs":866,"functional-code":301,"test-code":398},"James-Hong-Jey":{"docs":341,"functional-code":363,"test-code":55},"lisizhuang-0121":{"docs":326,"functional-code":641,"test-code":184,"other":1}},"authorContributionVariance":{"spinoandraptos":86551.805,"StevenGX12":20622.547,"yeo-menghan":38568.855,"James-Hong-Jey":17086.719,"lisizhuang-0121":42447.27},"authorDisplayNameMap":{"spinoandraptos":"CS2113-W12-1 MAN ..HENG","StevenGX12":"CS2113-W12-1 GUAN..XIAO","yeo-menghan":"CS2113-W12-1 YEO .. HAN","James-Hong-Jey":"CS2113-W12-1 JAME.. JEY","lisizhuang-0121":"CS2113-W12-1 LI S..UANG"}}
