[{"path":"build.gradle","fileType":"other","lines":[{"lineNumber":1,"author":{"gitId":"-"},"content":"plugins {","lastModifiedDate":"2020-05-25"},{"lineNumber":2,"author":{"gitId":"-"},"content":"    id \u0027java\u0027","lastModifiedDate":"2020-05-25"},{"lineNumber":3,"author":{"gitId":"-"},"content":"    id \u0027application\u0027","lastModifiedDate":"2020-05-25"},{"lineNumber":4,"author":{"gitId":"-"},"content":"    id \u0027checkstyle\u0027","lastModifiedDate":"2020-05-25"},{"lineNumber":5,"author":{"gitId":"-"},"content":"    id \u0027com.github.johnrengelman.shadow\u0027 version \u00277.1.2\u0027","lastModifiedDate":"2022-06-17"},{"lineNumber":6,"author":{"gitId":"-"},"content":"}","lastModifiedDate":"2020-05-25"},{"lineNumber":7,"author":{"gitId":"-"},"content":"","lastModifiedDate":"2020-05-25"},{"lineNumber":8,"author":{"gitId":"-"},"content":"repositories {","lastModifiedDate":"2020-05-25"},{"lineNumber":9,"author":{"gitId":"-"},"content":"    mavenCentral()","lastModifiedDate":"2020-05-25"},{"lineNumber":10,"author":{"gitId":"-"},"content":"}","lastModifiedDate":"2020-05-25"},{"lineNumber":11,"author":{"gitId":"-"},"content":"","lastModifiedDate":"2020-05-25"},{"lineNumber":12,"author":{"gitId":"-"},"content":"dependencies {","lastModifiedDate":"2020-05-25"},{"lineNumber":13,"author":{"gitId":"-"},"content":"    testImplementation group: \u0027org.junit.jupiter\u0027, name: \u0027junit-jupiter-api\u0027, version: \u00275.10.0\u0027","lastModifiedDate":"2023-08-05"},{"lineNumber":14,"author":{"gitId":"-"},"content":"    testRuntimeOnly group: \u0027org.junit.jupiter\u0027, name: \u0027junit-jupiter-engine\u0027, version: \u00275.10.0\u0027","lastModifiedDate":"2023-08-05"},{"lineNumber":15,"author":{"gitId":"-"},"content":"}","lastModifiedDate":"2020-05-25"},{"lineNumber":16,"author":{"gitId":"-"},"content":"","lastModifiedDate":"2020-05-25"},{"lineNumber":17,"author":{"gitId":"-"},"content":"test {","lastModifiedDate":"2020-05-25"},{"lineNumber":18,"author":{"gitId":"-"},"content":"    useJUnitPlatform()","lastModifiedDate":"2020-05-25"},{"lineNumber":19,"author":{"gitId":"-"},"content":"","lastModifiedDate":"2020-05-25"},{"lineNumber":20,"author":{"gitId":"-"},"content":"    testLogging {","lastModifiedDate":"2020-05-25"},{"lineNumber":21,"author":{"gitId":"-"},"content":"        events \"passed\", \"skipped\", \"failed\"","lastModifiedDate":"2020-05-25"},{"lineNumber":22,"author":{"gitId":"-"},"content":"","lastModifiedDate":"2020-05-25"},{"lineNumber":23,"author":{"gitId":"-"},"content":"        showExceptions true","lastModifiedDate":"2020-05-25"},{"lineNumber":24,"author":{"gitId":"-"},"content":"        exceptionFormat \"full\"","lastModifiedDate":"2020-05-25"},{"lineNumber":25,"author":{"gitId":"-"},"content":"        showCauses true","lastModifiedDate":"2020-05-25"},{"lineNumber":26,"author":{"gitId":"-"},"content":"        showStackTraces true","lastModifiedDate":"2020-05-25"},{"lineNumber":27,"author":{"gitId":"-"},"content":"        showStandardStreams \u003d false","lastModifiedDate":"2020-05-25"},{"lineNumber":28,"author":{"gitId":"-"},"content":"    }","lastModifiedDate":"2020-05-25"},{"lineNumber":29,"author":{"gitId":"-"},"content":"}","lastModifiedDate":"2020-05-25"},{"lineNumber":30,"author":{"gitId":"-"},"content":"","lastModifiedDate":"2020-05-25"},{"lineNumber":31,"author":{"gitId":"-"},"content":"application {","lastModifiedDate":"2020-05-25"},{"lineNumber":32,"author":{"gitId":"DextheChik3n"},"content":"    mainClass.set(\"seedu.cafectrl.CafeCtrl\")","lastModifiedDate":"2023-10-17"},{"lineNumber":33,"author":{"gitId":"-"},"content":"}","lastModifiedDate":"2020-05-25"},{"lineNumber":34,"author":{"gitId":"-"},"content":"","lastModifiedDate":"2020-05-25"},{"lineNumber":35,"author":{"gitId":"-"},"content":"shadowJar {","lastModifiedDate":"2020-05-25"},{"lineNumber":36,"author":{"gitId":"DextheChik3n"},"content":"    archiveBaseName.set(\"cafectrl\")","lastModifiedDate":"2023-10-17"},{"lineNumber":37,"author":{"gitId":"-"},"content":"    archiveClassifier.set(\"\")","lastModifiedDate":"2023-09-24"},{"lineNumber":38,"author":{"gitId":"-"},"content":"}","lastModifiedDate":"2020-05-25"},{"lineNumber":39,"author":{"gitId":"-"},"content":"","lastModifiedDate":"2020-05-25"},{"lineNumber":40,"author":{"gitId":"-"},"content":"checkstyle {","lastModifiedDate":"2020-05-25"},{"lineNumber":41,"author":{"gitId":"-"},"content":"    toolVersion \u003d \u002710.2\u0027","lastModifiedDate":"2022-04-29"},{"lineNumber":42,"author":{"gitId":"-"},"content":"}","lastModifiedDate":"2020-05-25"},{"lineNumber":43,"author":{"gitId":"-"},"content":"","lastModifiedDate":"2020-05-25"},{"lineNumber":44,"author":{"gitId":"-"},"content":"run{","lastModifiedDate":"2020-05-25"},{"lineNumber":45,"author":{"gitId":"-"},"content":"    standardInput \u003d System.in","lastModifiedDate":"2020-05-25"},{"lineNumber":46,"author":{"gitId":"-"},"content":"}","lastModifiedDate":"2020-05-25"}],"authorContributionMap":{"DextheChik3n":2,"-":44}},{"path":"docs/AboutUs.md","fileType":"docs","lines":[{"lineNumber":1,"author":{"gitId":"-"},"content":"# About us","lastModifiedDate":"2020-05-24"},{"lineNumber":2,"author":{"gitId":"-"},"content":"","lastModifiedDate":"2020-05-24"},{"lineNumber":3,"author":{"gitId":"-"},"content":"Display |   Name   |              Github Profile              | Portfolio ","lastModifiedDate":"2020-05-24"},{"lineNumber":4,"author":{"gitId":"ShaniceTang"},"content":"--------|:--------:|:----------------------------------------:|:---------:","lastModifiedDate":"2023-10-05"},{"lineNumber":5,"author":{"gitId":"ShaniceTang"},"content":"![](https://via.placeholder.com/100.png?text\u003dPhoto) | Shanice  | [Github](https://github.com/ShaniceTang) | [Portfolio](docs/team/johndoe.md)","lastModifiedDate":"2023-10-05"},{"lineNumber":6,"author":{"gitId":"NaychiMin"},"content":"![](https://via.placeholder.com/100.png?text\u003dPhoto) |  Naychi  | [Github](https://github.com/NaychiMin/tp) | [Portfolio](docs/team/johndoe.md)","lastModifiedDate":"2023-10-05"},{"lineNumber":7,"author":{"gitId":"ziyi105"},"content":"![](https://www.google.com/url?sa\u003di\u0026url\u003dhttps%3A%2F%2Fwww.scmp.com%2Fweek-asia%2Fpolitics%2Farticle%2F3095228%2Fmalaysia-najibs-cheesy-super-ring-jibe-comes-back-bite-him-after\u0026psig\u003dAOvVaw2ohFjBBhoZxtARfOKEnTXE\u0026ust\u003d1696586245977000\u0026source\u003dimages\u0026cd\u003dvfe\u0026opi\u003d89978449\u0026ved\u003d0CBEQjRxqFwoTCJiboLbS3oEDFQAAAAAdAAAAABAE) |  Zi Yi   | [Github](https://github.com/ziyi105) | [Portfolio](docs/team/johndoe.md)","lastModifiedDate":"2023-10-05"},{"lineNumber":8,"author":{"gitId":"DextheChik3n"},"content":"![](https://via.placeholder.com/100.png?text\u003dPhoto) | Dexter Hoon | [Github](https://github.com/DextheChik3n) | [Portfolio](docs/team/johndoe.md)","lastModifiedDate":"2023-10-05"},{"lineNumber":9,"author":{"gitId":"Cazh1"},"content":"![](https://via.placeholder.com/100.png?text\u003dPhoto) | Chua Zhong Heng | [Github](https://github.com/Cazh1/tp) | [Portfolio](docs/team/johndoe.md)","lastModifiedDate":"2023-10-05"}],"authorContributionMap":{"NaychiMin":1,"DextheChik3n":1,"Cazh1":1,"ziyi105":1,"ShaniceTang":2,"-":3}},{"path":"src/main/java/seedu/cafectrl/CafeCtrl.java","fileType":"functional-code","lines":[{"lineNumber":1,"author":{"gitId":"DextheChik3n"},"content":"package seedu.cafectrl;","lastModifiedDate":"2023-10-17"},{"lineNumber":2,"author":{"gitId":"DextheChik3n"},"content":"","lastModifiedDate":"2023-10-17"},{"lineNumber":3,"author":{"gitId":"DextheChik3n"},"content":"import seedu.cafectrl.command.Command;","lastModifiedDate":"2023-10-17"},{"lineNumber":4,"author":{"gitId":"DextheChik3n"},"content":"import seedu.cafectrl.data.Menu;","lastModifiedDate":"2023-10-17"},{"lineNumber":5,"author":{"gitId":"DextheChik3n"},"content":"import seedu.cafectrl.parser.Parser;","lastModifiedDate":"2023-10-17"},{"lineNumber":6,"author":{"gitId":"DextheChik3n"},"content":"import seedu.cafectrl.ui.Ui;","lastModifiedDate":"2023-10-17"},{"lineNumber":7,"author":{"gitId":"DextheChik3n"},"content":"","lastModifiedDate":"2023-10-17"},{"lineNumber":8,"author":{"gitId":"DextheChik3n"},"content":"/**","lastModifiedDate":"2023-10-17"},{"lineNumber":9,"author":{"gitId":"DextheChik3n"},"content":" * CafeCtrl application\u0027s entry point.","lastModifiedDate":"2023-10-17"},{"lineNumber":10,"author":{"gitId":"DextheChik3n"},"content":" * Initializes the application and starts the interaction with the user.","lastModifiedDate":"2023-10-17"},{"lineNumber":11,"author":{"gitId":"DextheChik3n"},"content":" */","lastModifiedDate":"2023-10-17"},{"lineNumber":12,"author":{"gitId":"DextheChik3n"},"content":"public class CafeCtrl {","lastModifiedDate":"2023-10-17"},{"lineNumber":13,"author":{"gitId":"DextheChik3n"},"content":"    private final Ui ui;","lastModifiedDate":"2023-10-17"},{"lineNumber":14,"author":{"gitId":"DextheChik3n"},"content":"    private final Menu menu;","lastModifiedDate":"2023-10-17"},{"lineNumber":15,"author":{"gitId":"DextheChik3n"},"content":"    private Command command;","lastModifiedDate":"2023-10-17"},{"lineNumber":16,"author":{"gitId":"DextheChik3n"},"content":"","lastModifiedDate":"2023-10-17"},{"lineNumber":17,"author":{"gitId":"DextheChik3n"},"content":"    /**","lastModifiedDate":"2023-10-17"},{"lineNumber":18,"author":{"gitId":"DextheChik3n"},"content":"     * Private constructor for the CafeCtrl class, used for initializing the user interface and menu list.","lastModifiedDate":"2023-10-17"},{"lineNumber":19,"author":{"gitId":"DextheChik3n"},"content":"     */","lastModifiedDate":"2023-10-17"},{"lineNumber":20,"author":{"gitId":"DextheChik3n"},"content":"    private CafeCtrl() {","lastModifiedDate":"2023-10-17"},{"lineNumber":21,"author":{"gitId":"DextheChik3n"},"content":"        ui \u003d new Ui();","lastModifiedDate":"2023-10-17"},{"lineNumber":22,"author":{"gitId":"DextheChik3n"},"content":"        menu \u003d new Menu();","lastModifiedDate":"2023-10-17"},{"lineNumber":23,"author":{"gitId":"DextheChik3n"},"content":"    }","lastModifiedDate":"2023-10-17"},{"lineNumber":24,"author":{"gitId":"DextheChik3n"},"content":"","lastModifiedDate":"2023-10-17"},{"lineNumber":25,"author":{"gitId":"DextheChik3n"},"content":"    private void setup() {","lastModifiedDate":"2023-10-17"},{"lineNumber":26,"author":{"gitId":"DextheChik3n"},"content":"        ui.showWelcome();","lastModifiedDate":"2023-10-17"},{"lineNumber":27,"author":{"gitId":"DextheChik3n"},"content":"    }","lastModifiedDate":"2023-10-17"},{"lineNumber":28,"author":{"gitId":"DextheChik3n"},"content":"    ","lastModifiedDate":"2023-10-17"},{"lineNumber":29,"author":{"gitId":"DextheChik3n"},"content":"    /**","lastModifiedDate":"2023-10-17"},{"lineNumber":30,"author":{"gitId":"DextheChik3n"},"content":"     * The main loop of the CafeCtrl application.","lastModifiedDate":"2023-10-17"},{"lineNumber":31,"author":{"gitId":"DextheChik3n"},"content":"     *","lastModifiedDate":"2023-10-17"},{"lineNumber":32,"author":{"gitId":"DextheChik3n"},"content":"     * \u003cp\u003e This method consistently receives user input, parses commands, and executes the respective command","lastModifiedDate":"2023-10-17"},{"lineNumber":33,"author":{"gitId":"DextheChik3n"},"content":"     * until the user enters a \"bye\" command, terminating the application.\u003c/p\u003e","lastModifiedDate":"2023-10-17"},{"lineNumber":34,"author":{"gitId":"DextheChik3n"},"content":"     */","lastModifiedDate":"2023-10-17"},{"lineNumber":35,"author":{"gitId":"DextheChik3n"},"content":"    private void run() {","lastModifiedDate":"2023-10-17"},{"lineNumber":36,"author":{"gitId":"DextheChik3n"},"content":"        ui.printLine();","lastModifiedDate":"2023-10-17"},{"lineNumber":37,"author":{"gitId":"DextheChik3n"},"content":"        do {","lastModifiedDate":"2023-10-17"},{"lineNumber":38,"author":{"gitId":"DextheChik3n"},"content":"            try {","lastModifiedDate":"2023-10-17"},{"lineNumber":39,"author":{"gitId":"DextheChik3n"},"content":"                String fullUserInput \u003d ui.receiveUserInput();","lastModifiedDate":"2023-10-17"},{"lineNumber":40,"author":{"gitId":"DextheChik3n"},"content":"                command \u003d Parser.parseCommand(menu, fullUserInput);","lastModifiedDate":"2023-10-17"},{"lineNumber":41,"author":{"gitId":"DextheChik3n"},"content":"                command.execute(menu, ui);","lastModifiedDate":"2023-10-17"},{"lineNumber":42,"author":{"gitId":"DextheChik3n"},"content":"            } catch (Exception e) {","lastModifiedDate":"2023-10-17"},{"lineNumber":43,"author":{"gitId":"DextheChik3n"},"content":"                ui.showToUser(e.getMessage());","lastModifiedDate":"2023-10-17"},{"lineNumber":44,"author":{"gitId":"DextheChik3n"},"content":"            } finally {","lastModifiedDate":"2023-10-17"},{"lineNumber":45,"author":{"gitId":"DextheChik3n"},"content":"                ui.printLine();","lastModifiedDate":"2023-10-17"},{"lineNumber":46,"author":{"gitId":"DextheChik3n"},"content":"            }","lastModifiedDate":"2023-10-17"},{"lineNumber":47,"author":{"gitId":"DextheChik3n"},"content":"        } while (!command.isExit());","lastModifiedDate":"2023-10-17"},{"lineNumber":48,"author":{"gitId":"DextheChik3n"},"content":"    }","lastModifiedDate":"2023-10-17"},{"lineNumber":49,"author":{"gitId":"DextheChik3n"},"content":"","lastModifiedDate":"2023-10-17"},{"lineNumber":50,"author":{"gitId":"DextheChik3n"},"content":"    public static void main(String[] args) {","lastModifiedDate":"2023-10-17"},{"lineNumber":51,"author":{"gitId":"DextheChik3n"},"content":"        CafeCtrl cafeCtrl \u003d new CafeCtrl();","lastModifiedDate":"2023-10-17"},{"lineNumber":52,"author":{"gitId":"DextheChik3n"},"content":"        cafeCtrl.setup();","lastModifiedDate":"2023-10-17"},{"lineNumber":53,"author":{"gitId":"DextheChik3n"},"content":"        cafeCtrl.run();","lastModifiedDate":"2023-10-17"},{"lineNumber":54,"author":{"gitId":"DextheChik3n"},"content":"    }","lastModifiedDate":"2023-10-17"},{"lineNumber":55,"author":{"gitId":"DextheChik3n"},"content":"}","lastModifiedDate":"2023-10-17"},{"lineNumber":56,"author":{"gitId":"DextheChik3n"},"content":"","lastModifiedDate":"2023-10-17"}],"authorContributionMap":{"DextheChik3n":56}},{"path":"src/main/java/seedu/cafectrl/command/AddDishCommand.java","fileType":"functional-code","lines":[{"lineNumber":1,"author":{"gitId":"DextheChik3n"},"content":"package seedu.cafectrl.command;","lastModifiedDate":"2023-10-17"},{"lineNumber":2,"author":{"gitId":"Cazh1"},"content":"","lastModifiedDate":"2023-10-16"},{"lineNumber":3,"author":{"gitId":"DextheChik3n"},"content":"import seedu.cafectrl.data.Menu;","lastModifiedDate":"2023-10-17"},{"lineNumber":4,"author":{"gitId":"DextheChik3n"},"content":"import seedu.cafectrl.data.dish.Dish;","lastModifiedDate":"2023-10-17"},{"lineNumber":5,"author":{"gitId":"DextheChik3n"},"content":"import seedu.cafectrl.ui.Ui;","lastModifiedDate":"2023-10-17"},{"lineNumber":6,"author":{"gitId":"Cazh1"},"content":"","lastModifiedDate":"2023-10-16"},{"lineNumber":7,"author":{"gitId":"Cazh1"},"content":"/**","lastModifiedDate":"2023-10-16"},{"lineNumber":8,"author":{"gitId":"Cazh1"},"content":" * Adds a menu item to the user","lastModifiedDate":"2023-10-16"},{"lineNumber":9,"author":{"gitId":"Cazh1"},"content":" */","lastModifiedDate":"2023-10-16"},{"lineNumber":10,"author":{"gitId":"Cazh1"},"content":"public class AddDishCommand extends Command {","lastModifiedDate":"2023-10-16"},{"lineNumber":11,"author":{"gitId":"Cazh1"},"content":"    public static final String COMMAND_WORD \u003d \"add\";","lastModifiedDate":"2023-10-17"},{"lineNumber":12,"author":{"gitId":"Cazh1"},"content":"    Dish dish;","lastModifiedDate":"2023-10-17"},{"lineNumber":13,"author":{"gitId":"DextheChik3n"},"content":"    public AddDishCommand(Dish dish) {","lastModifiedDate":"2023-10-17"},{"lineNumber":14,"author":{"gitId":"DextheChik3n"},"content":"        this.dish \u003d dish;","lastModifiedDate":"2023-10-17"},{"lineNumber":15,"author":{"gitId":"DextheChik3n"},"content":"    }","lastModifiedDate":"2023-10-17"},{"lineNumber":16,"author":{"gitId":"Cazh1"},"content":"    @Override","lastModifiedDate":"2023-10-16"},{"lineNumber":17,"author":{"gitId":"Cazh1"},"content":"    public void execute(Menu menu, Ui ui) {","lastModifiedDate":"2023-10-16"},{"lineNumber":18,"author":{"gitId":"DextheChik3n"},"content":"        menu.addDish(dish);","lastModifiedDate":"2023-10-17"},{"lineNumber":19,"author":{"gitId":"DextheChik3n"},"content":"        ui.printAddDishMessage(dish);","lastModifiedDate":"2023-10-17"},{"lineNumber":20,"author":{"gitId":"DextheChik3n"},"content":"    }","lastModifiedDate":"2023-10-17"},{"lineNumber":21,"author":{"gitId":"Cazh1"},"content":"}","lastModifiedDate":"2023-10-16"}],"authorContributionMap":{"DextheChik3n":10,"Cazh1":11}},{"path":"src/main/java/seedu/cafectrl/command/Command.java","fileType":"functional-code","lines":[{"lineNumber":1,"author":{"gitId":"DextheChik3n"},"content":"package seedu.cafectrl.command;","lastModifiedDate":"2023-10-17"},{"lineNumber":2,"author":{"gitId":"Cazh1"},"content":"","lastModifiedDate":"2023-10-16"},{"lineNumber":3,"author":{"gitId":"DextheChik3n"},"content":"import seedu.cafectrl.data.Menu;","lastModifiedDate":"2023-10-17"},{"lineNumber":4,"author":{"gitId":"DextheChik3n"},"content":"import seedu.cafectrl.ui.Ui;","lastModifiedDate":"2023-10-17"},{"lineNumber":5,"author":{"gitId":"Cazh1"},"content":"","lastModifiedDate":"2023-10-16"},{"lineNumber":6,"author":{"gitId":"Cazh1"},"content":"/**","lastModifiedDate":"2023-10-16"},{"lineNumber":7,"author":{"gitId":"Cazh1"},"content":" * Represents an executable command.","lastModifiedDate":"2023-10-16"},{"lineNumber":8,"author":{"gitId":"Cazh1"},"content":" */","lastModifiedDate":"2023-10-16"},{"lineNumber":9,"author":{"gitId":"Cazh1"},"content":"public class Command {","lastModifiedDate":"2023-10-16"},{"lineNumber":10,"author":{"gitId":"Cazh1"},"content":"","lastModifiedDate":"2023-10-16"},{"lineNumber":11,"author":{"gitId":"NaychiMin"},"content":"    protected int index;","lastModifiedDate":"2023-10-17"},{"lineNumber":12,"author":{"gitId":"Cazh1"},"content":"","lastModifiedDate":"2023-10-16"},{"lineNumber":13,"author":{"gitId":"Cazh1"},"content":"    public void setIndex(int index) {","lastModifiedDate":"2023-10-16"},{"lineNumber":14,"author":{"gitId":"Cazh1"},"content":"        this.index \u003d index;","lastModifiedDate":"2023-10-16"},{"lineNumber":15,"author":{"gitId":"Cazh1"},"content":"    }","lastModifiedDate":"2023-10-16"},{"lineNumber":16,"author":{"gitId":"Cazh1"},"content":"","lastModifiedDate":"2023-10-16"},{"lineNumber":17,"author":{"gitId":"DextheChik3n"},"content":"    /**","lastModifiedDate":"2023-10-17"},{"lineNumber":18,"author":{"gitId":"DextheChik3n"},"content":"     * check whether this command is an exit command (user input \"bye\")","lastModifiedDate":"2023-10-17"},{"lineNumber":19,"author":{"gitId":"DextheChik3n"},"content":"     *","lastModifiedDate":"2023-10-17"},{"lineNumber":20,"author":{"gitId":"DextheChik3n"},"content":"     * default returns false, this method will be overridden in ExitCommand","lastModifiedDate":"2023-10-17"},{"lineNumber":21,"author":{"gitId":"DextheChik3n"},"content":"     */","lastModifiedDate":"2023-10-17"},{"lineNumber":22,"author":{"gitId":"DextheChik3n"},"content":"    public boolean isExit() {","lastModifiedDate":"2023-10-17"},{"lineNumber":23,"author":{"gitId":"DextheChik3n"},"content":"        return false;","lastModifiedDate":"2023-10-17"},{"lineNumber":24,"author":{"gitId":"DextheChik3n"},"content":"    }","lastModifiedDate":"2023-10-17"},{"lineNumber":25,"author":{"gitId":"DextheChik3n"},"content":"","lastModifiedDate":"2023-10-17"},{"lineNumber":26,"author":{"gitId":"Cazh1"},"content":"    /**","lastModifiedDate":"2023-10-16"},{"lineNumber":27,"author":{"gitId":"Cazh1"},"content":"     * Executes the command and returns the result.","lastModifiedDate":"2023-10-16"},{"lineNumber":28,"author":{"gitId":"Cazh1"},"content":"     */","lastModifiedDate":"2023-10-16"},{"lineNumber":29,"author":{"gitId":"Cazh1"},"content":"    public void execute(Menu menu, Ui ui) {","lastModifiedDate":"2023-10-16"},{"lineNumber":30,"author":{"gitId":"Cazh1"},"content":"        throw new UnsupportedOperationException(\"This method is to be implemented by child classes\");","lastModifiedDate":"2023-10-16"},{"lineNumber":31,"author":{"gitId":"Cazh1"},"content":"    };","lastModifiedDate":"2023-10-16"},{"lineNumber":32,"author":{"gitId":"Cazh1"},"content":"}","lastModifiedDate":"2023-10-16"}],"authorContributionMap":{"NaychiMin":1,"DextheChik3n":12,"Cazh1":19}},{"path":"src/main/java/seedu/cafectrl/command/DeleteDishCommand.java","fileType":"functional-code","lines":[{"lineNumber":1,"author":{"gitId":"DextheChik3n"},"content":"package seedu.cafectrl.command;","lastModifiedDate":"2023-10-17"},{"lineNumber":2,"author":{"gitId":"Cazh1"},"content":"","lastModifiedDate":"2023-10-16"},{"lineNumber":3,"author":{"gitId":"DextheChik3n"},"content":"import seedu.cafectrl.data.Menu;","lastModifiedDate":"2023-10-17"},{"lineNumber":4,"author":{"gitId":"DextheChik3n"},"content":"import seedu.cafectrl.data.dish.Dish;","lastModifiedDate":"2023-10-17"},{"lineNumber":5,"author":{"gitId":"DextheChik3n"},"content":"import seedu.cafectrl.ui.Ui;","lastModifiedDate":"2023-10-17"},{"lineNumber":6,"author":{"gitId":"Cazh1"},"content":"","lastModifiedDate":"2023-10-16"},{"lineNumber":7,"author":{"gitId":"Cazh1"},"content":"/**","lastModifiedDate":"2023-10-16"},{"lineNumber":8,"author":{"gitId":"Cazh1"},"content":" * Deletes a menu item identified using it\u0027s last displayed index from the menu.","lastModifiedDate":"2023-10-16"},{"lineNumber":9,"author":{"gitId":"Cazh1"},"content":" */","lastModifiedDate":"2023-10-16"},{"lineNumber":10,"author":{"gitId":"Cazh1"},"content":"public class DeleteDishCommand extends Command {","lastModifiedDate":"2023-10-16"},{"lineNumber":11,"author":{"gitId":"Cazh1"},"content":"","lastModifiedDate":"2023-10-16"},{"lineNumber":12,"author":{"gitId":"Cazh1"},"content":"    public static final String COMMAND_WORD \u003d \"delete\";","lastModifiedDate":"2023-10-17"},{"lineNumber":13,"author":{"gitId":"Cazh1"},"content":"    public static final String MESSAGE_USAGE \u003d COMMAND_WORD","lastModifiedDate":"2023-10-17"},{"lineNumber":14,"author":{"gitId":"Cazh1"},"content":"            + \": Deletes the menu item identified by the index number used in the last menu listing.\\n\"","lastModifiedDate":"2023-10-17"},{"lineNumber":15,"author":{"gitId":"Cazh1"},"content":"            + \"Parameters: INDEX\\n\"","lastModifiedDate":"2023-10-17"},{"lineNumber":16,"author":{"gitId":"Cazh1"},"content":"            + \"Example: \" + COMMAND_WORD + \" 1\";","lastModifiedDate":"2023-10-17"},{"lineNumber":17,"author":{"gitId":"ShaniceTang"},"content":"","lastModifiedDate":"2023-10-17"},{"lineNumber":18,"author":{"gitId":"Cazh1"},"content":"    @Override","lastModifiedDate":"2023-10-16"},{"lineNumber":19,"author":{"gitId":"Cazh1"},"content":"    public void execute(Menu menu, Ui ui) {","lastModifiedDate":"2023-10-16"},{"lineNumber":20,"author":{"gitId":"ShaniceTang"},"content":"        Dish selectedDish \u003d menu.getMenuItemsList().get(index - Ui.OFFSET_LIST_INDEX);","lastModifiedDate":"2023-10-17"},{"lineNumber":21,"author":{"gitId":"ShaniceTang"},"content":"        if (selectedDish !\u003d null) {","lastModifiedDate":"2023-10-17"},{"lineNumber":22,"author":{"gitId":"ShaniceTang"},"content":"            ui.showDeleteMessage(selectedDish);","lastModifiedDate":"2023-10-17"},{"lineNumber":23,"author":{"gitId":"ShaniceTang"},"content":"        } else {","lastModifiedDate":"2023-10-17"},{"lineNumber":24,"author":{"gitId":"ShaniceTang"},"content":"            ui.showToUser(\"Please select a valid dish index :)\");","lastModifiedDate":"2023-10-17"},{"lineNumber":25,"author":{"gitId":"ShaniceTang"},"content":"        }","lastModifiedDate":"2023-10-17"},{"lineNumber":26,"author":{"gitId":"ShaniceTang"},"content":"        menu.removeDish(index);","lastModifiedDate":"2023-10-17"},{"lineNumber":27,"author":{"gitId":"ShaniceTang"},"content":"    }","lastModifiedDate":"2023-10-17"},{"lineNumber":28,"author":{"gitId":"Cazh1"},"content":"}","lastModifiedDate":"2023-10-16"}],"authorContributionMap":{"DextheChik3n":4,"Cazh1":15,"ShaniceTang":9}},{"path":"src/main/java/seedu/cafectrl/command/ExitCommand.java","fileType":"functional-code","lines":[{"lineNumber":1,"author":{"gitId":"DextheChik3n"},"content":"package seedu.cafectrl.command;","lastModifiedDate":"2023-10-17"},{"lineNumber":2,"author":{"gitId":"Cazh1"},"content":"","lastModifiedDate":"2023-10-17"},{"lineNumber":3,"author":{"gitId":"DextheChik3n"},"content":"import seedu.cafectrl.data.Menu;","lastModifiedDate":"2023-10-17"},{"lineNumber":4,"author":{"gitId":"DextheChik3n"},"content":"import seedu.cafectrl.ui.Ui;","lastModifiedDate":"2023-10-17"},{"lineNumber":5,"author":{"gitId":"Cazh1"},"content":"","lastModifiedDate":"2023-10-17"},{"lineNumber":6,"author":{"gitId":"Cazh1"},"content":"public class ExitCommand extends Command {","lastModifiedDate":"2023-10-17"},{"lineNumber":7,"author":{"gitId":"DextheChik3n"},"content":"","lastModifiedDate":"2023-10-17"},{"lineNumber":8,"author":{"gitId":"Cazh1"},"content":"    public static final String COMMAND_WORD \u003d \"bye\";","lastModifiedDate":"2023-10-17"},{"lineNumber":9,"author":{"gitId":"DextheChik3n"},"content":"","lastModifiedDate":"2023-10-17"},{"lineNumber":10,"author":{"gitId":"DextheChik3n"},"content":"    /**","lastModifiedDate":"2023-10-17"},{"lineNumber":11,"author":{"gitId":"DextheChik3n"},"content":"     * Overrides the isExit() method which returns false","lastModifiedDate":"2023-10-17"},{"lineNumber":12,"author":{"gitId":"DextheChik3n"},"content":"     *","lastModifiedDate":"2023-10-17"},{"lineNumber":13,"author":{"gitId":"DextheChik3n"},"content":"     * @return true","lastModifiedDate":"2023-10-17"},{"lineNumber":14,"author":{"gitId":"DextheChik3n"},"content":"     */","lastModifiedDate":"2023-10-17"},{"lineNumber":15,"author":{"gitId":"DextheChik3n"},"content":"    @Override","lastModifiedDate":"2023-10-17"},{"lineNumber":16,"author":{"gitId":"DextheChik3n"},"content":"    public boolean isExit() {","lastModifiedDate":"2023-10-17"},{"lineNumber":17,"author":{"gitId":"DextheChik3n"},"content":"        return true;","lastModifiedDate":"2023-10-17"},{"lineNumber":18,"author":{"gitId":"DextheChik3n"},"content":"    }","lastModifiedDate":"2023-10-17"},{"lineNumber":19,"author":{"gitId":"DextheChik3n"},"content":"","lastModifiedDate":"2023-10-17"},{"lineNumber":20,"author":{"gitId":"Cazh1"},"content":"    @Override","lastModifiedDate":"2023-10-17"},{"lineNumber":21,"author":{"gitId":"Cazh1"},"content":"    public void execute(Menu menu, Ui ui) {","lastModifiedDate":"2023-10-17"},{"lineNumber":22,"author":{"gitId":"DextheChik3n"},"content":"        ui.printLine();","lastModifiedDate":"2023-10-17"},{"lineNumber":23,"author":{"gitId":"DextheChik3n"},"content":"        ui.showGoodbye();","lastModifiedDate":"2023-10-17"},{"lineNumber":24,"author":{"gitId":"Cazh1"},"content":"    }","lastModifiedDate":"2023-10-17"},{"lineNumber":25,"author":{"gitId":"Cazh1"},"content":"}","lastModifiedDate":"2023-10-17"}],"authorContributionMap":{"DextheChik3n":17,"Cazh1":8}},{"path":"src/main/java/seedu/cafectrl/command/IncorrectCommand.java","fileType":"functional-code","lines":[{"lineNumber":1,"author":{"gitId":"DextheChik3n"},"content":"package seedu.cafectrl.command;","lastModifiedDate":"2023-10-17"},{"lineNumber":2,"author":{"gitId":"Cazh1"},"content":"","lastModifiedDate":"2023-10-16"},{"lineNumber":3,"author":{"gitId":"DextheChik3n"},"content":"import seedu.cafectrl.data.Menu;","lastModifiedDate":"2023-10-17"},{"lineNumber":4,"author":{"gitId":"DextheChik3n"},"content":"import seedu.cafectrl.ui.Ui;","lastModifiedDate":"2023-10-17"},{"lineNumber":5,"author":{"gitId":"Cazh1"},"content":"","lastModifiedDate":"2023-10-16"},{"lineNumber":6,"author":{"gitId":"Cazh1"},"content":"/**","lastModifiedDate":"2023-10-16"},{"lineNumber":7,"author":{"gitId":"Cazh1"},"content":" * Represents an incorrect command. Upon execution, produces some feedback to the user.","lastModifiedDate":"2023-10-16"},{"lineNumber":8,"author":{"gitId":"Cazh1"},"content":" */","lastModifiedDate":"2023-10-16"},{"lineNumber":9,"author":{"gitId":"Cazh1"},"content":"public class IncorrectCommand extends Command{","lastModifiedDate":"2023-10-16"},{"lineNumber":10,"author":{"gitId":"Cazh1"},"content":"    public final String feedbackToUser;","lastModifiedDate":"2023-10-16"},{"lineNumber":11,"author":{"gitId":"Cazh1"},"content":"","lastModifiedDate":"2023-10-16"},{"lineNumber":12,"author":{"gitId":"Cazh1"},"content":"    public IncorrectCommand(String feedbackToUser) {","lastModifiedDate":"2023-10-16"},{"lineNumber":13,"author":{"gitId":"Cazh1"},"content":"        this.feedbackToUser \u003d feedbackToUser;","lastModifiedDate":"2023-10-16"},{"lineNumber":14,"author":{"gitId":"Cazh1"},"content":"    }","lastModifiedDate":"2023-10-16"},{"lineNumber":15,"author":{"gitId":"Cazh1"},"content":"","lastModifiedDate":"2023-10-16"},{"lineNumber":16,"author":{"gitId":"Cazh1"},"content":"    @Override","lastModifiedDate":"2023-10-16"},{"lineNumber":17,"author":{"gitId":"Cazh1"},"content":"    public void execute(Menu menu, Ui ui) {","lastModifiedDate":"2023-10-16"},{"lineNumber":18,"author":{"gitId":"DextheChik3n"},"content":"        ui.showToUser(feedbackToUser);","lastModifiedDate":"2023-10-17"},{"lineNumber":19,"author":{"gitId":"Cazh1"},"content":"    }","lastModifiedDate":"2023-10-16"},{"lineNumber":20,"author":{"gitId":"Cazh1"},"content":"}","lastModifiedDate":"2023-10-16"}],"authorContributionMap":{"DextheChik3n":4,"Cazh1":16}},{"path":"src/main/java/seedu/cafectrl/command/ListIngredientCommand.java","fileType":"functional-code","lines":[{"lineNumber":1,"author":{"gitId":"DextheChik3n"},"content":"package seedu.cafectrl.command;","lastModifiedDate":"2023-10-17"},{"lineNumber":2,"author":{"gitId":"Cazh1"},"content":"","lastModifiedDate":"2023-10-16"},{"lineNumber":3,"author":{"gitId":"DextheChik3n"},"content":"import seedu.cafectrl.data.Menu;","lastModifiedDate":"2023-10-17"},{"lineNumber":4,"author":{"gitId":"DextheChik3n"},"content":"import seedu.cafectrl.data.dish.Dish;","lastModifiedDate":"2023-10-17"},{"lineNumber":5,"author":{"gitId":"DextheChik3n"},"content":"import seedu.cafectrl.ui.Ui;","lastModifiedDate":"2023-10-17"},{"lineNumber":6,"author":{"gitId":"Cazh1"},"content":"","lastModifiedDate":"2023-10-16"},{"lineNumber":7,"author":{"gitId":"Cazh1"},"content":"/**","lastModifiedDate":"2023-10-16"},{"lineNumber":8,"author":{"gitId":"Cazh1"},"content":" * Lists all ingredients used in the selected dish to the user.","lastModifiedDate":"2023-10-16"},{"lineNumber":9,"author":{"gitId":"Cazh1"},"content":" */","lastModifiedDate":"2023-10-16"},{"lineNumber":10,"author":{"gitId":"Cazh1"},"content":"public class ListIngredientCommand extends Command {","lastModifiedDate":"2023-10-16"},{"lineNumber":11,"author":{"gitId":"Cazh1"},"content":"    public static final String COMMAND_WORD \u003d \"list_ingredients\";","lastModifiedDate":"2023-10-17"},{"lineNumber":12,"author":{"gitId":"Cazh1"},"content":"    public static final String MESSAGE_USAGE \u003d COMMAND_WORD","lastModifiedDate":"2023-10-17"},{"lineNumber":13,"author":{"gitId":"Cazh1"},"content":"            + \": Lists out the ingredients needed along with the quantity for a specific dish.\\n\"","lastModifiedDate":"2023-10-17"},{"lineNumber":14,"author":{"gitId":"Cazh1"},"content":"            + \"Parameters: INDEX\\n\"","lastModifiedDate":"2023-10-17"},{"lineNumber":15,"author":{"gitId":"Cazh1"},"content":"            + \"Example: \" + COMMAND_WORD + \" 1\";","lastModifiedDate":"2023-10-17"},{"lineNumber":16,"author":{"gitId":"NaychiMin"},"content":"","lastModifiedDate":"2023-10-17"},{"lineNumber":17,"author":{"gitId":"NaychiMin"},"content":"    public ListIngredientCommand(int listIndex) {","lastModifiedDate":"2023-10-17"},{"lineNumber":18,"author":{"gitId":"NaychiMin"},"content":"        this.index \u003d listIndex;","lastModifiedDate":"2023-10-17"},{"lineNumber":19,"author":{"gitId":"NaychiMin"},"content":"    }","lastModifiedDate":"2023-10-17"},{"lineNumber":20,"author":{"gitId":"NaychiMin"},"content":"","lastModifiedDate":"2023-10-17"},{"lineNumber":21,"author":{"gitId":"Cazh1"},"content":"    @Override","lastModifiedDate":"2023-10-16"},{"lineNumber":22,"author":{"gitId":"Cazh1"},"content":"    public void execute(Menu menu, Ui ui) {","lastModifiedDate":"2023-10-16"},{"lineNumber":23,"author":{"gitId":"NaychiMin"},"content":"        Dish selectedDish \u003d menu.getMenuItemsList().get(index - Ui.OFFSET_LIST_INDEX);","lastModifiedDate":"2023-10-17"},{"lineNumber":24,"author":{"gitId":"NaychiMin"},"content":"        if (selectedDish !\u003d null) {","lastModifiedDate":"2023-10-17"},{"lineNumber":25,"author":{"gitId":"NaychiMin"},"content":"            ui.printIngredients(selectedDish);","lastModifiedDate":"2023-10-17"},{"lineNumber":26,"author":{"gitId":"NaychiMin"},"content":"        } else {","lastModifiedDate":"2023-10-17"},{"lineNumber":27,"author":{"gitId":"NaychiMin"},"content":"            ui.showToUser(\"Please select a valid dish index :)\");","lastModifiedDate":"2023-10-17"},{"lineNumber":28,"author":{"gitId":"NaychiMin"},"content":"        }","lastModifiedDate":"2023-10-17"},{"lineNumber":29,"author":{"gitId":"NaychiMin"},"content":"    }","lastModifiedDate":"2023-10-17"},{"lineNumber":30,"author":{"gitId":"Cazh1"},"content":"}","lastModifiedDate":"2023-10-16"}],"authorContributionMap":{"NaychiMin":12,"DextheChik3n":4,"Cazh1":14}},{"path":"src/main/java/seedu/cafectrl/command/ListMenuCommand.java","fileType":"functional-code","lines":[{"lineNumber":1,"author":{"gitId":"DextheChik3n"},"content":"package seedu.cafectrl.command;","lastModifiedDate":"2023-10-17"},{"lineNumber":2,"author":{"gitId":"Cazh1"},"content":"","lastModifiedDate":"2023-10-16"},{"lineNumber":3,"author":{"gitId":"DextheChik3n"},"content":"import seedu.cafectrl.data.Menu;","lastModifiedDate":"2023-10-17"},{"lineNumber":4,"author":{"gitId":"DextheChik3n"},"content":"import seedu.cafectrl.ui.Ui;","lastModifiedDate":"2023-10-17"},{"lineNumber":5,"author":{"gitId":"DextheChik3n"},"content":"import seedu.cafectrl.ui.UserOutput;","lastModifiedDate":"2023-10-17"},{"lineNumber":6,"author":{"gitId":"Cazh1"},"content":"","lastModifiedDate":"2023-10-17"},{"lineNumber":7,"author":{"gitId":"Cazh1"},"content":"import java.text.DecimalFormat;","lastModifiedDate":"2023-10-17"},{"lineNumber":8,"author":{"gitId":"Cazh1"},"content":"","lastModifiedDate":"2023-10-16"},{"lineNumber":9,"author":{"gitId":"Cazh1"},"content":"/**","lastModifiedDate":"2023-10-16"},{"lineNumber":10,"author":{"gitId":"Cazh1"},"content":" * Lists all dishes in the menu to the user.","lastModifiedDate":"2023-10-16"},{"lineNumber":11,"author":{"gitId":"Cazh1"},"content":" */","lastModifiedDate":"2023-10-16"},{"lineNumber":12,"author":{"gitId":"Cazh1"},"content":"public class ListMenuCommand extends Command {","lastModifiedDate":"2023-10-16"},{"lineNumber":13,"author":{"gitId":"Cazh1"},"content":"    public static final String COMMAND_WORD \u003d \"list\";","lastModifiedDate":"2023-10-17"},{"lineNumber":14,"author":{"gitId":"Cazh1"},"content":"    private static final DecimalFormat dollarValue \u003d new DecimalFormat(\"0.00\");","lastModifiedDate":"2023-10-17"},{"lineNumber":15,"author":{"gitId":"Cazh1"},"content":"    /**","lastModifiedDate":"2023-10-17"},{"lineNumber":16,"author":{"gitId":"Cazh1"},"content":"     * Iterates through the menu arraylist, outputting the dish name and dish price.","lastModifiedDate":"2023-10-17"},{"lineNumber":17,"author":{"gitId":"Cazh1"},"content":"     *","lastModifiedDate":"2023-10-17"},{"lineNumber":18,"author":{"gitId":"Cazh1"},"content":"     * @param menu ArrayList of Dishes","lastModifiedDate":"2023-10-17"},{"lineNumber":19,"author":{"gitId":"Cazh1"},"content":"     * @param ui Handles the interactions with user","lastModifiedDate":"2023-10-17"},{"lineNumber":20,"author":{"gitId":"Cazh1"},"content":"     */","lastModifiedDate":"2023-10-17"},{"lineNumber":21,"author":{"gitId":"Cazh1"},"content":"    @Override","lastModifiedDate":"2023-10-16"},{"lineNumber":22,"author":{"gitId":"Cazh1"},"content":"    public void execute(Menu menu, Ui ui) {","lastModifiedDate":"2023-10-16"},{"lineNumber":23,"author":{"gitId":"Cazh1"},"content":"        ui.showToUser(UserOutput.LIST_MESSAGE.message);","lastModifiedDate":"2023-10-17"},{"lineNumber":24,"author":{"gitId":"Cazh1"},"content":"        for(int i \u003d0; i \u003c menu.getSize(); i++) {","lastModifiedDate":"2023-10-17"},{"lineNumber":25,"author":{"gitId":"Cazh1"},"content":"            String indexNum \u003d String.valueOf(i+1);","lastModifiedDate":"2023-10-17"},{"lineNumber":26,"author":{"gitId":"Cazh1"},"content":"            String dishName \u003d menu.getDish(i).getName();","lastModifiedDate":"2023-10-17"},{"lineNumber":27,"author":{"gitId":"Cazh1"},"content":"            String dishPrice \u003d dollarValue.format(menu.getDish(i).getPrice());","lastModifiedDate":"2023-10-17"},{"lineNumber":28,"author":{"gitId":"Cazh1"},"content":"            ui.showToUser(indexNum + \".\" + dishName + \" $\" + dishPrice);","lastModifiedDate":"2023-10-17"},{"lineNumber":29,"author":{"gitId":"Cazh1"},"content":"        }","lastModifiedDate":"2023-10-17"},{"lineNumber":30,"author":{"gitId":"Cazh1"},"content":"    };","lastModifiedDate":"2023-10-16"},{"lineNumber":31,"author":{"gitId":"Cazh1"},"content":"}","lastModifiedDate":"2023-10-16"}],"authorContributionMap":{"DextheChik3n":4,"Cazh1":27}},{"path":"src/main/java/seedu/cafectrl/data/Menu.java","fileType":"functional-code","lines":[{"lineNumber":1,"author":{"gitId":"DextheChik3n"},"content":"package seedu.cafectrl.data;","lastModifiedDate":"2023-10-17"},{"lineNumber":2,"author":{"gitId":"ziyi105"},"content":"","lastModifiedDate":"2023-10-15"},{"lineNumber":3,"author":{"gitId":"DextheChik3n"},"content":"import seedu.cafectrl.data.dish.Dish;","lastModifiedDate":"2023-10-17"},{"lineNumber":4,"author":{"gitId":"ziyi105"},"content":"","lastModifiedDate":"2023-10-15"},{"lineNumber":5,"author":{"gitId":"ziyi105"},"content":"import java.util.ArrayList;","lastModifiedDate":"2023-10-15"},{"lineNumber":6,"author":{"gitId":"ziyi105"},"content":"","lastModifiedDate":"2023-10-15"},{"lineNumber":7,"author":{"gitId":"ziyi105"},"content":"public class Menu {","lastModifiedDate":"2023-10-15"},{"lineNumber":8,"author":{"gitId":"ziyi105"},"content":"    private ArrayList\u003cDish\u003e menuItems;","lastModifiedDate":"2023-10-15"},{"lineNumber":9,"author":{"gitId":"ziyi105"},"content":"","lastModifiedDate":"2023-10-15"},{"lineNumber":10,"author":{"gitId":"DextheChik3n"},"content":"    public Menu() {","lastModifiedDate":"2023-10-17"},{"lineNumber":11,"author":{"gitId":"DextheChik3n"},"content":"        this.menuItems \u003d new ArrayList\u003c\u003e();","lastModifiedDate":"2023-10-17"},{"lineNumber":12,"author":{"gitId":"DextheChik3n"},"content":"    }","lastModifiedDate":"2023-10-17"},{"lineNumber":13,"author":{"gitId":"DextheChik3n"},"content":"","lastModifiedDate":"2023-10-17"},{"lineNumber":14,"author":{"gitId":"ziyi105"},"content":"    public Menu(ArrayList\u003cDish\u003e menuItems) {","lastModifiedDate":"2023-10-15"},{"lineNumber":15,"author":{"gitId":"ziyi105"},"content":"        this.menuItems \u003d menuItems;","lastModifiedDate":"2023-10-15"},{"lineNumber":16,"author":{"gitId":"ziyi105"},"content":"    }","lastModifiedDate":"2023-10-15"},{"lineNumber":17,"author":{"gitId":"NaychiMin"},"content":"","lastModifiedDate":"2023-10-17"},{"lineNumber":18,"author":{"gitId":"NaychiMin"},"content":"    public ArrayList\u003cDish\u003e getMenuItemsList() {","lastModifiedDate":"2023-10-17"},{"lineNumber":19,"author":{"gitId":"NaychiMin"},"content":"        return menuItems;","lastModifiedDate":"2023-10-17"},{"lineNumber":20,"author":{"gitId":"NaychiMin"},"content":"    }","lastModifiedDate":"2023-10-17"},{"lineNumber":21,"author":{"gitId":"DextheChik3n"},"content":"    public int getSize() {","lastModifiedDate":"2023-10-16"},{"lineNumber":22,"author":{"gitId":"DextheChik3n"},"content":"        return menuItems.size();","lastModifiedDate":"2023-10-16"},{"lineNumber":23,"author":{"gitId":"DextheChik3n"},"content":"    }","lastModifiedDate":"2023-10-16"},{"lineNumber":24,"author":{"gitId":"DextheChik3n"},"content":"    public Dish getDish(int menuID) {","lastModifiedDate":"2023-10-16"},{"lineNumber":25,"author":{"gitId":"DextheChik3n"},"content":"        return menuItems.get(menuID);","lastModifiedDate":"2023-10-16"},{"lineNumber":26,"author":{"gitId":"DextheChik3n"},"content":"    }","lastModifiedDate":"2023-10-16"},{"lineNumber":27,"author":{"gitId":"DextheChik3n"},"content":"    public void removeDish(int menuID) {","lastModifiedDate":"2023-10-17"},{"lineNumber":28,"author":{"gitId":"DextheChik3n"},"content":"        menuItems.remove(menuID);","lastModifiedDate":"2023-10-16"},{"lineNumber":29,"author":{"gitId":"DextheChik3n"},"content":"    }","lastModifiedDate":"2023-10-16"},{"lineNumber":30,"author":{"gitId":"DextheChik3n"},"content":"    public void addDish(Dish dish) {","lastModifiedDate":"2023-10-17"},{"lineNumber":31,"author":{"gitId":"DextheChik3n"},"content":"        menuItems.add(dish);","lastModifiedDate":"2023-10-16"},{"lineNumber":32,"author":{"gitId":"DextheChik3n"},"content":"    }","lastModifiedDate":"2023-10-16"},{"lineNumber":33,"author":{"gitId":"ziyi105"},"content":"}","lastModifiedDate":"2023-10-15"}],"authorContributionMap":{"NaychiMin":4,"DextheChik3n":18,"ziyi105":11}},{"path":"src/main/java/seedu/cafectrl/data/dish/Dish.java","fileType":"functional-code","lines":[{"lineNumber":1,"author":{"gitId":"DextheChik3n"},"content":"package seedu.cafectrl.data.dish;","lastModifiedDate":"2023-10-17"},{"lineNumber":2,"author":{"gitId":"ziyi105"},"content":"","lastModifiedDate":"2023-10-15"},{"lineNumber":3,"author":{"gitId":"ziyi105"},"content":"import java.util.ArrayList;","lastModifiedDate":"2023-10-15"},{"lineNumber":4,"author":{"gitId":"ziyi105"},"content":"","lastModifiedDate":"2023-10-15"},{"lineNumber":5,"author":{"gitId":"ziyi105"},"content":"public class Dish {","lastModifiedDate":"2023-10-15"},{"lineNumber":6,"author":{"gitId":"ziyi105"},"content":"    private String name;","lastModifiedDate":"2023-10-15"},{"lineNumber":7,"author":{"gitId":"ziyi105"},"content":"    private ArrayList\u003cIngredient\u003e ingredients;","lastModifiedDate":"2023-10-15"},{"lineNumber":8,"author":{"gitId":"ziyi105"},"content":"    private float price;","lastModifiedDate":"2023-10-15"},{"lineNumber":9,"author":{"gitId":"ziyi105"},"content":"","lastModifiedDate":"2023-10-15"},{"lineNumber":10,"author":{"gitId":"ziyi105"},"content":"    public Dish(String name, ArrayList\u003cIngredient\u003e ingredients, float price) {","lastModifiedDate":"2023-10-15"},{"lineNumber":11,"author":{"gitId":"ziyi105"},"content":"        this.name \u003d name;","lastModifiedDate":"2023-10-15"},{"lineNumber":12,"author":{"gitId":"ziyi105"},"content":"        this.ingredients \u003d ingredients;","lastModifiedDate":"2023-10-15"},{"lineNumber":13,"author":{"gitId":"ziyi105"},"content":"        this.price \u003d price;","lastModifiedDate":"2023-10-15"},{"lineNumber":14,"author":{"gitId":"ziyi105"},"content":"    }","lastModifiedDate":"2023-10-15"},{"lineNumber":15,"author":{"gitId":"Cazh1"},"content":"    public Dish(String name, float price) {","lastModifiedDate":"2023-10-17"},{"lineNumber":16,"author":{"gitId":"Cazh1"},"content":"        this.name \u003d name;","lastModifiedDate":"2023-10-17"},{"lineNumber":17,"author":{"gitId":"Cazh1"},"content":"        this.ingredients \u003d null;","lastModifiedDate":"2023-10-17"},{"lineNumber":18,"author":{"gitId":"Cazh1"},"content":"        this.price \u003d price;","lastModifiedDate":"2023-10-17"},{"lineNumber":19,"author":{"gitId":"Cazh1"},"content":"    }","lastModifiedDate":"2023-10-17"},{"lineNumber":20,"author":{"gitId":"DextheChik3n"},"content":"","lastModifiedDate":"2023-10-16"},{"lineNumber":21,"author":{"gitId":"DextheChik3n"},"content":"    public String getName() {","lastModifiedDate":"2023-10-16"},{"lineNumber":22,"author":{"gitId":"DextheChik3n"},"content":"        return name;","lastModifiedDate":"2023-10-16"},{"lineNumber":23,"author":{"gitId":"DextheChik3n"},"content":"    }","lastModifiedDate":"2023-10-16"},{"lineNumber":24,"author":{"gitId":"DextheChik3n"},"content":"","lastModifiedDate":"2023-10-16"},{"lineNumber":25,"author":{"gitId":"DextheChik3n"},"content":"    public ArrayList\u003cIngredient\u003e getIngredients() {","lastModifiedDate":"2023-10-16"},{"lineNumber":26,"author":{"gitId":"DextheChik3n"},"content":"        return ingredients;","lastModifiedDate":"2023-10-16"},{"lineNumber":27,"author":{"gitId":"DextheChik3n"},"content":"    }","lastModifiedDate":"2023-10-16"},{"lineNumber":28,"author":{"gitId":"DextheChik3n"},"content":"","lastModifiedDate":"2023-10-16"},{"lineNumber":29,"author":{"gitId":"DextheChik3n"},"content":"    public float getPrice() {","lastModifiedDate":"2023-10-16"},{"lineNumber":30,"author":{"gitId":"DextheChik3n"},"content":"        return price;","lastModifiedDate":"2023-10-16"},{"lineNumber":31,"author":{"gitId":"DextheChik3n"},"content":"    }","lastModifiedDate":"2023-10-16"},{"lineNumber":32,"author":{"gitId":"ziyi105"},"content":"}","lastModifiedDate":"2023-10-15"}],"authorContributionMap":{"DextheChik3n":13,"Cazh1":5,"ziyi105":14}},{"path":"src/main/java/seedu/cafectrl/data/dish/Ingredient.java","fileType":"functional-code","lines":[{"lineNumber":1,"author":{"gitId":"DextheChik3n"},"content":"package seedu.cafectrl.data.dish;","lastModifiedDate":"2023-10-17"},{"lineNumber":2,"author":{"gitId":"ziyi105"},"content":"","lastModifiedDate":"2023-10-15"},{"lineNumber":3,"author":{"gitId":"ziyi105"},"content":"public class Ingredient {","lastModifiedDate":"2023-10-15"},{"lineNumber":4,"author":{"gitId":"ziyi105"},"content":"    private final String name;","lastModifiedDate":"2023-10-15"},{"lineNumber":5,"author":{"gitId":"DextheChik3n"},"content":"    private final String quantity;","lastModifiedDate":"2023-10-16"},{"lineNumber":6,"author":{"gitId":"ziyi105"},"content":"","lastModifiedDate":"2023-10-15"},{"lineNumber":7,"author":{"gitId":"ziyi105"},"content":"    public Ingredient(String name) {","lastModifiedDate":"2023-10-15"},{"lineNumber":8,"author":{"gitId":"ziyi105"},"content":"        this.name \u003d name;","lastModifiedDate":"2023-10-15"},{"lineNumber":9,"author":{"gitId":"DextheChik3n"},"content":"        quantity \u003d null;","lastModifiedDate":"2023-10-16"},{"lineNumber":10,"author":{"gitId":"DextheChik3n"},"content":"    }","lastModifiedDate":"2023-10-16"},{"lineNumber":11,"author":{"gitId":"DextheChik3n"},"content":"","lastModifiedDate":"2023-10-16"},{"lineNumber":12,"author":{"gitId":"DextheChik3n"},"content":"    public Ingredient(String name, String quantity) {","lastModifiedDate":"2023-10-16"},{"lineNumber":13,"author":{"gitId":"DextheChik3n"},"content":"        this.name \u003d name;","lastModifiedDate":"2023-10-16"},{"lineNumber":14,"author":{"gitId":"DextheChik3n"},"content":"        this.quantity \u003d quantity;","lastModifiedDate":"2023-10-16"},{"lineNumber":15,"author":{"gitId":"DextheChik3n"},"content":"    }","lastModifiedDate":"2023-10-16"},{"lineNumber":16,"author":{"gitId":"DextheChik3n"},"content":"","lastModifiedDate":"2023-10-16"},{"lineNumber":17,"author":{"gitId":"DextheChik3n"},"content":"    public String getName() {","lastModifiedDate":"2023-10-16"},{"lineNumber":18,"author":{"gitId":"DextheChik3n"},"content":"        return name;","lastModifiedDate":"2023-10-16"},{"lineNumber":19,"author":{"gitId":"DextheChik3n"},"content":"    }","lastModifiedDate":"2023-10-16"},{"lineNumber":20,"author":{"gitId":"DextheChik3n"},"content":"","lastModifiedDate":"2023-10-16"},{"lineNumber":21,"author":{"gitId":"DextheChik3n"},"content":"    public String getQuantity() {","lastModifiedDate":"2023-10-16"},{"lineNumber":22,"author":{"gitId":"DextheChik3n"},"content":"        return quantity;","lastModifiedDate":"2023-10-16"},{"lineNumber":23,"author":{"gitId":"DextheChik3n"},"content":"    }","lastModifiedDate":"2023-10-16"},{"lineNumber":24,"author":{"gitId":"DextheChik3n"},"content":"","lastModifiedDate":"2023-10-16"},{"lineNumber":25,"author":{"gitId":"DextheChik3n"},"content":"    @Override","lastModifiedDate":"2023-10-16"},{"lineNumber":26,"author":{"gitId":"DextheChik3n"},"content":"    public String toString() {","lastModifiedDate":"2023-10-16"},{"lineNumber":27,"author":{"gitId":"DextheChik3n"},"content":"        return name + \" - \" + quantity;","lastModifiedDate":"2023-10-16"},{"lineNumber":28,"author":{"gitId":"ziyi105"},"content":"    }","lastModifiedDate":"2023-10-15"},{"lineNumber":29,"author":{"gitId":"NaychiMin"},"content":"","lastModifiedDate":"2023-10-17"},{"lineNumber":30,"author":{"gitId":"ziyi105"},"content":"}","lastModifiedDate":"2023-10-15"}],"authorContributionMap":{"NaychiMin":1,"DextheChik3n":21,"ziyi105":8}},{"path":"src/main/java/seedu/cafectrl/parser/Parser.java","fileType":"functional-code","lines":[{"lineNumber":1,"author":{"gitId":"DextheChik3n"},"content":"package seedu.cafectrl.parser;","lastModifiedDate":"2023-10-17"},{"lineNumber":2,"author":{"gitId":"ziyi105"},"content":"","lastModifiedDate":"2023-10-14"},{"lineNumber":3,"author":{"gitId":"DextheChik3n"},"content":"import seedu.cafectrl.command.AddDishCommand;","lastModifiedDate":"2023-10-17"},{"lineNumber":4,"author":{"gitId":"DextheChik3n"},"content":"import seedu.cafectrl.command.Command;","lastModifiedDate":"2023-10-17"},{"lineNumber":5,"author":{"gitId":"DextheChik3n"},"content":"import seedu.cafectrl.command.DeleteDishCommand;","lastModifiedDate":"2023-10-17"},{"lineNumber":6,"author":{"gitId":"DextheChik3n"},"content":"import seedu.cafectrl.command.ExitCommand;","lastModifiedDate":"2023-10-17"},{"lineNumber":7,"author":{"gitId":"DextheChik3n"},"content":"import seedu.cafectrl.command.IncorrectCommand;","lastModifiedDate":"2023-10-17"},{"lineNumber":8,"author":{"gitId":"DextheChik3n"},"content":"import seedu.cafectrl.command.ListIngredientCommand;","lastModifiedDate":"2023-10-17"},{"lineNumber":9,"author":{"gitId":"DextheChik3n"},"content":"import seedu.cafectrl.command.ListMenuCommand;","lastModifiedDate":"2023-10-17"},{"lineNumber":10,"author":{"gitId":"DextheChik3n"},"content":"import seedu.cafectrl.data.Menu;","lastModifiedDate":"2023-10-17"},{"lineNumber":11,"author":{"gitId":"Cazh1"},"content":"","lastModifiedDate":"2023-10-17"},{"lineNumber":12,"author":{"gitId":"ziyi105"},"content":"import java.util.ArrayList;","lastModifiedDate":"2023-10-17"},{"lineNumber":13,"author":{"gitId":"ziyi105"},"content":"import java.util.regex.Matcher;","lastModifiedDate":"2023-10-17"},{"lineNumber":14,"author":{"gitId":"ziyi105"},"content":"import java.util.regex.Pattern;","lastModifiedDate":"2023-10-17"},{"lineNumber":15,"author":{"gitId":"Cazh1"},"content":"import java.text.ParseException;","lastModifiedDate":"2023-10-17"},{"lineNumber":16,"author":{"gitId":"Cazh1"},"content":"","lastModifiedDate":"2023-10-17"},{"lineNumber":17,"author":{"gitId":"ziyi105"},"content":"/**","lastModifiedDate":"2023-10-14"},{"lineNumber":18,"author":{"gitId":"ziyi105"},"content":" * Parse everything received from the users on terminal","lastModifiedDate":"2023-10-14"},{"lineNumber":19,"author":{"gitId":"ziyi105"},"content":" * into a format that can be interpreted by other core classes","lastModifiedDate":"2023-10-14"},{"lineNumber":20,"author":{"gitId":"ziyi105"},"content":" */","lastModifiedDate":"2023-10-14"},{"lineNumber":21,"author":{"gitId":"ziyi105"},"content":"public class Parser {","lastModifiedDate":"2023-10-14"},{"lineNumber":22,"author":{"gitId":"ziyi105"},"content":"    public static final Pattern COMMAND_ARGUMENT_FORMAT \u003d Pattern.compile(\"(?\u003ccommandWord\u003e\\\\S+)(?\u003carguments\u003e.*)\");","lastModifiedDate":"2023-10-17"},{"lineNumber":23,"author":{"gitId":"ziyi105"},"content":"","lastModifiedDate":"2023-10-17"},{"lineNumber":24,"author":{"gitId":"ziyi105"},"content":"    // Command Argument Patterns","lastModifiedDate":"2023-10-17"},{"lineNumber":25,"author":{"gitId":"ziyi105"},"content":"    private static final String ADD_ARGUMENT_STRING \u003d \"add name/(\\\\w+) price/(\\\\d+(\\\\.\\\\d+)?)\" +","lastModifiedDate":"2023-10-17"},{"lineNumber":26,"author":{"gitId":"ziyi105"},"content":"                                                \" (ingredient/\\\\w+ qty/\\\\d+(\\\\.\\\\d+)?(?:, )?)+\";","lastModifiedDate":"2023-10-17"},{"lineNumber":27,"author":{"gitId":"ziyi105"},"content":"    private static final String LIST_INGREDIENTS_ARGUMENT_STRING \u003d \"(\\\\d+)\";","lastModifiedDate":"2023-10-17"},{"lineNumber":28,"author":{"gitId":"ziyi105"},"content":"    private static final String DELETE_ARGUMENT_STRING \u003d \"(\\\\d+)\";","lastModifiedDate":"2023-10-17"},{"lineNumber":29,"author":{"gitId":"ziyi105"},"content":"    private static final String EDIT_PRICE_ARGUMENT_STRING \u003d \"index/(\\\\d+) price/(\\\\d+(\\\\.\\\\d+)?)\";","lastModifiedDate":"2023-10-17"},{"lineNumber":30,"author":{"gitId":"ziyi105"},"content":"","lastModifiedDate":"2023-10-17"},{"lineNumber":31,"author":{"gitId":"Cazh1"},"content":"    /**","lastModifiedDate":"2023-10-17"},{"lineNumber":32,"author":{"gitId":"ziyi105"},"content":"     * Parse userInput and group it under commandWord and arguments","lastModifiedDate":"2023-10-17"},{"lineNumber":33,"author":{"gitId":"ziyi105"},"content":"     * use commandWord to find the matching command and prepare the command","lastModifiedDate":"2023-10-17"},{"lineNumber":34,"author":{"gitId":"Cazh1"},"content":"     *","lastModifiedDate":"2023-10-17"},{"lineNumber":35,"author":{"gitId":"ziyi105"},"content":"     * @param userInput full user input","lastModifiedDate":"2023-10-17"},{"lineNumber":36,"author":{"gitId":"Cazh1"},"content":"     * @param menu The arraylist object created that stores current tasks","lastModifiedDate":"2023-10-17"},{"lineNumber":37,"author":{"gitId":"ziyi105"},"content":"     * @return command requested by the user","lastModifiedDate":"2023-10-17"},{"lineNumber":38,"author":{"gitId":"Cazh1"},"content":"     */","lastModifiedDate":"2023-10-17"},{"lineNumber":39,"author":{"gitId":"Cazh1"},"content":"    public static Command parseCommand(Menu menu, String userInput) {","lastModifiedDate":"2023-10-17"},{"lineNumber":40,"author":{"gitId":"ziyi105"},"content":"        final Matcher matcher \u003d COMMAND_ARGUMENT_FORMAT.matcher(userInput.trim());","lastModifiedDate":"2023-10-17"},{"lineNumber":41,"author":{"gitId":"ziyi105"},"content":"        if (!matcher.matches()) {","lastModifiedDate":"2023-10-17"},{"lineNumber":42,"author":{"gitId":"ziyi105"},"content":"            return new IncorrectCommand(\"Incorrect command format!\");","lastModifiedDate":"2023-10-17"},{"lineNumber":43,"author":{"gitId":"ziyi105"},"content":"        }","lastModifiedDate":"2023-10-17"},{"lineNumber":44,"author":{"gitId":"ziyi105"},"content":"","lastModifiedDate":"2023-10-17"},{"lineNumber":45,"author":{"gitId":"ziyi105"},"content":"        final String commandWord \u003d matcher.group(\"commandWord\");","lastModifiedDate":"2023-10-17"},{"lineNumber":46,"author":{"gitId":"ziyi105"},"content":"        final String arguments \u003d matcher.group(\"arguments\");","lastModifiedDate":"2023-10-17"},{"lineNumber":47,"author":{"gitId":"ziyi105"},"content":"","lastModifiedDate":"2023-10-17"},{"lineNumber":48,"author":{"gitId":"ziyi105"},"content":"        switch (commandWord) {","lastModifiedDate":"2023-10-17"},{"lineNumber":49,"author":{"gitId":"ziyi105"},"content":"","lastModifiedDate":"2023-10-17"},{"lineNumber":50,"author":{"gitId":"ziyi105"},"content":"        case AddDishCommand.COMMAND_WORD:","lastModifiedDate":"2023-10-17"},{"lineNumber":51,"author":{"gitId":"ziyi105"},"content":"            return prepareAdd(arguments);","lastModifiedDate":"2023-10-17"},{"lineNumber":52,"author":{"gitId":"ziyi105"},"content":"","lastModifiedDate":"2023-10-14"},{"lineNumber":53,"author":{"gitId":"Cazh1"},"content":"        case DeleteDishCommand.COMMAND_WORD:","lastModifiedDate":"2023-10-17"},{"lineNumber":54,"author":{"gitId":"ziyi105"},"content":"            return prepareDelete(arguments);","lastModifiedDate":"2023-10-17"},{"lineNumber":55,"author":{"gitId":"ziyi105"},"content":"","lastModifiedDate":"2023-10-17"},{"lineNumber":56,"author":{"gitId":"ziyi105"},"content":"        case ListIngredientCommand.COMMAND_WORD:","lastModifiedDate":"2023-10-17"},{"lineNumber":57,"author":{"gitId":"ziyi105"},"content":"            return prepareListIngredient(arguments);","lastModifiedDate":"2023-10-17"},{"lineNumber":58,"author":{"gitId":"ziyi105"},"content":"","lastModifiedDate":"2023-10-17"},{"lineNumber":59,"author":{"gitId":"ziyi105"},"content":"        case ListMenuCommand.COMMAND_WORD:","lastModifiedDate":"2023-10-17"},{"lineNumber":60,"author":{"gitId":"ziyi105"},"content":"            return prepareListMenu();","lastModifiedDate":"2023-10-17"},{"lineNumber":61,"author":{"gitId":"ziyi105"},"content":"","lastModifiedDate":"2023-10-17"},{"lineNumber":62,"author":{"gitId":"Cazh1"},"content":"        case ExitCommand.COMMAND_WORD:","lastModifiedDate":"2023-10-17"},{"lineNumber":63,"author":{"gitId":"Cazh1"},"content":"            return new ExitCommand();","lastModifiedDate":"2023-10-17"},{"lineNumber":64,"author":{"gitId":"ziyi105"},"content":"","lastModifiedDate":"2023-10-17"},{"lineNumber":65,"author":{"gitId":"Cazh1"},"content":"        default:","lastModifiedDate":"2023-10-17"},{"lineNumber":66,"author":{"gitId":"Cazh1"},"content":"            return new IncorrectCommand(\"Your command has left me scratching my virtual head. \" +","lastModifiedDate":"2023-10-17"},{"lineNumber":67,"author":{"gitId":"Cazh1"},"content":"                    \"Let\u0027s try that again, shall we?\");","lastModifiedDate":"2023-10-17"},{"lineNumber":68,"author":{"gitId":"Cazh1"},"content":"        }","lastModifiedDate":"2023-10-17"},{"lineNumber":69,"author":{"gitId":"Cazh1"},"content":"    }","lastModifiedDate":"2023-10-17"},{"lineNumber":70,"author":{"gitId":"ziyi105"},"content":"","lastModifiedDate":"2023-10-14"},{"lineNumber":71,"author":{"gitId":"ziyi105"},"content":"    // All prepareCommand Classes","lastModifiedDate":"2023-10-17"},{"lineNumber":72,"author":{"gitId":"DextheChik3n"},"content":"    private static Command prepareListMenu() {","lastModifiedDate":"2023-10-17"},{"lineNumber":73,"author":{"gitId":"ziyi105"},"content":"        // To be implemented by xx","lastModifiedDate":"2023-10-17"},{"lineNumber":74,"author":{"gitId":"ziyi105"},"content":"        return null;","lastModifiedDate":"2023-10-17"},{"lineNumber":75,"author":{"gitId":"ziyi105"},"content":"    }","lastModifiedDate":"2023-10-17"},{"lineNumber":76,"author":{"gitId":"ziyi105"},"content":"","lastModifiedDate":"2023-10-17"},{"lineNumber":77,"author":{"gitId":"DextheChik3n"},"content":"    private static Command prepareAdd(String arguments) {","lastModifiedDate":"2023-10-17"},{"lineNumber":78,"author":{"gitId":"DextheChik3n"},"content":"        final Pattern addArgumentPattern \u003d Pattern.compile(ADD_ARGUMENT_STRING);","lastModifiedDate":"2023-10-17"},{"lineNumber":79,"author":{"gitId":"DextheChik3n"},"content":"        Matcher matcher \u003d addArgumentPattern.matcher(arguments);","lastModifiedDate":"2023-10-17"},{"lineNumber":80,"author":{"gitId":"ziyi105"},"content":"","lastModifiedDate":"2023-10-17"},{"lineNumber":81,"author":{"gitId":"ziyi105"},"content":"        // Checks whether the overall pattern of add arguments is correct","lastModifiedDate":"2023-10-17"},{"lineNumber":82,"author":{"gitId":"ziyi105"},"content":"        if (matcher.matches()) {","lastModifiedDate":"2023-10-17"},{"lineNumber":83,"author":{"gitId":"ziyi105"},"content":"            return new IncorrectCommand(\"Error: Missing arguments for the add command.\");","lastModifiedDate":"2023-10-17"},{"lineNumber":84,"author":{"gitId":"ziyi105"},"content":"        }","lastModifiedDate":"2023-10-17"},{"lineNumber":85,"author":{"gitId":"ziyi105"},"content":"","lastModifiedDate":"2023-10-17"},{"lineNumber":86,"author":{"gitId":"ziyi105"},"content":"        try {","lastModifiedDate":"2023-10-17"},{"lineNumber":87,"author":{"gitId":"ziyi105"},"content":"            // To retrieve specific arguments from arguments","lastModifiedDate":"2023-10-17"},{"lineNumber":88,"author":{"gitId":"ziyi105"},"content":"            String dishName \u003d matcher.group(1);","lastModifiedDate":"2023-10-17"},{"lineNumber":89,"author":{"gitId":"ziyi105"},"content":"            float price \u003d Float.parseFloat(matcher.group(2));","lastModifiedDate":"2023-10-17"},{"lineNumber":90,"author":{"gitId":"ziyi105"},"content":"","lastModifiedDate":"2023-10-17"},{"lineNumber":91,"author":{"gitId":"ziyi105"},"content":"            // Capture the list of ingredients and quantities","lastModifiedDate":"2023-10-17"},{"lineNumber":92,"author":{"gitId":"ziyi105"},"content":"            ArrayList\u003cString\u003e ingredients \u003d new ArrayList\u003c\u003e();","lastModifiedDate":"2023-10-17"},{"lineNumber":93,"author":{"gitId":"ziyi105"},"content":"            ArrayList\u003cString\u003e quantities \u003d new ArrayList\u003c\u003e();","lastModifiedDate":"2023-10-17"},{"lineNumber":94,"author":{"gitId":"ziyi105"},"content":"","lastModifiedDate":"2023-10-17"},{"lineNumber":95,"author":{"gitId":"ziyi105"},"content":"            // Find all matches for ingredients and quantities","lastModifiedDate":"2023-10-17"},{"lineNumber":96,"author":{"gitId":"ziyi105"},"content":"            Pattern ingredientPattern \u003d Pattern.compile(\"ingredient/([A-Za-z]+) qty/([A-Za-z]+)\");","lastModifiedDate":"2023-10-17"},{"lineNumber":97,"author":{"gitId":"ziyi105"},"content":"            Matcher ingredientMatcher \u003d ingredientPattern.matcher(arguments);","lastModifiedDate":"2023-10-17"},{"lineNumber":98,"author":{"gitId":"ziyi105"},"content":"","lastModifiedDate":"2023-10-17"},{"lineNumber":99,"author":{"gitId":"ziyi105"},"content":"            while (ingredientMatcher.find()) {","lastModifiedDate":"2023-10-17"},{"lineNumber":100,"author":{"gitId":"ziyi105"},"content":"                String ingredient \u003d ingredientMatcher.group(1);","lastModifiedDate":"2023-10-17"},{"lineNumber":101,"author":{"gitId":"ziyi105"},"content":"                String quantity \u003d ingredientMatcher.group(2);","lastModifiedDate":"2023-10-17"},{"lineNumber":102,"author":{"gitId":"ziyi105"},"content":"                ingredients.add(ingredient);","lastModifiedDate":"2023-10-17"},{"lineNumber":103,"author":{"gitId":"ziyi105"},"content":"                quantities.add(quantity);","lastModifiedDate":"2023-10-17"},{"lineNumber":104,"author":{"gitId":"ziyi105"},"content":"            }","lastModifiedDate":"2023-10-17"},{"lineNumber":105,"author":{"gitId":"ziyi105"},"content":"","lastModifiedDate":"2023-10-17"},{"lineNumber":106,"author":{"gitId":"ziyi105"},"content":"            // Todo: Implement error handling for checking the size of ingredients quantities","lastModifiedDate":"2023-10-17"},{"lineNumber":107,"author":{"gitId":"ziyi105"},"content":"            // I am not sure if this is necessary as we have already checked","lastModifiedDate":"2023-10-17"},{"lineNumber":108,"author":{"gitId":"ziyi105"},"content":"            // the overall command pattern in line 62","lastModifiedDate":"2023-10-17"},{"lineNumber":109,"author":{"gitId":"ziyi105"},"content":"","lastModifiedDate":"2023-10-17"},{"lineNumber":110,"author":{"gitId":"ziyi105"},"content":"            // Todo: Add the attributes in AddDishCommand","lastModifiedDate":"2023-10-17"},{"lineNumber":111,"author":{"gitId":"ziyi105"},"content":"            // Todo: Overload the constructor of Dish such that","lastModifiedDate":"2023-10-17"},{"lineNumber":112,"author":{"gitId":"ziyi105"},"content":"            // it can take in ingredients list and quantities list","lastModifiedDate":"2023-10-17"},{"lineNumber":113,"author":{"gitId":"ziyi105"},"content":"            // and create an arrayList of ingredient objects","lastModifiedDate":"2023-10-17"},{"lineNumber":114,"author":{"gitId":"ziyi105"},"content":"            // return new AddDishCommand(dishName, price, ingredients, quantities);","lastModifiedDate":"2023-10-17"},{"lineNumber":115,"author":{"gitId":"ziyi105"},"content":"        } catch (Exception e) {","lastModifiedDate":"2023-10-17"},{"lineNumber":116,"author":{"gitId":"ziyi105"},"content":"            // Todo: Add error handling for invalid price type etc.","lastModifiedDate":"2023-10-17"},{"lineNumber":117,"author":{"gitId":"ziyi105"},"content":"        }","lastModifiedDate":"2023-10-17"},{"lineNumber":118,"author":{"gitId":"ziyi105"},"content":"","lastModifiedDate":"2023-10-17"},{"lineNumber":119,"author":{"gitId":"ziyi105"},"content":"        return new IncorrectCommand(\"The specific details are \" +","lastModifiedDate":"2023-10-17"},{"lineNumber":120,"author":{"gitId":"ziyi105"},"content":"                \"to be implemented by Dexter\");","lastModifiedDate":"2023-10-17"},{"lineNumber":121,"author":{"gitId":"ziyi105"},"content":"    }","lastModifiedDate":"2023-10-17"},{"lineNumber":122,"author":{"gitId":"ziyi105"},"content":"  ","lastModifiedDate":"2023-10-17"},{"lineNumber":123,"author":{"gitId":"Cazh1"},"content":"    /**","lastModifiedDate":"2023-10-17"},{"lineNumber":124,"author":{"gitId":"Cazh1"},"content":"    * Parses arguments in the context of the ListIngredient command.","lastModifiedDate":"2023-10-17"},{"lineNumber":125,"author":{"gitId":"NaychiMin"},"content":"    * @param userInput arguments string to parse as index number","lastModifiedDate":"2023-10-17"},{"lineNumber":126,"author":{"gitId":"Cazh1"},"content":"    * @return the prepared command","lastModifiedDate":"2023-10-17"},{"lineNumber":127,"author":{"gitId":"Cazh1"},"content":"    */","lastModifiedDate":"2023-10-17"},{"lineNumber":128,"author":{"gitId":"NaychiMin"},"content":"    private static Command prepareListIngredient(String userInput) {","lastModifiedDate":"2023-10-17"},{"lineNumber":129,"author":{"gitId":"Cazh1"},"content":"        try {","lastModifiedDate":"2023-10-17"},{"lineNumber":130,"author":{"gitId":"NaychiMin"},"content":"            final int listIndex \u003d parseArgsAsDisplayedIndex(userInput, ListIngredientCommand.COMMAND_WORD);","lastModifiedDate":"2023-10-17"},{"lineNumber":131,"author":{"gitId":"NaychiMin"},"content":"            return new ListIngredientCommand(listIndex);","lastModifiedDate":"2023-10-17"},{"lineNumber":132,"author":{"gitId":"Cazh1"},"content":"        } catch (ParseException e) {","lastModifiedDate":"2023-10-17"},{"lineNumber":133,"author":{"gitId":"Cazh1"},"content":"            return new IncorrectCommand(\"MESSAGE_INVALID_COMMAND_FORMAT\" + ListIngredientCommand.MESSAGE_USAGE);","lastModifiedDate":"2023-10-17"},{"lineNumber":134,"author":{"gitId":"Cazh1"},"content":"        } catch (NumberFormatException nfe) {","lastModifiedDate":"2023-10-17"},{"lineNumber":135,"author":{"gitId":"Cazh1"},"content":"            return new IncorrectCommand(\"MESSAGE_INVALID_TASK_DISPLAYED_INDEX\");","lastModifiedDate":"2023-10-17"},{"lineNumber":136,"author":{"gitId":"Cazh1"},"content":"        }","lastModifiedDate":"2023-10-17"},{"lineNumber":137,"author":{"gitId":"Cazh1"},"content":"    }","lastModifiedDate":"2023-10-17"},{"lineNumber":138,"author":{"gitId":"Cazh1"},"content":"","lastModifiedDate":"2023-10-17"},{"lineNumber":139,"author":{"gitId":"ShaniceTang"},"content":"    /**","lastModifiedDate":"2023-10-17"},{"lineNumber":140,"author":{"gitId":"ShaniceTang"},"content":"     * Parses arguments in the context of the Delete command.","lastModifiedDate":"2023-10-17"},{"lineNumber":141,"author":{"gitId":"ShaniceTang"},"content":"     *","lastModifiedDate":"2023-10-17"},{"lineNumber":142,"author":{"gitId":"ShaniceTang"},"content":"     * @param userInput Input from the user","lastModifiedDate":"2023-10-17"},{"lineNumber":143,"author":{"gitId":"ShaniceTang"},"content":"     * @return Command to be executed","lastModifiedDate":"2023-10-17"},{"lineNumber":144,"author":{"gitId":"ShaniceTang"},"content":"     */","lastModifiedDate":"2023-10-17"},{"lineNumber":145,"author":{"gitId":"ShaniceTang"},"content":"    private static Command prepareDelete(String userInput) {","lastModifiedDate":"2023-10-17"},{"lineNumber":146,"author":{"gitId":"Cazh1"},"content":"        try {","lastModifiedDate":"2023-10-17"},{"lineNumber":147,"author":{"gitId":"NaychiMin"},"content":"            final int listIndex \u003d parseArgsAsDisplayedIndex(userInput, DeleteDishCommand.COMMAND_WORD);","lastModifiedDate":"2023-10-17"},{"lineNumber":148,"author":{"gitId":"ziyi105"},"content":"            return new DeleteDishCommand();","lastModifiedDate":"2023-10-17"},{"lineNumber":149,"author":{"gitId":"Cazh1"},"content":"        } catch (ParseException e) {","lastModifiedDate":"2023-10-17"},{"lineNumber":150,"author":{"gitId":"Cazh1"},"content":"            return new IncorrectCommand(\"MESSAGE_INVALID_COMMAND_FORMAT\" + DeleteDishCommand.MESSAGE_USAGE);","lastModifiedDate":"2023-10-17"},{"lineNumber":151,"author":{"gitId":"Cazh1"},"content":"        } catch (NumberFormatException nfe) {","lastModifiedDate":"2023-10-17"},{"lineNumber":152,"author":{"gitId":"Cazh1"},"content":"            return new IncorrectCommand(\"MESSAGE_INVALID_TASK_DISPLAYED_INDEX\");","lastModifiedDate":"2023-10-17"},{"lineNumber":153,"author":{"gitId":"Cazh1"},"content":"        }","lastModifiedDate":"2023-10-17"},{"lineNumber":154,"author":{"gitId":"Cazh1"},"content":"    }","lastModifiedDate":"2023-10-17"},{"lineNumber":155,"author":{"gitId":"Cazh1"},"content":"","lastModifiedDate":"2023-10-17"},{"lineNumber":156,"author":{"gitId":"Cazh1"},"content":"    /**","lastModifiedDate":"2023-10-17"},{"lineNumber":157,"author":{"gitId":"Cazh1"},"content":"     * Parses the given arguments string to identify task index number.","lastModifiedDate":"2023-10-17"},{"lineNumber":158,"author":{"gitId":"Cazh1"},"content":"     *","lastModifiedDate":"2023-10-17"},{"lineNumber":159,"author":{"gitId":"Cazh1"},"content":"     * @param userInput arguments string to parse as index number","lastModifiedDate":"2023-10-17"},{"lineNumber":160,"author":{"gitId":"Cazh1"},"content":"     * @param command expected String name of the command called","lastModifiedDate":"2023-10-17"},{"lineNumber":161,"author":{"gitId":"Cazh1"},"content":"     * @return the parsed index number","lastModifiedDate":"2023-10-17"},{"lineNumber":162,"author":{"gitId":"Cazh1"},"content":"     * @throws ParseException if no region of the args string could be found for the index","lastModifiedDate":"2023-10-17"},{"lineNumber":163,"author":{"gitId":"Cazh1"},"content":"     * @throws NumberFormatException the args string region is not a valid number","lastModifiedDate":"2023-10-17"},{"lineNumber":164,"author":{"gitId":"Cazh1"},"content":"     */","lastModifiedDate":"2023-10-17"},{"lineNumber":165,"author":{"gitId":"NaychiMin"},"content":"    private static int parseArgsAsDisplayedIndex(String userInput, String command)","lastModifiedDate":"2023-10-17"},{"lineNumber":166,"author":{"gitId":"Cazh1"},"content":"            throws ParseException, NumberFormatException {","lastModifiedDate":"2023-10-17"},{"lineNumber":167,"author":{"gitId":"Cazh1"},"content":"        String formattedString \u003d userInput.replace(command, \"\").trim();","lastModifiedDate":"2023-10-17"},{"lineNumber":168,"author":{"gitId":"NaychiMin"},"content":"        return Integer.parseInt(formattedString);","lastModifiedDate":"2023-10-17"},{"lineNumber":169,"author":{"gitId":"Cazh1"},"content":"    }","lastModifiedDate":"2023-10-17"},{"lineNumber":170,"author":{"gitId":"ziyi105"},"content":"}","lastModifiedDate":"2023-10-14"}],"authorContributionMap":{"NaychiMin":7,"DextheChik3n":13,"Cazh1":48,"ziyi105":95,"ShaniceTang":7}},{"path":"src/main/java/seedu/cafectrl/ui/Ui.java","fileType":"functional-code","lines":[{"lineNumber":1,"author":{"gitId":"DextheChik3n"},"content":"package seedu.cafectrl.ui;","lastModifiedDate":"2023-10-17"},{"lineNumber":2,"author":{"gitId":"NaychiMin"},"content":"","lastModifiedDate":"2023-10-15"},{"lineNumber":3,"author":{"gitId":"DextheChik3n"},"content":"import seedu.cafectrl.data.dish.Dish;","lastModifiedDate":"2023-10-17"},{"lineNumber":4,"author":{"gitId":"DextheChik3n"},"content":"import seedu.cafectrl.data.dish.Ingredient;","lastModifiedDate":"2023-10-17"},{"lineNumber":5,"author":{"gitId":"NaychiMin"},"content":"","lastModifiedDate":"2023-10-17"},{"lineNumber":6,"author":{"gitId":"NaychiMin"},"content":"import java.util.Scanner;","lastModifiedDate":"2023-10-15"},{"lineNumber":7,"author":{"gitId":"NaychiMin"},"content":"","lastModifiedDate":"2023-10-15"},{"lineNumber":8,"author":{"gitId":"NaychiMin"},"content":"public class Ui {","lastModifiedDate":"2023-10-15"},{"lineNumber":9,"author":{"gitId":"DextheChik3n"},"content":"    public static final int OFFSET_LIST_INDEX \u003d 1;","lastModifiedDate":"2023-10-17"},{"lineNumber":10,"author":{"gitId":"DextheChik3n"},"content":"    public static final String LINE_STRING \u003d \"-----------------------------------------------------\";","lastModifiedDate":"2023-10-17"},{"lineNumber":11,"author":{"gitId":"NaychiMin"},"content":"    private final Scanner scanner;","lastModifiedDate":"2023-10-15"},{"lineNumber":12,"author":{"gitId":"NaychiMin"},"content":"","lastModifiedDate":"2023-10-15"},{"lineNumber":13,"author":{"gitId":"NaychiMin"},"content":"    /**","lastModifiedDate":"2023-10-15"},{"lineNumber":14,"author":{"gitId":"NaychiMin"},"content":"     * Constructs a UI instance with a Scanner for user input.","lastModifiedDate":"2023-10-15"},{"lineNumber":15,"author":{"gitId":"NaychiMin"},"content":"     */","lastModifiedDate":"2023-10-15"},{"lineNumber":16,"author":{"gitId":"NaychiMin"},"content":"    public Ui() {","lastModifiedDate":"2023-10-15"},{"lineNumber":17,"author":{"gitId":"NaychiMin"},"content":"        scanner \u003d new Scanner(System.in);","lastModifiedDate":"2023-10-15"},{"lineNumber":18,"author":{"gitId":"NaychiMin"},"content":"    }","lastModifiedDate":"2023-10-15"},{"lineNumber":19,"author":{"gitId":"NaychiMin"},"content":"","lastModifiedDate":"2023-10-15"},{"lineNumber":20,"author":{"gitId":"DextheChik3n"},"content":"    public void printLine() {","lastModifiedDate":"2023-10-17"},{"lineNumber":21,"author":{"gitId":"DextheChik3n"},"content":"        showToUser(LINE_STRING);","lastModifiedDate":"2023-10-17"},{"lineNumber":22,"author":{"gitId":"DextheChik3n"},"content":"    }","lastModifiedDate":"2023-10-17"},{"lineNumber":23,"author":{"gitId":"DextheChik3n"},"content":"","lastModifiedDate":"2023-10-17"},{"lineNumber":24,"author":{"gitId":"NaychiMin"},"content":"    public String receiveUserInput() {","lastModifiedDate":"2023-10-15"},{"lineNumber":25,"author":{"gitId":"DextheChik3n"},"content":"        System.out.print(\"\u003e \");","lastModifiedDate":"2023-10-17"},{"lineNumber":26,"author":{"gitId":"NaychiMin"},"content":"        return scanner.nextLine();","lastModifiedDate":"2023-10-15"},{"lineNumber":27,"author":{"gitId":"NaychiMin"},"content":"    }","lastModifiedDate":"2023-10-15"},{"lineNumber":28,"author":{"gitId":"NaychiMin"},"content":"","lastModifiedDate":"2023-10-15"},{"lineNumber":29,"author":{"gitId":"NaychiMin"},"content":"    public void showWelcome() {","lastModifiedDate":"2023-10-15"},{"lineNumber":30,"author":{"gitId":"NaychiMin"},"content":"        showToUser(UserOutput.WELCOME_MESSAGE.message);","lastModifiedDate":"2023-10-17"},{"lineNumber":31,"author":{"gitId":"NaychiMin"},"content":"    }","lastModifiedDate":"2023-10-15"},{"lineNumber":32,"author":{"gitId":"NaychiMin"},"content":"","lastModifiedDate":"2023-10-15"},{"lineNumber":33,"author":{"gitId":"NaychiMin"},"content":"    public void showGoodbye() {","lastModifiedDate":"2023-10-15"},{"lineNumber":34,"author":{"gitId":"NaychiMin"},"content":"        showToUser(UserOutput.GOODBYE_MESSAGE.message);","lastModifiedDate":"2023-10-17"},{"lineNumber":35,"author":{"gitId":"NaychiMin"},"content":"    }","lastModifiedDate":"2023-10-15"},{"lineNumber":36,"author":{"gitId":"Cazh1"},"content":"","lastModifiedDate":"2023-10-17"},{"lineNumber":37,"author":{"gitId":"NaychiMin"},"content":"    /**","lastModifiedDate":"2023-10-17"},{"lineNumber":38,"author":{"gitId":"NaychiMin"},"content":"     * Prints out the quantity of each ingredient needed for the","lastModifiedDate":"2023-10-17"},{"lineNumber":39,"author":{"gitId":"NaychiMin"},"content":"     * dish that the user selects.","lastModifiedDate":"2023-10-17"},{"lineNumber":40,"author":{"gitId":"NaychiMin"},"content":"     *","lastModifiedDate":"2023-10-17"},{"lineNumber":41,"author":{"gitId":"NaychiMin"},"content":"     * @param selectedDish Dish for ingredients to be listed out.","lastModifiedDate":"2023-10-17"},{"lineNumber":42,"author":{"gitId":"NaychiMin"},"content":"     */","lastModifiedDate":"2023-10-17"},{"lineNumber":43,"author":{"gitId":"NaychiMin"},"content":"    public void printIngredients(Dish selectedDish) {","lastModifiedDate":"2023-10-17"},{"lineNumber":44,"author":{"gitId":"NaychiMin"},"content":"        showToUser(selectedDish.getName() + \" Ingredients: \\n\");","lastModifiedDate":"2023-10-17"},{"lineNumber":45,"author":{"gitId":"NaychiMin"},"content":"","lastModifiedDate":"2023-10-17"},{"lineNumber":46,"author":{"gitId":"NaychiMin"},"content":"        for (Ingredient ingredient : selectedDish.getIngredients()) {","lastModifiedDate":"2023-10-17"},{"lineNumber":47,"author":{"gitId":"NaychiMin"},"content":"            showToUser(ingredient.getName() + \" - \" + ingredient.getQuantity());","lastModifiedDate":"2023-10-17"},{"lineNumber":48,"author":{"gitId":"NaychiMin"},"content":"        }","lastModifiedDate":"2023-10-17"},{"lineNumber":49,"author":{"gitId":"NaychiMin"},"content":"    }","lastModifiedDate":"2023-10-17"},{"lineNumber":50,"author":{"gitId":"NaychiMin"},"content":"","lastModifiedDate":"2023-10-17"},{"lineNumber":51,"author":{"gitId":"DextheChik3n"},"content":"    public void printAddDishMessage(Dish dish) {","lastModifiedDate":"2023-10-17"},{"lineNumber":52,"author":{"gitId":"DextheChik3n"},"content":"        String dishNameString \u003d \"Dish Name: \" + dish.getName();","lastModifiedDate":"2023-10-17"},{"lineNumber":53,"author":{"gitId":"DextheChik3n"},"content":"        String dishPriceString \u003d \"Dish Price: $\" + dish.getPrice();","lastModifiedDate":"2023-10-17"},{"lineNumber":54,"author":{"gitId":"DextheChik3n"},"content":"        StringBuilder dishIngredientsString \u003d new StringBuilder(\"Ingredients:\\n\");","lastModifiedDate":"2023-10-17"},{"lineNumber":55,"author":{"gitId":"DextheChik3n"},"content":"","lastModifiedDate":"2023-10-17"},{"lineNumber":56,"author":{"gitId":"DextheChik3n"},"content":"        for (int i \u003d 0; i \u003c dish.getIngredients().size(); i++) {","lastModifiedDate":"2023-10-17"},{"lineNumber":57,"author":{"gitId":"DextheChik3n"},"content":"            Ingredient ingredient \u003d dish.getIngredients().get(i);","lastModifiedDate":"2023-10-17"},{"lineNumber":58,"author":{"gitId":"DextheChik3n"},"content":"","lastModifiedDate":"2023-10-17"},{"lineNumber":59,"author":{"gitId":"DextheChik3n"},"content":"            dishIngredientsString.append(\"\\t\")","lastModifiedDate":"2023-10-17"},{"lineNumber":60,"author":{"gitId":"DextheChik3n"},"content":"                    .append(i + OFFSET_LIST_INDEX)","lastModifiedDate":"2023-10-17"},{"lineNumber":61,"author":{"gitId":"DextheChik3n"},"content":"                    .append(\". \")","lastModifiedDate":"2023-10-17"},{"lineNumber":62,"author":{"gitId":"DextheChik3n"},"content":"                    .append(ingredient.toString())","lastModifiedDate":"2023-10-17"},{"lineNumber":63,"author":{"gitId":"DextheChik3n"},"content":"                    .append(\"\\n\");","lastModifiedDate":"2023-10-17"},{"lineNumber":64,"author":{"gitId":"DextheChik3n"},"content":"        }","lastModifiedDate":"2023-10-17"},{"lineNumber":65,"author":{"gitId":"DextheChik3n"},"content":"","lastModifiedDate":"2023-10-17"},{"lineNumber":66,"author":{"gitId":"DextheChik3n"},"content":"        showToUser(UserOutput.ADD_DISH_MESSAGE.message,","lastModifiedDate":"2023-10-17"},{"lineNumber":67,"author":{"gitId":"DextheChik3n"},"content":"                dishNameString,","lastModifiedDate":"2023-10-17"},{"lineNumber":68,"author":{"gitId":"DextheChik3n"},"content":"                dishPriceString,","lastModifiedDate":"2023-10-17"},{"lineNumber":69,"author":{"gitId":"DextheChik3n"},"content":"                dishIngredientsString.toString());","lastModifiedDate":"2023-10-17"},{"lineNumber":70,"author":{"gitId":"DextheChik3n"},"content":"    }","lastModifiedDate":"2023-10-17"},{"lineNumber":71,"author":{"gitId":"DextheChik3n"},"content":"","lastModifiedDate":"2023-10-17"},{"lineNumber":72,"author":{"gitId":"ShaniceTang"},"content":"    /**","lastModifiedDate":"2023-10-17"},{"lineNumber":73,"author":{"gitId":"ShaniceTang"},"content":"     * Shows delete message to user","lastModifiedDate":"2023-10-17"},{"lineNumber":74,"author":{"gitId":"ShaniceTang"},"content":"     *","lastModifiedDate":"2023-10-17"},{"lineNumber":75,"author":{"gitId":"ShaniceTang"},"content":"     * @param selectedDish Dish to be deleted","lastModifiedDate":"2023-10-17"},{"lineNumber":76,"author":{"gitId":"ShaniceTang"},"content":"     */","lastModifiedDate":"2023-10-17"},{"lineNumber":77,"author":{"gitId":"ShaniceTang"},"content":"    public void showDeleteMessage(Dish selectedDish) {","lastModifiedDate":"2023-10-17"},{"lineNumber":78,"author":{"gitId":"ShaniceTang"},"content":"        showToUser(\"Okay! \" + selectedDish.getName() + \" is deleted! :)\");","lastModifiedDate":"2023-10-17"},{"lineNumber":79,"author":{"gitId":"ShaniceTang"},"content":"    }","lastModifiedDate":"2023-10-17"},{"lineNumber":80,"author":{"gitId":"ShaniceTang"},"content":"","lastModifiedDate":"2023-10-17"},{"lineNumber":81,"author":{"gitId":"Cazh1"},"content":"","lastModifiedDate":"2023-10-17"},{"lineNumber":82,"author":{"gitId":"DextheChik3n"},"content":"    /**","lastModifiedDate":"2023-10-17"},{"lineNumber":83,"author":{"gitId":"DextheChik3n"},"content":"     * Shows messages(s) to the user","lastModifiedDate":"2023-10-17"},{"lineNumber":84,"author":{"gitId":"DextheChik3n"},"content":"     * @param message string(s) of messages to print","lastModifiedDate":"2023-10-17"},{"lineNumber":85,"author":{"gitId":"DextheChik3n"},"content":"     */","lastModifiedDate":"2023-10-17"},{"lineNumber":86,"author":{"gitId":"DextheChik3n"},"content":"    public void showToUser(String... message) {","lastModifiedDate":"2023-10-16"},{"lineNumber":87,"author":{"gitId":"DextheChik3n"},"content":"        for (String m: message) {","lastModifiedDate":"2023-10-16"},{"lineNumber":88,"author":{"gitId":"DextheChik3n"},"content":"            System.out.println(m);","lastModifiedDate":"2023-10-16"},{"lineNumber":89,"author":{"gitId":"DextheChik3n"},"content":"        }","lastModifiedDate":"2023-10-16"},{"lineNumber":90,"author":{"gitId":"DextheChik3n"},"content":"    }","lastModifiedDate":"2023-10-16"},{"lineNumber":91,"author":{"gitId":"NaychiMin"},"content":"}","lastModifiedDate":"2023-10-15"}],"authorContributionMap":{"NaychiMin":40,"DextheChik3n":40,"Cazh1":2,"ShaniceTang":9}},{"path":"src/main/java/seedu/cafectrl/ui/UserOutput.java","fileType":"functional-code","lines":[{"lineNumber":1,"author":{"gitId":"DextheChik3n"},"content":"package seedu.cafectrl.ui;","lastModifiedDate":"2023-10-17"},{"lineNumber":2,"author":{"gitId":"NaychiMin"},"content":"","lastModifiedDate":"2023-10-15"},{"lineNumber":3,"author":{"gitId":"NaychiMin"},"content":"/**","lastModifiedDate":"2023-10-15"},{"lineNumber":4,"author":{"gitId":"NaychiMin"},"content":" * Enumerates messages to be displayed to users.","lastModifiedDate":"2023-10-15"},{"lineNumber":5,"author":{"gitId":"NaychiMin"},"content":" */","lastModifiedDate":"2023-10-15"},{"lineNumber":6,"author":{"gitId":"NaychiMin"},"content":"public enum UserOutput {","lastModifiedDate":"2023-10-15"},{"lineNumber":7,"author":{"gitId":"NaychiMin"},"content":"    WELCOME_MESSAGE(\"Hello! Welcome to CafeCTRL!\"),","lastModifiedDate":"2023-10-15"},{"lineNumber":8,"author":{"gitId":"Cazh1"},"content":"    GOODBYE_MESSAGE(\"Goodbye \u003c3 Have a great day ahead!\"),","lastModifiedDate":"2023-10-16"},{"lineNumber":9,"author":{"gitId":"Cazh1"},"content":"    LIST_MESSAGE(\"Ah, behold, the grand menu of delights!\"),","lastModifiedDate":"2023-10-17"},{"lineNumber":10,"author":{"gitId":"DextheChik3n"},"content":"    ADD_DISH_MESSAGE(\"You have added the following dish...\");","lastModifiedDate":"2023-10-17"},{"lineNumber":11,"author":{"gitId":"NaychiMin"},"content":"","lastModifiedDate":"2023-10-15"},{"lineNumber":12,"author":{"gitId":"NaychiMin"},"content":"    public final String message;","lastModifiedDate":"2023-10-15"},{"lineNumber":13,"author":{"gitId":"NaychiMin"},"content":"    UserOutput(String message) {","lastModifiedDate":"2023-10-15"},{"lineNumber":14,"author":{"gitId":"NaychiMin"},"content":"        this.message \u003d message;","lastModifiedDate":"2023-10-15"},{"lineNumber":15,"author":{"gitId":"NaychiMin"},"content":"    }","lastModifiedDate":"2023-10-15"},{"lineNumber":16,"author":{"gitId":"NaychiMin"},"content":"}","lastModifiedDate":"2023-10-15"}],"authorContributionMap":{"NaychiMin":12,"DextheChik3n":2,"Cazh1":2}},{"path":"src/test/java/seedu/cafectrl/DukeTest.java","fileType":"test-code","lines":[{"lineNumber":1,"author":{"gitId":"DextheChik3n"},"content":"package seedu.cafectrl;","lastModifiedDate":"2023-10-17"},{"lineNumber":2,"author":{"gitId":"-"},"content":"","lastModifiedDate":"2020-05-24"},{"lineNumber":3,"author":{"gitId":"-"},"content":"import static org.junit.jupiter.api.Assertions.assertTrue;","lastModifiedDate":"2020-05-24"},{"lineNumber":4,"author":{"gitId":"-"},"content":"","lastModifiedDate":"2020-05-24"},{"lineNumber":5,"author":{"gitId":"-"},"content":"import org.junit.jupiter.api.Test;","lastModifiedDate":"2020-05-24"},{"lineNumber":6,"author":{"gitId":"-"},"content":"","lastModifiedDate":"2020-05-24"},{"lineNumber":7,"author":{"gitId":"-"},"content":"class DukeTest {","lastModifiedDate":"2020-05-24"},{"lineNumber":8,"author":{"gitId":"-"},"content":"    @Test","lastModifiedDate":"2020-05-24"},{"lineNumber":9,"author":{"gitId":"-"},"content":"    public void sampleTest() {","lastModifiedDate":"2020-05-24"},{"lineNumber":10,"author":{"gitId":"-"},"content":"        assertTrue(true);","lastModifiedDate":"2020-05-24"},{"lineNumber":11,"author":{"gitId":"-"},"content":"    }","lastModifiedDate":"2020-05-24"},{"lineNumber":12,"author":{"gitId":"-"},"content":"}","lastModifiedDate":"2020-05-24"}],"authorContributionMap":{"DextheChik3n":1,"-":11}},{"path":"src/test/java/seedu/cafectrl/UiTest.java","fileType":"test-code","lines":[{"lineNumber":1,"author":{"gitId":"DextheChik3n"},"content":"package seedu.cafectrl;","lastModifiedDate":"2023-10-17"},{"lineNumber":2,"author":{"gitId":"ShaniceTang"},"content":"","lastModifiedDate":"2023-10-15"},{"lineNumber":3,"author":{"gitId":"ShaniceTang"},"content":"","lastModifiedDate":"2023-10-15"},{"lineNumber":4,"author":{"gitId":"ShaniceTang"},"content":"/**","lastModifiedDate":"2023-10-15"},{"lineNumber":5,"author":{"gitId":"ShaniceTang"},"content":" * Junit test for Ui.java","lastModifiedDate":"2023-10-15"},{"lineNumber":6,"author":{"gitId":"ShaniceTang"},"content":" */","lastModifiedDate":"2023-10-15"},{"lineNumber":7,"author":{"gitId":"ShaniceTang"},"content":"public class UiTest {","lastModifiedDate":"2023-10-15"},{"lineNumber":8,"author":{"gitId":"ShaniceTang"},"content":"}","lastModifiedDate":"2023-10-15"}],"authorContributionMap":{"DextheChik3n":1,"ShaniceTang":7}},{"path":"src/test/java/seedu/cafectrl/command/AddDishCommandTest.java","fileType":"test-code","lines":[{"lineNumber":1,"author":{"gitId":"DextheChik3n"},"content":"package seedu.cafectrl.command;","lastModifiedDate":"2023-10-17"},{"lineNumber":2,"author":{"gitId":"DextheChik3n"},"content":"","lastModifiedDate":"2023-10-17"},{"lineNumber":3,"author":{"gitId":"DextheChik3n"},"content":"class AddDishCommandTest {","lastModifiedDate":"2023-10-17"},{"lineNumber":4,"author":{"gitId":"DextheChik3n"},"content":"","lastModifiedDate":"2023-10-17"},{"lineNumber":5,"author":{"gitId":"DextheChik3n"},"content":"}","lastModifiedDate":"2023-10-17"}],"authorContributionMap":{"DextheChik3n":5}},{"path":"src/test/java/seedu/cafectrl/command/CommandTest.java","fileType":"test-code","lines":[{"lineNumber":1,"author":{"gitId":"DextheChik3n"},"content":"package seedu.cafectrl.command;","lastModifiedDate":"2023-10-17"},{"lineNumber":2,"author":{"gitId":"DextheChik3n"},"content":"","lastModifiedDate":"2023-10-17"},{"lineNumber":3,"author":{"gitId":"DextheChik3n"},"content":"class CommandTest {","lastModifiedDate":"2023-10-17"},{"lineNumber":4,"author":{"gitId":"DextheChik3n"},"content":"","lastModifiedDate":"2023-10-17"},{"lineNumber":5,"author":{"gitId":"DextheChik3n"},"content":"}","lastModifiedDate":"2023-10-17"}],"authorContributionMap":{"DextheChik3n":5}},{"path":"src/test/java/seedu/cafectrl/command/DeleteDishCommandTest.java","fileType":"test-code","lines":[{"lineNumber":1,"author":{"gitId":"DextheChik3n"},"content":"package seedu.cafectrl.command;","lastModifiedDate":"2023-10-17"},{"lineNumber":2,"author":{"gitId":"Cazh1"},"content":"","lastModifiedDate":"2023-10-16"},{"lineNumber":3,"author":{"gitId":"Cazh1"},"content":"class DeleteDishCommandTest {","lastModifiedDate":"2023-10-16"},{"lineNumber":4,"author":{"gitId":"Cazh1"},"content":"","lastModifiedDate":"2023-10-16"},{"lineNumber":5,"author":{"gitId":"Cazh1"},"content":"}","lastModifiedDate":"2023-10-16"}],"authorContributionMap":{"DextheChik3n":1,"Cazh1":4}},{"path":"src/test/java/seedu/cafectrl/command/ListIngredientCommandTest.java","fileType":"test-code","lines":[{"lineNumber":1,"author":{"gitId":"DextheChik3n"},"content":"package seedu.cafectrl.command;","lastModifiedDate":"2023-10-17"},{"lineNumber":2,"author":{"gitId":"Cazh1"},"content":"","lastModifiedDate":"2023-10-16"},{"lineNumber":3,"author":{"gitId":"Cazh1"},"content":"class ListIngredientCommandTest {","lastModifiedDate":"2023-10-16"},{"lineNumber":4,"author":{"gitId":"Cazh1"},"content":"","lastModifiedDate":"2023-10-16"},{"lineNumber":5,"author":{"gitId":"Cazh1"},"content":"}","lastModifiedDate":"2023-10-16"}],"authorContributionMap":{"DextheChik3n":1,"Cazh1":4}},{"path":"src/test/java/seedu/cafectrl/command/ListMenuCommandTest.java","fileType":"test-code","lines":[{"lineNumber":1,"author":{"gitId":"DextheChik3n"},"content":"package seedu.cafectrl.command;","lastModifiedDate":"2023-10-17"},{"lineNumber":2,"author":{"gitId":"Cazh1"},"content":"","lastModifiedDate":"2023-10-16"},{"lineNumber":3,"author":{"gitId":"Cazh1"},"content":"import org.junit.jupiter.api.Test;","lastModifiedDate":"2023-10-17"},{"lineNumber":4,"author":{"gitId":"DextheChik3n"},"content":"import seedu.cafectrl.data.Menu;","lastModifiedDate":"2023-10-17"},{"lineNumber":5,"author":{"gitId":"DextheChik3n"},"content":"import seedu.cafectrl.data.dish.Dish;","lastModifiedDate":"2023-10-17"},{"lineNumber":6,"author":{"gitId":"DextheChik3n"},"content":"import seedu.cafectrl.ui.Ui;","lastModifiedDate":"2023-10-17"},{"lineNumber":7,"author":{"gitId":"Cazh1"},"content":"","lastModifiedDate":"2023-10-17"},{"lineNumber":8,"author":{"gitId":"Cazh1"},"content":"import java.util.ArrayList;","lastModifiedDate":"2023-10-17"},{"lineNumber":9,"author":{"gitId":"Cazh1"},"content":"","lastModifiedDate":"2023-10-17"},{"lineNumber":10,"author":{"gitId":"Cazh1"},"content":"class ListMenuCommandTest {","lastModifiedDate":"2023-10-16"},{"lineNumber":11,"author":{"gitId":"Cazh1"},"content":"    @Test","lastModifiedDate":"2023-10-17"},{"lineNumber":12,"author":{"gitId":"Cazh1"},"content":"    public static void execute_expectTwoDishes() {","lastModifiedDate":"2023-10-17"},{"lineNumber":13,"author":{"gitId":"Cazh1"},"content":"        ArrayList\u003cDish\u003e menuItems \u003d new ArrayList\u003c\u003e();","lastModifiedDate":"2023-10-17"},{"lineNumber":14,"author":{"gitId":"Cazh1"},"content":"        menuItems.add(new Dish(\"Chicken Rice\", 2.50F));","lastModifiedDate":"2023-10-17"},{"lineNumber":15,"author":{"gitId":"Cazh1"},"content":"        menuItems.add(new Dish(\"Chicken Curry\", 4.30F));","lastModifiedDate":"2023-10-17"},{"lineNumber":16,"author":{"gitId":"Cazh1"},"content":"        Menu menu \u003d new Menu(menuItems);","lastModifiedDate":"2023-10-17"},{"lineNumber":17,"author":{"gitId":"Cazh1"},"content":"","lastModifiedDate":"2023-10-16"},{"lineNumber":18,"author":{"gitId":"Cazh1"},"content":"        Command listMenuCommand \u003d new ListMenuCommand();","lastModifiedDate":"2023-10-17"},{"lineNumber":19,"author":{"gitId":"Cazh1"},"content":"        listMenuCommand.execute(menu, new Ui());","lastModifiedDate":"2023-10-17"},{"lineNumber":20,"author":{"gitId":"Cazh1"},"content":"    }","lastModifiedDate":"2023-10-17"},{"lineNumber":21,"author":{"gitId":"Cazh1"},"content":"}","lastModifiedDate":"2023-10-16"}],"authorContributionMap":{"DextheChik3n":4,"Cazh1":17}},{"path":"src/test/java/seedu/cafectrl/data/MenuTest.java","fileType":"test-code","lines":[{"lineNumber":1,"author":{"gitId":"DextheChik3n"},"content":"package seedu.cafectrl.data;","lastModifiedDate":"2023-10-17"},{"lineNumber":2,"author":{"gitId":"ziyi105"},"content":"","lastModifiedDate":"2023-10-15"},{"lineNumber":3,"author":{"gitId":"ziyi105"},"content":"//import static org.junit.jupiter.api.Assertions.*;","lastModifiedDate":"2023-10-15"},{"lineNumber":4,"author":{"gitId":"ziyi105"},"content":"","lastModifiedDate":"2023-10-15"},{"lineNumber":5,"author":{"gitId":"ziyi105"},"content":"class MenuTest {","lastModifiedDate":"2023-10-15"},{"lineNumber":6,"author":{"gitId":"ziyi105"},"content":"","lastModifiedDate":"2023-10-15"},{"lineNumber":7,"author":{"gitId":"ziyi105"},"content":"}","lastModifiedDate":"2023-10-15"}],"authorContributionMap":{"DextheChik3n":1,"ziyi105":6}},{"path":"src/test/java/seedu/cafectrl/data/dish/DishTest.java","fileType":"test-code","lines":[{"lineNumber":1,"author":{"gitId":"DextheChik3n"},"content":"package seedu.cafectrl.data.dish;","lastModifiedDate":"2023-10-17"},{"lineNumber":2,"author":{"gitId":"ziyi105"},"content":"","lastModifiedDate":"2023-10-15"},{"lineNumber":3,"author":{"gitId":"ziyi105"},"content":"//import static org.junit.jupiter.api.Assertions.*;","lastModifiedDate":"2023-10-15"},{"lineNumber":4,"author":{"gitId":"ziyi105"},"content":"","lastModifiedDate":"2023-10-15"},{"lineNumber":5,"author":{"gitId":"ziyi105"},"content":"class DishTest {","lastModifiedDate":"2023-10-15"},{"lineNumber":6,"author":{"gitId":"ziyi105"},"content":"","lastModifiedDate":"2023-10-15"},{"lineNumber":7,"author":{"gitId":"ziyi105"},"content":"}","lastModifiedDate":"2023-10-15"}],"authorContributionMap":{"DextheChik3n":1,"ziyi105":6}},{"path":"src/test/java/seedu/cafectrl/data/dish/IngredientTest.java","fileType":"test-code","lines":[{"lineNumber":1,"author":{"gitId":"DextheChik3n"},"content":"package seedu.cafectrl.data.dish;","lastModifiedDate":"2023-10-17"},{"lineNumber":2,"author":{"gitId":"ziyi105"},"content":"","lastModifiedDate":"2023-10-15"},{"lineNumber":3,"author":{"gitId":"ziyi105"},"content":"//import static org.junit.jupiter.api.Assertions.*;","lastModifiedDate":"2023-10-15"},{"lineNumber":4,"author":{"gitId":"ziyi105"},"content":"","lastModifiedDate":"2023-10-15"},{"lineNumber":5,"author":{"gitId":"ziyi105"},"content":"class IngredientTest {","lastModifiedDate":"2023-10-15"},{"lineNumber":6,"author":{"gitId":"ziyi105"},"content":"","lastModifiedDate":"2023-10-15"},{"lineNumber":7,"author":{"gitId":"ziyi105"},"content":"}","lastModifiedDate":"2023-10-15"}],"authorContributionMap":{"DextheChik3n":1,"ziyi105":6}},{"path":"src/test/java/seedu/cafectrl/parser/ParserTest.java","fileType":"test-code","lines":[{"lineNumber":1,"author":{"gitId":"DextheChik3n"},"content":"package seedu.cafectrl.parser;","lastModifiedDate":"2023-10-17"},{"lineNumber":2,"author":{"gitId":"ziyi105"},"content":"","lastModifiedDate":"2023-10-14"},{"lineNumber":3,"author":{"gitId":"ziyi105"},"content":"/**","lastModifiedDate":"2023-10-15"},{"lineNumber":4,"author":{"gitId":"ziyi105"},"content":" * Junit test for Parser.java","lastModifiedDate":"2023-10-15"},{"lineNumber":5,"author":{"gitId":"ziyi105"},"content":" */","lastModifiedDate":"2023-10-15"},{"lineNumber":6,"author":{"gitId":"ziyi105"},"content":"class ParserTest {","lastModifiedDate":"2023-10-14"},{"lineNumber":7,"author":{"gitId":"ziyi105"},"content":"","lastModifiedDate":"2023-10-14"},{"lineNumber":8,"author":{"gitId":"ziyi105"},"content":"}","lastModifiedDate":"2023-10-14"}],"authorContributionMap":{"DextheChik3n":1,"ziyi105":7}}]
