{"authorDailyContributionsMap":{"NaychiMin":[{"date":"2023-10-05","commitResults":[{"hash":"094363dc81635ad0658ac71e4eb02ca05a61c993","isMergeCommit":false,"messageTitle":"Edit about us with updated information.","messageBody":"","fileTypesAndContributionMap":{"docs":{"insertions":5,"deletions":5}}},{"hash":"568bed8b462e7fa328b1459b8cb2430513f0186c","isMergeCommit":true,"messageTitle":"Merge pull request #1 from NaychiMin/master","messageBody":"Edit about us with updated information.","fileTypesAndContributionMap":{}}]}],"DextheChik3n":[{"date":"2023-10-05","commitResults":[{"hash":"21a60988c0892050292fffd82c8fb54d749500d8","isMergeCommit":false,"messageTitle":"Add information in AboutUs.md","messageBody":"","fileTypesAndContributionMap":{"docs":{"insertions":7,"deletions":7}}},{"hash":"b5fd7b2190cecf65805f1bbb30e667ef2c1292b2","isMergeCommit":true,"messageTitle":"Merge branch \u0027master\u0027 into master","messageBody":"","fileTypesAndContributionMap":{}},{"hash":"d76839232f9c1431f4caf8f5cfb25e385855dfa3","isMergeCommit":true,"messageTitle":"Merge pull request #3 from DextheChik3n/master","messageBody":"Add information in AboutUs.md","fileTypesAndContributionMap":{}},{"hash":"dbf0d943a9c8571848d9a7b298faf23652a8c899","isMergeCommit":true,"messageTitle":"Merge pull request #5 from Cazh1/master","messageBody":"Update AboutUs.md","fileTypesAndContributionMap":{}}]}],"Cazh1":[{"date":"2023-10-05","commitResults":[{"hash":"070155ed53e9e987a79208ac10c5a7942c4cf353","isMergeCommit":false,"messageTitle":"Update AboutUs.md","messageBody":"","fileTypesAndContributionMap":{"docs":{"insertions":7,"deletions":7}}},{"hash":"723d6d3ec5d4432d2631550b9b22baf980699341","isMergeCommit":true,"messageTitle":"Merge branch \u0027master\u0027 into master","messageBody":"","fileTypesAndContributionMap":{}}]}],"ziyi105":[{"date":"2023-10-05","commitResults":[{"hash":"ce55b55eeedfddf78b8dcd41a589ab3097fc943f","isMergeCommit":false,"messageTitle":"Update AboutUs.md with Ziyi\u0027s name and github","messageBody":"","fileTypesAndContributionMap":{"docs":{"insertions":7,"deletions":7}}},{"hash":"0a4dab6d434c8f1fce06a3b938c558a2f24cba82","isMergeCommit":true,"messageTitle":"Merge branch \u0027master\u0027 into master","messageBody":"","fileTypesAndContributionMap":{}},{"hash":"9ac70fde66fd83d921866a9b4555dd6d59d78e7c","isMergeCommit":true,"messageTitle":"Merge pull request #4 from ziyi105/master","messageBody":"Update AboutUs.md with Ziyi\u0027s name and github","fileTypesAndContributionMap":{}},{"hash":"db3be0d4dbc95092f2a772ee485cf24139f4a960","isMergeCommit":false,"messageTitle":"Update Ziyi\u0027s photo on AboutUs.md","messageBody":"","fileTypesAndContributionMap":{"docs":{"insertions":1,"deletions":1}}},{"hash":"4c760d59203dc1a28a8eb86763ea3e80f6a71ff2","isMergeCommit":true,"messageTitle":"Merge pull request #6 from ziyi105/master","messageBody":"Update Ziyi\u0027s photo on AboutUs.md","fileTypesAndContributionMap":{}}]}],"ShaniceTang":[{"date":"2023-10-05","commitResults":[{"hash":"88288a4ee312a4a3906c0c7f8ecad9003abaf8fa","isMergeCommit":false,"messageTitle":"Update AboutUs.md","messageBody":"","fileTypesAndContributionMap":{"docs":{"insertions":7,"deletions":7}}},{"hash":"cea95da46d699ef3d7182ed840e860be204a6270","isMergeCommit":true,"messageTitle":"Merge branch \u0027master\u0027 into master","messageBody":"","fileTypesAndContributionMap":{}},{"hash":"6b3c432ddb95359f5c4f9dee044cba3b53dc4b62","isMergeCommit":true,"messageTitle":"Merge pull request #2 from ShaniceTang/master","messageBody":"Update AboutUs.md","fileTypesAndContributionMap":{}}]}]},"authorFileTypeContributionMap":{"NaychiMin":{"docs":1,"functional-code":0,"test-code":0},"DextheChik3n":{"docs":1,"functional-code":0,"test-code":0},"Cazh1":{"docs":1,"functional-code":0,"test-code":0},"ziyi105":{"docs":1,"functional-code":0,"test-code":0},"ShaniceTang":{"docs":2,"functional-code":0,"test-code":0}},"authorContributionVariance":{"NaychiMin":6.6326528,"DextheChik3n":13.0,"Cazh1":13.0,"ziyi105":16.979591,"ShaniceTang":13.0},"authorDisplayNameMap":{"NaychiMin":"CS2113-T17-2 SAUN.. MIN","DextheChik3n":"CS2113-T17-2 DEXT..G EN","Cazh1":"CS2113-T17-2 CHUA..HENG","ziyi105":"CS2113-T17-2 NG Z..I YI","ShaniceTang":"CS2113-T17-2 TANG..NICE"}}
