{"authorDailyContributionsMap":{"NaychiMin":[{"date":"2023-10-05","commitResults":[{"hash":"094363dc81635ad0658ac71e4eb02ca05a61c993","isMergeCommit":false,"messageTitle":"Edit about us with updated information.","messageBody":"","fileTypesAndContributionMap":{"docs":{"insertions":5,"deletions":5}}},{"hash":"568bed8b462e7fa328b1459b8cb2430513f0186c","isMergeCommit":true,"messageTitle":"Merge pull request #1 from NaychiMin/master","messageBody":"Edit about us with updated information.","fileTypesAndContributionMap":{}}]},{"date":"2023-10-15","commitResults":[{"hash":"78321f89bd358320aec6190b2e1f57bceec9b61b","isMergeCommit":false,"messageTitle":"Add Ui class for user input handling and UserOutput enum for user messages. Fixes #9","messageBody":"","fileTypesAndContributionMap":{"functional-code":{"insertions":54,"deletions":0}}},{"hash":"47e208e3c20a79c10f0f4c9fe082b7db52170725","isMergeCommit":false,"messageTitle":"Remove showError() function from Ui class.","messageBody":"","fileTypesAndContributionMap":{"functional-code":{"insertions":1,"deletions":15}}}]},{"date":"2023-10-17","commitResults":[{"hash":"b1c8b3917bf5d9a2969b2dfcc85a77ed902bb5ab","isMergeCommit":false,"messageTitle":"Add list ingredient command.","messageBody":"#Fixes 20\n","fileTypesAndContributionMap":{"functional-code":{"insertions":25,"deletions":1}}},{"hash":"3208c1e12e18a4730c187ef788f95e8c69b477f5","isMergeCommit":true,"messageTitle":"Merge branch \u0027master\u0027 into 20-UI-to-list-ingredients-v1.0","messageBody":"# Conflicts:\n#\tsrc/main/java/seedu/duke/data/Menu.java\n#\tsrc/main/java/seedu/duke/data/dish/Dish.java\n#\tsrc/main/java/seedu/duke/ui/Ui.java\n\n#Fixes 20\n","fileTypesAndContributionMap":{}},{"hash":"9f31ada3ba8e663dce87e230896db30dc424a8c9","isMergeCommit":true,"messageTitle":"Merge branch \u0027master\u0027 into 20-UI-to-list-ingredients-v1.0","messageBody":"","fileTypesAndContributionMap":{}},{"hash":"2c367e72327872d4a83ee33f677e2e977129ad7a","isMergeCommit":true,"messageTitle":"Merge branch \u0027master\u0027 into 20-UI-to-list-ingredients-v1.0","messageBody":"","fileTypesAndContributionMap":{}},{"hash":"517bdf262e8a206ffde596e42f4ce95e17ea3d1f","isMergeCommit":false,"messageTitle":"Implement parsing for listing ingredients and necessary error handling.","messageBody":"Fixes #23\n","fileTypesAndContributionMap":{"functional-code":{"insertions":31,"deletions":29}}},{"hash":"06da5aa5369ab28d0ad2880c2f68094700fb5cbe","isMergeCommit":false,"messageTitle":"Remove unused imports from Ui class and ListIngredientCommand class.","messageBody":"Fixes #23\n","fileTypesAndContributionMap":{"functional-code":{"insertions":0,"deletions":2}}},{"hash":"ea5dbbd520baf2c7ae4b0e34f21a81b974e40961","isMergeCommit":false,"messageTitle":"Improve coding standard.","messageBody":"Fixes #23\n","fileTypesAndContributionMap":{"functional-code":{"insertions":1,"deletions":1}}},{"hash":"d23e91b4260bd6d3677ece51eb74663a1655b266","isMergeCommit":true,"messageTitle":"Merge branch \u0027master\u0027 into 23-parser-for-list-ingredients-v1.0","messageBody":"","fileTypesAndContributionMap":{}}]},{"date":"2023-10-18","commitResults":[{"hash":"2fb7143c3608035bd2598e54e161afa8f31bac17","isMergeCommit":false,"messageTitle":"Add Junit test for list ingredient command.","messageBody":"Fixes #56\n","fileTypesAndContributionMap":{"functional-code":{"insertions":8,"deletions":6},"test-code":{"insertions":51,"deletions":0}}},{"hash":"06cc5ab4bd4bc12cd600dff0a5e02fb9342cec43","isMergeCommit":true,"messageTitle":"Merge branch \u0027master\u0027 into 56-Junit-test-for-list-ingredient.v1.0","messageBody":"","fileTypesAndContributionMap":{}},{"hash":"7a6a61058cc79064a530c3f47ddd22ce55efd919","isMergeCommit":false,"messageTitle":"Rename imported packages in ListIngredientCommandTest.java into the new refactored format.","messageBody":"Fixes #56\n","fileTypesAndContributionMap":{"functional-code":{"insertions":3,"deletions":3},"test-code":{"insertions":4,"deletions":4}}},{"hash":"421167b78f8a3be9664ab6d40146164793398dc6","isMergeCommit":false,"messageTitle":"Improve coding standard.","messageBody":"Fixes #56\n","fileTypesAndContributionMap":{"test-code":{"insertions":15,"deletions":7}}},{"hash":"37824dd4fbe3a1a7651fa68e34755eedfb2d726d","isMergeCommit":false,"messageTitle":"Update parsing of List Ingredients command.","messageBody":"Fixes #15\n","fileTypesAndContributionMap":{"functional-code":{"insertions":20,"deletions":12}}},{"hash":"f3cc35239cedc9d46cb877ebe130fd7b47d1627d","isMergeCommit":false,"messageTitle":"Implement JUnit test for parsing list ingredients command.","messageBody":"Fixes #15\n","fileTypesAndContributionMap":{"functional-code":{"insertions":5,"deletions":5},"test-code":{"insertions":74,"deletions":0}}},{"hash":"6e09c0cac22f46b9e55ad711e96d793d38302f99","isMergeCommit":true,"messageTitle":"Merge branch \u0027master\u0027 into 23-parser-for-list-ingredients-v1.0","messageBody":"# Conflicts:\n#\tsrc/test/java/seedu/cafectrl/parser/ParserTest.java\n","fileTypesAndContributionMap":{}},{"hash":"5b7fa6298201506cb8947488d2bcfd94d02210a6","isMergeCommit":false,"messageTitle":"Improve coding standard using line wrapping.","messageBody":"","fileTypesAndContributionMap":{"functional-code":{"insertions":2,"deletions":1}}}]},{"date":"2023-10-22","commitResults":[{"hash":"df0be27f0abb658365f85c686e483b4b7af8d9d9","isMergeCommit":false,"messageTitle":"Implement stock checking of ingredients in Pantry class","messageBody":"-Include decreasing of stock ingredients after processing each other\n-Include checking of low stock ingredients\n\nFixes #92, Fixes #93\n","fileTypesAndContributionMap":{"functional-code":{"insertions":210,"deletions":1}}}]},{"date":"2023-10-23","commitResults":[{"hash":"213b1b2b789cc2f00849b4b688d15f10b472c10d","isMergeCommit":true,"messageTitle":"Merge branch \u0027master\u0027 into implement-low-stock","messageBody":"","fileTypesAndContributionMap":{}},{"hash":"0ff4fad54b828cc704c117102d1cdb11485e5480","isMergeCommit":true,"messageTitle":"Merge branch \u0027master\u0027 into implement-low-stock","messageBody":"","fileTypesAndContributionMap":{}}]},{"date":"2023-10-24","commitResults":[{"hash":"88235e7b9833aeaf0080fb2678cb6b8bb3e925f8","isMergeCommit":false,"messageTitle":"Refactor code to abstract print functions to UI class.","messageBody":"Fixes #92, Fixes #93\n","fileTypesAndContributionMap":{"functional-code":{"insertions":33,"deletions":42}}},{"hash":"b4d466fdd3ba96e2124e5e5c3bcaca1d675002a4","isMergeCommit":false,"messageTitle":"Improve code quality by refactoring methods.","messageBody":"Fixes #92, Fixes #93\n","fileTypesAndContributionMap":{"functional-code":{"insertions":9,"deletions":9}}},{"hash":"8df78067116251bb7f174b3d18dec6c8d841f187","isMergeCommit":true,"messageTitle":"Merge branch \u0027master\u0027 into implement-low-stock","messageBody":"# Conflicts:\n#\tsrc/main/java/seedu/cafectrl/data/Pantry.java\n#\tsrc/main/java/seedu/cafectrl/data/dish/Ingredient.java\n\nFixes #92, Fixes #93\n","fileTypesAndContributionMap":{}},{"hash":"21b07cd22ff5826632905428a7efd3b451deac44","isMergeCommit":false,"messageTitle":"Edit existing constructor parameter of Pantry class.","messageBody":"Fixes #92, Fixes #93\n","fileTypesAndContributionMap":{"functional-code":{"insertions":2,"deletions":2},"test-code":{"insertions":14,"deletions":13}}}]},{"date":"2023-10-25","commitResults":[{"hash":"e35f79c510e4b5dafb173826092913cee9b6a317","isMergeCommit":false,"messageTitle":"Refactor the folder structure of \u0027docs\u0027 to include \u0027umldiagrams\u0027 and \u0027umlimages\u0027","messageBody":"Fixes #115\n","fileTypesAndContributionMap":{"docs":{"insertions":39,"deletions":39}}},{"hash":"c2620fa2f944bf5b72b246298470574441ed4e89","isMergeCommit":false,"messageTitle":"Create a .puml file capturing the sequence diagram for the List Ingredient Command.","messageBody":"Fixes #115\n","fileTypesAndContributionMap":{"docs":{"insertions":41,"deletions":0}}},{"hash":"1544ec1119cac3beacacea949d8a734073c1c499","isMergeCommit":false,"messageTitle":"Edit developer guide to include the list ingredient command function.","messageBody":"Fixes #115\n","fileTypesAndContributionMap":{"docs":{"insertions":25,"deletions":4}}}]}],"DextheChik3n":[{"date":"2023-10-05","commitResults":[{"hash":"21a60988c0892050292fffd82c8fb54d749500d8","isMergeCommit":false,"messageTitle":"Add information in AboutUs.md","messageBody":"","fileTypesAndContributionMap":{"docs":{"insertions":7,"deletions":7}}},{"hash":"b5fd7b2190cecf65805f1bbb30e667ef2c1292b2","isMergeCommit":true,"messageTitle":"Merge branch \u0027master\u0027 into master","messageBody":"","fileTypesAndContributionMap":{}},{"hash":"d76839232f9c1431f4caf8f5cfb25e385855dfa3","isMergeCommit":true,"messageTitle":"Merge pull request #3 from DextheChik3n/master","messageBody":"Add information in AboutUs.md","fileTypesAndContributionMap":{}},{"hash":"dbf0d943a9c8571848d9a7b298faf23652a8c899","isMergeCommit":true,"messageTitle":"Merge pull request #5 from Cazh1/master","messageBody":"Update AboutUs.md","fileTypesAndContributionMap":{}}]},{"date":"2023-10-15","commitResults":[{"hash":"ff19f057cf581945a4cd59e390d9be62bfc7fcc2","isMergeCommit":true,"messageTitle":"Merge pull request #34 from ziyi105/31-create-common-classes-v0.1","messageBody":"Task 31 Create Menu.java, Dish.java, Ingredient.java","fileTypesAndContributionMap":{}},{"hash":"d89e31068e0e0da1879bc5598aeb4ead9e960ab6","isMergeCommit":true,"messageTitle":"Merge pull request #32 from ziyi105/8-12-create-parser-class-v0.1","messageBody":"Task 8, 12 Create parser class and parser test class","fileTypesAndContributionMap":{}},{"hash":"04bdcc795e4402fb53826282d1623dad29c321d5","isMergeCommit":true,"messageTitle":"Merge pull request #35 from ziyi105/8-12-create-parser-class-v0.1","messageBody":"PR Review: add javadoc to the ParserTest class","fileTypesAndContributionMap":{}},{"hash":"2d1e435914a8d7a18891a5e9562d272c5b202d53","isMergeCommit":true,"messageTitle":"Merge pull request #37 from ShaniceTang/27-create-UiTest-class-v0.1","messageBody":"Issue #27, Add JUnit Test for UI class","fileTypesAndContributionMap":{}},{"hash":"3ca63034d0c9587550244e0ca3ac1fce710fbf7a","isMergeCommit":true,"messageTitle":"Merge pull request #36 from NaychiMin/9-create-UI-class-v0.1","messageBody":"Task 9, Create Ui class and UserOutput enum.","fileTypesAndContributionMap":{}}]},{"date":"2023-10-16","commitResults":[{"hash":"19e37bdc77938ff179bc7bcc3ddd59592394dc2e","isMergeCommit":true,"messageTitle":"Merge pull request #39 from Cazh1/master","messageBody":"10-create-command-class-v0.1 ","fileTypesAndContributionMap":{}},{"hash":"8e4fb479ae61dfc19385dee50a5acffe9072dd7d","isMergeCommit":false,"messageTitle":"Add commonly used methods","messageBody":"","fileTypesAndContributionMap":{"functional-code":{"insertions":42,"deletions":0}}},{"hash":"f97b53934e0c8778b06897e07499db1182d9365f","isMergeCommit":false,"messageTitle":"Add getters for Ingredient class","messageBody":"","fileTypesAndContributionMap":{"functional-code":{"insertions":8,"deletions":0}}}]},{"date":"2023-10-17","commitResults":[{"hash":"0d23d416e38c44e837ef3925d0862cca5e201e3e","isMergeCommit":true,"messageTitle":"Merge pull request #45 from ShaniceTang/21-implement-delete-ui","messageBody":"Issue 21, Implement Ui message for deleting a menu item","fileTypesAndContributionMap":{}},{"hash":"74f4f4d8f197fab8035bc1e7a855ccbd426dfc11","isMergeCommit":false,"messageTitle":"Implement add dish feature","messageBody":"","fileTypesAndContributionMap":{"functional-code":{"insertions":43,"deletions":7}}},{"hash":"f5824da1df3a9f3402190010e915feb380ebdbd0","isMergeCommit":true,"messageTitle":"Merge branch \u0027master\u0027 into 43-add-items-v1.0","messageBody":"","fileTypesAndContributionMap":{}},{"hash":"13d502c1c6a51e25c60748c110433973e7e72f6e","isMergeCommit":true,"messageTitle":"Merge pull request #47 from NaychiMin/20-UI-to-list-ingredients-v1.0","messageBody":"20 UI to list ingredients v1.0","fileTypesAndContributionMap":{}},{"hash":"69b789b05598d52130d17ad17ceeec896c42ef5e","isMergeCommit":false,"messageTitle":"Add testing for add dish command","messageBody":"Fixes #48\n","fileTypesAndContributionMap":{"test-code":{"insertions":24,"deletions":0}}},{"hash":"ca9212eada5e9bc6b5c18f161cb2a8983ccc3a35","isMergeCommit":false,"messageTitle":"Edit comment","messageBody":"","fileTypesAndContributionMap":{"test-code":{"insertions":2,"deletions":1}}},{"hash":"eed8da07c304064b6e444c35e284ab8e0c393455","isMergeCommit":false,"messageTitle":"Update code based on gradle coding standard","messageBody":"","fileTypesAndContributionMap":{"test-code":{"insertions":2,"deletions":2}}},{"hash":"0667ad8410478761765952e3186d0c5e5cc33356","isMergeCommit":true,"messageTitle":"Merge pull request #49 from Cazh1/#16-View-Menu-Items","messageBody":"#16 view menu items","fileTypesAndContributionMap":{}},{"hash":"c5043aaeea97d5ad78353eaf80389098f3e1f210","isMergeCommit":true,"messageTitle":"Merge pull request #50 from Cazh1/#19-Implement-Parser-Support","messageBody":"#19 implement parser support","fileTypesAndContributionMap":{}},{"hash":"eb16e2ca4bf8e39022a0ec75a64f2e3beab45774","isMergeCommit":true,"messageTitle":"Merge pull request #53 from ShaniceTang/22-implement-delete-feature","messageBody":"Task 22, Implement parser support for deleting a dish","fileTypesAndContributionMap":{}},{"hash":"a60c6f8075c9bac64b07d31815539843eb994d77","isMergeCommit":true,"messageTitle":"Merge pull request #54 from NaychiMin/23-parser-for-list-ingredients-v1.0","messageBody":"Task 23, Implement parsing support for listing ingredients .","fileTypesAndContributionMap":{}},{"hash":"2df1928e48276841f508f61e5cd0349ca6fe6df3","isMergeCommit":true,"messageTitle":"Merge pull request #51 from ziyi105/use-pattern-and-matcher-in-parser","messageBody":"Use pattern and matcher in parser","fileTypesAndContributionMap":{}},{"hash":"59eef0cdf11d0ea66d95fb251b957f33a24b201f","isMergeCommit":false,"messageTitle":"Renamed main class to CafeCtrl","messageBody":"","fileTypesAndContributionMap":{"functional-code":{"insertions":0,"deletions":19},"other":{"insertions":64,"deletions":56},"test-code":{"insertions":10,"deletions":10}}},{"hash":"08b6d3757647c4100510c3f57df4a3423980a755","isMergeCommit":false,"messageTitle":"Edit main function to start CafeCtrl application","messageBody":"","fileTypesAndContributionMap":{"functional-code":{"insertions":48,"deletions":7}}},{"hash":"557ea9cc49cdf6bce167d8bba7f828c9bb35dfea","isMergeCommit":false,"messageTitle":"Add JavaDoc to appropriate methods","messageBody":"","fileTypesAndContributionMap":{"functional-code":{"insertions":10,"deletions":1}}},{"hash":"a84615c4ad6c93f020b83e1cb92e6717d84e77ae","isMergeCommit":true,"messageTitle":"Merge branch \u0027master\u0027 into 38-edit-main-class-v1.0","messageBody":"# Conflicts:\n#\tsrc/main/java/seedu/cafectrl/parser/Parser.java\n","fileTypesAndContributionMap":{}},{"hash":"87ceea9d298f8b648ed7219c550f363a2685ec60","isMergeCommit":false,"messageTitle":"Edit code to change displayed text","messageBody":"","fileTypesAndContributionMap":{"functional-code":{"insertions":4,"deletions":4}}},{"hash":"d96a43c56516085e4f47d119e887509154d76318","isMergeCommit":false,"messageTitle":"Remove unused import statement","messageBody":"","fileTypesAndContributionMap":{"functional-code":{"insertions":0,"deletions":1}}},{"hash":"ef8dd90e355a925a8d75c9a7ef0fd3e55e4efa46","isMergeCommit":false,"messageTitle":"Edit accessibility, add Javadoc and edit to resolve coding standards","messageBody":"","fileTypesAndContributionMap":{"functional-code":{"insertions":8,"deletions":3}}},{"hash":"6da928e074d832fb7ec5d798d84fe03a2dfd4b3c","isMergeCommit":false,"messageTitle":"Edit code for exiting loop logic","messageBody":"","fileTypesAndContributionMap":{"functional-code":{"insertions":21,"deletions":1}}},{"hash":"597bd744aa3a8af3f037200da66ec4124e067311","isMergeCommit":false,"messageTitle":"Edit code to follow coding standards","messageBody":"","fileTypesAndContributionMap":{"functional-code":{"insertions":3,"deletions":3}}}]},{"date":"2023-10-18","commitResults":[{"hash":"5cbc5ff9fbc6f1cd8e2f45f9254dad5522fe73b6","isMergeCommit":true,"messageTitle":"Merge pull request #61 from ziyi105/master","messageBody":"Sync my master ","fileTypesAndContributionMap":{}},{"hash":"c5cd369348c670f00cee3d1057e691e82af5d924","isMergeCommit":true,"messageTitle":"Merge pull request #64 from ziyi105/ziyi105-11-feature-edit-price-v1.0","messageBody":"11 feature edit price v1.0","fileTypesAndContributionMap":{}},{"hash":"cd65ca12b9a4aa2d948b592690f25f2f23c10502","isMergeCommit":false,"messageTitle":"Create parsing logic for add command","messageBody":"","fileTypesAndContributionMap":{"functional-code":{"insertions":33,"deletions":26}}},{"hash":"662573be694dfbb3b724a75cb1523a54ed7d65be","isMergeCommit":false,"messageTitle":"Refactor prepareAdd method","messageBody":"","fileTypesAndContributionMap":{"functional-code":{"insertions":34,"deletions":24}}},{"hash":"1efc60f9586f0d30b7825876730b0b655c88eeb7","isMergeCommit":false,"messageTitle":"Edit error messages for add dish parsing","messageBody":"","fileTypesAndContributionMap":{"functional-code":{"insertions":12,"deletions":3}}},{"hash":"a91ce9760719dd42f2a4f04b5945d19194e15e02","isMergeCommit":false,"messageTitle":"Remove magic numbers in prepareAdd method","messageBody":"","fileTypesAndContributionMap":{"functional-code":{"insertions":6,"deletions":3}}},{"hash":"b288c8a7fe69918fc91bbaeaeacb7b0e4a3d3e22","isMergeCommit":false,"messageTitle":"Edit printAddDishMessage method to display price in 2 decimal place","messageBody":"","fileTypesAndContributionMap":{"functional-code":{"insertions":5,"deletions":2}}},{"hash":"46d545187e45a75040194e17f555938a00c0531a","isMergeCommit":true,"messageTitle":"Merge branch \u0027master\u0027 into 24-parser-add-dish-v1.0","messageBody":"# Conflicts:\n#\tsrc/main/java/seedu/cafectrl/parser/Parser.java\n","fileTypesAndContributionMap":{}},{"hash":"bafeabf2525e5166b1ab60cb4f14a6fc7566bf58","isMergeCommit":false,"messageTitle":"Resolve checkstyle errors","messageBody":"","fileTypesAndContributionMap":{"functional-code":{"insertions":13,"deletions":9}}},{"hash":"dc474694da89328e8858e7a6d0dbd9e3acecd725","isMergeCommit":false,"messageTitle":"Fix regex for checking command format","messageBody":"","fileTypesAndContributionMap":{"functional-code":{"insertions":1,"deletions":1}}},{"hash":"b2cdb4b7ed5c7a53f4c94a59976d9cb9b210fa5f","isMergeCommit":true,"messageTitle":"Merge branch \u0027master\u0027 into 48-add-junit-add-dish-command-class-v1.0","messageBody":"# Conflicts:\n#\tsrc/test/java/seedu/duke/command/AddDishCommandTest.java\n","fileTypesAndContributionMap":{}},{"hash":"fa8ef0342b58f18674f264f4ccf62ba1c191089e","isMergeCommit":true,"messageTitle":"Merge pull request #68 from ziyi105/65-junit-test-edit_price","messageBody":"65 junit test edit price","fileTypesAndContributionMap":{}},{"hash":"4d15f13e7ddfa5613ca9aeead0a522e7ca345d7d","isMergeCommit":false,"messageTitle":"Migrate code to the proper file to account for refactoring","messageBody":"","fileTypesAndContributionMap":{"test-code":{"insertions":25,"deletions":31}}},{"hash":"21f12ca05d6c12e1ebf594b645ee414aa463f867","isMergeCommit":false,"messageTitle":"Rename assertion test class","messageBody":"","fileTypesAndContributionMap":{"test-code":{"insertions":1,"deletions":1}}},{"hash":"39a749dfb863c53632cfc7fe43940e78ffcbaa36","isMergeCommit":true,"messageTitle":"Merge pull request #71 from NaychiMin/23-parser-for-list-ingredients-v1.0","messageBody":"Task 15 Fulfill user story: As a cafe owner, I want to list the ingredients needed for each dish on the menu","fileTypesAndContributionMap":{}},{"hash":"edf80a2a80eecbec3210162b4005895920dc697f","isMergeCommit":true,"messageTitle":"Merge pull request #70 from Cazh1/master","messageBody":"Update ListMenuCommand JUnit assertion use","fileTypesAndContributionMap":{}},{"hash":"293c66243dde702314e4b2f53db72f638f5a773b","isMergeCommit":false,"messageTitle":"Added JUnit Tests for add dish command parsing","messageBody":"","fileTypesAndContributionMap":{"test-code":{"insertions":35,"deletions":0}}},{"hash":"a1c50f66393dc01a4e45c75e9ef33fb975305ec7","isMergeCommit":true,"messageTitle":"Merge branch \u0027master\u0027 into 67-junit-test-for-add-dish-v1.0","messageBody":"","fileTypesAndContributionMap":{}},{"hash":"41cb964a10164e5c327493bac64d1bb053d05657","isMergeCommit":false,"messageTitle":"Update ParserTest.java to resolve checkstyle bug","messageBody":"","fileTypesAndContributionMap":{"test-code":{"insertions":0,"deletions":1}}},{"hash":"1b21699f299353403aff2b6e37e077e604e675cf","isMergeCommit":true,"messageTitle":"Merge pull request #75 from ShaniceTang/22-implement-delete-feature","messageBody":"Task 17, Implement delete feature","fileTypesAndContributionMap":{}},{"hash":"c694c066583b13ef900278baa32b1df645b43fd6","isMergeCommit":false,"messageTitle":"Edit add dish parsing code to prevent negative price input","messageBody":"","fileTypesAndContributionMap":{"functional-code":{"insertions":13,"deletions":0}}},{"hash":"d1fa8a2f18fd567e65f8e22359f333e35cda5099","isMergeCommit":false,"messageTitle":"Edit code to solve checkstyle issues","messageBody":"","fileTypesAndContributionMap":{"functional-code":{"insertions":6,"deletions":6}}}]},{"date":"2023-10-22","commitResults":[{"hash":"bf777c46f6b1718b5e939b83e6b6d710b37ff8ff","isMergeCommit":false,"messageTitle":"build.gradle: Enable assertions","messageBody":"","fileTypesAndContributionMap":{"other":{"insertions":1,"deletions":0}}}]},{"date":"2023-10-23","commitResults":[{"hash":"dd09c3f9be85aa42430c94212437518ea9d53ebe","isMergeCommit":true,"messageTitle":"Merge pull request #98 from ziyi105/73-implement-help-command","messageBody":"73 implement help command","fileTypesAndContributionMap":{}},{"hash":"d4e717104a76ff44bd25aa1ead7a97fb824f026c","isMergeCommit":false,"messageTitle":"Change exception handling for prepareAdd logic","messageBody":"","fileTypesAndContributionMap":{"functional-code":{"insertions":16,"deletions":25}}},{"hash":"baf4a1b83f4c0c988a4cd37d3c8feece84a3e541","isMergeCommit":false,"messageTitle":"Change error messages and minor change to AddDishCommand class","messageBody":"","fileTypesAndContributionMap":{"functional-code":{"insertions":6,"deletions":7}}},{"hash":"c0666d970edad17702f9fdaa56d9297c274b0c67","isMergeCommit":true,"messageTitle":"Merge branch \u0027master\u0027 into 102-add-dish-exception-handling-v1.1","messageBody":"","fileTypesAndContributionMap":{}},{"hash":"d2c657d8b35474fa8ab79ecdaca5159baf2c2aac","isMergeCommit":false,"messageTitle":"Change ingredientParsing function","messageBody":"","fileTypesAndContributionMap":{"functional-code":{"insertions":5,"deletions":5}}},{"hash":"49f5b540ecf1e3ef0ee405221278dc12bbf19b74","isMergeCommit":false,"messageTitle":"Add Javadoc comments","messageBody":"","fileTypesAndContributionMap":{"functional-code":{"insertions":15,"deletions":1}}}]},{"date":"2023-10-24","commitResults":[{"hash":"50624791c21f56e1f453f446afce153456266da2","isMergeCommit":false,"messageTitle":"Change parsing logic to read ml or g units for ingredient qty","messageBody":"","fileTypesAndContributionMap":{"functional-code":{"insertions":17,"deletions":15}}},{"hash":"f6a34539b291986a3439ae429844b5a016c7b88a","isMergeCommit":true,"messageTitle":"Merge pull request #108 from Cazh1/#107-Change-Command-Class-execute-method","messageBody":"#107 change command class execute method","fileTypesAndContributionMap":{}},{"hash":"f4dbba3497804b4ceec6a5b68c8fe324ec9e249f","isMergeCommit":false,"messageTitle":"Revert \"#107 change command class execute method\"","messageBody":"","fileTypesAndContributionMap":{"functional-code":{"insertions":85,"deletions":334},"test-code":{"insertions":42,"deletions":56}}},{"hash":"bc4b74ad8633b1d37f27b508c78e99918be6a35f","isMergeCommit":true,"messageTitle":"Merge remote-tracking branch \u0027upstream/master\u0027 into 100-format-read-ingredient-unit-v1.2","messageBody":"","fileTypesAndContributionMap":{}},{"hash":"e66b7355da6b48050d48947d30973317235d1891","isMergeCommit":true,"messageTitle":"Merge pull request #109 from AY2324S1-CS2113-T17-2/revert-108-#107-Change-Command-Class-execute-method","messageBody":"Revert \"#107 change command class execute method\"","fileTypesAndContributionMap":{}},{"hash":"763688f9316bb15ceebec3e5fe7c9747055d46ce","isMergeCommit":true,"messageTitle":"Merge branch \u0027master\u0027 into 100-format-read-ingredient-unit-v1.2","messageBody":"","fileTypesAndContributionMap":{}},{"hash":"fcebfff0e3f01ae40591acf89499f89160cec509","isMergeCommit":true,"messageTitle":"Merge pull request #105 from Cazh1/#84-Implement-UI-support-for-Order-class","messageBody":"#84 implement UI support for order class","fileTypesAndContributionMap":{}},{"hash":"463b45b58762eb58809172419a4d88849bc163c7","isMergeCommit":true,"messageTitle":"Merge branch \u0027master\u0027 into 100-format-read-ingredient-unit-v1.2","messageBody":"# Conflicts:\n#\tsrc/main/java/seedu/cafectrl/parser/Parser.java\n","fileTypesAndContributionMap":{}}]},{"date":"2023-10-25","commitResults":[{"hash":"868d299a491cff787a4543c64d3d95fc51d85716","isMergeCommit":false,"messageTitle":"Edit parsing logic to divide ingredient qty into name and unit","messageBody":"","fileTypesAndContributionMap":{"functional-code":{"insertions":2,"deletions":3}}},{"hash":"06d4c57a5100fa38963ba199a057f693adb61f69","isMergeCommit":false,"messageTitle":"Rename variables and regex for clarity","messageBody":"","fileTypesAndContributionMap":{"functional-code":{"insertions":10,"deletions":10}}},{"hash":"c726c8364e1b7d52b5f508d0519eb117b1d48a23","isMergeCommit":false,"messageTitle":"Fix BuyIngredient parsing logic to use updated regex","messageBody":"","fileTypesAndContributionMap":{"functional-code":{"insertions":6,"deletions":6}}},{"hash":"3c40f6dcb8cb7f2ffbb1a5b6195eb0455f63d575","isMergeCommit":false,"messageTitle":"Edit the AddDish parsing error handling and JavaDoc comments","messageBody":"","fileTypesAndContributionMap":{"functional-code":{"insertions":2,"deletions":10}}},{"hash":"5fe0bb191e6c4fb60de7be71cd53d223fa0000e5","isMergeCommit":false,"messageTitle":"Change all definition statements to private","messageBody":"","fileTypesAndContributionMap":{"functional-code":{"insertions":14,"deletions":16}}},{"hash":"4955e587557a0acf43b478b0c020f21a22ece253","isMergeCommit":false,"messageTitle":"Update test cases for addDish command","messageBody":"","fileTypesAndContributionMap":{"test-code":{"insertions":4,"deletions":4}}},{"hash":"2eaf137b2222ceb165ec7b2bfd4eb37da13f9ba4","isMergeCommit":true,"messageTitle":"Merge pull request #110 from Cazh1/#107-Change-Command-Class-execute-method","messageBody":"#107 Change Command class execute method","fileTypesAndContributionMap":{}},{"hash":"3c0a0355135e6759f50ef5084bebd5b24cb20f53","isMergeCommit":true,"messageTitle":"Merge branch \u0027master\u0027 into 100-format-read-ingredient-unit-v1.2","messageBody":"","fileTypesAndContributionMap":{}},{"hash":"7c914b24d70c3ee96323c1c59993858be531c15d","isMergeCommit":true,"messageTitle":"Merge pull request #114 from DextheChik3n/100-format-read-ingredient-unit-v1.2","messageBody":"100 format read ingredient unit v1.2","fileTypesAndContributionMap":{}},{"hash":"18c5dc331f026ecb2eab6c20363b82479c68cf4e","isMergeCommit":false,"messageTitle":"Create sequence diagram for AddDish command","messageBody":"","fileTypesAndContributionMap":{"docs":{"insertions":28,"deletions":0}}},{"hash":"2d7ab89f7011b388dbb57e217907d7a4b94de9a2","isMergeCommit":true,"messageTitle":"Merge pull request #119 from ShaniceTang/118-improve-buyIngredient","messageBody":"Task 118, Improve buyIngredient command to accept multiple ingredients","fileTypesAndContributionMap":{}},{"hash":"f279fd2394c61d0c4d1f7691fd30a874786c4795","isMergeCommit":false,"messageTitle":"Refactor printAddDishMessage method","messageBody":"","fileTypesAndContributionMap":{"functional-code":{"insertions":3,"deletions":13}}},{"hash":"8d41e0641a730c2a758054408f4ca018c6c2924e","isMergeCommit":true,"messageTitle":"Merge branch \u0027master\u0027 into 123-refactor-add-dish-v1.2","messageBody":"","fileTypesAndContributionMap":{}},{"hash":"4948df6bbc47975cf084a3d5bd6b17b248b196ef","isMergeCommit":false,"messageTitle":"Fix addDishCommand parsing","messageBody":"","fileTypesAndContributionMap":{"functional-code":{"insertions":1,"deletions":1}}},{"hash":"63d0a366759628ad0a96443a3f9c6f02e367df11","isMergeCommit":true,"messageTitle":"Merge branch \u0027master\u0027 into 117-DG-add-dish","messageBody":"","fileTypesAndContributionMap":{}},{"hash":"0fbeaaf0766307cf02d5a53018a33d366879f89a","isMergeCommit":false,"messageTitle":"Create sequence diagram for addDish command","messageBody":"","fileTypesAndContributionMap":{"docs":{"insertions":13,"deletions":5}}},{"hash":"2095e06b8466275844050c3ec1069e49ebc29159","isMergeCommit":false,"messageTitle":"Update developer guide to explain the implementation of addDish command","messageBody":"","fileTypesAndContributionMap":{"docs":{"insertions":11,"deletions":1}}},{"hash":"c1f95056eb4c57270099003ecdc7a8cc69d27b31","isMergeCommit":true,"messageTitle":"Merge branch \u0027master\u0027 into 117-DG-add-dish","messageBody":"","fileTypesAndContributionMap":{}},{"hash":"da87ea78a13f050c5faeb6b76910706d2d1cac45","isMergeCommit":true,"messageTitle":"Merge pull request #126 from ShaniceTang/120-create-deleteDish-uml","messageBody":"Task 120, Update DG for delete dish command","fileTypesAndContributionMap":{}},{"hash":"0549edae1c207ee9cc03b766e7f63fa271494fd2","isMergeCommit":true,"messageTitle":"Merge pull request #127 from NaychiMin/115_DG_for_list_ingredients","messageBody":"Task 115, Edit developer guide for List Ingredient command.","fileTypesAndContributionMap":{}},{"hash":"200d0c4f4cc2132f8d9ded86cdc48f99b9b43da5","isMergeCommit":true,"messageTitle":"Merge branch \u0027master\u0027 into 117-DG-add-dish","messageBody":"","fileTypesAndContributionMap":{}}]},{"date":"2023-10-26","commitResults":[{"hash":"702daf244d44f64fc0b9eeecf2da38c4d93d1904","isMergeCommit":true,"messageTitle":"Merge pull request #129 from Cazh1/128-Update-DG-for-list_menu-feature","messageBody":"Update DG for list_menu feature","fileTypesAndContributionMap":{}}]},{"date":"2023-10-27","commitResults":[{"hash":"4aaf45365970c0b45c780d93e1e264be6efd9244","isMergeCommit":false,"messageTitle":"Create Storage parent class","messageBody":"","fileTypesAndContributionMap":{"functional-code":{"insertions":115,"deletions":0}}},{"hash":"af3570530ca7557025e99fae83b08db3e7b11a62","isMergeCommit":false,"messageTitle":"Create error handling for file and folder saving","messageBody":"","fileTypesAndContributionMap":{"functional-code":{"insertions":20,"deletions":3}}},{"hash":"e0b1c99d944481e3a58b5b1f4207fcbba3b59c84","isMergeCommit":false,"messageTitle":"Create menu storage class","messageBody":"","fileTypesAndContributionMap":{"functional-code":{"insertions":69,"deletions":0}}},{"hash":"2f6306dd6846b8b2807c885bf87befa86b392904","isMergeCommit":false,"messageTitle":"Edit main to do foundational text storage functionality for Menu","messageBody":"","fileTypesAndContributionMap":{"functional-code":{"insertions":26,"deletions":4}}},{"hash":"d7d1074b7d442c5d7dbaea6dd44467fcd185b8ba","isMergeCommit":false,"messageTitle":"Edit messages for storage feature","messageBody":"","fileTypesAndContributionMap":{"functional-code":{"insertions":3,"deletions":1}}},{"hash":"81762ce619200d8623de91be574608098c69839f","isMergeCommit":false,"messageTitle":"Change messages for opening text file logic","messageBody":"","fileTypesAndContributionMap":{"functional-code":{"insertions":4,"deletions":4}}},{"hash":"4c8803d8490b01f1ff9b333ac4823702002d556b","isMergeCommit":false,"messageTitle":"Edit add dish parsing logic to accept whitespaces","messageBody":"","fileTypesAndContributionMap":{"functional-code":{"insertions":13,"deletions":19}}},{"hash":"857b9a8c177620f73a4a81fe8bba331c1acbb1f4","isMergeCommit":false,"messageTitle":"Refactor AddDish command logic","messageBody":"","fileTypesAndContributionMap":{"functional-code":{"insertions":21,"deletions":12}}},{"hash":"cdf7ad077e707a50c7bdd6cacf43dfb8456c7b7a","isMergeCommit":false,"messageTitle":"Add more JUnit Tests with respect to bug fix","messageBody":"","fileTypesAndContributionMap":{"test-code":{"insertions":153,"deletions":9}}},{"hash":"e48aecff8ac3a85fc076d7637d6e3127e79b18e1","isMergeCommit":false,"messageTitle":"Add author tags","messageBody":"","fileTypesAndContributionMap":{"functional-code":{"insertions":3,"deletions":2},"test-code":{"insertions":2,"deletions":1}}},{"hash":"7eb0cbed400121c284dd9b92a7f766fa77d46615","isMergeCommit":false,"messageTitle":"Refactor to satisfy coding standards","messageBody":"","fileTypesAndContributionMap":{"functional-code":{"insertions":0,"deletions":2},"test-code":{"insertions":1,"deletions":1}}}]},{"date":"2023-10-28","commitResults":[{"hash":"a5919cc3adf1c086294058972a795b8b9a565829","isMergeCommit":false,"messageTitle":"Edit user input command regex","messageBody":"","fileTypesAndContributionMap":{"functional-code":{"insertions":3,"deletions":3}}},{"hash":"8146494321ad74edd59983b438548e9badf2db06","isMergeCommit":false,"messageTitle":"Add author tags","messageBody":"","fileTypesAndContributionMap":{"functional-code":{"insertions":10,"deletions":6}}},{"hash":"07c0d58b8b3e124407c1d012f819b4dee545708a","isMergeCommit":true,"messageTitle":"Merge branch \u0027master\u0027 into 138-fix-add-dish-command-bugs-v2.0","messageBody":"# Conflicts:\n#\tsrc/main/java/seedu/cafectrl/parser/Parser.java\n#\tsrc/main/java/seedu/cafectrl/ui/Ui.java\n","fileTypesAndContributionMap":{}}]}],"Cazh1":[{"date":"2023-10-05","commitResults":[{"hash":"070155ed53e9e987a79208ac10c5a7942c4cf353","isMergeCommit":false,"messageTitle":"Update AboutUs.md","messageBody":"","fileTypesAndContributionMap":{"docs":{"insertions":7,"deletions":7}}},{"hash":"723d6d3ec5d4432d2631550b9b22baf980699341","isMergeCommit":true,"messageTitle":"Merge branch \u0027master\u0027 into master","messageBody":"","fileTypesAndContributionMap":{}}]},{"date":"2023-10-16","commitResults":[{"hash":"7c37a72bf95a8e73203623e2f7bba0d31d980da2","isMergeCommit":false,"messageTitle":"Add Command class","messageBody":"Fixes #10\n","fileTypesAndContributionMap":{"functional-code":{"insertions":47,"deletions":0},"test-code":{"insertions":28,"deletions":0}}},{"hash":"41a9cdcf458fc3a5c3263d6a38a86dcd2df4bf24","isMergeCommit":false,"messageTitle":"Update DeleteCommand.java documentation","messageBody":"","fileTypesAndContributionMap":{"functional-code":{"insertions":1,"deletions":1}}},{"hash":"d97572fd5728f2ca25a88738e0051ea5e7eb8ad0","isMergeCommit":false,"messageTitle":"Update class names to be more specific","messageBody":"","fileTypesAndContributionMap":{"functional-code":{"insertions":39,"deletions":11},"other":{"insertions":2,"deletions":2},"test-code":{"insertions":20,"deletions":23}}},{"hash":"eb08e382fa90c0fb9bdf8e71b309f20284cd98ad","isMergeCommit":false,"messageTitle":"Add newline at end of test files","messageBody":"","fileTypesAndContributionMap":{"test-code":{"insertions":5,"deletions":5}}},{"hash":"3c06e5aa4557a25d90dda38e1a41ae36ca9e6e10","isMergeCommit":false,"messageTitle":"Update execute method  in Command class","messageBody":"","fileTypesAndContributionMap":{"functional-code":{"insertions":24,"deletions":6}}},{"hash":"07a56ed80238819e5d1923bc0495342718d6cc60","isMergeCommit":false,"messageTitle":"Update Command class to include index attribute","messageBody":"","fileTypesAndContributionMap":{"functional-code":{"insertions":11,"deletions":1}}},{"hash":"0571dea28a7a323f5ea3157b5b11efc77a16ad9d","isMergeCommit":false,"messageTitle":"Update ListMenuCommand.java for spacing issue","messageBody":"","fileTypesAndContributionMap":{"functional-code":{"insertions":2,"deletions":2}}},{"hash":"67f65e2b750751127920b80b45d162c28849b99f","isMergeCommit":false,"messageTitle":"Update Menu.java methods","messageBody":"","fileTypesAndContributionMap":{"functional-code":{"insertions":14,"deletions":1}}},{"hash":"dd7c6f2d40a3ed811a03e75cc2af2322965eb214","isMergeCommit":true,"messageTitle":"Merge remote-tracking branch \u0027upstream/master\u0027 into #16-View-Menu-Items","messageBody":"","fileTypesAndContributionMap":{}},{"hash":"43905d03b1a0e1e6f237519feb227e5c606d0e3d","isMergeCommit":true,"messageTitle":"Merge remote-tracking branch \u0027upstream/master\u0027 into #16-View-Menu-Items","messageBody":"","fileTypesAndContributionMap":{}}]},{"date":"2023-10-17","commitResults":[{"hash":"188ec8e7c0cd4b376b7ab20baa1b24b4b3a9fce0","isMergeCommit":false,"messageTitle":"Update ListMenuCommand.java function","messageBody":"Fixes #16\n","fileTypesAndContributionMap":{"functional-code":{"insertions":17,"deletions":4}}},{"hash":"960269b67e4aa999773ea1f4dbc28795c369f061","isMergeCommit":false,"messageTitle":"Implement UI support for ListMenu","messageBody":"Fixes #18\n","fileTypesAndContributionMap":{"functional-code":{"insertions":2,"deletions":1}}},{"hash":"ad6b223efae6bf4be468bf1ad7cbeb772c58d774","isMergeCommit":false,"messageTitle":"Implement Junit for ListCommand.java","messageBody":"","fileTypesAndContributionMap":{"functional-code":{"insertions":5,"deletions":0},"test-code":{"insertions":16,"deletions":0}}},{"hash":"ac4e57130e2e050f03f1ccd7411de2e88ee69082","isMergeCommit":false,"messageTitle":"Update ListMenuCommand.java","messageBody":"","fileTypesAndContributionMap":{"functional-code":{"insertions":12,"deletions":0}}},{"hash":"00a910fc686c6c00e94650e0d5916547bc5e5ad9","isMergeCommit":true,"messageTitle":"Merge branch \u0027master\u0027 into #16-View-Menu-Items","messageBody":"","fileTypesAndContributionMap":{}},{"hash":"f6297af60c900eefedcceacecce2d08c15276341","isMergeCommit":false,"messageTitle":"Update ListMenuCommandTest.java","messageBody":"","fileTypesAndContributionMap":{"test-code":{"insertions":1,"deletions":1}}},{"hash":"2856c5f60c980e91be95c745fedd8c9e8ddd6e31","isMergeCommit":false,"messageTitle":"Implement Parser Class","messageBody":"","fileTypesAndContributionMap":{"functional-code":{"insertions":136,"deletions":10}}},{"hash":"0d2d717f903269c31c1ca662023c8ce76f91caa6","isMergeCommit":true,"messageTitle":"Merge branch \u0027#16-View-Menu-Items\u0027 of https://github.com/Cazh1/tp into #16-View-Menu-Items","messageBody":"","fileTypesAndContributionMap":{}},{"hash":"b561971875675cd6dbafb42d37fd06e4bf2c8ddf","isMergeCommit":false,"messageTitle":"Implement Parser Class","messageBody":"","fileTypesAndContributionMap":{"functional-code":{"insertions":0,"deletions":1}}},{"hash":"9ce30642e1d1acc79672f3dcf830307d7482cf42","isMergeCommit":false,"messageTitle":"Update Parser.java","messageBody":"","fileTypesAndContributionMap":{"functional-code":{"insertions":2,"deletions":1}}},{"hash":"d9714d689f822fffe73a376d3954546775ceaa7d","isMergeCommit":false,"messageTitle":"Update code in reference to Gradle","messageBody":"","fileTypesAndContributionMap":{"functional-code":{"insertions":20,"deletions":20}}},{"hash":"71629404bad7b6184f37a4cff09948061ab74dda","isMergeCommit":false,"messageTitle":"Update ListMenuCommandTest.java","messageBody":"","fileTypesAndContributionMap":{"test-code":{"insertions":3,"deletions":3}}},{"hash":"ec3ad41cac129fdce30e4415477e1dded5257571","isMergeCommit":false,"messageTitle":"Update Duke.java","messageBody":"","fileTypesAndContributionMap":{"functional-code":{"insertions":11,"deletions":29}}},{"hash":"108544c2ee7ab0add14e4add818cec3bd9833423","isMergeCommit":false,"messageTitle":"Update code with regards to Gradle","messageBody":"","fileTypesAndContributionMap":{"functional-code":{"insertions":29,"deletions":47},"test-code":{"insertions":3,"deletions":3}}},{"hash":"dcb4058fbb404099fe3a75a755d95dccb55511a5","isMergeCommit":true,"messageTitle":"Merge branch \u0027master\u0027 into #19-Implement-Parser-Support","messageBody":"","fileTypesAndContributionMap":{}},{"hash":"5f5820c74f52b67d4286d5eb18c96c705fb71c52","isMergeCommit":true,"messageTitle":"Merge remote-tracking branch \u0027upstream/master\u0027","messageBody":"","fileTypesAndContributionMap":{}},{"hash":"017b36204c1a5a2dfcec158d84a28b4c8f9bfd0d","isMergeCommit":true,"messageTitle":"Merge remote-tracking branch \u0027upstream/master\u0027","messageBody":"","fileTypesAndContributionMap":{}},{"hash":"31be1a09cca6f201e27ca77b56b7b58c660e54fb","isMergeCommit":false,"messageTitle":"Update JUnit to include assertion","messageBody":"","fileTypesAndContributionMap":{"test-code":{"insertions":4,"deletions":1}}},{"hash":"0bfb9deb1c64b443917db9cf43fd1941db44c731","isMergeCommit":false,"messageTitle":"Update Parser to support ListMenuCommand","messageBody":"","fileTypesAndContributionMap":{"functional-code":{"insertions":1,"deletions":2}}},{"hash":"2374d2890158c0441811d369ecfb121d1c23bc25","isMergeCommit":false,"messageTitle":"Update JUnit test case name to comply with standards","messageBody":"","fileTypesAndContributionMap":{"test-code":{"insertions":1,"deletions":1}}}]},{"date":"2023-10-18","commitResults":[{"hash":"aa96baada7a5530ba329e33200dc264f6b09434e","isMergeCommit":false,"messageTitle":"Update code to remove use of Magic String","messageBody":"","fileTypesAndContributionMap":{"functional-code":{"insertions":5,"deletions":6}}},{"hash":"4d0cc8da2c44626b3abdc3baaac5f28f183e57bc","isMergeCommit":false,"messageTitle":"Update JUnit assertion use","messageBody":"","fileTypesAndContributionMap":{"functional-code":{"insertions":1,"deletions":1},"test-code":{"insertions":27,"deletions":1}}},{"hash":"0956546fb4a59b7037ad7a3e659dc894f97ef3dc","isMergeCommit":false,"messageTitle":"Update ListMenuCommandTest.java","messageBody":"","fileTypesAndContributionMap":{"test-code":{"insertions":4,"deletions":4}}},{"hash":"e43dffdab7af41343dd985321360c9d9547d0ff3","isMergeCommit":false,"messageTitle":"Update MenuList appearance","messageBody":"","fileTypesAndContributionMap":{"functional-code":{"insertions":19,"deletions":2},"test-code":{"insertions":4,"deletions":4}}}]},{"date":"2023-10-19","commitResults":[{"hash":"b18deabd054b19780e3d5cc6eac3fe1e541643d1","isMergeCommit":false,"messageTitle":"Update code to comply Gradle","messageBody":"","fileTypesAndContributionMap":{"functional-code":{"insertions":2,"deletions":1}}}]},{"date":"2023-10-22","commitResults":[{"hash":"b1aac1c4b0473c620dcb918ceb878ab12757384a","isMergeCommit":false,"messageTitle":"Add method for empty menu","messageBody":"","fileTypesAndContributionMap":{"functional-code":{"insertions":14,"deletions":2}}},{"hash":"69168a3d641267d405a4019bcbade582689e8d5f","isMergeCommit":false,"messageTitle":"Update code to comply with Gradle","messageBody":"","fileTypesAndContributionMap":{"functional-code":{"insertions":2,"deletions":1}}},{"hash":"927b64d77278cb15a7b0f986d7719a29bb655771","isMergeCommit":false,"messageTitle":"Update JUnit for ListMenu","messageBody":"","fileTypesAndContributionMap":{"test-code":{"insertions":18,"deletions":8}}},{"hash":"c2c3c5c523442a2120fd42ec4c0403a3c32892d5","isMergeCommit":true,"messageTitle":"Merge branch \u0027master\u0027 into Edit-List_Menu-appearance","messageBody":"","fileTypesAndContributionMap":{}},{"hash":"fffd1c462fa1ec1f8c4f210824670563c458d26e","isMergeCommit":true,"messageTitle":"Merge branch \u0027master\u0027 into Edit-List_Menu-appearance","messageBody":"","fileTypesAndContributionMap":{}},{"hash":"65510e0cc0896dd9dbb314673257289143d76e40","isMergeCommit":false,"messageTitle":"Update ListMenu to use Messages.java","messageBody":"","fileTypesAndContributionMap":{"functional-code":{"insertions":6,"deletions":1}}},{"hash":"bf9bd2b8a6eb33b17431bede88dc2a51f58c49c1","isMergeCommit":false,"messageTitle":"Add Order Class","messageBody":"","fileTypesAndContributionMap":{"functional-code":{"insertions":38,"deletions":0}}}]},{"date":"2023-10-23","commitResults":[{"hash":"6d2ba2ce36b19daf8b6baf44842569ee9ec923a8","isMergeCommit":false,"messageTitle":"Add parser support for Order","messageBody":"","fileTypesAndContributionMap":{"functional-code":{"insertions":140,"deletions":0}}},{"hash":"999da2ca70324fe354af44f98cc2ae9e7ced7169","isMergeCommit":false,"messageTitle":"Add toString() in Order.java","messageBody":"","fileTypesAndContributionMap":{"functional-code":{"insertions":6,"deletions":0}}},{"hash":"28b5c10ffbd796984f446a32ede19d8e69f7f173","isMergeCommit":true,"messageTitle":"Merge branch \u0027#82-Create-Order-Class\u0027 into #86-Implement-Parser-support","messageBody":"","fileTypesAndContributionMap":{}},{"hash":"ce93be786fd23cac0983576e9654e2976dca38e8","isMergeCommit":false,"messageTitle":"Update Messages with UI support for Order","messageBody":"","fileTypesAndContributionMap":{"functional-code":{"insertions":4,"deletions":2}}},{"hash":"277d6b480ea0d5ac28fd0572edfbdec3194bf2d6","isMergeCommit":true,"messageTitle":"Merge branch \u0027#84-Implement-UI-support-for-Order-class\u0027 into #86-Implement-Parser-support","messageBody":"","fileTypesAndContributionMap":{}},{"hash":"cabad889ab555b6563a97a75e0075e5911d512ea","isMergeCommit":false,"messageTitle":"Create OrderList.java","messageBody":"","fileTypesAndContributionMap":{"functional-code":{"insertions":29,"deletions":0}}},{"hash":"9741101389b74a91575214cfd166abff8b62a3a3","isMergeCommit":false,"messageTitle":"Update code to comply with Gradle","messageBody":"","fileTypesAndContributionMap":{"functional-code":{"insertions":5,"deletions":5}}},{"hash":"c184350348434e9d36140d1010ef592d6f98e4d2","isMergeCommit":false,"messageTitle":"Add JavaDoc for Order in Parser","messageBody":"","fileTypesAndContributionMap":{"functional-code":{"insertions":29,"deletions":44}}},{"hash":"5032b6d32f31a70c2ffd8d85f6c01c4e9f7ea5a1","isMergeCommit":true,"messageTitle":"Merge branch \u0027master\u0027 into #86-Implement-Parser-support","messageBody":"","fileTypesAndContributionMap":{}},{"hash":"974c5c0d82e8a75ac4fe1e985f5eb03bc49923d1","isMergeCommit":false,"messageTitle":"Update ListMenu Code quality","messageBody":"","fileTypesAndContributionMap":{"functional-code":{"insertions":1,"deletions":1}}}]},{"date":"2023-10-24","commitResults":[{"hash":"5d2c79ac86b449d58c9ee372a58864601722bcb3","isMergeCommit":true,"messageTitle":"Merge branch \u0027master\u0027 into #86-Implement-Parser-support","messageBody":"","fileTypesAndContributionMap":{}},{"hash":"bfa0891e46c52dcfb3c301d159915bc0d5fcfaf7","isMergeCommit":false,"messageTitle":"Create Chef class","messageBody":"","fileTypesAndContributionMap":{"functional-code":{"insertions":23,"deletions":0}}},{"hash":"a35e40f8136d9c95a5ec2e100a5e930cfc86c5a5","isMergeCommit":false,"messageTitle":"Update AddOrderCommand to use Chef","messageBody":"","fileTypesAndContributionMap":{"functional-code":{"insertions":8,"deletions":11}}},{"hash":"b22019ca7fff561c382049fc14d97e3174b353a0","isMergeCommit":false,"messageTitle":"Update Order class code quality","messageBody":"","fileTypesAndContributionMap":{"functional-code":{"insertions":4,"deletions":15}}},{"hash":"affdce44fc86bf9850ec750265f3c3a5e337c750","isMergeCommit":false,"messageTitle":"Update Parser.java","messageBody":"","fileTypesAndContributionMap":{"functional-code":{"insertions":3,"deletions":2}}},{"hash":"a32a17b831d014945885eacea84b3b14e41c587a","isMergeCommit":true,"messageTitle":"Merge branch \u0027master\u0027 into #84-Implement-UI-support-for-Order-class","messageBody":"","fileTypesAndContributionMap":{}},{"hash":"05a92d6223524f43e6e233ea103bd4c4742442dc","isMergeCommit":false,"messageTitle":"Update code to comply with gradle","messageBody":"","fileTypesAndContributionMap":{"functional-code":{"insertions":0,"deletions":2}}},{"hash":"70f16480d5975e0778f245142b7b2819e97a9849","isMergeCommit":false,"messageTitle":"Update Chef class to use Ui","messageBody":"","fileTypesAndContributionMap":{"functional-code":{"insertions":7,"deletions":4}}},{"hash":"29da53f5b545c4b0ce50154ee2b0dd676b8e8b13","isMergeCommit":false,"messageTitle":"Update code to alter execute method","messageBody":"","fileTypesAndContributionMap":{"functional-code":{"insertions":127,"deletions":94},"test-code":{"insertions":56,"deletions":42}}},{"hash":"9977e9dbef1cb6980d68e58c14a5fd40a843a711","isMergeCommit":false,"messageTitle":"Update Chef.java","messageBody":"","fileTypesAndContributionMap":{"functional-code":{"insertions":11,"deletions":3}}},{"hash":"4e383c745f760820f608f5509bff260a73a88718","isMergeCommit":false,"messageTitle":"Update code with regards to review","messageBody":"","fileTypesAndContributionMap":{"functional-code":{"insertions":64,"deletions":66},"test-code":{"insertions":1,"deletions":1}}},{"hash":"768f13442c347a6f40bd991777a4e0c2bdd06976","isMergeCommit":true,"messageTitle":"Merge branch \u0027master\u0027 into #86-Implement-Parser-support","messageBody":"","fileTypesAndContributionMap":{}},{"hash":"22eb421484549850d736ee67ec13c8c1a0de2688","isMergeCommit":false,"messageTitle":"Update Parser to resolve merge conflict","messageBody":"","fileTypesAndContributionMap":{"functional-code":{"insertions":6,"deletions":2}}},{"hash":"15c038f646a5c0fcec0477ea8cb18b0114c0adfb","isMergeCommit":false,"messageTitle":"Update code to resolve merge conlfict","messageBody":"","fileTypesAndContributionMap":{"functional-code":{"insertions":41,"deletions":6}}},{"hash":"9312315cae7e2625181586376372c22a480bb2b7","isMergeCommit":false,"messageTitle":"Update OrderList.java","messageBody":"","fileTypesAndContributionMap":{"functional-code":{"insertions":1,"deletions":1}}},{"hash":"ceff204fb713b24ead6620309da5c78f723c3a84","isMergeCommit":false,"messageTitle":"Add Parser support for OrderList","messageBody":"","fileTypesAndContributionMap":{"functional-code":{"insertions":12,"deletions":6},"test-code":{"insertions":27,"deletions":13}}},{"hash":"3e8c796c16b4712623dafe9873a59df8de4ba070","isMergeCommit":true,"messageTitle":"Merge branch \u0027master\u0027 into #107-Change-Command-Class-execute-method","messageBody":"","fileTypesAndContributionMap":{}},{"hash":"42cb0cbf4ee8df6366b64d35e2543834a136bc21","isMergeCommit":false,"messageTitle":"Update code to resolve conflict","messageBody":"","fileTypesAndContributionMap":{"functional-code":{"insertions":114,"deletions":90},"test-code":{"insertions":20,"deletions":29}}},{"hash":"f6a67ab891e824d91f90bed8ff5c232c6ad3a451","isMergeCommit":false,"messageTitle":"Update Ui support for Order","messageBody":"","fileTypesAndContributionMap":{"functional-code":{"insertions":6,"deletions":3}}},{"hash":"9f28786d5e63b99b79138746e32c8356b59d4c77","isMergeCommit":false,"messageTitle":"Update code to comply with Gradle","messageBody":"","fileTypesAndContributionMap":{"functional-code":{"insertions":2,"deletions":1}}},{"hash":"d9e8b98a6aa48f3c4d8ff72e80cae61a7f2f6b10","isMergeCommit":false,"messageTitle":"Update Ui support for Chef","messageBody":"","fileTypesAndContributionMap":{"functional-code":{"insertions":4,"deletions":2}}}]},{"date":"2023-10-26","commitResults":[{"hash":"c3f3597d326961fb2052c775c154fb67f8155481","isMergeCommit":false,"messageTitle":"Update DG for list_menu feature","messageBody":"Fixes #128\n","fileTypesAndContributionMap":{"docs":{"insertions":207,"deletions":0}}}]},{"date":"2023-10-27","commitResults":[{"hash":"79b51513fb2c6566b320cfc034f9d8652f5b30bd","isMergeCommit":false,"messageTitle":"Refactor ListMenu Command process","messageBody":"Fixes #130\n","fileTypesAndContributionMap":{"functional-code":{"insertions":68,"deletions":11}}},{"hash":"88340a9be72cd5c73c3c74676d60b742de979b9c","isMergeCommit":false,"messageTitle":"Update DG after refactor","messageBody":"","fileTypesAndContributionMap":{"docs":{"insertions":37,"deletions":38}}},{"hash":"6b4144af4e10585f41be34b845ccacd39a1aa90c","isMergeCommit":false,"messageTitle":"Refactor Order Class","messageBody":"Fixes #132\n","fileTypesAndContributionMap":{"functional-code":{"insertions":8,"deletions":7}}},{"hash":"abae31307b2929a857db60da6ec5ebac18ffab15","isMergeCommit":false,"messageTitle":"Update ListMenuCommand to comply with Gradle","messageBody":"","fileTypesAndContributionMap":{"functional-code":{"insertions":0,"deletions":1}}},{"hash":"4844849403ba995597fe64295b0ffd26474d6d07","isMergeCommit":false,"messageTitle":"Update JUnit for ListMenuCommand","messageBody":"","fileTypesAndContributionMap":{"test-code":{"insertions":25,"deletions":0}}},{"hash":"5b66a0bdb9d519577cf7a5ace93d9af934d4ceec","isMergeCommit":false,"messageTitle":"Update ListMenuCommandTest to comply Gradle","messageBody":"","fileTypesAndContributionMap":{"test-code":{"insertions":2,"deletions":1}}},{"hash":"029346035f6cdc1e41be5898afcea6452d0e1df2","isMergeCommit":false,"messageTitle":"Update DG after refactor","messageBody":"","fileTypesAndContributionMap":{"docs":{"insertions":4,"deletions":3}}},{"hash":"56566297c9b81e559daf5b81b9fd07198109801b","isMergeCommit":false,"messageTitle":"Implement JUnit for AddOrderCommand","messageBody":"","fileTypesAndContributionMap":{"functional-code":{"insertions":39,"deletions":1},"test-code":{"insertions":136,"deletions":0}}},{"hash":"d745b59046f0a41bbf4f55a27a6f6078d6c13c40","isMergeCommit":false,"messageTitle":"Update code to comply with Gradle","messageBody":"","fileTypesAndContributionMap":{"functional-code":{"insertions":1,"deletions":1},"test-code":{"insertions":8,"deletions":7}}},{"hash":"287d3f7f2d589db16f9b3026cd28661587e53b81","isMergeCommit":false,"messageTitle":"Update AddOrderCommandTest.java","messageBody":"","fileTypesAndContributionMap":{"test-code":{"insertions":4,"deletions":3}}},{"hash":"c5a094acfe56c03ef4a9962ffb0b88ae9359a3ba","isMergeCommit":false,"messageTitle":"Update AddOrderCommandTest.java","messageBody":"","fileTypesAndContributionMap":{"test-code":{"insertions":13,"deletions":1}}},{"hash":"32025f87af667fe81815c327984f6b4ce357822c","isMergeCommit":false,"messageTitle":"Update Pantry.java for AddOrderCommand JUnit","messageBody":"","fileTypesAndContributionMap":{"functional-code":{"insertions":1,"deletions":1}}},{"hash":"e7a9e42d83b1befbaadd915c827d487fa6bddbc0","isMergeCommit":false,"messageTitle":"Update ListMenuCommandTest with regards to review","messageBody":"","fileTypesAndContributionMap":{"test-code":{"insertions":8,"deletions":8}}}]}],"ziyi105":[{"date":"2023-10-05","commitResults":[{"hash":"ce55b55eeedfddf78b8dcd41a589ab3097fc943f","isMergeCommit":false,"messageTitle":"Update AboutUs.md with Ziyi\u0027s name and github","messageBody":"","fileTypesAndContributionMap":{"docs":{"insertions":7,"deletions":7}}},{"hash":"0a4dab6d434c8f1fce06a3b938c558a2f24cba82","isMergeCommit":true,"messageTitle":"Merge branch \u0027master\u0027 into master","messageBody":"","fileTypesAndContributionMap":{}},{"hash":"9ac70fde66fd83d921866a9b4555dd6d59d78e7c","isMergeCommit":true,"messageTitle":"Merge pull request #4 from ziyi105/master","messageBody":"Update AboutUs.md with Ziyi\u0027s name and github","fileTypesAndContributionMap":{}},{"hash":"db3be0d4dbc95092f2a772ee485cf24139f4a960","isMergeCommit":false,"messageTitle":"Update Ziyi\u0027s photo on AboutUs.md","messageBody":"","fileTypesAndContributionMap":{"docs":{"insertions":1,"deletions":1}}},{"hash":"4c760d59203dc1a28a8eb86763ea3e80f6a71ff2","isMergeCommit":true,"messageTitle":"Merge pull request #6 from ziyi105/master","messageBody":"Update Ziyi\u0027s photo on AboutUs.md","fileTypesAndContributionMap":{}}]},{"date":"2023-10-14","commitResults":[{"hash":"a58bed14f14de4d92994e46cc136783aba7fd4c3","isMergeCommit":false,"messageTitle":"Add Parser.java","messageBody":"fixes #8\n","fileTypesAndContributionMap":{"functional-code":{"insertions":9,"deletions":0}}},{"hash":"5ddffe229dba287cf4773bad97938c3b6659e9ef","isMergeCommit":false,"messageTitle":"Parser.java: move from package Parser to seedu.duke.parser","messageBody":"","fileTypesAndContributionMap":{"other":{"insertions":1,"deletions":1}}},{"hash":"b806594dfa85c2c71007f457c46139694b196274","isMergeCommit":false,"messageTitle":"Add ParserTest.java","messageBody":"fixes #12\n","fileTypesAndContributionMap":{"test-code":{"insertions":7,"deletions":0}}},{"hash":"74d345ea8d7fd35e7906b35ae7c5dea5124d0f2f","isMergeCommit":false,"messageTitle":"ParserTest.java: remove wild card import","messageBody":"","fileTypesAndContributionMap":{"test-code":{"insertions":0,"deletions":2}}}]},{"date":"2023-10-15","commitResults":[{"hash":"72f47e36ee6fc50c291c3ba56995c48ca4d7adec","isMergeCommit":false,"messageTitle":"ParserTest.java: add a new line at the end of the file","messageBody":"","fileTypesAndContributionMap":{"test-code":{"insertions":1,"deletions":1}}},{"hash":"ce21b499b97b8604e902d81c2ffc5d2e5e3dbda1","isMergeCommit":false,"messageTitle":"Add Menu.java, Dish.java, Ingredient.java and their test classes","messageBody":"","fileTypesAndContributionMap":{"functional-code":{"insertions":37,"deletions":0},"test-code":{"insertions":21,"deletions":0}}},{"hash":"6cd980d30ffc7269100b0e144deb704624108ba4","isMergeCommit":false,"messageTitle":"Add Menu.java","messageBody":"fixes 31\n","fileTypesAndContributionMap":{"functional-code":{"insertions":0,"deletions":13}}},{"hash":"9de4ee60d69353f1d1e32b5a60b5b27991d8219c","isMergeCommit":false,"messageTitle":"Revert \"Add Menu.java\"","messageBody":"This reverts commit 6cd980d30ffc7269100b0e144deb704624108ba4.\n","fileTypesAndContributionMap":{"functional-code":{"insertions":13,"deletions":0}}},{"hash":"79afe5da305b841bf11d7be35b464cbfc2ad8134","isMergeCommit":false,"messageTitle":"Dish.java: change price type double to float","messageBody":"","fileTypesAndContributionMap":{"functional-code":{"insertions":2,"deletions":2}}},{"hash":"e5534107d88a9f49f4eaa864f24622948c9dc773","isMergeCommit":false,"messageTitle":"ParserTest.java: add javadoc to the class","messageBody":"","fileTypesAndContributionMap":{"test-code":{"insertions":3,"deletions":0}}}]},{"date":"2023-10-16","commitResults":[{"hash":"2600dcb46108a997b4c7366401b3fd7bcb2b8e44","isMergeCommit":true,"messageTitle":"Merge pull request #42 from Cazh1/master","messageBody":"Update attributes and methods in Command class","fileTypesAndContributionMap":{}},{"hash":"bf1325d50b3a48da0fd72c5ab665f452d4d4f919","isMergeCommit":true,"messageTitle":"Merge pull request #44 from DextheChik3n/edit-classes-v1.0","messageBody":"Edit classes v1.0","fileTypesAndContributionMap":{}}]},{"date":"2023-10-17","commitResults":[{"hash":"f079f9950ec7a31a8ce26b0cf50c5a7507d3dd6f","isMergeCommit":false,"messageTitle":"Implement parseCommand() method according to AddressbookLevel2","messageBody":"","fileTypesAndContributionMap":{"functional-code":{"insertions":37,"deletions":0}}},{"hash":"0852e29a9ee8563ff84a34e75b5b0efd5b342e09","isMergeCommit":false,"messageTitle":"Implement ui support for edit price feature","messageBody":"fixes #14\n","fileTypesAndContributionMap":{"functional-code":{"insertions":5,"deletions":0}}},{"hash":"0dcf6106d09cef97c0c807f356e3a62be9043b33","isMergeCommit":false,"messageTitle":"Dish.java: add setter for price","messageBody":"","fileTypesAndContributionMap":{"functional-code":{"insertions":4,"deletions":0}}},{"hash":"b67df48ceadf6e7b7d4972f4ab094428396d9293","isMergeCommit":false,"messageTitle":"Create EditPriceCommand.java","messageBody":"","fileTypesAndContributionMap":{"functional-code":{"insertions":21,"deletions":0}}},{"hash":"db9131da26048c68ee531e9cf035c0a3045ffa72","isMergeCommit":true,"messageTitle":"Merge pull request #46 from DextheChik3n/43-add-items-v1.0","messageBody":"Implement add dish feature","fileTypesAndContributionMap":{}},{"hash":"c88d9091f99c7c1c13c815b1a926dec91d729117","isMergeCommit":false,"messageTitle":"Parser.java: add parserCommand() method and incomplete prepareEditPriceCommand()","messageBody":"","fileTypesAndContributionMap":{"functional-code":{"insertions":20,"deletions":0}}},{"hash":"38e05b78ff2369a7299c9de1a6c53cfa8560537d","isMergeCommit":false,"messageTitle":"Add constant COMMAND_WORD in executable command classes","messageBody":"","fileTypesAndContributionMap":{"functional-code":{"insertions":8,"deletions":0}}},{"hash":"2743a171159dc3e00cc9bf9134802df91516a91c","isMergeCommit":false,"messageTitle":"Declare COMMAND_ARGUMENT_STRING for compiling patterns","messageBody":"","fileTypesAndContributionMap":{"functional-code":{"insertions":11,"deletions":7}}},{"hash":"fc0ae7663b7c245853f11061b2d7d0531b378f6c","isMergeCommit":false,"messageTitle":"Implement parseCommand with pattern and matcher","messageBody":"","fileTypesAndContributionMap":{"functional-code":{"insertions":30,"deletions":2}}},{"hash":"87643e1fff76ea1ff58a72c59069501ea1ad8d5d","isMergeCommit":false,"messageTitle":"Parser.java: design the overall structure of different prepareCommands","messageBody":"","fileTypesAndContributionMap":{"functional-code":{"insertions":54,"deletions":10}}},{"hash":"687f3a97f09b7b76fdc37f1647fe310d852dbcaa","isMergeCommit":true,"messageTitle":"Merge branch \u0027master\u0027 into use-pattern-and-matcher-in-parser","messageBody":"","fileTypesAndContributionMap":{}},{"hash":"a4588d6428a667606b73729fc4d7b171b814bc0e","isMergeCommit":true,"messageTitle":"Merge branch \u0027master\u0027 into use-pattern-and-matcher-in-parser","messageBody":"","fileTypesAndContributionMap":{}},{"hash":"76f879d8556fefdcdd8426b7ce96f08e9661dcf8","isMergeCommit":false,"messageTitle":"Parser.java: remove argument when creating DeleteDishCommand and ListIngredientCommand","messageBody":"","fileTypesAndContributionMap":{"functional-code":{"insertions":2,"deletions":2}}},{"hash":"3166afc463ac1cf0c36a3c0f02025286408336a9","isMergeCommit":false,"messageTitle":"Parser.java: pass arguments to prepareListIngredient","messageBody":"","fileTypesAndContributionMap":{"functional-code":{"insertions":1,"deletions":1}}},{"hash":"4e07571336b93f76098b442a3b7818cc3de7638f","isMergeCommit":false,"messageTitle":"Update ListIngredientCommand.java with constructor that takes in listIndex","messageBody":"","fileTypesAndContributionMap":{"functional-code":{"insertions":4,"deletions":0}}},{"hash":"972c84e4f91f7e6184b2071370f7ce136e27da80","isMergeCommit":false,"messageTitle":"Update Parser.java with correct coding standard","messageBody":"","fileTypesAndContributionMap":{"functional-code":{"insertions":3,"deletions":3}}},{"hash":"17930caaedda6b70d54027eabb2b45b299f3429f","isMergeCommit":false,"messageTitle":"Parser.java: split ADD_COMMAND_ARGUMENTS correctly","messageBody":"","fileTypesAndContributionMap":{"functional-code":{"insertions":2,"deletions":2}}},{"hash":"2f877b3b7908caaa0fa8feec1de4bf94936aa508","isMergeCommit":false,"messageTitle":"Parser.java: update ADD_PATTERN to ADD_ARGUMENT_PATTERN","messageBody":"","fileTypesAndContributionMap":{"functional-code":{"insertions":1,"deletions":1}}},{"hash":"fe4ae667b55c28acbef1156b7576731def556694","isMergeCommit":false,"messageTitle":"Parser.java: correct indentation at line 129","messageBody":"","fileTypesAndContributionMap":{"functional-code":{"insertions":5,"deletions":5}}},{"hash":"306797c8dc6fbccf4d7d8ffd573f27301af152d7","isMergeCommit":true,"messageTitle":"Merge branch \u002711-feature-edit-price-v1.0\u0027","messageBody":"# Conflicts:\n#\tsrc/main/java/seedu/duke/parser/Parser.java\n","fileTypesAndContributionMap":{}},{"hash":"f9822a12af4e06828b3f5dcd72ba6019bfa22186","isMergeCommit":true,"messageTitle":"Merge pull request #57 from DextheChik3n/38-edit-main-class-v1.0","messageBody":"38 edit main class v1.0","fileTypesAndContributionMap":{}},{"hash":"3b01a433e7853ceea15ec017094e14628381c8f6","isMergeCommit":false,"messageTitle":"EditPriceCommand.java: update edit price to edit_price","messageBody":"","fileTypesAndContributionMap":{"functional-code":{"insertions":1,"deletions":1}}},{"hash":"20abc84278a6421e5be06493cdb0619b4103f6f4","isMergeCommit":false,"messageTitle":"Implement parser support for edit_price feature","messageBody":"fixes #13\n","fileTypesAndContributionMap":{"functional-code":{"insertions":28,"deletions":6}}},{"hash":"b7b6c987b205a69bc9bfda9bf6b6bb62604a065e","isMergeCommit":false,"messageTitle":"Dish.java: add toString method","messageBody":"","fileTypesAndContributionMap":{"functional-code":{"insertions":4,"deletions":0}}},{"hash":"e4a58f40bd283404e96d922aee5bbf1b9c0c7f1b","isMergeCommit":false,"messageTitle":"Ui.java: make showToUser and showEditPriceMessage static","messageBody":"","fileTypesAndContributionMap":{"functional-code":{"insertions":2,"deletions":2}}},{"hash":"d87ddca7b459be077d396635d101e07b267a5036","isMergeCommit":false,"messageTitle":"EditPriceCommand.java: show message after execute","messageBody":"Fixes #14\n","fileTypesAndContributionMap":{"functional-code":{"insertions":10,"deletions":1}}},{"hash":"31aec2fa86642f1dc57bcb132c4afd5b60260c6f","isMergeCommit":false,"messageTitle":"Ui.java: add javadoc for showEditPriceMessage","messageBody":"","fileTypesAndContributionMap":{"functional-code":{"insertions":5,"deletions":1}}},{"hash":"a1926699bd7da67ea47b9daa1148860d14cbb2ab","isMergeCommit":false,"messageTitle":"Parser.java: rename ADD_ARGUMENT_STRING and EDIT_DISH_ARGUMENT to camelCase","messageBody":"","fileTypesAndContributionMap":{"functional-code":{"insertions":5,"deletions":6}}}]},{"date":"2023-10-18","commitResults":[{"hash":"569e182e90d0a3efd3d9e2b08b848914b93e03d0","isMergeCommit":true,"messageTitle":"Merge remote-tracking branch \u0027origin/master\u0027","messageBody":"# Conflicts:\n#\tsrc/main/java/seedu/cafectrl/command/EditPriceCommand.java\n#\tsrc/main/java/seedu/cafectrl/parser/Parser.java\n","fileTypesAndContributionMap":{}},{"hash":"e991c9db72a04d04051bbd6fef381a324a2f7b05","isMergeCommit":false,"messageTitle":"Parser.java: remove wildcard import","messageBody":"","fileTypesAndContributionMap":{"functional-code":{"insertions":9,"deletions":1}}},{"hash":"d3f5e998de9b97220a2fb1c5de9e42ed1565e310","isMergeCommit":false,"messageTitle":"Parser.java: remove duplicated import","messageBody":"","fileTypesAndContributionMap":{"functional-code":{"insertions":0,"deletions":2}}},{"hash":"e7bb131f1de78bf89df8036169b194cca157557d","isMergeCommit":true,"messageTitle":"Merge pull request #60 from Cazh1/master","messageBody":"Update code quality","fileTypesAndContributionMap":{}},{"hash":"4aef10a1aaade726ea889271653dc5f2a7fe17f2","isMergeCommit":true,"messageTitle":"Merge pull request #58 from ShaniceTang/55-deletecommand-junit-test","messageBody":"Task 55,  Add JUnit test for Delete Command","fileTypesAndContributionMap":{}},{"hash":"4075a3361550a84ae8b24e23fec324f9db30502c","isMergeCommit":false,"messageTitle":"Menu.java: add isValidDishIndex method","messageBody":"","fileTypesAndContributionMap":{"functional-code":{"insertions":6,"deletions":0}}},{"hash":"721151f928162dceba3584c0bd568cef7596a74d","isMergeCommit":false,"messageTitle":"Parser.java: remove catch block for IndexOutOfBoundsException","messageBody":"","fileTypesAndContributionMap":{"functional-code":{"insertions":28,"deletions":11}}},{"hash":"cf6e6994cea30240729079377b6b68476dcfe433","isMergeCommit":true,"messageTitle":"Merge pull request #62 from NaychiMin/56-Junit-test-for-list-ingredient.v1.0","messageBody":"Task 56, Add junit test for List Ingredient command.","fileTypesAndContributionMap":{}},{"hash":"6e6f539c96aa5844eb403591beb81a723bf06059","isMergeCommit":true,"messageTitle":"Merge branch \u002711-feature-edit-price-v1.0\u0027 into ziyi105-11-feature-edit-price-v1.0","messageBody":"# Conflicts:\n#\tsrc/main/java/seedu/cafectrl/command/EditPriceCommand.java\n#\tsrc/main/java/seedu/cafectrl/data/Menu.java\n#\tsrc/main/java/seedu/cafectrl/parser/Parser.java\n#\tsrc/main/java/seedu/cafectrl/ui/Messages.java\n","fileTypesAndContributionMap":{}},{"hash":"d8fd274670ac311f83fcb2090492a94c62379017","isMergeCommit":false,"messageTitle":"Ui.java: remove static from showToUser","messageBody":"","fileTypesAndContributionMap":{"functional-code":{"insertions":3,"deletions":3}}},{"hash":"edf108043148d24277cf8430c989201972ec2c45","isMergeCommit":false,"messageTitle":"Improve code quality with gradlew","messageBody":"","fileTypesAndContributionMap":{"functional-code":{"insertions":4,"deletions":4}}},{"hash":"d128fc7c9682256fea60137e194f239e52521613","isMergeCommit":false,"messageTitle":"Messages.java: update position of plus operator for strings","messageBody":"","fileTypesAndContributionMap":{"functional-code":{"insertions":6,"deletions":6}}},{"hash":"bd4181f11168d9c3e1b34bf16a0f7efa37f68418","isMergeCommit":false,"messageTitle":"Parser.java: update position of plus operator","messageBody":"","fileTypesAndContributionMap":{"functional-code":{"insertions":2,"deletions":2}}},{"hash":"defbb3e75f20842edf6faa71e54688a3367ed1d6","isMergeCommit":false,"messageTitle":"Messages.java: Update position of plus operator for MISSING_ARGUMENT_FOR_EDIT_PRICE","messageBody":"","fileTypesAndContributionMap":{"functional-code":{"insertions":3,"deletions":3}}},{"hash":"e7ca9e70c6a75d581ac6d8fa41cf173be97da596","isMergeCommit":false,"messageTitle":"Parser.java: replace matcher.matches() with matcher.find() in line 96","messageBody":"","fileTypesAndContributionMap":{"functional-code":{"insertions":1,"deletions":1}}},{"hash":"54e6c789b799b86d458d6a74ee4d57e8362a1fa2","isMergeCommit":false,"messageTitle":"EditPriceCommand.java: minus offset for menuID","messageBody":"","fileTypesAndContributionMap":{"functional-code":{"insertions":1,"deletions":1}}},{"hash":"908e1da4fe7c6f257b299d05d81fc277440ff8cc","isMergeCommit":false,"messageTitle":"EditPriceCommandTest.ava: add JUnit test for valid input","messageBody":"","fileTypesAndContributionMap":{"functional-code":{"insertions":1,"deletions":2},"test-code":{"insertions":42,"deletions":0}}},{"hash":"7f6ae576969e353434ae08a9b55ead58169bb6f0","isMergeCommit":false,"messageTitle":"ParserTest.java: add JUnit test for parseCommand_unrecognisedInput_unknownCommand","messageBody":"","fileTypesAndContributionMap":{"functional-code":{"insertions":5,"deletions":2},"test-code":{"insertions":32,"deletions":0}}},{"hash":"b4ae9501b1c0bad09222f0d0d90da681de3da7a0","isMergeCommit":true,"messageTitle":"Merge pull request #66 from DextheChik3n/24-parser-add-dish-v1.0","messageBody":"24 parser add dish v1.0","fileTypesAndContributionMap":{}},{"hash":"a20cbd574d66169d6c7098cc9edeffbadefbf04d","isMergeCommit":false,"messageTitle":"ParserTest.java: add JUnit test for possible user inputs for edit_price command","messageBody":"","fileTypesAndContributionMap":{"test-code":{"insertions":42,"deletions":2}}},{"hash":"9f593575dd7db9e268f6508508d3a7bb12de40e3","isMergeCommit":true,"messageTitle":"Merge pull request #69 from DextheChik3n/48-add-junit-add-dish-command-class-v1.0","messageBody":"48 add junit add dish command class v1.0","fileTypesAndContributionMap":{}},{"hash":"b47e636e131f0a3984ee2cbd5fb2d149ff029dab","isMergeCommit":true,"messageTitle":"Merge pull request #72 from DextheChik3n/67-junit-test-for-add-dish-v1.0","messageBody":"Added JUnit Tests for add dish command parsing","fileTypesAndContributionMap":{}},{"hash":"e677079202361a2f65f201103b146ae13c1a143b","isMergeCommit":true,"messageTitle":"Merge pull request #76 from DextheChik3n/74-resolve-negative-price-input-v1.0","messageBody":"Edit add dish parsing code to prevent negative price input","tags":["A-Release-v1.0"],"fileTypesAndContributionMap":{}}]},{"date":"2023-10-22","commitResults":[{"hash":"96882eb9101008776de82b957a9ae270e0af3bff","isMergeCommit":true,"messageTitle":"Merge pull request #80 from ShaniceTang/78-combine-messages","messageBody":"Task 78, Add UserOutput enumeration messages to Message class","fileTypesAndContributionMap":{}},{"hash":"06fb6a449152d4bbcb83c66a33ea8e1f5fce6457","isMergeCommit":true,"messageTitle":"Merge pull request #81 from Cazh1/Edit-List_Menu-appearance","messageBody":"Edit list menu appearance","fileTypesAndContributionMap":{}},{"hash":"793446992cc666d6865910f66025374082ad37d9","isMergeCommit":false,"messageTitle":"Ui.java: rename showToUerFormat to formatListMenu","messageBody":"","fileTypesAndContributionMap":{"functional-code":{"insertions":2,"deletions":2}}},{"hash":"cec3c524bbd1d3ef76e0e833435fef721827d145","isMergeCommit":false,"messageTitle":"Implement help command","messageBody":"fixes #73\n","fileTypesAndContributionMap":{"functional-code":{"insertions":70,"deletions":31},"test-code":{"insertions":1,"deletions":1}}},{"hash":"cfe46d6d3284681a80fa99ef46fbc4f4c0c2963c","isMergeCommit":false,"messageTitle":"Complete messages for help command","messageBody":"","fileTypesAndContributionMap":{"functional-code":{"insertions":18,"deletions":5}}},{"hash":"494813d67cce020f13b6bf14eaa9268b838fbbde","isMergeCommit":false,"messageTitle":"Ui.java: add method showToUserWithSpaceBetweenLines for showHelp()","messageBody":"","fileTypesAndContributionMap":{"functional-code":{"insertions":9,"deletions":2}}},{"hash":"56fbe7c76d7c928a696fb1a31922f88a13947a25","isMergeCommit":false,"messageTitle":"Add JUnit test for HelpCommand (incomplete)","messageBody":"","fileTypesAndContributionMap":{"functional-code":{"insertions":1,"deletions":1},"test-code":{"insertions":37,"deletions":0}}},{"hash":"b6f15b18161b307a88ec6e2cb43f496e908bfcba","isMergeCommit":false,"messageTitle":"HelpCommandtest.java: improve code quality","messageBody":"","fileTypesAndContributionMap":{"test-code":{"insertions":2,"deletions":4}}},{"hash":"318b4e7f859ad0a4f8b4fff81731e5472fad9a08","isMergeCommit":true,"messageTitle":"Merge pull request #97 from DextheChik3n/77-enable-assertions-v1.1","messageBody":"77 enable assertions v1.1","fileTypesAndContributionMap":{}}]},{"date":"2023-10-23","commitResults":[{"hash":"37a70ddcb2b047143d26d65a8cb7dfb94cf64716","isMergeCommit":false,"messageTitle":"Move LINE_STRING from Ui.java to Messages.java","messageBody":"","fileTypesAndContributionMap":{"functional-code":{"insertions":2,"deletions":2}}},{"hash":"756e97ebc15c91ca89be53688609d5a60b6ec466","isMergeCommit":false,"messageTitle":"Complete helpCommandTest for execute","messageBody":"","fileTypesAndContributionMap":{"test-code":{"insertions":21,"deletions":4}}},{"hash":"44b84aacf3a7c12558a9a63902a1e97604c0c0d7","isMergeCommit":false,"messageTitle":"ListMenuCommand.java: add space around operator","messageBody":"","fileTypesAndContributionMap":{"functional-code":{"insertions":1,"deletions":1}}},{"hash":"efdc7cab49f6c35295221cee69a79ca1e4ef76e1","isMergeCommit":false,"messageTitle":"Parser.java: update formatting of single line comment","messageBody":"","fileTypesAndContributionMap":{"functional-code":{"insertions":1,"deletions":3}}},{"hash":"2cd77bfba70bf778f72bcde41df599c94a610cc2","isMergeCommit":false,"messageTitle":"Messages.java: update string spliting indentation","messageBody":"","fileTypesAndContributionMap":{"functional-code":{"insertions":1,"deletions":1}}},{"hash":"0ecc4dec59a6571cb3dfea65183a6d88157d5a39","isMergeCommit":true,"messageTitle":"Merge pull request #103 from DextheChik3n/102-add-dish-exception-handling-v1.1","messageBody":"102 AddDish Command exception handling v1.1","fileTypesAndContributionMap":{}}]},{"date":"2023-10-24","commitResults":[{"hash":"f131f3098fc876525832b3fcbd5bcd962f506755","isMergeCommit":true,"messageTitle":"Merge pull request #95 from ShaniceTang/90-91-implement-pantry-class","messageBody":"Task 90 and Task 91  Implement View Total Stock and Buy Ingredients","fileTypesAndContributionMap":{}},{"hash":"f0a24cc9c932148cdae5eeac35c617b2553594c9","isMergeCommit":true,"messageTitle":"Merge pull request #96 from NaychiMin/implement-low-stock","messageBody":"Task 92, Task 93 Implement stock checking of ingredients in Pantry class","fileTypesAndContributionMap":{}},{"hash":"0ef8819a85677bad5ef007538da629f078230bb6","isMergeCommit":true,"messageTitle":"Merge pull request #106 from Cazh1/#86-Implement-Parser-support","messageBody":"#86 Implement parser support for addOrder command","fileTypesAndContributionMap":{}},{"hash":"0e41f3d102afc76c03d8897e5bf4785aa1cb3990","isMergeCommit":false,"messageTitle":"Add DG for how parser parse command","messageBody":"","fileTypesAndContributionMap":{"docs":{"insertions":36,"deletions":1}}},{"hash":"2a56a3509b1546802275085a1e58cfd8678ee2ad","isMergeCommit":false,"messageTitle":"Edit formatting of DeveloperGuide.md for Parser","messageBody":"","fileTypesAndContributionMap":{"docs":{"insertions":9,"deletions":9}}},{"hash":"f3efe12eb9d02b02b41179c689888b6aa472ab77","isMergeCommit":false,"messageTitle":"Add UML for EditPriceCommand execute method","messageBody":"","fileTypesAndContributionMap":{"docs":{"insertions":13,"deletions":0}}},{"hash":"04ac7375b6e5e7bcd5e7736ee1b9e93449547986","isMergeCommit":false,"messageTitle":"Add DG for edit price feature","messageBody":"","fileTypesAndContributionMap":{"docs":{"insertions":10,"deletions":0}}},{"hash":"8e8d9daf3c5849ce51268e256a71da41d61614b1","isMergeCommit":false,"messageTitle":"Add description for edit_price feature in DeveloperGuide.md","messageBody":"","fileTypesAndContributionMap":{"docs":{"insertions":4,"deletions":2}}}]},{"date":"2023-10-25","commitResults":[{"hash":"c876030a1267e79016085c1705e9dbfefdac002e","isMergeCommit":false,"messageTitle":"EditPriceCommand_execute.puml: include parameter type","messageBody":"","fileTypesAndContributionMap":{"docs":{"insertions":2,"deletions":2}}},{"hash":"f901af8c281e088afc7adfed87e3c657151f8267","isMergeCommit":false,"messageTitle":"Update Parser.puml with parameter type","messageBody":"","fileTypesAndContributionMap":{"docs":{"insertions":3,"deletions":3}}},{"hash":"147db2d52616ab5e56d8a9ffc06f822bd13b6f8c","isMergeCommit":false,"messageTitle":"Update Parser and editPriceCommand_execute UML","messageBody":"","fileTypesAndContributionMap":{"docs":{"insertions":1,"deletions":1}}},{"hash":"55a5805dd6df74abbb2bb7c254a638c7958c481c","isMergeCommit":true,"messageTitle":"Merge branch \u0027111-DG-parser\u0027 into DG-merge-conflicts","messageBody":"","fileTypesAndContributionMap":{}},{"hash":"57e73e5992156ef76ddbbd15084af051e2c8bb39","isMergeCommit":true,"messageTitle":"Merge pull request #113 from ziyi105/111-DG-parser","messageBody":"Update DG for Parser and edit_price","fileTypesAndContributionMap":{}}]},{"date":"2023-10-27","commitResults":[{"hash":"dd5c5d6ea7099cc2514e52438a6de53d6d615e6e","isMergeCommit":true,"messageTitle":"Merge pull request #125 from DextheChik3n/117-DG-add-dish","messageBody":"117 developer guide: add dish","fileTypesAndContributionMap":{}},{"hash":"b651a3fdc315a636a7be69985c33880c66073b88","isMergeCommit":true,"messageTitle":"Merge pull request #124 from DextheChik3n/123-refactor-add-dish-v1.2","messageBody":"123 refactor add dish v1.2","fileTypesAndContributionMap":{}},{"hash":"9790239580356a28e53a7b1132c78dab9a8d6bd2","isMergeCommit":true,"messageTitle":"Merge pull request #133 from Cazh1/#132-Refactor-Order-Class","messageBody":"132 Refactor Order Class","fileTypesAndContributionMap":{}},{"hash":"a3bfd53e20c8482a1dede926ce3511b05dd5f231","isMergeCommit":true,"messageTitle":"Merge pull request #134 from Cazh1/#83-Add-JUnit-Test-for-Order-class","messageBody":"#83 add JUnit test for order class","fileTypesAndContributionMap":{}},{"hash":"f9925f2bf0351a95ec21b48789c4c6868319f745","isMergeCommit":true,"messageTitle":"Merge pull request #137 from Cazh1/130-Refactor-ListMenu-Command-process","messageBody":"Update ListMenuCommandTest with regards to review","fileTypesAndContributionMap":{}},{"hash":"a993819f1789b67348c69074dcfd2093fa32550c","isMergeCommit":true,"messageTitle":"Merge branch \u0027master\u0027 into 135-create-storage-parent-class-v2.0","messageBody":"","fileTypesAndContributionMap":{}},{"hash":"ad5fa6ce9dde0555128323479745530ba8980c47","isMergeCommit":true,"messageTitle":"Merge pull request #136 from DextheChik3n/135-create-storage-parent-class-v2.0","messageBody":"135 create storage parent class v2.0","fileTypesAndContributionMap":{}}]},{"date":"2023-10-28","commitResults":[{"hash":"a05446d86bafd9f552939ea0cb92ab49eedb20d9","isMergeCommit":true,"messageTitle":"Merge pull request #141 from DextheChik3n/138-fix-add-dish-command-bugs-v2.0","messageBody":"138 fix add dish command bugs v2.0","fileTypesAndContributionMap":{}}]}],"ShaniceTang":[{"date":"2023-10-05","commitResults":[{"hash":"88288a4ee312a4a3906c0c7f8ecad9003abaf8fa","isMergeCommit":false,"messageTitle":"Update AboutUs.md","messageBody":"","fileTypesAndContributionMap":{"docs":{"insertions":7,"deletions":7}}},{"hash":"cea95da46d699ef3d7182ed840e860be204a6270","isMergeCommit":true,"messageTitle":"Merge branch \u0027master\u0027 into master","messageBody":"","fileTypesAndContributionMap":{}},{"hash":"6b3c432ddb95359f5c4f9dee044cba3b53dc4b62","isMergeCommit":true,"messageTitle":"Merge pull request #2 from ShaniceTang/master","messageBody":"Update AboutUs.md","fileTypesAndContributionMap":{}}]},{"date":"2023-10-15","commitResults":[{"hash":"dadae0261aa4778ac64d68cbc66ec345da97f599","isMergeCommit":false,"messageTitle":"Fixes #27","messageBody":"Create UiTest JUnit Class\n","fileTypesAndContributionMap":{"test-code":{"insertions":4,"deletions":0}}},{"hash":"ba46ad20ecedd9d0cb49290bd75ba7df3e989b11","isMergeCommit":false,"messageTitle":"Add javadoc to UiTest class","messageBody":"","fileTypesAndContributionMap":{"test-code":{"insertions":4,"deletions":0}}}]},{"date":"2023-10-17","commitResults":[{"hash":"c4e118ce054a0eed4b0d076aadeaf5059f04853a","isMergeCommit":false,"messageTitle":"Add delete message to Ui class","messageBody":"","fileTypesAndContributionMap":{"functional-code":{"insertions":5,"deletions":0}}},{"hash":"93ca9601f61702c86011451a21e6c3a097ff8f11","isMergeCommit":false,"messageTitle":"Fixes #21","messageBody":"Add javadoc to delete message method\n","fileTypesAndContributionMap":{"functional-code":{"insertions":5,"deletions":0}}},{"hash":"812654327335924346f337a4102942a40b05df4e","isMergeCommit":false,"messageTitle":"Edit delete message","messageBody":"","fileTypesAndContributionMap":{"functional-code":{"insertions":1,"deletions":1}}},{"hash":"ddd3d5049a361d1bc8b66e1fc77f7b4ea24ed638","isMergeCommit":false,"messageTitle":"Update delete command","messageBody":"","fileTypesAndContributionMap":{"functional-code":{"insertions":13,"deletions":1}}},{"hash":"2a3d1fdcc0f08aba6e15f425fd490c8ffa5eb1b7","isMergeCommit":true,"messageTitle":"Merge branch \u0027master\u0027 of https://github.com/AY2324S1-CS2113-T17-2/tp into 22-implement-delete-feature","messageBody":"","fileTypesAndContributionMap":{}},{"hash":"5e69f2317cb5536d4b0bbad556082b7c831439a8","isMergeCommit":false,"messageTitle":"Rename remove to removeDish method","messageBody":"","fileTypesAndContributionMap":{"functional-code":{"insertions":1,"deletions":1}}},{"hash":"0ea6f655d06d20f1b3ff16724412856b42269ca4","isMergeCommit":true,"messageTitle":"Merge branch \u0027master\u0027 of https://github.com/AY2324S1-CS2113-T17-2/tp into 22-implement-delete-feature","messageBody":"# Conflicts:\n#\tsrc/main/java/seedu/duke/command/DeleteDishCommand.java\n","fileTypesAndContributionMap":{}},{"hash":"be50d359eeb512d129d052773bddfd07c2982b9f","isMergeCommit":false,"messageTitle":"Handle invalid index error","messageBody":"","fileTypesAndContributionMap":{"functional-code":{"insertions":10,"deletions":5}}},{"hash":"411253bc7049f64567ed3785d19fc9e8d93c4dbb","isMergeCommit":false,"messageTitle":"Reformat printed string","messageBody":"","fileTypesAndContributionMap":{"functional-code":{"insertions":3,"deletions":3}}},{"hash":"2e861f26e20a182639268add85bec7b82792038c","isMergeCommit":false,"messageTitle":"Fixes #22","messageBody":"Implement parser support for deleting a dish\n","fileTypesAndContributionMap":{"functional-code":{"insertions":15,"deletions":12}}},{"hash":"e94d49fcda0fa69ee9d80bab03b075c94b7c80e5","isMergeCommit":false,"messageTitle":"Improve code standard","messageBody":"Fixes #22\n","fileTypesAndContributionMap":{"functional-code":{"insertions":2,"deletions":3}}},{"hash":"1c1742d4902012be02dfe7409ac94eb0e17f45e9","isMergeCommit":false,"messageTitle":"Handle out of bounds input index","messageBody":"","fileTypesAndContributionMap":{"functional-code":{"insertions":9,"deletions":5}}},{"hash":"39edc4758bf49b45c071bbe3f2bb0612d87381b3","isMergeCommit":false,"messageTitle":"Add JUnit test for Delete Command valid and invalid input","messageBody":"Fixes #55\n","fileTypesAndContributionMap":{"functional-code":{"insertions":1,"deletions":1},"test-code":{"insertions":59,"deletions":0}}},{"hash":"d2dfdeed55d7eb2b519262ccd86d50d2dcb86e3f","isMergeCommit":true,"messageTitle":"Merge branch \u0027master\u0027 of https://github.com/AY2324S1-CS2113-T17-2/tp into 55-deletecommand-junit-test","messageBody":"","fileTypesAndContributionMap":{}},{"hash":"1bd674a5beecdb86bfec754b7b106c70180ce148","isMergeCommit":false,"messageTitle":"Update import path","messageBody":"","fileTypesAndContributionMap":{"test-code":{"insertions":4,"deletions":3}}}]},{"date":"2023-10-18","commitResults":[{"hash":"02f561afd0972856a346bb73cfd099c3414c1fd7","isMergeCommit":false,"messageTitle":"Add try-catch error handler","messageBody":"","fileTypesAndContributionMap":{"functional-code":{"insertions":4,"deletions":3}}},{"hash":"40341fbba23130d1bb37d570eabbe1422bcf451b","isMergeCommit":false,"messageTitle":"Throw Index Out Of Bounds Exception","messageBody":"","fileTypesAndContributionMap":{"functional-code":{"insertions":1,"deletions":0}}},{"hash":"aca573016cb7a28d67fb0cb705e45fe9f562d15f","isMergeCommit":false,"messageTitle":"Update prepareDelete to match other methods","messageBody":"","fileTypesAndContributionMap":{"functional-code":{"insertions":16,"deletions":5}}},{"hash":"eed4152ad902aee18c1690be1c2b8e5d1264823a","isMergeCommit":false,"messageTitle":"Assert exception instead of equal string","messageBody":"","fileTypesAndContributionMap":{"test-code":{"insertions":7,"deletions":18}}},{"hash":"7f02a0de9aac1ed99944fc0c4beebc648b1d7d60","isMergeCommit":false,"messageTitle":"Create JUnit test for prepareDelete in Parser class","messageBody":"","fileTypesAndContributionMap":{"test-code":{"insertions":17,"deletions":0}}},{"hash":"19a2ba9679b87ce118bc75987aed02a6207c6236","isMergeCommit":true,"messageTitle":"Merge branch \u0027master\u0027 of https://github.com/AY2324S1-CS2113-T17-2/tp into 22-implement-delete-feature","messageBody":"# Conflicts:\n#\tsrc/test/java/seedu/cafectrl/parser/ParserTest.java\n","fileTypesAndContributionMap":{}},{"hash":"4881d95845ceae0c637849d3fa0142af1402db66","isMergeCommit":false,"messageTitle":"Use message string from Messages class","messageBody":"","fileTypesAndContributionMap":{"functional-code":{"insertions":3,"deletions":2}}},{"hash":"695a304ae83f3e437f8ad2ed792591a1a624f2f6","isMergeCommit":false,"messageTitle":"Update prepareDelete method to standardize","messageBody":"","fileTypesAndContributionMap":{"functional-code":{"insertions":12,"deletions":10}}},{"hash":"cdea65514d1e4bc676cec5623e13bc10b96da8b3","isMergeCommit":false,"messageTitle":"Add JUnit test for delete command for parseCommand method","messageBody":"","fileTypesAndContributionMap":{"test-code":{"insertions":15,"deletions":4}}},{"hash":"b366ac5c0f59c71cbe7964111908f0f4e3cbb2d5","isMergeCommit":true,"messageTitle":"Merge branch \u0027master\u0027 of https://github.com/AY2324S1-CS2113-T17-2/tp into 22-implement-delete-feature","messageBody":"# Conflicts:\n#\tsrc/main/java/seedu/cafectrl/ui/Messages.java\n#\tsrc/test/java/seedu/cafectrl/parser/ParserTest.java\n","fileTypesAndContributionMap":{}},{"hash":"72da852206244ef87bcd8f2f765de519177317d0","isMergeCommit":false,"messageTitle":"Improve code quality","messageBody":"Fixes #17\n","fileTypesAndContributionMap":{"functional-code":{"insertions":3,"deletions":3}}},{"hash":"d2c8fd89be220ad3d1ddf9ce4f4e2a0f734dc9c0","isMergeCommit":false,"messageTitle":"Remove duplicate import statement","messageBody":"","fileTypesAndContributionMap":{"test-code":{"insertions":0,"deletions":2}}}]},{"date":"2023-10-22","commitResults":[{"hash":"8e589d37d341acdb4abcb34da25475bdc8a04e33","isMergeCommit":false,"messageTitle":"Move all messages in to Message class","messageBody":"","fileTypesAndContributionMap":{"functional-code":{"insertions":22,"deletions":26},"test-code":{"insertions":1,"deletions":2}}},{"hash":"12bc39306efa8ba725bcbe10c93079d745569e03","isMergeCommit":false,"messageTitle":"Update unknown command message","messageBody":"Fixes #78\n","fileTypesAndContributionMap":{"functional-code":{"insertions":2,"deletions":2}}},{"hash":"82d0bd4a04fc3ed9706de6e21369c75a97131511","isMergeCommit":false,"messageTitle":"Implement view total stock in pantry feature","messageBody":"","fileTypesAndContributionMap":{"functional-code":{"insertions":35,"deletions":0}}},{"hash":"bb4541ec67ee47679cd5f9b0d8b14da1c57841b9","isMergeCommit":true,"messageTitle":"Merge branch \u0027master\u0027 of https://github.com/AY2324S1-CS2113-T17-2/tp into implement-pantry-class","messageBody":"","fileTypesAndContributionMap":{}},{"hash":"851cba3e9f44f4e438b57a904820b0cf3cd7c870","isMergeCommit":false,"messageTitle":"Implement Pantry class","messageBody":"","fileTypesAndContributionMap":{"functional-code":{"insertions":119,"deletions":0}}},{"hash":"8a23bd2fcd39cb9e460fd15fa31884e5e6513ad8","isMergeCommit":false,"messageTitle":"Add view total stock command","messageBody":"","fileTypesAndContributionMap":{"functional-code":{"insertions":8,"deletions":2}}},{"hash":"c421353e71a17d12dedffd0c40d9f3a0026b2522","isMergeCommit":false,"messageTitle":"Add buy ingredient command","messageBody":"","fileTypesAndContributionMap":{"functional-code":{"insertions":29,"deletions":0}}},{"hash":"19276cf1582acf1ef53f0733417a6af8a3422933","isMergeCommit":false,"messageTitle":"Add Ui support for viewTotalStock and buyIngredients","messageBody":"","fileTypesAndContributionMap":{"functional-code":{"insertions":7,"deletions":0}}},{"hash":"a3094cde4ebc7ec9c301bf89bff04137ba67dd69","isMergeCommit":false,"messageTitle":"Add parser support for viewTotalStock and buyIngredient","messageBody":"","fileTypesAndContributionMap":{"functional-code":{"insertions":22,"deletions":2}}},{"hash":"9e878bd8f5dc5c24e8af6fba9b466b96b86af67b","isMergeCommit":false,"messageTitle":"Add setter for quantity varibale","messageBody":"","fileTypesAndContributionMap":{"functional-code":{"insertions":6,"deletions":1}}},{"hash":"0b2987ab90909285001d2ae7dfbc04a414b527fc","isMergeCommit":false,"messageTitle":"Add messages to display when error occurs","messageBody":"Fixes #90, Fixes #91\n","fileTypesAndContributionMap":{"functional-code":{"insertions":8,"deletions":2}}}]},{"date":"2023-10-23","commitResults":[{"hash":"c50dc144cba53b1a2bd193f84223cff096a6eb31","isMergeCommit":true,"messageTitle":"Merge branch \u0027master\u0027 into 90-91-implement-pantry-class","messageBody":"","fileTypesAndContributionMap":{}},{"hash":"5c073191d93908f8c98a6a0c812ff0c16f62def3","isMergeCommit":true,"messageTitle":"Merge branch \u0027master\u0027 of https://github.com/AY2324S1-CS2113-T17-2/tp into 90-91-implement-pantry-class","messageBody":"# Conflicts:\n#\tsrc/main/java/seedu/cafectrl/parser/Parser.java\n#\tsrc/main/java/seedu/cafectrl/ui/Messages.java\n","fileTypesAndContributionMap":{}},{"hash":"108c001310e4783c66ebda734490b70c5ec923d4","isMergeCommit":true,"messageTitle":"Merge branch \u0027master\u0027 of https://github.com/AY2324S1-CS2113-T17-2/tp into 90-91-implement-pantry-class","messageBody":"# Conflicts:\n#\tsrc/main/java/seedu/cafectrl/ui/Messages.java\n","fileTypesAndContributionMap":{}},{"hash":"2d8533c6fff09e6ba664424cf1eefec4b897c76a","isMergeCommit":true,"messageTitle":"Merge branch \u002790-91-implement-pantry-class\u0027 of https://github.com/ShaniceTang/tp into 90-91-implement-pantry-class","messageBody":"# Conflicts:\n#\tsrc/main/java/seedu/cafectrl/parser/Parser.java\n#\tsrc/main/java/seedu/cafectrl/ui/Messages.java\n","fileTypesAndContributionMap":{}},{"hash":"2dae7a2dfb59ee73d09ed981ea3c94faf6345f85","isMergeCommit":false,"messageTitle":"Improve code quality","messageBody":"Fixes #90, Fixes #91\n","fileTypesAndContributionMap":{"functional-code":{"insertions":1,"deletions":2},"test-code":{"insertions":1,"deletions":1}}},{"hash":"f9a255fb362187b5b41de91f2f9dea4d3985c04c","isMergeCommit":false,"messageTitle":"Improve code quality","messageBody":"","fileTypesAndContributionMap":{"functional-code":{"insertions":5,"deletions":8}}},{"hash":"f61f1d549bd4af23fa2aa533b60b6c10dd0d39c2","isMergeCommit":false,"messageTitle":"Add method to write pantry list to storage","messageBody":"","fileTypesAndContributionMap":{"functional-code":{"insertions":11,"deletions":4}}},{"hash":"57eb8502badae1d6fdaaec17f5c8bddc07e337f9","isMergeCommit":false,"messageTitle":"Improve coding quality","messageBody":"","fileTypesAndContributionMap":{"functional-code":{"insertions":6,"deletions":2}}},{"hash":"c94591a0a0b63758478a837cdc66bbca828db743","isMergeCommit":false,"messageTitle":"Improve code quality","messageBody":"","fileTypesAndContributionMap":{"test-code":{"insertions":4,"deletions":4}}},{"hash":"5c0fb17c294a54c982dfcc760a0f860c6617dfbd","isMergeCommit":false,"messageTitle":"Instantiate pantry object at main and add pantry parameter to execute methods","messageBody":"","fileTypesAndContributionMap":{"functional-code":{"insertions":25,"deletions":14}}},{"hash":"7f63281f8d0d6607f26211dd1d6913febd008b32","isMergeCommit":false,"messageTitle":"Update parameters of execute method in JUnit tests","messageBody":"","fileTypesAndContributionMap":{"test-code":{"insertions":20,"deletions":14}}}]},{"date":"2023-10-25","commitResults":[{"hash":"82231b9c3b4516bd26def3be6505aff3a90a7255","isMergeCommit":false,"messageTitle":"Improve buyIngredient command to accept multiple ingredients","messageBody":"Fixes #118\n","fileTypesAndContributionMap":{"functional-code":{"insertions":34,"deletions":28}}},{"hash":"b173c22fb1b2fc6ba116fa45ff8bf85c1e3cb369","isMergeCommit":false,"messageTitle":"Add sequence diagram for deleteDishCommand","messageBody":"","fileTypesAndContributionMap":{"docs":{"insertions":28,"deletions":0}}},{"hash":"282fef71ed9d6aadf2d575b1c109a7fd443dd885","isMergeCommit":false,"messageTitle":"Update according comments","messageBody":"","fileTypesAndContributionMap":{"functional-code":{"insertions":4,"deletions":4}}},{"hash":"325d1c9f813429bcde54284dccb3aac13ed19772","isMergeCommit":true,"messageTitle":"Merge branch \u0027master\u0027 into 118-improve-buyIngredient","messageBody":"","fileTypesAndContributionMap":{}},{"hash":"5594273db85e94c376db067fa0386baacf5c4446","isMergeCommit":false,"messageTitle":"Fix AddDish command test cases","messageBody":"","fileTypesAndContributionMap":{"test-code":{"insertions":3,"deletions":3}}},{"hash":"fba840c4e6b3e86319d03cd1b04ab24bdee42a32","isMergeCommit":true,"messageTitle":"Merge branch \u0027master\u0027 of https://github.com/AY2324S1-CS2113-T17-2/tp into 118-improve-buyIngredient","messageBody":"# Conflicts:\n#\tsrc/main/java/seedu/cafectrl/parser/Parser.java\n","fileTypesAndContributionMap":{}},{"hash":"54f3a0994268f20c1a901553c569d313b349848c","isMergeCommit":true,"messageTitle":"Merge branch \u0027118-improve-buyIngredient\u0027 of https://github.com/ShaniceTang/tp into 118-improve-buyIngredient","messageBody":"# Conflicts:\n#\tsrc/main/java/seedu/cafectrl/parser/Parser.java\n","fileTypesAndContributionMap":{}},{"hash":"14255c37af68c2974097b50e39241bc7253387cb","isMergeCommit":true,"messageTitle":"Merge branch \u0027master\u0027 of https://github.com/AY2324S1-CS2113-T17-2/tp into 120-create-deleteDish-uml","messageBody":"","fileTypesAndContributionMap":{}},{"hash":"586400675d2601337b0b797dda8e8d7fd0d37ff1","isMergeCommit":false,"messageTitle":"Update sequence diagram for deleteDishCommand","messageBody":"","fileTypesAndContributionMap":{"docs":{"insertions":3,"deletions":0}}},{"hash":"3dc567ebb9594123d8904c61d3f9854750964ac7","isMergeCommit":false,"messageTitle":"Update DG for delete dish command","messageBody":"Fixes #120\n","fileTypesAndContributionMap":{"docs":{"insertions":27,"deletions":13}}},{"hash":"8b437c243edf3e5b013fea057b55d44b11d6ef74","isMergeCommit":true,"messageTitle":"Merge branch \u0027master\u0027 of https://github.com/AY2324S1-CS2113-T17-2/tp into 120-create-deleteDish-uml","messageBody":"# Conflicts:\n#\tdocs/DeveloperGuide.md\n","fileTypesAndContributionMap":{}}]}]},"authorFileTypeContributionMap":{"NaychiMin":{"docs":67,"functional-code":272,"test-code":99},"DextheChik3n":{"docs":52,"functional-code":505,"test-code":228,"other":3},"Cazh1":{"docs":208,"functional-code":540,"test-code":299},"ziyi105":{"docs":55,"functional-code":271,"test-code":175},"ShaniceTang":{"docs":46,"functional-code":278,"test-code":128}},"authorContributionVariance":{"NaychiMin":3316.2947,"DextheChik3n":18277.91,"Cazh1":32509.611,"ziyi105":4724.012,"ShaniceTang":3942.4446},"authorDisplayNameMap":{"NaychiMin":"CS2113-T17-2 SAUN.. MIN","DextheChik3n":"CS2113-T17-2 DEXT..G EN","Cazh1":"CS2113-T17-2 CHUA..HENG","ziyi105":"CS2113-T17-2 NG Z..I YI","ShaniceTang":"CS2113-T17-2 TANG..NICE"}}
