[{"path":"build.gradle","fileType":"other","lines":[{"lineNumber":1,"author":{"gitId":"-"},"content":"plugins {","lastModifiedDate":"2020-05-25"},{"lineNumber":2,"author":{"gitId":"-"},"content":"    id \u0027java\u0027","lastModifiedDate":"2020-05-25"},{"lineNumber":3,"author":{"gitId":"-"},"content":"    id \u0027application\u0027","lastModifiedDate":"2020-05-25"},{"lineNumber":4,"author":{"gitId":"-"},"content":"    id \u0027checkstyle\u0027","lastModifiedDate":"2020-05-25"},{"lineNumber":5,"author":{"gitId":"-"},"content":"    id \u0027com.github.johnrengelman.shadow\u0027 version \u00277.1.2\u0027","lastModifiedDate":"2022-06-17"},{"lineNumber":6,"author":{"gitId":"-"},"content":"}","lastModifiedDate":"2020-05-25"},{"lineNumber":7,"author":{"gitId":"-"},"content":"","lastModifiedDate":"2020-05-25"},{"lineNumber":8,"author":{"gitId":"-"},"content":"repositories {","lastModifiedDate":"2020-05-25"},{"lineNumber":9,"author":{"gitId":"-"},"content":"    mavenCentral()","lastModifiedDate":"2020-05-25"},{"lineNumber":10,"author":{"gitId":"-"},"content":"}","lastModifiedDate":"2020-05-25"},{"lineNumber":11,"author":{"gitId":"-"},"content":"","lastModifiedDate":"2020-05-25"},{"lineNumber":12,"author":{"gitId":"-"},"content":"dependencies {","lastModifiedDate":"2020-05-25"},{"lineNumber":13,"author":{"gitId":"-"},"content":"    testImplementation group: \u0027org.junit.jupiter\u0027, name: \u0027junit-jupiter-api\u0027, version: \u00275.10.0\u0027","lastModifiedDate":"2023-08-05"},{"lineNumber":14,"author":{"gitId":"-"},"content":"    testRuntimeOnly group: \u0027org.junit.jupiter\u0027, name: \u0027junit-jupiter-engine\u0027, version: \u00275.10.0\u0027","lastModifiedDate":"2023-08-05"},{"lineNumber":15,"author":{"gitId":"bljhty"},"content":"    implementation group: \u0027com.google.code.gson\u0027, name: \u0027gson\u0027, version: \u00272.10.1\u0027","lastModifiedDate":"2023-10-11"},{"lineNumber":16,"author":{"gitId":"-"},"content":"}","lastModifiedDate":"2020-05-25"},{"lineNumber":17,"author":{"gitId":"-"},"content":"","lastModifiedDate":"2020-05-25"},{"lineNumber":18,"author":{"gitId":"-"},"content":"test {","lastModifiedDate":"2020-05-25"},{"lineNumber":19,"author":{"gitId":"-"},"content":"    useJUnitPlatform()","lastModifiedDate":"2020-05-25"},{"lineNumber":20,"author":{"gitId":"-"},"content":"","lastModifiedDate":"2020-05-25"},{"lineNumber":21,"author":{"gitId":"-"},"content":"    testLogging {","lastModifiedDate":"2020-05-25"},{"lineNumber":22,"author":{"gitId":"-"},"content":"        events \"passed\", \"skipped\", \"failed\"","lastModifiedDate":"2020-05-25"},{"lineNumber":23,"author":{"gitId":"-"},"content":"","lastModifiedDate":"2020-05-25"},{"lineNumber":24,"author":{"gitId":"-"},"content":"        showExceptions true","lastModifiedDate":"2020-05-25"},{"lineNumber":25,"author":{"gitId":"-"},"content":"        exceptionFormat \"full\"","lastModifiedDate":"2020-05-25"},{"lineNumber":26,"author":{"gitId":"-"},"content":"        showCauses true","lastModifiedDate":"2020-05-25"},{"lineNumber":27,"author":{"gitId":"-"},"content":"        showStackTraces true","lastModifiedDate":"2020-05-25"},{"lineNumber":28,"author":{"gitId":"-"},"content":"        showStandardStreams \u003d false","lastModifiedDate":"2020-05-25"},{"lineNumber":29,"author":{"gitId":"-"},"content":"    }","lastModifiedDate":"2020-05-25"},{"lineNumber":30,"author":{"gitId":"-"},"content":"}","lastModifiedDate":"2020-05-25"},{"lineNumber":31,"author":{"gitId":"-"},"content":"","lastModifiedDate":"2020-05-25"},{"lineNumber":32,"author":{"gitId":"-"},"content":"application {","lastModifiedDate":"2020-05-25"},{"lineNumber":33,"author":{"gitId":"-"},"content":"    mainClass.set(\"seedu.duke.Duke\")","lastModifiedDate":"2023-08-05"},{"lineNumber":34,"author":{"gitId":"-"},"content":"}","lastModifiedDate":"2020-05-25"},{"lineNumber":35,"author":{"gitId":"-"},"content":"","lastModifiedDate":"2020-05-25"},{"lineNumber":36,"author":{"gitId":"-"},"content":"shadowJar {","lastModifiedDate":"2020-05-25"},{"lineNumber":37,"author":{"gitId":"-"},"content":"    archiveBaseName.set(\"duke\")","lastModifiedDate":"2023-09-24"},{"lineNumber":38,"author":{"gitId":"-"},"content":"    archiveClassifier.set(\"\")","lastModifiedDate":"2023-09-24"},{"lineNumber":39,"author":{"gitId":"-"},"content":"}","lastModifiedDate":"2020-05-25"},{"lineNumber":40,"author":{"gitId":"-"},"content":"","lastModifiedDate":"2020-05-25"},{"lineNumber":41,"author":{"gitId":"-"},"content":"checkstyle {","lastModifiedDate":"2020-05-25"},{"lineNumber":42,"author":{"gitId":"-"},"content":"    toolVersion \u003d \u002710.2\u0027","lastModifiedDate":"2022-04-29"},{"lineNumber":43,"author":{"gitId":"-"},"content":"}","lastModifiedDate":"2020-05-25"},{"lineNumber":44,"author":{"gitId":"-"},"content":"","lastModifiedDate":"2020-05-25"},{"lineNumber":45,"author":{"gitId":"-"},"content":"run{","lastModifiedDate":"2020-05-25"},{"lineNumber":46,"author":{"gitId":"-"},"content":"    standardInput \u003d System.in","lastModifiedDate":"2020-05-25"},{"lineNumber":47,"author":{"gitId":"-"},"content":"}","lastModifiedDate":"2020-05-25"}],"authorContributionMap":{"bljhty":1,"-":46}},{"path":"docs/AboutUs.md","fileType":"docs","lines":[{"lineNumber":1,"author":{"gitId":"-"},"content":"# About us","lastModifiedDate":"2020-05-24"},{"lineNumber":2,"author":{"gitId":"-"},"content":"","lastModifiedDate":"2020-05-24"},{"lineNumber":3,"author":{"gitId":"-"},"content":"Display |       Name        |              Github Profile              | Portfolio ","lastModifiedDate":"2020-05-24"},{"lineNumber":4,"author":{"gitId":"bljhty"},"content":"--------|:-----------------:|:----------------------------------------:|:---------:","lastModifiedDate":"2023-10-11"},{"lineNumber":5,"author":{"gitId":"KenCheung18"},"content":"![](https://via.placeholder.com/100.png?text\u003dPhoto) |  Cheung Ka Yuen   | [Github](https://github.com/KenCheung18) | [Portfolio](docs/team/johndoe.md)","lastModifiedDate":"2023-10-05"},{"lineNumber":6,"author":{"gitId":"bljhty"},"content":"![](https://via.placeholder.com/100.png?text\u003dPhoto) | Lee Jun Hao Bryan |   [Github](https://github.com/bljhty)    | [Portfolio](docs/team/johndoe.md)","lastModifiedDate":"2023-10-11"},{"lineNumber":7,"author":{"gitId":"-"},"content":"![](https://via.placeholder.com/100.png?text\u003dPhoto) |     Ron John      |      [Github](https://github.com/)       | [Portfolio](docs/team/johndoe.md)","lastModifiedDate":"2020-05-24"},{"lineNumber":8,"author":{"gitId":"-"},"content":"![](https://via.placeholder.com/100.png?text\u003dPhoto) |     John Roe      |      [Github](https://github.com/)       | [Portfolio](docs/team/johndoe.md)","lastModifiedDate":"2020-05-24"},{"lineNumber":9,"author":{"gitId":"-"},"content":"![](https://via.placeholder.com/100.png?text\u003dPhoto) |      Don Roe      |      [Github](https://github.com/)       | [Portfolio](docs/team/johndoe.md)","lastModifiedDate":"2020-05-24"}],"authorContributionMap":{"bljhty":2,"KenCheung18":1,"-":6}},{"path":"docs/README.md","fileType":"docs","lines":[{"lineNumber":1,"author":{"gitId":"bljhty"},"content":"# Hi","lastModifiedDate":"2023-10-05"},{"lineNumber":2,"author":{"gitId":"-"},"content":"","lastModifiedDate":"2019-07-29"},{"lineNumber":3,"author":{"gitId":"-"},"content":"{Give product intro here}","lastModifiedDate":"2020-05-24"},{"lineNumber":4,"author":{"gitId":"-"},"content":"","lastModifiedDate":"2019-07-29"},{"lineNumber":5,"author":{"gitId":"-"},"content":"Useful links:","lastModifiedDate":"2020-05-24"},{"lineNumber":6,"author":{"gitId":"-"},"content":"* [User Guide](UserGuide.md)","lastModifiedDate":"2020-05-24"},{"lineNumber":7,"author":{"gitId":"-"},"content":"* [Developer Guide](DeveloperGuide.md)","lastModifiedDate":"2020-05-24"},{"lineNumber":8,"author":{"gitId":"-"},"content":"* [About Us](AboutUs.md)","lastModifiedDate":"2020-05-24"}],"authorContributionMap":{"bljhty":1,"-":7}},{"path":"src/main/java/seedu/duke/Commands/KaChinnnngException.java","fileType":"functional-code","lines":[{"lineNumber":1,"author":{"gitId":"bljhty"},"content":"package seedu.duke.Commands;","lastModifiedDate":"2023-10-11"},{"lineNumber":2,"author":{"gitId":"bljhty"},"content":"","lastModifiedDate":"2023-10-11"},{"lineNumber":3,"author":{"gitId":"bljhty"},"content":"public class KaChinnnngException extends Exception{","lastModifiedDate":"2023-10-11"},{"lineNumber":4,"author":{"gitId":"bljhty"},"content":"    public KaChinnnngException(String message) {","lastModifiedDate":"2023-10-11"},{"lineNumber":5,"author":{"gitId":"bljhty"},"content":"        super(message);","lastModifiedDate":"2023-10-11"},{"lineNumber":6,"author":{"gitId":"bljhty"},"content":"    }","lastModifiedDate":"2023-10-11"},{"lineNumber":7,"author":{"gitId":"bljhty"},"content":"}","lastModifiedDate":"2023-10-11"}],"authorContributionMap":{"bljhty":7}},{"path":"src/main/java/seedu/duke/Commands/Parser.java","fileType":"functional-code","lines":[{"lineNumber":1,"author":{"gitId":"bljhty"},"content":"package seedu.duke.Commands;","lastModifiedDate":"2023-10-11"},{"lineNumber":2,"author":{"gitId":"bljhty"},"content":"","lastModifiedDate":"2023-10-11"},{"lineNumber":3,"author":{"gitId":"bljhty"},"content":"/*","lastModifiedDate":"2023-10-11"},{"lineNumber":4,"author":{"gitId":"bljhty"},"content":" * parser class to parse user input","lastModifiedDate":"2023-10-11"},{"lineNumber":5,"author":{"gitId":"bljhty"},"content":" */","lastModifiedDate":"2023-10-11"},{"lineNumber":6,"author":{"gitId":"bljhty"},"content":"public class Parser {","lastModifiedDate":"2023-10-11"},{"lineNumber":7,"author":{"gitId":"bljhty"},"content":"    public static String parse(String fullCommand) {","lastModifiedDate":"2023-10-11"},{"lineNumber":8,"author":{"gitId":"bljhty"},"content":"        String trimmedCommand \u003d fullCommand.trim();","lastModifiedDate":"2023-10-11"},{"lineNumber":9,"author":{"gitId":"bljhty"},"content":"        String commandLowerCase \u003d trimmedCommand.toLowerCase();","lastModifiedDate":"2023-10-11"},{"lineNumber":10,"author":{"gitId":"bljhty"},"content":"","lastModifiedDate":"2023-10-11"},{"lineNumber":11,"author":{"gitId":"bljhty"},"content":"        if (commandLowerCase.equals(\"bye\")) {","lastModifiedDate":"2023-10-11"},{"lineNumber":12,"author":{"gitId":"bljhty"},"content":"            return \"exit\";","lastModifiedDate":"2023-10-11"},{"lineNumber":13,"author":{"gitId":"bljhty"},"content":"        }","lastModifiedDate":"2023-10-11"},{"lineNumber":14,"author":{"gitId":"bljhty"},"content":"        return \"invalid\";","lastModifiedDate":"2023-10-11"},{"lineNumber":15,"author":{"gitId":"bljhty"},"content":"    }","lastModifiedDate":"2023-10-11"},{"lineNumber":16,"author":{"gitId":"bljhty"},"content":"}","lastModifiedDate":"2023-10-11"}],"authorContributionMap":{"bljhty":16}},{"path":"src/main/java/seedu/duke/Duke.java","fileType":"functional-code","lines":[{"lineNumber":1,"author":{"gitId":"-"},"content":"package seedu.duke;","lastModifiedDate":"2020-05-24"},{"lineNumber":2,"author":{"gitId":"-"},"content":"","lastModifiedDate":"2023-10-11"},{"lineNumber":3,"author":{"gitId":"bljhty"},"content":"import seedu.duke.Commands.KaChinnnngException;","lastModifiedDate":"2023-10-11"},{"lineNumber":4,"author":{"gitId":"bljhty"},"content":"import seedu.duke.Ui.Ui;","lastModifiedDate":"2023-10-09"},{"lineNumber":5,"author":{"gitId":"bljhty"},"content":"import seedu.duke.Commands.Parser;","lastModifiedDate":"2023-10-11"},{"lineNumber":6,"author":{"gitId":"-"},"content":"","lastModifiedDate":"2023-10-09"},{"lineNumber":7,"author":{"gitId":"-"},"content":"public class Duke {","lastModifiedDate":"2019-07-29"},{"lineNumber":8,"author":{"gitId":"bljhty"},"content":"    private Ui ui;","lastModifiedDate":"2023-10-09"},{"lineNumber":9,"author":{"gitId":"bljhty"},"content":"","lastModifiedDate":"2023-10-09"},{"lineNumber":10,"author":{"gitId":"-"},"content":"    /**","lastModifiedDate":"2023-10-11"},{"lineNumber":11,"author":{"gitId":"bljhty"},"content":"     * This method runs the program.","lastModifiedDate":"2023-10-11"},{"lineNumber":12,"author":{"gitId":"-"},"content":"     */","lastModifiedDate":"2023-10-11"},{"lineNumber":13,"author":{"gitId":"bljhty"},"content":"    public void run() {","lastModifiedDate":"2023-10-09"},{"lineNumber":14,"author":{"gitId":"bljhty"},"content":"        ui \u003d new Ui();","lastModifiedDate":"2023-10-09"},{"lineNumber":15,"author":{"gitId":"bljhty"},"content":"        Ui.printWelcomeMessage();","lastModifiedDate":"2023-10-09"},{"lineNumber":16,"author":{"gitId":"bljhty"},"content":"        boolean isExit \u003d false;","lastModifiedDate":"2023-10-11"},{"lineNumber":17,"author":{"gitId":"bljhty"},"content":"        while (!isExit) {","lastModifiedDate":"2023-10-11"},{"lineNumber":18,"author":{"gitId":"bljhty"},"content":"            try {","lastModifiedDate":"2023-10-11"},{"lineNumber":19,"author":{"gitId":"bljhty"},"content":"                String fullCommand \u003d ui.readCommand();","lastModifiedDate":"2023-10-11"},{"lineNumber":20,"author":{"gitId":"bljhty"},"content":"                String command \u003d Parser.parse(fullCommand);","lastModifiedDate":"2023-10-11"},{"lineNumber":21,"author":{"gitId":"bljhty"},"content":"                String[] parts \u003d command.split(\"-\", 2);","lastModifiedDate":"2023-10-11"},{"lineNumber":22,"author":{"gitId":"bljhty"},"content":"                switch (parts[0]) {","lastModifiedDate":"2023-10-11"},{"lineNumber":23,"author":{"gitId":"bljhty"},"content":"                case \"exit\":","lastModifiedDate":"2023-10-11"},{"lineNumber":24,"author":{"gitId":"bljhty"},"content":"                    isExit \u003d true;","lastModifiedDate":"2023-10-11"},{"lineNumber":25,"author":{"gitId":"bljhty"},"content":"                    ui.showLineDivider();","lastModifiedDate":"2023-10-11"},{"lineNumber":26,"author":{"gitId":"bljhty"},"content":"                    break;","lastModifiedDate":"2023-10-11"},{"lineNumber":27,"author":{"gitId":"-"},"content":"","lastModifiedDate":"2023-10-11"},{"lineNumber":28,"author":{"gitId":"bljhty"},"content":"                default:","lastModifiedDate":"2023-10-11"},{"lineNumber":29,"author":{"gitId":"bljhty"},"content":"                    ui.showLineDivider();","lastModifiedDate":"2023-10-11"},{"lineNumber":30,"author":{"gitId":"bljhty"},"content":"                    System.out.println(\"Invalid command. Please try again.\");","lastModifiedDate":"2023-10-11"},{"lineNumber":31,"author":{"gitId":"bljhty"},"content":"                    ui.showLineDivider();","lastModifiedDate":"2023-10-11"},{"lineNumber":32,"author":{"gitId":"bljhty"},"content":"                    break;","lastModifiedDate":"2023-10-11"},{"lineNumber":33,"author":{"gitId":"bljhty"},"content":"                }","lastModifiedDate":"2023-10-11"},{"lineNumber":34,"author":{"gitId":"bljhty"},"content":"            } catch (KaChinnnngException e) {","lastModifiedDate":"2023-10-11"},{"lineNumber":35,"author":{"gitId":"bljhty"},"content":"                System.out.println(e.getMessage());","lastModifiedDate":"2023-10-11"},{"lineNumber":36,"author":{"gitId":"bljhty"},"content":"            }","lastModifiedDate":"2023-10-11"},{"lineNumber":37,"author":{"gitId":"bljhty"},"content":"        }","lastModifiedDate":"2023-10-11"},{"lineNumber":38,"author":{"gitId":"bljhty"},"content":"        ui.printGoodbyeMessage();","lastModifiedDate":"2023-10-11"},{"lineNumber":39,"author":{"gitId":"-"},"content":"    }","lastModifiedDate":"2023-10-09"},{"lineNumber":40,"author":{"gitId":"bljhty"},"content":"","lastModifiedDate":"2023-10-09"},{"lineNumber":41,"author":{"gitId":"bljhty"},"content":"","lastModifiedDate":"2023-10-11"},{"lineNumber":42,"author":{"gitId":"bljhty"},"content":"    public static void main(String[] args) {","lastModifiedDate":"2023-10-09"},{"lineNumber":43,"author":{"gitId":"bljhty"},"content":"        new Duke().run();","lastModifiedDate":"2023-10-11"},{"lineNumber":44,"author":{"gitId":"-"},"content":"    }","lastModifiedDate":"2019-07-29"},{"lineNumber":45,"author":{"gitId":"bljhty"},"content":"","lastModifiedDate":"2023-10-11"},{"lineNumber":46,"author":{"gitId":"-"},"content":"}","lastModifiedDate":"2019-07-29"}],"authorContributionMap":{"bljhty":36,"-":10}},{"path":"src/main/java/seedu/duke/Ui/Ui.java","fileType":"functional-code","lines":[{"lineNumber":1,"author":{"gitId":"bljhty"},"content":"package seedu.duke.Ui;","lastModifiedDate":"2023-10-09"},{"lineNumber":2,"author":{"gitId":"bljhty"},"content":"import java.util.Scanner;","lastModifiedDate":"2023-10-09"},{"lineNumber":3,"author":{"gitId":"bljhty"},"content":"import seedu.duke.Commands.KaChinnnngException;","lastModifiedDate":"2023-10-11"},{"lineNumber":4,"author":{"gitId":"bljhty"},"content":"//import java.util.ArrayList;","lastModifiedDate":"2023-10-11"},{"lineNumber":5,"author":{"gitId":"bljhty"},"content":"","lastModifiedDate":"2023-10-09"},{"lineNumber":6,"author":{"gitId":"bljhty"},"content":"/**","lastModifiedDate":"2023-10-11"},{"lineNumber":7,"author":{"gitId":"bljhty"},"content":" * This class handles the user interface of the program.","lastModifiedDate":"2023-10-11"},{"lineNumber":8,"author":{"gitId":"bljhty"},"content":" */","lastModifiedDate":"2023-10-11"},{"lineNumber":9,"author":{"gitId":"bljhty"},"content":"public class Ui {","lastModifiedDate":"2023-10-09"},{"lineNumber":10,"author":{"gitId":"bljhty"},"content":"    private static final String lineDivider \u003d \"____________________________________________________________\";","lastModifiedDate":"2023-10-09"},{"lineNumber":11,"author":{"gitId":"bljhty"},"content":"","lastModifiedDate":"2023-10-09"},{"lineNumber":12,"author":{"gitId":"bljhty"},"content":"    public Scanner scanner;","lastModifiedDate":"2023-10-09"},{"lineNumber":13,"author":{"gitId":"bljhty"},"content":"    public Ui() {","lastModifiedDate":"2023-10-09"},{"lineNumber":14,"author":{"gitId":"bljhty"},"content":"        this.scanner \u003d new Scanner(System.in);","lastModifiedDate":"2023-10-09"},{"lineNumber":15,"author":{"gitId":"bljhty"},"content":"    }","lastModifiedDate":"2023-10-09"},{"lineNumber":16,"author":{"gitId":"bljhty"},"content":"","lastModifiedDate":"2023-10-09"},{"lineNumber":17,"author":{"gitId":"bljhty"},"content":"    public String readCommand() throws KaChinnnngException {","lastModifiedDate":"2023-10-11"},{"lineNumber":18,"author":{"gitId":"bljhty"},"content":"        if (scanner.hasNextLine()) {","lastModifiedDate":"2023-10-11"},{"lineNumber":19,"author":{"gitId":"bljhty"},"content":"            return scanner.nextLine();","lastModifiedDate":"2023-10-11"},{"lineNumber":20,"author":{"gitId":"bljhty"},"content":"        } else {","lastModifiedDate":"2023-10-11"},{"lineNumber":21,"author":{"gitId":"bljhty"},"content":"            throw new KaChinnnngException(\"No input provided by the user.\");","lastModifiedDate":"2023-10-11"},{"lineNumber":22,"author":{"gitId":"bljhty"},"content":"        }","lastModifiedDate":"2023-10-11"},{"lineNumber":23,"author":{"gitId":"bljhty"},"content":"    }","lastModifiedDate":"2023-10-11"},{"lineNumber":24,"author":{"gitId":"bljhty"},"content":"","lastModifiedDate":"2023-10-11"},{"lineNumber":25,"author":{"gitId":"bljhty"},"content":"    public void showLineDivider() {","lastModifiedDate":"2023-10-11"},{"lineNumber":26,"author":{"gitId":"bljhty"},"content":"        System.out.println(lineDivider);","lastModifiedDate":"2023-10-11"},{"lineNumber":27,"author":{"gitId":"bljhty"},"content":"    }","lastModifiedDate":"2023-10-11"},{"lineNumber":28,"author":{"gitId":"bljhty"},"content":"","lastModifiedDate":"2023-10-11"},{"lineNumber":29,"author":{"gitId":"bljhty"},"content":"    public static void printWelcomeMessage() {","lastModifiedDate":"2023-10-09"},{"lineNumber":30,"author":{"gitId":"bljhty"},"content":"        System.out.println(lineDivider);","lastModifiedDate":"2023-10-09"},{"lineNumber":31,"author":{"gitId":"bljhty"},"content":"        System.out.println(\"Welcome to KaChinnnngggg! How may i assist you today?\");","lastModifiedDate":"2023-10-09"},{"lineNumber":32,"author":{"gitId":"bljhty"},"content":"        System.out.println(lineDivider);","lastModifiedDate":"2023-10-09"},{"lineNumber":33,"author":{"gitId":"bljhty"},"content":"    }","lastModifiedDate":"2023-10-09"},{"lineNumber":34,"author":{"gitId":"bljhty"},"content":"","lastModifiedDate":"2023-10-09"},{"lineNumber":35,"author":{"gitId":"bljhty"},"content":"    public void printGoodbyeMessage() {","lastModifiedDate":"2023-10-11"},{"lineNumber":36,"author":{"gitId":"bljhty"},"content":"        System.out.println(\"Bye. Hope to see you again soon!\");","lastModifiedDate":"2023-10-09"},{"lineNumber":37,"author":{"gitId":"bljhty"},"content":"        System.out.println(lineDivider);","lastModifiedDate":"2023-10-09"},{"lineNumber":38,"author":{"gitId":"bljhty"},"content":"    }","lastModifiedDate":"2023-10-09"},{"lineNumber":39,"author":{"gitId":"bljhty"},"content":"}","lastModifiedDate":"2023-10-09"}],"authorContributionMap":{"bljhty":39}}]
