{"authorDailyContributionsMap":{"limyuhching":[{"date":"2023-10-12","commitResults":[{"hash":"7f15c328582d32d223482ccd59a5852f9ad70029","isMergeCommit":false,"messageTitle":"Add Lim Yuh Ching to AboutUs.md","messageBody":"","fileTypesAndContributionMap":{"docs":{"insertions":1,"deletions":1}}}]},{"date":"2023-10-17","commitResults":[{"hash":"47e7e2474c8c6f73387b9dcd7047da3c77cb619e","isMergeCommit":false,"messageTitle":"Add ListCommand class","messageBody":"","fileTypesAndContributionMap":{"functional-code":{"insertions":59,"deletions":5}}},{"hash":"e176e64efb5cc74bcf08757e82020ae7bc9c656f","isMergeCommit":false,"messageTitle":"Add list option to parser","messageBody":"","fileTypesAndContributionMap":{"functional-code":{"insertions":7,"deletions":4}}},{"hash":"8a99e6a7dc43fd86423cf7046827ac5f7611f9fa","isMergeCommit":false,"messageTitle":"Add Ui to ListCommand","messageBody":"","fileTypesAndContributionMap":{"functional-code":{"insertions":8,"deletions":2}}},{"hash":"54d292397684060fd65c2389c300dea0cb712504","isMergeCommit":true,"messageTitle":"Merge branch \u0027Yuh.Ching-feature-list\u0027","messageBody":"","fileTypesAndContributionMap":{}},{"hash":"ea3da5f550569c65319ff4911fe9fed728a97e64","isMergeCommit":true,"messageTitle":"Merge branch \u0027master\u0027 of https://github.com/limyuhching/tp","messageBody":"# Conflicts:\n#\tsrc/main/java/seedu/duke/Duke.java\n","fileTypesAndContributionMap":{}},{"hash":"fd506a278351582ab91f8f4b974b1db63765cfac","isMergeCommit":false,"messageTitle":"Change imports from .* to individual class","messageBody":"","fileTypesAndContributionMap":{"functional-code":{"insertions":10,"deletions":7}}},{"hash":"9c3010789b6b2bc4f285263b77d6e56b0ce6988f","isMergeCommit":false,"messageTitle":"Add DeleteIncomeCommand and DeleteExpenseCommand","messageBody":"","fileTypesAndContributionMap":{"functional-code":{"insertions":73,"deletions":1}}},{"hash":"ecdcbbe69b47d928a759d2cb81efe93cfa538c7b","isMergeCommit":true,"messageTitle":"Merge branch \u0027Yuh.Ching-feature-delete\u0027","messageBody":"# Conflicts:\n#\tsrc/main/java/seedu/duke/Duke.java\n","fileTypesAndContributionMap":{}},{"hash":"3ae858c7a01d9a61a3e500510b79b26b23fe6a5c","isMergeCommit":false,"messageTitle":"Minor bug fixes","messageBody":"","fileTypesAndContributionMap":{"functional-code":{"insertions":1,"deletions":5}}},{"hash":"69a33bbf033086dc0c4f8e2d314dff052227afd7","isMergeCommit":true,"messageTitle":"Merge branch \u0027master\u0027 into master","messageBody":"","fileTypesAndContributionMap":{}},{"hash":"939ddd821d709edc8b7e0f4c6e53bb8648e6a8d8","isMergeCommit":false,"messageTitle":"Remove duplicate import","messageBody":"","fileTypesAndContributionMap":{"functional-code":{"insertions":0,"deletions":1}}},{"hash":"e7ee368b163df8c82a81ae2738e2f745f44b9846","isMergeCommit":false,"messageTitle":"Bug fixes - wrong indexing for delete command - inconsistent line divider","messageBody":"","fileTypesAndContributionMap":{"functional-code":{"insertions":9,"deletions":12}}},{"hash":"192a5b32be615e963b03f1bb584aa7eec161324d","isMergeCommit":true,"messageTitle":"Merge pull request #57 from limyuhching/master","messageBody":"Add list and delete feature","fileTypesAndContributionMap":{}}]},{"date":"2023-10-23","commitResults":[{"hash":"470e50657798752e0cea1cf681a1286ead745f62","isMergeCommit":false,"messageTitle":"Add JavaDoc and JUnit test for DeleteIncomeCommand","messageBody":"","fileTypesAndContributionMap":{"functional-code":{"insertions":22,"deletions":2},"test-code":{"insertions":81,"deletions":0}}},{"hash":"4b8b9e883d87a6a56300486eb6a1e12affb1f7c1","isMergeCommit":false,"messageTitle":"Changed Ui output of ListCommand and DeleteExpenseCommand","messageBody":"","fileTypesAndContributionMap":{"functional-code":{"insertions":1,"deletions":6}}},{"hash":"8585f39452170b750700c20306dd0bda7ef4eb7e","isMergeCommit":false,"messageTitle":"Debug style error","messageBody":"","fileTypesAndContributionMap":{"test-code":{"insertions":5,"deletions":3}}},{"hash":"6230bbe0816a74140c927ef9d79550a43ef2e0ec","isMergeCommit":false,"messageTitle":"Add JUnit and JavaDoc to DeleteExpenseCommand","messageBody":"","fileTypesAndContributionMap":{"functional-code":{"insertions":23,"deletions":9},"test-code":{"insertions":82,"deletions":0}}},{"hash":"4db459d6ae7b6aeeb759152a49a039f92392198d","isMergeCommit":false,"messageTitle":"Add JavaDoc for ListCommand","messageBody":"","fileTypesAndContributionMap":{"functional-code":{"insertions":18,"deletions":0}}},{"hash":"385ced88b50c44c7f8f949dc3fb5fad30e859ffc","isMergeCommit":true,"messageTitle":"Merge pull request #84 from limyuhching/JUnit_DeleteIncomeCommand","messageBody":"Add JUnit for DeleteIncomeCommand","fileTypesAndContributionMap":{}},{"hash":"a675ae9e49ae0699e12bccf1e5ed6e3e76dd6703","isMergeCommit":true,"messageTitle":"Merge pull request #85 from limyuhching/JUnit_DeleteExpenseCommand","messageBody":"Add JUnit and JavaDoc to DeleteExpenseCommand","fileTypesAndContributionMap":{}},{"hash":"dc8741864a20266b1fb0e9bb10170d7dae995c8f","isMergeCommit":true,"messageTitle":"Merge branch \u0027JUnit_DeleteExpenseCommand\u0027 into Yuh.Ching-feature-edit","messageBody":"","fileTypesAndContributionMap":{}}]},{"date":"2023-10-26","commitResults":[{"hash":"2a77405896563ecf112b2964f15f81df3b8eedbd","isMergeCommit":false,"messageTitle":"Feature: Edit Income and Expense","messageBody":"","fileTypesAndContributionMap":{"functional-code":{"insertions":183,"deletions":13},"test-code":{"insertions":116,"deletions":0}}},{"hash":"752ff1c0afa5ea17df7e0bd3065ac353b0a6c410","isMergeCommit":true,"messageTitle":"Merge branch \u0027Yuh.Ching-feature-edit\u0027","messageBody":"# Conflicts:\n#\tsrc/main/java/seedu/duke/Duke.java\n#\tsrc/main/java/seedu/duke/parser/Parser.java\n#\tsrc/main/java/seedu/duke/ui/Ui.java\n#\ttext-ui-test/EXPECTED.TXT\n#\ttext-ui-test/input.txt\n","fileTypesAndContributionMap":{}},{"hash":"bbb14a8f04eac545603b09a5d59ad8163f6a35c0","isMergeCommit":true,"messageTitle":"Merge pull request #102 from limyuhching/master","messageBody":"Add Edit Feature","fileTypesAndContributionMap":{}}]},{"date":"2023-10-27","commitResults":[{"hash":"e0942052bab2c4a3db305553cc701d8200eb0634","isMergeCommit":false,"messageTitle":"Add Currency conversion feature and ExchangeRateManager class","messageBody":"ExchangeRateManager class consist of the following main features:\n- Loading exchange rates from a text file specified in the class\n- Saving the exchange rate whenever user updates it\n- Convert currency\n- show supported currecencies\n- show exchange rates\n\nAdd currency conversion function to ExpenseParser class to convert currency if applicable.\n\nDebugs:\n- Change Commands abstract class to Command\n","fileTypesAndContributionMap":{"functional-code":{"insertions":305,"deletions":28},"other":{"insertions":1,"deletions":1}}}]},{"date":"2023-10-31","commitResults":[{"hash":"a2917924094c217791ad99dbaa3e7576ca26d07e","isMergeCommit":false,"messageTitle":"Add ExchangeRateFileHandler","messageBody":"ExchangeRateFileHandler is for loading/saving exchange rates from /data/ExchangeRates.txt to the ExchangeRateManager\n","fileTypesAndContributionMap":{"functional-code":{"insertions":90,"deletions":89}}},{"hash":"eeacd7e064efef8ac6f0bf483938d1e9eda7f301","isMergeCommit":true,"messageTitle":"Merge branch \u0027master\u0027 of https://github.com/limyuhching/tp into Yuh.Ching-feature-currency.conversion","messageBody":"# Conflicts:\n#\tsrc/main/java/seedu/duke/Duke.java\n#\tsrc/main/java/seedu/duke/commands/FindCommand.java\n","fileTypesAndContributionMap":{}},{"hash":"c628ebb76ec48ee5b362e2f4cd4ed2c23c6fc04e","isMergeCommit":false,"messageTitle":"Add ExchangeRateManagerTest","messageBody":"","fileTypesAndContributionMap":{"test-code":{"insertions":68,"deletions":0}}},{"hash":"b058c8d68d570cd7a4fc7e8c2e2ce5a7aaf70eb4","isMergeCommit":false,"messageTitle":"Add ExchangeRateFileHandlerTest","messageBody":"","fileTypesAndContributionMap":{"functional-code":{"insertions":15,"deletions":3},"test-code":{"insertions":64,"deletions":0}}},{"hash":"b397b4d0aff5d7103f7d825b7adc10ac29725f31","isMergeCommit":false,"messageTitle":"Update runtest.sh","messageBody":"","fileTypesAndContributionMap":{"other":{"insertions":2,"deletions":2}}},{"hash":"f38dfc2d2767fc97878d75c6cba59754ae259667","isMergeCommit":true,"messageTitle":"Merge pull request #119 from limyuhching/Yuh.Ching-feature-currency.conversion","messageBody":"Yuh.ching feature currency.conversion","fileTypesAndContributionMap":{}}]},{"date":"2023-11-01","commitResults":[{"hash":"5602207e56a99ffa1993813731099887b366e775","isMergeCommit":false,"messageTitle":"Update UserGuide.md","messageBody":"Update add income and expense\r\nAdd edit function","fileTypesAndContributionMap":{"docs":{"insertions":30,"deletions":6}}},{"hash":"05192302fd7b7ea8d3762e90dba7a25b93e38117","isMergeCommit":false,"messageTitle":"Update UserGuide.md","messageBody":"","fileTypesAndContributionMap":{"docs":{"insertions":5,"deletions":5}}},{"hash":"0b0114196a7ef8d775415a6f50a94a6c93eb20d8","isMergeCommit":false,"messageTitle":"Add currency conversion mechanism to IncomeParser","messageBody":"Update input and expected txt file to test for currency conversion when adding income\n\nDebug:\n- Removed try and catch clause at executeCommand() add income and add expense cases to update\n","fileTypesAndContributionMap":{"functional-code":{"insertions":32,"deletions":36}}},{"hash":"45748c470f33e6931e6243cb70f12238556023c4","isMergeCommit":true,"messageTitle":"Merge branch \u0027Yuh.Ching-feature-currency.conversion\u0027 of https://github.com/limyuhching/tp into Yuh.Ching-feature-currency.conversion","messageBody":"","fileTypesAndContributionMap":{}},{"hash":"5225273eaf522230df787145b2a48093ebb9c620","isMergeCommit":true,"messageTitle":"Merge branch \u0027master\u0027 into Yuh.Ching-feature-currency.conversion","messageBody":"","fileTypesAndContributionMap":{}},{"hash":"b19139017c4076258dd7a4d3411b3de18dbce7c8","isMergeCommit":true,"messageTitle":"Merge pull request #122 from limyuhching/Yuh.Ching-feature-currency.conversion","messageBody":"Add currency conversion function to add income command","fileTypesAndContributionMap":{}},{"hash":"8a99decb9ffe87c8f0b6d83c17aa698fab7dd454","isMergeCommit":false,"messageTitle":"Update DG for ExchangeRateManager and UG for currency features","messageBody":"","fileTypesAndContributionMap":{"docs":{"insertions":51,"deletions":0}}},{"hash":"784d290005e69ab9100dba2781f37b4c8643e0f1","isMergeCommit":true,"messageTitle":"Merge branch \u0027master\u0027 of https://github.com/limyuhching/tp","messageBody":"# Conflicts:\n#\tdocs/DeveloperGuide.md\n#\tdocs/UserGuide.md\n","fileTypesAndContributionMap":{}},{"hash":"a35cbe7f188074820c6b8d8858c9b30cead02f43","isMergeCommit":true,"messageTitle":"Merge pull request #129 from limyuhching/master","messageBody":"Add DG for ExchangeRateManager and Update UG","fileTypesAndContributionMap":{}},{"hash":"09fcfa49828a09ef3a9b2b2c6cdc44d9a26da24e","isMergeCommit":false,"messageTitle":"Update UserGuide.md","messageBody":"","fileTypesAndContributionMap":{"docs":{"insertions":9,"deletions":10}}},{"hash":"297bf1fee71d8dc7a3dcecb505e9525186eac7de","isMergeCommit":false,"messageTitle":"Update Ui output of list exchange rate","messageBody":"","fileTypesAndContributionMap":{"functional-code":{"insertions":3,"deletions":0},"test-code":{"insertions":6,"deletions":1}}},{"hash":"d1edf71d893b110a6c4539835984e8c0eadbbc24","isMergeCommit":true,"messageTitle":"Merge branch \u0027AY2324S1-CS2113-T18-3:master\u0027 into master","messageBody":"","fileTypesAndContributionMap":{}},{"hash":"f04ec90e1552e5f131c108cddfc4f2171b6b2cf5","isMergeCommit":true,"messageTitle":"Merge pull request #130 from limyuhching/master","messageBody":"Update Ui output of list exchange rate function","fileTypesAndContributionMap":{}},{"hash":"5f4fdf369e36bc207f6a179f6ab333e6cdb4fa45","isMergeCommit":false,"messageTitle":"Update DeveloperGuide.md","messageBody":"","fileTypesAndContributionMap":{"docs":{"insertions":27,"deletions":12}}},{"hash":"bae3a9b1cf7eda968788456495224b5557c2540b","isMergeCommit":true,"messageTitle":"Merge pull request #131 from limyuhching/master","messageBody":"Update DeveloperGuide.md","fileTypesAndContributionMap":{}},{"hash":"3f170811bcd701d25acc27dd864a3cae9846e0e6","isMergeCommit":false,"messageTitle":"Update error messages","messageBody":"","fileTypesAndContributionMap":{"functional-code":{"insertions":23,"deletions":9}}},{"hash":"e84a5f0dd978b25275fdc69e472374dfc4a6cdfb","isMergeCommit":true,"messageTitle":"Merge branch \u0027master\u0027 of https://github.com/limyuhching/tp","messageBody":"","fileTypesAndContributionMap":{}},{"hash":"1f63dee278b7d9d3525b4724c8537887b8fa11b5","isMergeCommit":true,"messageTitle":"Merge branch \u0027master\u0027 of https://github.com/limyuhching/tp","messageBody":"","fileTypesAndContributionMap":{}},{"hash":"82c659491b30fd9e9f04c2f63f059d80a8ef6b4b","isMergeCommit":true,"messageTitle":"Merge pull request #133 from limyuhching/master","messageBody":"Update error messages","tags":["KaChinnnngv2.0"],"fileTypesAndContributionMap":{}},{"hash":"cba014761258c7c6824771a8314c473d61b1bc44","isMergeCommit":false,"messageTitle":"Update UserGuide.md","messageBody":"","fileTypesAndContributionMap":{"docs":{"insertions":6,"deletions":5}}}]},{"date":"2023-11-06","commitResults":[{"hash":"d99d8884feddde7617a7b827aed61d0f2a6ab256","isMergeCommit":false,"messageTitle":"Debug edit income negative index error message","messageBody":"","fileTypesAndContributionMap":{"functional-code":{"insertions":6,"deletions":0}}},{"hash":"4a1e3b3347fde5ea477dd765e8bfce195fb4f9a2","isMergeCommit":false,"messageTitle":"Add showUpdateExchangeRateMessage in Ui and Update error messages","messageBody":"","fileTypesAndContributionMap":{"functional-code":{"insertions":28,"deletions":13}}},{"hash":"606646e1d64903e1af7db1f09739c4502c9ebbb5","isMergeCommit":false,"messageTitle":"Add space after commands that uses startsWith()","messageBody":"Updated clear commands to use equals() instead of startsWidth()\n","fileTypesAndContributionMap":{"functional-code":{"insertions":9,"deletions":9}}},{"hash":"072b8827deafd2ba993605f41ce6767b1b1bd691","isMergeCommit":false,"messageTitle":"Delete a comment on logger","messageBody":"","fileTypesAndContributionMap":{"functional-code":{"insertions":0,"deletions":1}}},{"hash":"f805b6d9f7c54413fe0adbd9f9eeb5e54bbaf5ed","isMergeCommit":false,"messageTitle":"Add logger to UpdateExchangeRateCommand","messageBody":"","fileTypesAndContributionMap":{"functional-code":{"insertions":32,"deletions":0}}},{"hash":"f97504a06478e96deb41878d5af546d3e424d4da","isMergeCommit":true,"messageTitle":"Merge pull request #178 from limyuhching/Debug.PE-D","messageBody":"Debug.PE-D.feature.ExchangeRate","fileTypesAndContributionMap":{}},{"hash":"065911e1b3e785d215c3f648877a3656f28d3214","isMergeCommit":false,"messageTitle":"Update UserGuide.md","messageBody":"","fileTypesAndContributionMap":{"docs":{"insertions":14,"deletions":12}}},{"hash":"31c2dd55d5a0cdb204fa3f1f69ed97f6fa17da71","isMergeCommit":false,"messageTitle":"Update UserGuide.md","messageBody":"","fileTypesAndContributionMap":{"docs":{"insertions":8,"deletions":4}}},{"hash":"d8d97c824de7fc1adeccf3de192358c7e87ca721","isMergeCommit":true,"messageTitle":"Merge pull request #179 from AY2324S1-CS2113-T18-3/limyuhching-Update-UG","messageBody":"Update UserGuide.md","fileTypesAndContributionMap":{}},{"hash":"955b89356634bc11851325e8c1556e54030ab7cf","isMergeCommit":true,"messageTitle":"Merge remote-tracking branch \u0027origin/master\u0027 into Debug.PE-D","messageBody":"","fileTypesAndContributionMap":{}},{"hash":"2904f6a1c7eac996c9e9263e17d75ae2fc5c835d","isMergeCommit":true,"messageTitle":"Merge pull request #180 from limyuhching/master","messageBody":"Update sequence diagram","fileTypesAndContributionMap":{}},{"hash":"c66e21d0d7960f7afadc6720f77d42dbe62d8e32","isMergeCommit":true,"messageTitle":"Merge branch \u0027master\u0027 of https://github.com/limyuhching/tp","messageBody":"","fileTypesAndContributionMap":{}},{"hash":"09582b7d62d729df380bbba7afaff4a802b4c50f","isMergeCommit":false,"messageTitle":"Move welcome message after loadData()","messageBody":"And update \"add income\" to \"add income \" to invalidate \"add incomeABCD\"\n","fileTypesAndContributionMap":{"functional-code":{"insertions":6,"deletions":11}}},{"hash":"e6d7b1969e45cc8c7626939961e3425206a9c70f","isMergeCommit":true,"messageTitle":"Merge pull request #186 from limyuhching/master","messageBody":"Move welcome message after loadData()","fileTypesAndContributionMap":{}},{"hash":"8f66f4577053964ca46ab5e2ff9e45f3e54b03ad","isMergeCommit":false,"messageTitle":"Update UserGuide.md","messageBody":"","fileTypesAndContributionMap":{"docs":{"insertions":6,"deletions":6}}},{"hash":"e6362cc4744660328e625b56925f924323ba0ee5","isMergeCommit":false,"messageTitle":"Update UserGuide.md","messageBody":"","fileTypesAndContributionMap":{"docs":{"insertions":5,"deletions":5}}},{"hash":"0ff417a8596b6ee0747e8bcc20858e0769504158","isMergeCommit":false,"messageTitle":"Update UserGuide.md","messageBody":"","fileTypesAndContributionMap":{"docs":{"insertions":9,"deletions":8}}},{"hash":"89bdf1ed3323943e5d83d88105042a89de4a607f","isMergeCommit":false,"messageTitle":"Update DeveloperGuide.md","messageBody":"","fileTypesAndContributionMap":{"docs":{"insertions":16,"deletions":7}}}]}],"bljhty":[{"date":"2023-10-05","commitResults":[{"hash":"3647d84668028d5ea5c84d7627894a8ef0ee48fc","isMergeCommit":false,"messageTitle":"Update README.md","messageBody":"","fileTypesAndContributionMap":{"docs":{"insertions":1,"deletions":1}}}]},{"date":"2023-10-09","commitResults":[{"hash":"7e60ffed6f6e2ee9a0f983eee8e8a977406dfe5a","isMergeCommit":false,"messageTitle":"edited Duke class, added Ui class","messageBody":"","fileTypesAndContributionMap":{"functional-code":{"insertions":11,"deletions":14}}},{"hash":"d8c20c9389f7a68369aa5fbbfd4ac33184a15975","isMergeCommit":false,"messageTitle":"Revert \"edited Duke class, added Ui class\"","messageBody":"This reverts commit 7e60ffed6f6e2ee9a0f983eee8e8a977406dfe5a.\n","fileTypesAndContributionMap":{"functional-code":{"insertions":14,"deletions":11}}},{"hash":"9543dee9ca0e62cad63e6cab349aa53372035467","isMergeCommit":false,"messageTitle":"Revert \"Revert \"edited Duke class, added Ui class\"\"","messageBody":"This reverts commit d8c20c9389f7a68369aa5fbbfd4ac33184a15975.\n","fileTypesAndContributionMap":{"functional-code":{"insertions":11,"deletions":14}}},{"hash":"e6e15fd5f670eda63cebf191b00c5da28f019d90","isMergeCommit":false,"messageTitle":"no message","messageBody":"","fileTypesAndContributionMap":{"functional-code":{"insertions":26,"deletions":0}}}]},{"date":"2023-10-11","commitResults":[{"hash":"d68fb478567a1542650b85e6563e6f62f641bdce","isMergeCommit":true,"messageTitle":"Merge pull request #4 from bljhty/master","messageBody":"Ui class added","fileTypesAndContributionMap":{}},{"hash":"fd522121b4dfe8c849d157c5273ea54a0aefefdd","isMergeCommit":false,"messageTitle":"no message","messageBody":"","fileTypesAndContributionMap":{"functional-code":{"insertions":3,"deletions":1}}},{"hash":"d74d0e8d3dd1acfc47f1f94b3a55afe1245cef5b","isMergeCommit":true,"messageTitle":"Merge pull request #5 from bljhty/Bryan-Ui_Class","messageBody":"Bryan UI class","fileTypesAndContributionMap":{}},{"hash":"ac5e4bffd283c4ada16e720a489c48f40cf62d45","isMergeCommit":false,"messageTitle":"added parser class and \"bye\" command to exit the program","messageBody":"","fileTypesAndContributionMap":{"functional-code":{"insertions":42,"deletions":2}}},{"hash":"146c1e73d2ce3c3bba44f73c548c824cd6bad416","isMergeCommit":true,"messageTitle":"Merge pull request #6 from bljhty/Bryan-Ui_exit_program","messageBody":"added parser class and \"bye\" command to exit the program","fileTypesAndContributionMap":{}},{"hash":"023a67aa11129e7329f57d108d4b3b071f4dfd7a","isMergeCommit":false,"messageTitle":"no message","messageBody":"","fileTypesAndContributionMap":{"functional-code":{"insertions":1,"deletions":3}}},{"hash":"1e769fe7348a49764e97958bee02138b848c4078","isMergeCommit":false,"messageTitle":"edited code","messageBody":"","fileTypesAndContributionMap":{"functional-code":{"insertions":3,"deletions":1}}},{"hash":"56a91fa04831b1e06d8763d46b71d127c4ed2a00","isMergeCommit":false,"messageTitle":"edited code","messageBody":"","fileTypesAndContributionMap":{"functional-code":{"insertions":12,"deletions":10}}},{"hash":"2dd7e20d1facad6c28ac218229a49e0d2512af1a","isMergeCommit":true,"messageTitle":"Merge pull request #7 from bljhty/Bryan-Ui_exit_program","messageBody":"Bryan UI exit program","fileTypesAndContributionMap":{}},{"hash":"bd4a31df6e42d5a903c4fab01439db31d962cf18","isMergeCommit":false,"messageTitle":"no message","messageBody":"","fileTypesAndContributionMap":{"functional-code":{"insertions":3,"deletions":2}}},{"hash":"4e8e8a23056ebd8406321216403edf432b6999e9","isMergeCommit":true,"messageTitle":"Merge pull request #8 from bljhty/Bryan-Ui_exit_program","messageBody":"Bryan minor changes to code","fileTypesAndContributionMap":{}},{"hash":"d0d3b91db4ee5e0246a08beb19f6d5bf1becd689","isMergeCommit":false,"messageTitle":"added KaChinng exception class to handle errors","messageBody":"","fileTypesAndContributionMap":{"functional-code":{"insertions":32,"deletions":15}}},{"hash":"15235a31b2217e9e7340ec3c94e4760276fa7bb6","isMergeCommit":false,"messageTitle":"no message","messageBody":"","fileTypesAndContributionMap":{"functional-code":{"insertions":9,"deletions":9}}},{"hash":"402c958dcd6b25b20d588adf6d488ef738dadc52","isMergeCommit":false,"messageTitle":"no message","messageBody":"","fileTypesAndContributionMap":{"other":{"insertions":1,"deletions":0}}},{"hash":"d3432fa63e6626dd7c9834b0f3c44216ed6a2d2d","isMergeCommit":false,"messageTitle":"no message","messageBody":"","fileTypesAndContributionMap":{"functional-code":{"insertions":3,"deletions":1}}},{"hash":"839899344f669c73d5f8ff23d80e68b66f3e60f5","isMergeCommit":false,"messageTitle":"edited test.sh","messageBody":"","fileTypesAndContributionMap":{"functional-code":{"insertions":1,"deletions":1}}},{"hash":"b384a0a035717caa270226c388abfdc1da60cf7c","isMergeCommit":true,"messageTitle":"Merge pull request #19 from bljhty/Bryan-kachingg_exception_class","messageBody":"Bryan kachingg exception class","fileTypesAndContributionMap":{}},{"hash":"032e9e794b6cad89ea6eab4b8dbe01458b253726","isMergeCommit":false,"messageTitle":"edited aboutus page","messageBody":"","fileTypesAndContributionMap":{"docs":{"insertions":7,"deletions":7}}},{"hash":"03fd6b2bd1462b8d3696fd96ae44264b386963fa","isMergeCommit":true,"messageTitle":"Merge pull request #20 from bljhty/Bryan-edit_about_us","messageBody":"edited aboutus page","fileTypesAndContributionMap":{}}]},{"date":"2023-10-12","commitResults":[{"hash":"873f424ba9981398334f6299fda0bc3cceb73103","isMergeCommit":true,"messageTitle":"Merge pull request #24 from limyuhching/master","messageBody":"Add Lim Yuh Ching to AboutUs.md","fileTypesAndContributionMap":{}},{"hash":"28a6c552f73b92cece6ec576f68cab9a4f665f0b","isMergeCommit":false,"messageTitle":"no message","messageBody":"","fileTypesAndContributionMap":{"functional-code":{"insertions":6,"deletions":0}}},{"hash":"fac1c519c857b496309e7fe6af4af67b5e73d7e6","isMergeCommit":true,"messageTitle":"Merge pull request #26 from bljhty/Bryan-UI_class_updated","messageBody":"Bryan UI class added","fileTypesAndContributionMap":{}},{"hash":"0aac2612fa5b3b29db3f83bd3f56e9d3df220408","isMergeCommit":false,"messageTitle":"no message","messageBody":"","fileTypesAndContributionMap":{"functional-code":{"insertions":1,"deletions":1},"other":{"insertions":1,"deletions":1}}},{"hash":"dd4c190f169c56878ea072be5116d0ab299b302b","isMergeCommit":true,"messageTitle":"Merge pull request #30 from bljhty/Bryan-ParserClass","messageBody":"Bryan Parser Class","fileTypesAndContributionMap":{}},{"hash":"6e5a21ee4c8e1734c7a134cbf4c1f681fad66fef","isMergeCommit":false,"messageTitle":"Added income class","messageBody":"","fileTypesAndContributionMap":{"functional-code":{"insertions":83,"deletions":0}}},{"hash":"2d31a0a186af6541c21ffa13d5f7f60da9eaccc8","isMergeCommit":false,"messageTitle":"edited income class","messageBody":"","fileTypesAndContributionMap":{"functional-code":{"insertions":14,"deletions":13}}},{"hash":"3fa46fa0749d6bbaab94cbee2f3ca66b93b9da1f","isMergeCommit":true,"messageTitle":"Merge pull request #32 from bljhty/Bryan-IncomeClass","messageBody":"Bryan income class","fileTypesAndContributionMap":{}},{"hash":"e723c830357b03fc0f01f9d145be1a1d3417c7ed","isMergeCommit":false,"messageTitle":"added commands class","messageBody":"","fileTypesAndContributionMap":{"functional-code":{"insertions":6,"deletions":0},"other":{"insertions":2,"deletions":2}}},{"hash":"41eee99740159c15d92884ce1b22bbc2149337a6","isMergeCommit":true,"messageTitle":"Merge pull request #33 from bljhty/Bryan-commandsClass","messageBody":"added commands class","fileTypesAndContributionMap":{}},{"hash":"2ef7421ecd90522a7f5746a96af22b928cc9a5e3","isMergeCommit":false,"messageTitle":"added the add income functionality","messageBody":"","fileTypesAndContributionMap":{"functional-code":{"insertions":138,"deletions":1}}},{"hash":"0de2467e5781906407d226b74596b4b404c645f6","isMergeCommit":true,"messageTitle":"Merge pull request #35 from bljhty/Bryan-AddIncomeFunction","messageBody":"added the add income functionality","fileTypesAndContributionMap":{}},{"hash":"c1415803bafbc7e40a5307c457495e1e36b2ecd5","isMergeCommit":false,"messageTitle":"added JUnit test for income","messageBody":"","fileTypesAndContributionMap":{"test-code":{"insertions":42,"deletions":0}}},{"hash":"029f86a4fc3183c74920521dd3dcee4cceebab78","isMergeCommit":true,"messageTitle":"Merge pull request #37 from bljhty/Bryan-AddIncomeJunit","messageBody":"added JUnit test for income","fileTypesAndContributionMap":{}},{"hash":"f7be2e6b37b7ffaf6f44b59e7a24debacf9c71fb","isMergeCommit":false,"messageTitle":"added the list income function","messageBody":"","fileTypesAndContributionMap":{"functional-code":{"insertions":49,"deletions":0}}},{"hash":"95034b9c866c415fcfdc3c484ee9bb03b07f4822","isMergeCommit":true,"messageTitle":"Merge pull request #38 from bljhty/Bryan-ListCommand","messageBody":"added the list income function","fileTypesAndContributionMap":{}}]},{"date":"2023-10-13","commitResults":[{"hash":"3f5c8ecd561ac20483518ba49f808358d9a31ba6","isMergeCommit":false,"messageTitle":"Added JUnit Test for income parser class,","messageBody":"","fileTypesAndContributionMap":{"functional-code":{"insertions":2,"deletions":1},"test-code":{"insertions":54,"deletions":0}}},{"hash":"efecaa2ff6828936f318ec93f7fbbaf73b07cc47","isMergeCommit":true,"messageTitle":"Merge pull request #41 from bljhty/Bryan-AddJUnitTestIncomeParser","messageBody":"Added JUnit Test for income parser class edit minor bugs in expense class","fileTypesAndContributionMap":{}}]},{"date":"2023-10-16","commitResults":[{"hash":"b96b8820f857121283457a520bfb762ef2ca2c6c","isMergeCommit":false,"messageTitle":"minor bug fixing and added javadoc","messageBody":"","fileTypesAndContributionMap":{"functional-code":{"insertions":207,"deletions":6}}},{"hash":"a70966392c50aeb619d6895abd2a93f46c66e25a","isMergeCommit":true,"messageTitle":"Merge pull request #45 from bljhty/Bryan-bug_fixing","messageBody":"minor bug fixing and added javadoc","fileTypesAndContributionMap":{}},{"hash":"71eb946d765b405e018d22d60330e083e2a3bf13","isMergeCommit":false,"messageTitle":"no message","messageBody":"","fileTypesAndContributionMap":{"functional-code":{"insertions":0,"deletions":174},"other":{"insertions":0,"deletions":0}}},{"hash":"b8a856dcc26db8ede044ef2bcac0852bcdb3838e","isMergeCommit":false,"messageTitle":"no message","messageBody":"","fileTypesAndContributionMap":{"functional-code":{"insertions":174,"deletions":0}}},{"hash":"0789a529e66efa74edc3ba2583b1152f5bd69e45","isMergeCommit":false,"messageTitle":"no message","messageBody":"","fileTypesAndContributionMap":{"functional-code":{"insertions":1,"deletions":0}}},{"hash":"57b072ff69089aa71edecde0e12ab91907656d56","isMergeCommit":true,"messageTitle":"Merge pull request #46 from bljhty/Bryan-bug_fixing","messageBody":"Bryan bug fixing","fileTypesAndContributionMap":{}},{"hash":"c90e926cc7b8751df51dfe7387c0ceacd15a7845","isMergeCommit":false,"messageTitle":"no message","messageBody":"","fileTypesAndContributionMap":{"other":{"insertions":0,"deletions":0}}},{"hash":"dcf55f397a5193fa02c0554cb721f55d6a3c6beb","isMergeCommit":true,"messageTitle":"Merge pull request #48 from bljhty/master","messageBody":"no message","fileTypesAndContributionMap":{}},{"hash":"ac5acc3ceba4fdb5cbc729e88eab16b5edd239d0","isMergeCommit":false,"messageTitle":"no message","messageBody":"","fileTypesAndContributionMap":{"functional-code":{"insertions":1,"deletions":0}}},{"hash":"8f9b494475f77182a35a655b40d0fefb1fcade21","isMergeCommit":true,"messageTitle":"Merge pull request #50 from bljhty/master","messageBody":"no message","fileTypesAndContributionMap":{}}]},{"date":"2023-10-18","commitResults":[{"hash":"34f306cc9e5ca4ef28e89e0e87179ab88d3256cf","isMergeCommit":false,"messageTitle":"edited testsh and expected output","messageBody":"","fileTypesAndContributionMap":{"functional-code":{"insertions":8,"deletions":8}}},{"hash":"670b7ab465c3ec3436b883f873cac7cfdc7acd24","isMergeCommit":true,"messageTitle":"Merge pull request #60 from bljhty/Bryan-edit_testsh","messageBody":"edited testsh and expected output","fileTypesAndContributionMap":{}},{"hash":"c6c923f637432277043fe840fd3fbb92c8a7ef25","isMergeCommit":false,"messageTitle":"added JUnit test for expenseparser class","messageBody":"","fileTypesAndContributionMap":{"functional-code":{"insertions":3,"deletions":1},"test-code":{"insertions":183,"deletions":0}}},{"hash":"aac9e86c2c1b463fa8173ffe62fba62f4b6a2ef0","isMergeCommit":true,"messageTitle":"Merge pull request #63 from bljhty/Bryan-Expense_parser_Junit","messageBody":"added JUnit test for expenseparser class","fileTypesAndContributionMap":{}},{"hash":"15fed349abbdcd95755be03abeea18551923713e","isMergeCommit":false,"messageTitle":"updated JUnit for income parser, added javadoc for both expense parsertest and incomeParserTest","messageBody":"","fileTypesAndContributionMap":{"functional-code":{"insertions":7,"deletions":2},"test-code":{"insertions":202,"deletions":12}}},{"hash":"a06eab9c52dfff4de8d0dbdb26bc4e9b3e10f380","isMergeCommit":true,"messageTitle":"Merge pull request #64 from bljhty/Bryan-income_parser_Junit_updated","messageBody":"updated JUnit for income parser, added javadoc for both expense parse…","fileTypesAndContributionMap":{}},{"hash":"762b83d89c0b39cc91a5d31d4ad2a67e1b0b36f3","isMergeCommit":false,"messageTitle":"added expense JUnit test","messageBody":"","fileTypesAndContributionMap":{"test-code":{"insertions":69,"deletions":0}}},{"hash":"1d5706ae2c956e8475671e773ef038d27cd7c6d8","isMergeCommit":true,"messageTitle":"Merge pull request #67 from bljhty/Bryan-expenseTest","messageBody":"added expense JUnit test","fileTypesAndContributionMap":{}},{"hash":"97a9b3858d57d9a4bd339e98ed54c363175e83f4","isMergeCommit":false,"messageTitle":"added balanceTest and javadoc comments for balanceTest and expenseTest","messageBody":"","fileTypesAndContributionMap":{"test-code":{"insertions":117,"deletions":0}}},{"hash":"433aeba0e3f9ff256e9e6b065a78e1b4f7f5c7e7","isMergeCommit":true,"messageTitle":"Merge pull request #70 from bljhty/Bryan-balanceTest","messageBody":"added balanceTest and javadoc comments for balanceTest and expenseTest","fileTypesAndContributionMap":{}},{"hash":"e76caab50cc07de5b2bc2c5f80489b2d90c27f1b","isMergeCommit":false,"messageTitle":"change \"bye\" to \"exit\" to exit the program","messageBody":"","fileTypesAndContributionMap":{"functional-code":{"insertions":2,"deletions":2}}},{"hash":"e6badcdf8a009ff91209efb521c0b17f9286079b","isMergeCommit":true,"messageTitle":"Merge pull request #71 from bljhty/Bryan-balanceTest","messageBody":"change \"bye\" to \"exit\" to exit the program","fileTypesAndContributionMap":{}},{"hash":"03b17833325f95216af8857e242d3b5af65f5219","isMergeCommit":false,"messageTitle":"added logging and assertions for incomeLister, Income, incomeManager, FinancialRecord, IncomeParser and Parser","messageBody":"","fileTypesAndContributionMap":{"functional-code":{"insertions":74,"deletions":13},"other":{"insertions":4,"deletions":0}}},{"hash":"4ee809172b0d94fa8ca80d620d1a4bd10557de51","isMergeCommit":true,"messageTitle":"Merge pull request #73 from bljhty/Bryan-logging_and_assertions","messageBody":"added logging and assertions for incomeLister, Income, incomeManager,…","fileTypesAndContributionMap":{}},{"hash":"6bbab986b5e67c176ec482d39cf69b3c983c5e5f","isMergeCommit":false,"messageTitle":"updated userguide","messageBody":"","fileTypesAndContributionMap":{"docs":{"insertions":80,"deletions":18}}},{"hash":"6edfa2b4c4816e4386bf978ec444c8e680f003c0","isMergeCommit":true,"messageTitle":"Merge pull request #74 from bljhty/Bryan-UserGuide_update","messageBody":"updated userguide","tags":["KaChinnnngv1.0"],"fileTypesAndContributionMap":{}}]},{"date":"2023-10-19","commitResults":[{"hash":"62b94094ee4923eefe2d4b8c4d1cefc02f85ed08","isMergeCommit":false,"messageTitle":"no message","messageBody":"","fileTypesAndContributionMap":{"functional-code":{"insertions":11,"deletions":5}}},{"hash":"37718df880e8caf3a75c0f1c6e3565e6d2642bf2","isMergeCommit":true,"messageTitle":"Merge pull request #75 from bljhty/Bryan-EditCode","messageBody":"no message","fileTypesAndContributionMap":{}},{"hash":"bfd698b4dd26861ced11ba5ea65704c8bb1a847d","isMergeCommit":false,"messageTitle":"edited bug where logger information is being displayed in the output","messageBody":"","fileTypesAndContributionMap":{"functional-code":{"insertions":68,"deletions":5}}}]},{"date":"2023-10-23","commitResults":[{"hash":"7d763fd902700e4578442d4de7ba7cefd9c09411","isMergeCommit":false,"messageTitle":"added the find function","messageBody":"","fileTypesAndContributionMap":{"functional-code":{"insertions":75,"deletions":22}}},{"hash":"3f46ad0f1c25480383c5cb30df8dcda0af1ef9e2","isMergeCommit":false,"messageTitle":"no message","messageBody":"","fileTypesAndContributionMap":{"functional-code":{"insertions":235,"deletions":0}}},{"hash":"a8cdf9a8a14b68c448977a80a12185508edc01cf","isMergeCommit":true,"messageTitle":"Merge pull request #87 from bljhty/Bryan-Find_function","messageBody":"Bryan find function","fileTypesAndContributionMap":{}},{"hash":"39b7a99a518e790ecf6dd123857df4caab783b36","isMergeCommit":false,"messageTitle":"made it such that the log file will be in a folder instead","messageBody":"","fileTypesAndContributionMap":{"functional-code":{"insertions":34,"deletions":4}}},{"hash":"7cc042582af15a30ae4e2af2394a3a460eb27e82","isMergeCommit":true,"messageTitle":"Merge pull request #88 from bljhty/Bryan-log_fixing","messageBody":"made it such that the log file will be in a folder instead","fileTypesAndContributionMap":{}},{"hash":"6ff08dd325033acea8bf60352d53eda3ef747616","isMergeCommit":false,"messageTitle":"clean up income manager class and change input formats","messageBody":"","fileTypesAndContributionMap":{"functional-code":{"insertions":18,"deletions":18}}},{"hash":"10a9c5009055e8bd38e4fe5031d2d4467dd0e41a","isMergeCommit":false,"messageTitle":"no message","messageBody":"","fileTypesAndContributionMap":{"functional-code":{"insertions":2,"deletions":1}}},{"hash":"24ab533265f7e3716b86eb8331f978e71c3a4734","isMergeCommit":true,"messageTitle":"Merge pull request #90 from bljhty/Bryan-edit_IncomeManager","messageBody":"Bryan edit income manager","fileTypesAndContributionMap":{}}]},{"date":"2023-10-24","commitResults":[{"hash":"8636ab7ee8656732e70f001cefbaeb15ee4ee6cb","isMergeCommit":false,"messageTitle":"no message","messageBody":"","fileTypesAndContributionMap":{"functional-code":{"insertions":73,"deletions":36}}},{"hash":"7eb3bc044234d200d13e2442a134686f1e191bbb","isMergeCommit":true,"messageTitle":"Merge pull request #91 from bljhty/Bryan-logging+assertion_findcommand","messageBody":"added logging and assertions to findCommand class","fileTypesAndContributionMap":{}}]},{"date":"2023-10-25","commitResults":[{"hash":"106754518beae746363af4b8c58c0193c9674ba4","isMergeCommit":false,"messageTitle":"added DG for incomeManager","messageBody":"","fileTypesAndContributionMap":{"functional-code":{"insertions":7,"deletions":6},"docs":{"insertions":10,"deletions":0}}},{"hash":"1d7a839da12b7de630333477f4fbbed1adfc6797","isMergeCommit":true,"messageTitle":"Merge pull request #95 from bljhty/Bryan-updating_developerguide","messageBody":"added DG for incomeManager","fileTypesAndContributionMap":{}},{"hash":"5b832a32301924c877b0fb2ef0598806b54b234e","isMergeCommit":false,"messageTitle":"no message","messageBody":"","fileTypesAndContributionMap":{"functional-code":{"insertions":6,"deletions":0},"docs":{"insertions":25,"deletions":5}}},{"hash":"e7dd967864e94d72cc75560ded319bc5e2c2ad28","isMergeCommit":true,"messageTitle":"Merge pull request #101 from bljhty/Bryan-updating_developerguide(2)","messageBody":"updated UserGuide for FindCommand class and edited code snippets","fileTypesAndContributionMap":{}}]},{"date":"2023-10-26","commitResults":[{"hash":"56a7e40cb4436f0d20b0ad0e33ce1272451cea1b","isMergeCommit":false,"messageTitle":"no message","messageBody":"","fileTypesAndContributionMap":{"functional-code":{"insertions":68,"deletions":8}}}]},{"date":"2023-10-27","commitResults":[{"hash":"5b1224aa7da13e18d1570d4b4a09dc4f20e20c14","isMergeCommit":true,"messageTitle":"Merge pull request #103 from bljhty/Bryan-FincCommand_JavaDoc","messageBody":"added javadoc comments for FindCommands","fileTypesAndContributionMap":{}}]},{"date":"2023-10-29","commitResults":[{"hash":"b05cd0f22923c8b7d7ae4b9243a60fda79d97f4c","isMergeCommit":false,"messageTitle":"Added JUnit test for find command and handled bugs related to find command","messageBody":"","fileTypesAndContributionMap":{"functional-code":{"insertions":64,"deletions":25}}},{"hash":"01438403a54ddeaf1132179c5d490712d6d4d031","isMergeCommit":false,"messageTitle":"no message","messageBody":"","fileTypesAndContributionMap":{"test-code":{"insertions":464,"deletions":0}}},{"hash":"09cfe83656699dd449f045a0b1f748e1ef641c1e","isMergeCommit":true,"messageTitle":"Merge pull request #104 from KenCheung18/Javadoc-for-clear-function","messageBody":"Javadoc for clear function","fileTypesAndContributionMap":{}},{"hash":"ec4f5e59793333273e142ceb6ad2c8351ef73f58","isMergeCommit":true,"messageTitle":"Merge pull request #108 from bljhty/Bryan-FindCommand_Test","messageBody":"Bryan find command test","fileTypesAndContributionMap":{}},{"hash":"d612f6f5f0c12db14db802c0f7dea96f1ad19e55","isMergeCommit":false,"messageTitle":"included incomeManager JUnit test and incomeLister JUnit test. edited code and added more tests for incomeParser","messageBody":"","fileTypesAndContributionMap":{"functional-code":{"insertions":49,"deletions":23},"test-code":{"insertions":234,"deletions":0}}},{"hash":"aa7b1c7ec44f91b35613a871d7fcb4c695ac0846","isMergeCommit":true,"messageTitle":"Merge pull request #110 from bljhty/Bryan-income_JUnit_improvement","messageBody":"included incomeManager JUnit test and incomeLister JUnit test. edited…","fileTypesAndContributionMap":{}}]},{"date":"2023-10-30","commitResults":[{"hash":"cad4358d358566ea33630e4afb8fa3b976e80d6d","isMergeCommit":false,"messageTitle":"Added JUnit tests and javadocs","messageBody":"","fileTypesAndContributionMap":{"test-code":{"insertions":286,"deletions":1}}},{"hash":"016def46a212d025a30e4499702f463ce9b34ee2","isMergeCommit":false,"messageTitle":"no message","messageBody":"","fileTypesAndContributionMap":{"test-code":{"insertions":0,"deletions":12}}},{"hash":"c91068b24f593ef376b4649d4de09301ae84db15","isMergeCommit":true,"messageTitle":"Merge pull request #114 from bljhty/Bryan-FindParserTest","messageBody":"Added JUnit tests and javadocs","fileTypesAndContributionMap":{}}]},{"date":"2023-10-31","commitResults":[{"hash":"9bae724f3dd8aa843f8a0f61e05456ee45db68eb","isMergeCommit":false,"messageTitle":"refactored main class, added JUnit test for dukeclass and DukeTest","messageBody":"","fileTypesAndContributionMap":{"functional-code":{"insertions":169,"deletions":139},"test-code":{"insertions":512,"deletions":4}}},{"hash":"c39186d2cdff33b075f213dab331f3faa78facd6","isMergeCommit":false,"messageTitle":"ediited code","messageBody":"","fileTypesAndContributionMap":{"functional-code":{"insertions":1,"deletions":1},"test-code":{"insertions":9,"deletions":5}}},{"hash":"4d64cb99c3cdfe21b799f3a7743ab1758cc9c64c","isMergeCommit":false,"messageTitle":"no message","messageBody":"","fileTypesAndContributionMap":{"test-code":{"insertions":1,"deletions":14}}},{"hash":"2f90a79e70d36f1068ea7078780122fdb23c915f","isMergeCommit":false,"messageTitle":"no message","messageBody":"","fileTypesAndContributionMap":{"functional-code":{"insertions":2,"deletions":2},"test-code":{"insertions":3,"deletions":3}}},{"hash":"da5415d6d9866a65d45e56a579c8ff6a072802ac","isMergeCommit":false,"messageTitle":"no message","messageBody":"","fileTypesAndContributionMap":{"test-code":{"insertions":18,"deletions":12}}},{"hash":"85e66db6c2e3c95d8cbf67c6e315c52bdf81891a","isMergeCommit":false,"messageTitle":"no message","messageBody":"","fileTypesAndContributionMap":{"test-code":{"insertions":61,"deletions":55}}},{"hash":"1efd8cbc2a492c9df8c7d04338c505730f7d2b94","isMergeCommit":false,"messageTitle":"no message","messageBody":"","fileTypesAndContributionMap":{"test-code":{"insertions":16,"deletions":8}}},{"hash":"155660078e8366118417760ddff4c840d5ef1e73","isMergeCommit":false,"messageTitle":"no message","messageBody":"","fileTypesAndContributionMap":{"test-code":{"insertions":1,"deletions":213}}},{"hash":"b0f115542658b99fd3d9618f60345d06254c77c5","isMergeCommit":true,"messageTitle":"Merge pull request #116 from bljhty/Bryan-moreJUnitTest","messageBody":"Bryan more j unit test","fileTypesAndContributionMap":{}}]},{"date":"2023-11-01","commitResults":[{"hash":"df0d58b3dd2bbabeedd35b56e7f97cf50bf21c45","isMergeCommit":false,"messageTitle":"updated DG and edited some code","messageBody":"","fileTypesAndContributionMap":{"functional-code":{"insertions":2,"deletions":4},"docs":{"insertions":126,"deletions":16}}},{"hash":"6da24c75c75a943c692e675a3a83c8504c9e8d3a","isMergeCommit":true,"messageTitle":"Merge pull request #120 from bljhty/Bryan-update_DG2","messageBody":"updated DG and edited some code","fileTypesAndContributionMap":{}},{"hash":"4d38aaad822af717cc6c48291291ada27f1bd7f6","isMergeCommit":true,"messageTitle":"Merge pull request #121 from bljhty/Bryan-update_DG2","messageBody":"uploaded image","fileTypesAndContributionMap":{}},{"hash":"57b8e593605a39dfa014d3cd0d64fb96620fc564","isMergeCommit":false,"messageTitle":"no message","messageBody":"","fileTypesAndContributionMap":{"docs":{"insertions":11,"deletions":7}}},{"hash":"dba8248889441a97ac995f0b661cda14dce5a609","isMergeCommit":true,"messageTitle":"Merge branch \u0027master\u0027 into Bryan-update_UG2","messageBody":"","fileTypesAndContributionMap":{}},{"hash":"fe5a14ddf971d17ccbe16ebd9ef1a1524a5007a4","isMergeCommit":true,"messageTitle":"Merge pull request #127 from bljhty/Bryan-update_UG2","messageBody":"no message","fileTypesAndContributionMap":{}}]},{"date":"2023-11-04","commitResults":[{"hash":"15c43bb909805fe34d8efc89db50b65a373f5ac2","isMergeCommit":false,"messageTitle":"PE-D bug fixing","messageBody":"","fileTypesAndContributionMap":{"functional-code":{"insertions":31,"deletions":1},"docs":{"insertions":17,"deletions":1}}},{"hash":"14a70e81b3a04287a5f5a377be797df22a6a8524","isMergeCommit":false,"messageTitle":"no message","messageBody":"","fileTypesAndContributionMap":{"test-code":{"insertions":2,"deletions":15}}},{"hash":"65a06c4d12e766b5736c9d85a83683eee7b3d45a","isMergeCommit":true,"messageTitle":"Merge pull request #171 from bljhty/Bryan-addincome_bugfixing","messageBody":"Bryan addincome bugfixing","fileTypesAndContributionMap":{}}]},{"date":"2023-11-05","commitResults":[{"hash":"4300618a3186988ff8f73bafc5edc9a7fd227962","isMergeCommit":false,"messageTitle":"edited code + finishes up the help command","messageBody":"","fileTypesAndContributionMap":{"functional-code":{"insertions":16,"deletions":11},"test-code":{"insertions":0,"deletions":2}}},{"hash":"0f9163f4a4a939262f159a3746f1127ddda266c1","isMergeCommit":true,"messageTitle":"Merge pull request #172 from bljhty/Bryan-moreBugFixes","messageBody":"edited code + finishes up the help command","fileTypesAndContributionMap":{}},{"hash":"498453f738c09821736c48946a5dd4fcf7f597c5","isMergeCommit":false,"messageTitle":"no message","messageBody":"","fileTypesAndContributionMap":{"docs":{"insertions":129,"deletions":18}}}]},{"date":"2023-11-06","commitResults":[{"hash":"afca0b4699fe34743aa8552ea136c4af78df6bfe","isMergeCommit":true,"messageTitle":"Merge branch \u0027master\u0027 into Bryan-updatePPP","messageBody":"","fileTypesAndContributionMap":{}},{"hash":"bc4ae69e7c700840eebd4432549cbdc4a177ac3f","isMergeCommit":true,"messageTitle":"Merge pull request #181 from bljhty/Bryan-updatePPP","messageBody":"Bryan update ppp","fileTypesAndContributionMap":{}},{"hash":"717cdcc61f4a1af72c21b9fa69b74f704607ed82","isMergeCommit":false,"messageTitle":"no message","messageBody":"","fileTypesAndContributionMap":{"docs":{"insertions":23,"deletions":23}}},{"hash":"0a2165071004c2149dd1ebc4267b4677c76d7d98","isMergeCommit":true,"messageTitle":"Merge pull request #184 from bljhty/Bryan-update_images","messageBody":"updated images in developers guide","fileTypesAndContributionMap":{}}]}],"Hongzhii":[{"date":"2023-10-12","commitResults":[{"hash":"374988e8cd3295fcc475bc7750fb4b9fb00876cb","isMergeCommit":false,"messageTitle":"add expense class","messageBody":"","fileTypesAndContributionMap":{"functional-code":{"insertions":21,"deletions":0}}},{"hash":"e2c1a08d38fb0980168c121d98f9a550d41908d9","isMergeCommit":true,"messageTitle":"Merge pull request #39 from Hongzhii/add-expense-class","messageBody":"add expense class","fileTypesAndContributionMap":{}}]},{"date":"2023-10-15","commitResults":[{"hash":"fdb794183e31163e1516dff81559a932400e697b","isMergeCommit":false,"messageTitle":"add expense categories","messageBody":"","fileTypesAndContributionMap":{"functional-code":{"insertions":299,"deletions":2}}},{"hash":"f9620e70b7be8738cd6fad83aac026b9a6e3ac86","isMergeCommit":false,"messageTitle":"fix coding standards issue","messageBody":"","fileTypesAndContributionMap":{"functional-code":{"insertions":0,"deletions":1}}}]},{"date":"2023-10-16","commitResults":[{"hash":"098a0492e5d4180fdc5f363384f4dad966b685fd","isMergeCommit":true,"messageTitle":"Merge pull request #43 from Hongzhii/add-expense-class","messageBody":"create different expense categories","fileTypesAndContributionMap":{}}]},{"date":"2023-10-17","commitResults":[{"hash":"d0a0911eb6616b1d618539343913144ab3b96c0f","isMergeCommit":true,"messageTitle":"Merge branch \u0027master\u0027 of https://github.com/Hongzhii/tp into add-expense-class","messageBody":"* \u0027master\u0027 of https://github.com/Hongzhii/tp:\n  no message\n  no message\n  no message\n  no message\n  no message\n  minor bug fixing and added javadoc\n  add the help function\n\n# Conflicts:\n#\tsrc/main/java/seedu/duke/Duke.java\n#\tsrc/main/java/seedu/duke/commands/ExpenseLister.java\n#\tsrc/main/java/seedu/duke/commands/ExpenseManager.java\n#\tsrc/main/java/seedu/duke/parser/ExpenseParser.java\n#\tsrc/main/java/seedu/duke/parser/Parser.java\n","fileTypesAndContributionMap":{}},{"hash":"6dc33217fab2dad56a7817bcdf9c0bb669e527f4","isMergeCommit":true,"messageTitle":"Merge pull request #52 from Hongzhii/add-expense-class","messageBody":"Add expense class","fileTypesAndContributionMap":{}},{"hash":"2982cf9151c17da188b454e61f5d05a6f1bcd26c","isMergeCommit":true,"messageTitle":"Merge pull request #51 from AY2324S1-CS2113-T18-3/add-expense-class","messageBody":"Add expense class","fileTypesAndContributionMap":{}}]},{"date":"2023-10-18","commitResults":[{"hash":"ab30caec1cd31ad109d5be413d60a431098f662a","isMergeCommit":false,"messageTitle":"add java doc","messageBody":"","fileTypesAndContributionMap":{"functional-code":{"insertions":110,"deletions":8}}},{"hash":"c6826012f1f2fa18afe80e27196b98d85a2da144","isMergeCommit":false,"messageTitle":"fix coding standards","messageBody":"","fileTypesAndContributionMap":{"functional-code":{"insertions":3,"deletions":3}}},{"hash":"303628c0a8d489a99a106bfe47ec1b5fd3100075","isMergeCommit":true,"messageTitle":"Merge pull request #66 from Hongzhii/master","messageBody":"add java doc","fileTypesAndContributionMap":{}}]},{"date":"2023-10-20","commitResults":[{"hash":"7ee4535ebcf6a796938d1ad67f2ab82ca0537831","isMergeCommit":true,"messageTitle":"Merge pull request #82 from bljhty/Bryan_LOGGING_bug","messageBody":"edited bug where logger information is being displayed in the output","fileTypesAndContributionMap":{}}]},{"date":"2023-10-26","commitResults":[{"hash":"57091e1603dc4a51c8d4bfa9a65bada3c4bbec1b","isMergeCommit":false,"messageTitle":"change toString method to include enum type information","messageBody":"","fileTypesAndContributionMap":{"functional-code":{"insertions":3,"deletions":3}}},{"hash":"64994adc4f2dd4af9b021e5f8dae61fbd6298882","isMergeCommit":false,"messageTitle":"update parser and expense manager","messageBody":"","fileTypesAndContributionMap":{"functional-code":{"insertions":41,"deletions":11}}},{"hash":"8b2ce625f1678c12fc73a87d1a8be704963c151e","isMergeCommit":false,"messageTitle":"update unit tests","messageBody":"","fileTypesAndContributionMap":{"functional-code":{"insertions":10,"deletions":5},"test-code":{"insertions":9,"deletions":5}}},{"hash":"e3becbb79486d7af284a270c67bc444fe990a487","isMergeCommit":true,"messageTitle":"Merge branch \u0027add-type-functionality-to-expenses\u0027","messageBody":"* add-type-functionality-to-expenses:\n  update unit tests\n  update i/o tests\n  update parser and expense manager\n  change toString method to include enum type information\n","fileTypesAndContributionMap":{}},{"hash":"e0ff3d162d26673c9bdac78b0a8713dd7e4ed7b8","isMergeCommit":true,"messageTitle":"Merge pull request #105 from Hongzhii/master","messageBody":"add type functionality to expenses","fileTypesAndContributionMap":{}},{"hash":"15dda310b6cb156064f1f84aaa80d58b27f774eb","isMergeCommit":false,"messageTitle":"update developer guide","messageBody":"","fileTypesAndContributionMap":{"docs":{"insertions":36,"deletions":0}}},{"hash":"fd1e0031d8dfc29a95d461b467eda6a3eeff737b","isMergeCommit":true,"messageTitle":"Merge branch \u0027update-developer-guide\u0027","messageBody":"* update-developer-guide:\n  update developer guide\n","fileTypesAndContributionMap":{}}]},{"date":"2023-10-27","commitResults":[{"hash":"356e34b25e6d229286bcd1070a0fd092ec09c2c5","isMergeCommit":true,"messageTitle":"Merge pull request #106 from Hongzhii/master","messageBody":"update DG","fileTypesAndContributionMap":{}}]},{"date":"2023-10-31","commitResults":[{"hash":"aabf8766c925d8dd12a4fc5aa9de20ce1606d9a6","isMergeCommit":false,"messageTitle":"add expenseManager unit tests","messageBody":"","fileTypesAndContributionMap":{"test-code":{"insertions":85,"deletions":0}}},{"hash":"1b9f6c3168d8ed185b878a1df50a79adc8b7b0d1","isMergeCommit":true,"messageTitle":"Merge branch \u0027add-expense-manager-unit-tests\u0027","messageBody":"* add-expense-manager-unit-tests:\n  add expenseManager unit tests\n","fileTypesAndContributionMap":{}},{"hash":"2bedde6c82f1a217a3182cf815eddb39b255c2b1","isMergeCommit":true,"messageTitle":"Merge pull request #118 from Hongzhii/master","messageBody":"add expenseManager unit tests","fileTypesAndContributionMap":{}}]},{"date":"2023-11-01","commitResults":[{"hash":"07e46c2d0dbd53d1da885aa8e8439e89d152179c","isMergeCommit":false,"messageTitle":"update DG","messageBody":"","fileTypesAndContributionMap":{"docs":{"insertions":11,"deletions":12}}},{"hash":"a558dd4f88ede75fa5fa45a8f5580eae6e2d25f5","isMergeCommit":true,"messageTitle":"Merge branch \u0027update-expense-manager-uml-diagram\u0027","messageBody":"* update-expense-manager-uml-diagram:\n  update DG\n","fileTypesAndContributionMap":{}},{"hash":"f02b68c7c014451c4f9997c97f752d5e5f556500","isMergeCommit":true,"messageTitle":"Merge pull request #124 from Hongzhii/master","messageBody":"update DG","fileTypesAndContributionMap":{}},{"hash":"88855ab16ada236969fdd0bb6425fd7449baed77","isMergeCommit":false,"messageTitle":"add expense class diagram","messageBody":"","fileTypesAndContributionMap":{"docs":{"insertions":9,"deletions":1}}},{"hash":"20ac115c6edfdae09bc0491d2898cb989783caa1","isMergeCommit":true,"messageTitle":"Merge branch \u0027add-puml-expense-class-diagram\u0027","messageBody":"* add-puml-expense-class-diagram:\n  add expense class diagram\n","fileTypesAndContributionMap":{}},{"hash":"eb00a8c096b3c24d2c71101622ac290a2c201201","isMergeCommit":true,"messageTitle":"Merge pull request #126 from Hongzhii/master","messageBody":"add expense class diagram","fileTypesAndContributionMap":{}},{"hash":"329421bedd1803d719194d6510e6daa4f2790262","isMergeCommit":false,"messageTitle":"update expense manager uml diagram","messageBody":"","fileTypesAndContributionMap":{"docs":{"insertions":5,"deletions":0}}},{"hash":"eb4703269781820de0723c18f6099fb0ca57037e","isMergeCommit":true,"messageTitle":"Merge branch \u0027update-expenseManager-sequence-diagram\u0027","messageBody":"* update-expenseManager-sequence-diagram:\n  update expense manager uml diagram\n","fileTypesAndContributionMap":{}},{"hash":"bd8afe1054c69dfd4edb88f832dab011083c4954","isMergeCommit":true,"messageTitle":"Merge pull request #128 from Hongzhii/master","messageBody":"update expense manager uml diagram","fileTypesAndContributionMap":{}}]},{"date":"2023-11-02","commitResults":[{"hash":"0cac4961c47c26bb55174810480474927eab3e96","isMergeCommit":false,"messageTitle":"no message","messageBody":"","fileTypesAndContributionMap":{"docs":{"insertions":2,"deletions":2}}},{"hash":"6840df4d7450e531e9d7cd2a6a9a6c44b0a47e9e","isMergeCommit":true,"messageTitle":"Merge branch \u0027fix-DG-images\u0027","messageBody":"* fix-DG-images:\n  no message\n","fileTypesAndContributionMap":{}},{"hash":"c6d3eaea654352aa3032e1c5b39d772693190ab1","isMergeCommit":true,"messageTitle":"Merge pull request #134 from Hongzhii/master","messageBody":"fix DG images","fileTypesAndContributionMap":{}}]},{"date":"2023-11-06","commitResults":[{"hash":"d33cf3630189547f724885bcef2061169c3ffda1","isMergeCommit":false,"messageTitle":"change undefined to others for type category in expense","messageBody":"","fileTypesAndContributionMap":{"functional-code":{"insertions":7,"deletions":9}}},{"hash":"1fc39d66e7d95efe64e3aeb4fc5db9f95a79b4f1","isMergeCommit":true,"messageTitle":"Merge branch \u0027rename-type-info-from-undefined-to-other\u0027","messageBody":"* rename-type-info-from-undefined-to-other:\n  change undefined to others for type category in expense\n","fileTypesAndContributionMap":{}},{"hash":"a6bf4fe6a2d5ef3616478424eea3dd406e63ebfe","isMergeCommit":true,"messageTitle":"Merge pull request #182 from Hongzhii/master","messageBody":"change undefined to others for type category in expense","fileTypesAndContributionMap":{}},{"hash":"77adc2f3651383d22f8b1a16ea0a1fc009ce15c1","isMergeCommit":false,"messageTitle":"no message","messageBody":"","fileTypesAndContributionMap":{"docs":{"insertions":3,"deletions":3}}},{"hash":"2c054de8a855646f63c1bd6578070749b6123caf","isMergeCommit":true,"messageTitle":"Merge branch \u0027update-ug-for-undefined-to-other-change\u0027","messageBody":"* update-ug-for-undefined-to-other-change:\n  no message\n","fileTypesAndContributionMap":{}},{"hash":"af24e1efdf1bad85e488e1e26f38c9f739b069a9","isMergeCommit":true,"messageTitle":"Merge pull request #183 from Hongzhii/master","messageBody":"update ug for undefined to other change","fileTypesAndContributionMap":{}}]}],"KenCheung18":[{"date":"2023-10-05","commitResults":[{"hash":"ff771b65c44f9dd8452f28d33c98131f6ebdaca3","isMergeCommit":false,"messageTitle":"AboutUs","messageBody":"","fileTypesAndContributionMap":{"docs":{"insertions":7,"deletions":7}}},{"hash":"169d557cd8aeb41bfc052c8baa84595ffdfb91a6","isMergeCommit":true,"messageTitle":"Merge pull request #3 from KenCheung18/AboutUs","messageBody":"AboutUs","fileTypesAndContributionMap":{}}]},{"date":"2023-10-16","commitResults":[{"hash":"329946ddf88f470e861a65d067db83b89ac74e38","isMergeCommit":false,"messageTitle":"add the help function","messageBody":"","fileTypesAndContributionMap":{"functional-code":{"insertions":38,"deletions":0}}},{"hash":"4451eda2b70e6fac03872dd33858a8d24c486e4c","isMergeCommit":true,"messageTitle":"Merge pull request #44 from KenCheung18/Usage-instructions","messageBody":"add the help function","fileTypesAndContributionMap":{}}]},{"date":"2023-10-17","commitResults":[{"hash":"bcae9628b344bc6cb291a079aca607faff1fe7db","isMergeCommit":false,"messageTitle":"Solve conflict","messageBody":"","fileTypesAndContributionMap":{"functional-code":{"insertions":1,"deletions":3}}},{"hash":"85c13e1244776c0f0866cdcce5a35676a6c27715","isMergeCommit":false,"messageTitle":"Solve another conflict","messageBody":"","fileTypesAndContributionMap":{"functional-code":{"insertions":0,"deletions":3}}},{"hash":"10b6b25ca6c8901d81089ea4d3f1914ea47a41df","isMergeCommit":false,"messageTitle":"Solve minor bug on switch statement","messageBody":"","fileTypesAndContributionMap":{"functional-code":{"insertions":1,"deletions":0}}},{"hash":"d92551230ce733460145529d1b989be404f9e7d2","isMergeCommit":true,"messageTitle":"Merge pull request #53 from KenCheung18/Bug-solve-for-expense-class","messageBody":"Solve merge conflict","fileTypesAndContributionMap":{}},{"hash":"963101c37e2e2463d2b56dbbc75f772ae778bee2","isMergeCommit":false,"messageTitle":"Balance Function","messageBody":"","fileTypesAndContributionMap":{"functional-code":{"insertions":40,"deletions":0}}},{"hash":"b61608b37db593b319f5b214c27c1ed7a2a47202","isMergeCommit":false,"messageTitle":"Minor bug fix","messageBody":"","fileTypesAndContributionMap":{"functional-code":{"insertions":5,"deletions":5}}},{"hash":"fb0d1b79960c19af7b291b56b8cd9925b24cb710","isMergeCommit":true,"messageTitle":"Merge pull request #58 from KenCheung18/Balance","messageBody":"Balance Function","fileTypesAndContributionMap":{}},{"hash":"f186609c39c31189eeeebeb89d7dc00b32bea648","isMergeCommit":false,"messageTitle":"Bug fix on balance function","messageBody":"","fileTypesAndContributionMap":{"functional-code":{"insertions":2,"deletions":1}}},{"hash":"2796193e5f7ec9efb7eb8c7f92d5ae2b26eadea0","isMergeCommit":true,"messageTitle":"Merge pull request #59 from KenCheung18/Balance-bug-fix","messageBody":"Bug fix on balance function","fileTypesAndContributionMap":{}}]},{"date":"2023-10-18","commitResults":[{"hash":"39b92cb3edb128ffb3386d0d23a3d6a3a9e47010","isMergeCommit":false,"messageTitle":"javadoc for Balance and UsageInstructions class","messageBody":"","fileTypesAndContributionMap":{"functional-code":{"insertions":19,"deletions":1}}},{"hash":"e8cbb9f2e94ac946debabad31cd1e21edd590e4a","isMergeCommit":false,"messageTitle":"minor bug fix","messageBody":"","fileTypesAndContributionMap":{"functional-code":{"insertions":1,"deletions":1}}},{"hash":"b33182fbf46985067b73ce658ac1e1b8966a7a07","isMergeCommit":false,"messageTitle":"javadoc bug fix","messageBody":"","fileTypesAndContributionMap":{"functional-code":{"insertions":4,"deletions":2}}},{"hash":"2e540a1baf3784a8c9fff244e353199805ff168c","isMergeCommit":true,"messageTitle":"Merge pull request #65 from KenCheung18/Balance-add-javadoc","messageBody":"Add javadoc on balance class","fileTypesAndContributionMap":{}}]},{"date":"2023-10-25","commitResults":[{"hash":"beed4e277ab87a56865f2feec2c41315f7618e61","isMergeCommit":false,"messageTitle":"Save the income and expense to txt file","messageBody":"","fileTypesAndContributionMap":{"functional-code":{"insertions":66,"deletions":0}}},{"hash":"30495ba61c5154c18acdbb12a2c764428fd20547","isMergeCommit":false,"messageTitle":"Get the incomes and expenses from txt file","messageBody":"","fileTypesAndContributionMap":{"functional-code":{"insertions":103,"deletions":0}}},{"hash":"44cc8ff64eed0b27d78091d1f94c36906df9c32b","isMergeCommit":false,"messageTitle":"Add javadoc","messageBody":"","fileTypesAndContributionMap":{"functional-code":{"insertions":56,"deletions":4}}},{"hash":"e1662d922f6415fc120ee9a46ec3707f937553f1","isMergeCommit":false,"messageTitle":"Style correction","messageBody":"","fileTypesAndContributionMap":{"functional-code":{"insertions":22,"deletions":11}}},{"hash":"10a8106e93484afda5a7bb7cd116372428881158","isMergeCommit":true,"messageTitle":"Merge pull request #93 from KenCheung18/Storage-function","messageBody":"Storage function","fileTypesAndContributionMap":{}},{"hash":"26c32ef86ca87fb6f6602410781caa103fa14a10","isMergeCommit":false,"messageTitle":"Clear income function","messageBody":"","fileTypesAndContributionMap":{"functional-code":{"insertions":38,"deletions":4}}},{"hash":"8a55003d9fe93008935363b856988d29a4ec29a0","isMergeCommit":false,"messageTitle":"Clear expense function","messageBody":"","fileTypesAndContributionMap":{"functional-code":{"insertions":16,"deletions":0}}},{"hash":"cfbc0c5c9c5c2ef4805199276fcf827ff906dd42","isMergeCommit":false,"messageTitle":"Clear all and due with the user input","messageBody":"","fileTypesAndContributionMap":{"functional-code":{"insertions":30,"deletions":0}}},{"hash":"2194afadd9dd4b1617ef8cbd65f4fa2b2a11ca61","isMergeCommit":true,"messageTitle":"Merge pull request #94 from KenCheung18/Clear-function","messageBody":"Clear function","fileTypesAndContributionMap":{}}]},{"date":"2023-10-26","commitResults":[{"hash":"89ad03ea042f3777bf018efe75838c4e3d533edc","isMergeCommit":false,"messageTitle":"Javadoc for clear expense class","messageBody":"","fileTypesAndContributionMap":{"functional-code":{"insertions":14,"deletions":0}}},{"hash":"d3c68cf8dd447bca268780ceaf2d82c7418d0e27","isMergeCommit":false,"messageTitle":"javadoc for clear income class","messageBody":"","fileTypesAndContributionMap":{"functional-code":{"insertions":17,"deletions":2}}},{"hash":"cddaafdf18b36955f4abd56100af401907d41ae9","isMergeCommit":false,"messageTitle":"javadoc for clear all class","messageBody":"","fileTypesAndContributionMap":{"functional-code":{"insertions":15,"deletions":4}}}]},{"date":"2023-10-27","commitResults":[{"hash":"76c95157c2e101d5b2ea291f63d431c02a2157d6","isMergeCommit":false,"messageTitle":"Create DG for GetFromTxt","messageBody":"","fileTypesAndContributionMap":{"docs":{"insertions":13,"deletions":0}}},{"hash":"7dfba6bfa646fc484614a76326af86af8d7ab514","isMergeCommit":true,"messageTitle":"Merge pull request #107 from KenCheung18/Developer-Guide-GetFromTxt","messageBody":"Create DG for GetFromTxt","fileTypesAndContributionMap":{}}]},{"date":"2023-10-31","commitResults":[{"hash":"77f3ccb1abc5bdab5eba90b385c25ed45f981a2b","isMergeCommit":false,"messageTitle":"Add JUnit test for clear function","messageBody":"","fileTypesAndContributionMap":{"functional-code":{"insertions":2,"deletions":2},"test-code":{"insertions":114,"deletions":0}}},{"hash":"9224d26bfe0ffa5e388e68d3ffbfca5c5f10048d","isMergeCommit":false,"messageTitle":"JUnit test for all clear functions","messageBody":"","fileTypesAndContributionMap":{"test-code":{"insertions":99,"deletions":7}}},{"hash":"a5d5cf43575be5a476be60346aeceb04477d9451","isMergeCommit":false,"messageTitle":"JavaDoc comments for tests","messageBody":"","fileTypesAndContributionMap":{"test-code":{"insertions":9,"deletions":5}}},{"hash":"b0034c04efb4b1905313106f11c262cf1be951a0","isMergeCommit":false,"messageTitle":"JUnit test for saveToTextFile","messageBody":"","fileTypesAndContributionMap":{"test-code":{"insertions":195,"deletions":0}}},{"hash":"093b837ffd060a35e7b6fd30a8184e894b6d3bb9","isMergeCommit":false,"messageTitle":"Save to txt test bug fix","messageBody":"","fileTypesAndContributionMap":{"test-code":{"insertions":16,"deletions":16}}},{"hash":"dc07ee1721cf8225ff4cd9a31b14eb0aef48915e","isMergeCommit":false,"messageTitle":"JUnit test for getFromFTxt","messageBody":"","fileTypesAndContributionMap":{"test-code":{"insertions":168,"deletions":0}}},{"hash":"1b4d2168d5cea415ca6a081c41d88dfbadbeced9","isMergeCommit":false,"messageTitle":"Bug fix on JUnit test for clear function","messageBody":"","fileTypesAndContributionMap":{"test-code":{"insertions":11,"deletions":9}}},{"hash":"c037720844d97d9b17088cdf3bac60725af90a82","isMergeCommit":false,"messageTitle":"Change back","messageBody":"","fileTypesAndContributionMap":{"functional-code":{"insertions":2,"deletions":2}}},{"hash":"db21169e24ebc3852becf549da1448763e314561","isMergeCommit":true,"messageTitle":"Merge branch \u0027master\u0027 into JUnit-test-for-clear-function","messageBody":"","fileTypesAndContributionMap":{}},{"hash":"2379ef9e6fbfd090339e126b14958d04fdcc2845","isMergeCommit":false,"messageTitle":"Changes to the JUnit test","messageBody":"","fileTypesAndContributionMap":{"test-code":{"insertions":10,"deletions":6}}},{"hash":"b41f976e47a1161454d0940c7c58df851e651069","isMergeCommit":false,"messageTitle":"Bug Fix","messageBody":"","fileTypesAndContributionMap":{"functional-code":{"insertions":2,"deletions":2}}},{"hash":"2b926cdd1dac78fc1d77d50a5b43f977d8aad043","isMergeCommit":true,"messageTitle":"Merge branch \u0027JUnit-test-for-clear-function\u0027 of https://github.com/KenCheung18/tp into JUnit-test-for-clear-function","messageBody":"","fileTypesAndContributionMap":{}},{"hash":"d8bb04396d9eec5473f12831e53b9823cb292744","isMergeCommit":true,"messageTitle":"Merge pull request #117 from KenCheung18/JUnit-test-for-Storage","messageBody":"JUnit test for storage","fileTypesAndContributionMap":{}},{"hash":"cb8d827a79b4493642442ad5e2b1513a58e3ce57","isMergeCommit":false,"messageTitle":"Bug fix","messageBody":"","fileTypesAndContributionMap":{"functional-code":{"insertions":1,"deletions":1}}},{"hash":"52b40ea3d0e7b128528ec1f525dbbbe978991f75","isMergeCommit":true,"messageTitle":"Merge pull request #115 from KenCheung18/JUnit-test-for-clear-function","messageBody":"J unit test for clear function","fileTypesAndContributionMap":{}}]},{"date":"2023-11-01","commitResults":[{"hash":"9ceaf1dd39d6ca49663c42f6395871921b2052bf","isMergeCommit":false,"messageTitle":"Add user guide and minor change to the Usage Instructions","messageBody":"","fileTypesAndContributionMap":{"functional-code":{"insertions":12,"deletions":6},"docs":{"insertions":18,"deletions":3}}},{"hash":"0d0dd72dc381cb5c687c35fe6a1badce35480c2a","isMergeCommit":true,"messageTitle":"Merge branch \u0027master\u0027 into User-guide-and-add-new-content-on-help-function","messageBody":"","fileTypesAndContributionMap":{}},{"hash":"e161409382108b4fcd7ece3ae78fb9d2292c02a5","isMergeCommit":true,"messageTitle":"Merge branch \u0027User-guide-and-add-new-content-on-help-function\u0027 of https://github.com/KenCheung18/tp into User-guide-and-add-new-content-on-help-function","messageBody":"","fileTypesAndContributionMap":{}},{"hash":"c8fbcceac4ea92f4849d589cc9ffe5c88e6a3d50","isMergeCommit":true,"messageTitle":"Merge pull request #123 from KenCheung18/User-guide-and-add-new-content-on-help-function","messageBody":"Add user guide and minor change to the Usage Instructions","fileTypesAndContributionMap":{}},{"hash":"8243f1b1b244f91e9d2fa73aeaf729221b08598e","isMergeCommit":false,"messageTitle":"Change to developer guide","messageBody":"","fileTypesAndContributionMap":{"docs":{"insertions":12,"deletions":0}}},{"hash":"e6e3dd6a2ac40e62f50a7b95d312e02d729e7d92","isMergeCommit":true,"messageTitle":"Merge pull request #125 from KenCheung18/Developer-guide-changes","messageBody":"Change to developer guide","fileTypesAndContributionMap":{}},{"hash":"cc4cffd2d86c646768194f84f0c1b2e72586f3db","isMergeCommit":false,"messageTitle":"help function update for currency update","messageBody":"","fileTypesAndContributionMap":{"functional-code":{"insertions":2,"deletions":0}}},{"hash":"cf9b01c8a4b0f39204065b62d07c3bf8fa272687","isMergeCommit":false,"messageTitle":"change to test-ui-test","messageBody":"","fileTypesAndContributionMap":{"functional-code":{"insertions":2,"deletions":2}}},{"hash":"01f93937f3d4d507e268a9fdf1d669c9595fc671","isMergeCommit":false,"messageTitle":"bug fix","messageBody":"","fileTypesAndContributionMap":{"functional-code":{"insertions":2,"deletions":1}}},{"hash":"4400e4efb109faf83a0bf188fcb764fdd5b24c5a","isMergeCommit":true,"messageTitle":"Merge pull request #132 from KenCheung18/help-function-update","messageBody":"Help function update","fileTypesAndContributionMap":{}}]},{"date":"2023-11-02","commitResults":[{"hash":"169b8d750e0eacdad1107bf115150e5c5961c880","isMergeCommit":false,"messageTitle":"DG fix","messageBody":"","fileTypesAndContributionMap":{"docs":{"insertions":8,"deletions":8}}},{"hash":"17e05bc61d623f55c63e37259ca7daa85c8d6dd2","isMergeCommit":true,"messageTitle":"Merge branch \u0027master\u0027 into DG-fix","messageBody":"","fileTypesAndContributionMap":{}},{"hash":"a3a88020755f643e2676d8f0afda3e565a99f1d1","isMergeCommit":true,"messageTitle":"Merge pull request #135 from KenCheung18/DG-fix","messageBody":"DG fix","fileTypesAndContributionMap":{}}]},{"date":"2023-11-06","commitResults":[{"hash":"79965a42a84b97c7898ef159f9da048d2a4d0980","isMergeCommit":false,"messageTitle":"UG fix","messageBody":"","fileTypesAndContributionMap":{"functional-code":{"insertions":2,"deletions":0},"docs":{"insertions":24,"deletions":10}}},{"hash":"c48ff6780434b27bc62e4c20cc389a5325da7b1e","isMergeCommit":true,"messageTitle":"Merge pull request #173 from KenCheung18/Bug_fix_on_UG","messageBody":"UG fix","fileTypesAndContributionMap":{}},{"hash":"c79d40668bfb41dea82a82b69258e5df2151f2ee","isMergeCommit":false,"messageTitle":"Change balance function to print only 2dp and without the scientific format","messageBody":"","fileTypesAndContributionMap":{"functional-code":{"insertions":4,"deletions":1}}},{"hash":"eac563854683bd8ece366e7863ec32287727474a","isMergeCommit":false,"messageTitle":"style check fix","messageBody":"","fileTypesAndContributionMap":{"functional-code":{"insertions":1,"deletions":1}}},{"hash":"8e9540235beee716957975fc0d0bfa9ea1eea44a","isMergeCommit":false,"messageTitle":"Duke test fix","messageBody":"","fileTypesAndContributionMap":{"test-code":{"insertions":1,"deletions":1}}},{"hash":"a5bb7fea1a6329e5c87fbd0a824797fcd0245305","isMergeCommit":true,"messageTitle":"Merge pull request #174 from KenCheung18/Bug_fix_on_balance_functioin","messageBody":"Change balance function to print only 2dp and without the scientific …","fileTypesAndContributionMap":{}},{"hash":"524904a8690a9ebdec9334aaaed8f76c6a6fd616","isMergeCommit":false,"messageTitle":"change the website from google doc to github userguide","messageBody":"","fileTypesAndContributionMap":{"functional-code":{"insertions":1,"deletions":1}}},{"hash":"c3b252124617c9d312b409ce62d6f2dd54642ca1","isMergeCommit":false,"messageTitle":"change to userguide","messageBody":"","fileTypesAndContributionMap":{"docs":{"insertions":18,"deletions":18}}},{"hash":"ad171629189f48712e6a91bb6407bfb5e437c333","isMergeCommit":true,"messageTitle":"Merge pull request #175 from KenCheung18/help_function_change","messageBody":"Help function change","fileTypesAndContributionMap":{}},{"hash":"7d40e19f76aed49ba358c678c82881a0d5e60623","isMergeCommit":false,"messageTitle":"change the storage to deal with | and log","messageBody":"","fileTypesAndContributionMap":{"functional-code":{"insertions":121,"deletions":14},"test-code":{"insertions":14,"deletions":14}}},{"hash":"b75dce1e10b7c305abdd50a76c8a2ad920c41661","isMergeCommit":true,"messageTitle":"Merge pull request #187 from KenCheung18/Storage-function-change","messageBody":"change the storage to deal with | and log","fileTypesAndContributionMap":{}}]}]},"authorFileTypeContributionMap":{"limyuhching":{"docs":151,"functional-code":731,"test-code":415},"bljhty":{"docs":329,"functional-code":1302,"test-code":1918,"other":5},"Hongzhii":{"docs":46,"functional-code":426,"test-code":94},"KenCheung18":{"docs":64,"functional-code":541,"test-code":580}},"authorContributionVariance":{"limyuhching":10154.148,"bljhty":67145.58,"Hongzhii":2610.4512,"KenCheung18":13135.434},"authorDisplayNameMap":{"limyuhching":"CS2113-T18-3 LIM ..HING","bljhty":"CS2113-T18-3 LEE ..RYAN","Hongzhii":"CS2113-T18-3 EE H.. ZHI","KenCheung18":"CS2113-T18-3 CHEU..YUEN"}}
