{"authorDailyContributionsMap":{"Zhang-Zhitong":[],"limyuhching":[{"date":"2023-10-12","commitResults":[{"hash":"7f15c328582d32d223482ccd59a5852f9ad70029","isMergeCommit":false,"messageTitle":"Add Lim Yuh Ching to AboutUs.md","messageBody":"","fileTypesAndContributionMap":{"docs":{"insertions":1,"deletions":1}}}]}],"bljhty":[{"date":"2023-10-05","commitResults":[{"hash":"3647d84668028d5ea5c84d7627894a8ef0ee48fc","isMergeCommit":false,"messageTitle":"Update README.md","messageBody":"","fileTypesAndContributionMap":{"docs":{"insertions":1,"deletions":1}}}]},{"date":"2023-10-09","commitResults":[{"hash":"7e60ffed6f6e2ee9a0f983eee8e8a977406dfe5a","isMergeCommit":false,"messageTitle":"edited Duke class, added Ui class","messageBody":"","fileTypesAndContributionMap":{"functional-code":{"insertions":11,"deletions":14}}},{"hash":"d8c20c9389f7a68369aa5fbbfd4ac33184a15975","isMergeCommit":false,"messageTitle":"Revert \"edited Duke class, added Ui class\"","messageBody":"This reverts commit 7e60ffed6f6e2ee9a0f983eee8e8a977406dfe5a.\n","fileTypesAndContributionMap":{"functional-code":{"insertions":14,"deletions":11}}},{"hash":"9543dee9ca0e62cad63e6cab349aa53372035467","isMergeCommit":false,"messageTitle":"Revert \"Revert \"edited Duke class, added Ui class\"\"","messageBody":"This reverts commit d8c20c9389f7a68369aa5fbbfd4ac33184a15975.\n","fileTypesAndContributionMap":{"functional-code":{"insertions":11,"deletions":14}}},{"hash":"e6e15fd5f670eda63cebf191b00c5da28f019d90","isMergeCommit":false,"messageTitle":"no message","messageBody":"","fileTypesAndContributionMap":{"functional-code":{"insertions":26,"deletions":0}}}]},{"date":"2023-10-11","commitResults":[{"hash":"d68fb478567a1542650b85e6563e6f62f641bdce","isMergeCommit":true,"messageTitle":"Merge pull request #4 from bljhty/master","messageBody":"Ui class added","fileTypesAndContributionMap":{}},{"hash":"fd522121b4dfe8c849d157c5273ea54a0aefefdd","isMergeCommit":false,"messageTitle":"no message","messageBody":"","fileTypesAndContributionMap":{"functional-code":{"insertions":3,"deletions":1}}},{"hash":"d74d0e8d3dd1acfc47f1f94b3a55afe1245cef5b","isMergeCommit":true,"messageTitle":"Merge pull request #5 from bljhty/Bryan-Ui_Class","messageBody":"Bryan UI class","fileTypesAndContributionMap":{}},{"hash":"ac5e4bffd283c4ada16e720a489c48f40cf62d45","isMergeCommit":false,"messageTitle":"added parser class and \"bye\" command to exit the program","messageBody":"","fileTypesAndContributionMap":{"functional-code":{"insertions":42,"deletions":2}}},{"hash":"146c1e73d2ce3c3bba44f73c548c824cd6bad416","isMergeCommit":true,"messageTitle":"Merge pull request #6 from bljhty/Bryan-Ui_exit_program","messageBody":"added parser class and \"bye\" command to exit the program","fileTypesAndContributionMap":{}},{"hash":"023a67aa11129e7329f57d108d4b3b071f4dfd7a","isMergeCommit":false,"messageTitle":"no message","messageBody":"","fileTypesAndContributionMap":{"functional-code":{"insertions":1,"deletions":3}}},{"hash":"1e769fe7348a49764e97958bee02138b848c4078","isMergeCommit":false,"messageTitle":"edited code","messageBody":"","fileTypesAndContributionMap":{"functional-code":{"insertions":3,"deletions":1}}},{"hash":"56a91fa04831b1e06d8763d46b71d127c4ed2a00","isMergeCommit":false,"messageTitle":"edited code","messageBody":"","fileTypesAndContributionMap":{"functional-code":{"insertions":12,"deletions":10}}},{"hash":"2dd7e20d1facad6c28ac218229a49e0d2512af1a","isMergeCommit":true,"messageTitle":"Merge pull request #7 from bljhty/Bryan-Ui_exit_program","messageBody":"Bryan UI exit program","fileTypesAndContributionMap":{}},{"hash":"bd4a31df6e42d5a903c4fab01439db31d962cf18","isMergeCommit":false,"messageTitle":"no message","messageBody":"","fileTypesAndContributionMap":{"functional-code":{"insertions":3,"deletions":2}}},{"hash":"4e8e8a23056ebd8406321216403edf432b6999e9","isMergeCommit":true,"messageTitle":"Merge pull request #8 from bljhty/Bryan-Ui_exit_program","messageBody":"Bryan minor changes to code","fileTypesAndContributionMap":{}},{"hash":"d0d3b91db4ee5e0246a08beb19f6d5bf1becd689","isMergeCommit":false,"messageTitle":"added KaChinng exception class to handle errors","messageBody":"","fileTypesAndContributionMap":{"functional-code":{"insertions":32,"deletions":15}}},{"hash":"15235a31b2217e9e7340ec3c94e4760276fa7bb6","isMergeCommit":false,"messageTitle":"no message","messageBody":"","fileTypesAndContributionMap":{"functional-code":{"insertions":9,"deletions":9}}},{"hash":"402c958dcd6b25b20d588adf6d488ef738dadc52","isMergeCommit":false,"messageTitle":"no message","messageBody":"","fileTypesAndContributionMap":{"other":{"insertions":1,"deletions":0}}},{"hash":"d3432fa63e6626dd7c9834b0f3c44216ed6a2d2d","isMergeCommit":false,"messageTitle":"no message","messageBody":"","fileTypesAndContributionMap":{"functional-code":{"insertions":3,"deletions":1}}},{"hash":"839899344f669c73d5f8ff23d80e68b66f3e60f5","isMergeCommit":false,"messageTitle":"edited test.sh","messageBody":"","fileTypesAndContributionMap":{"functional-code":{"insertions":1,"deletions":1}}},{"hash":"b384a0a035717caa270226c388abfdc1da60cf7c","isMergeCommit":true,"messageTitle":"Merge pull request #19 from bljhty/Bryan-kachingg_exception_class","messageBody":"Bryan kachingg exception class","fileTypesAndContributionMap":{}},{"hash":"032e9e794b6cad89ea6eab4b8dbe01458b253726","isMergeCommit":false,"messageTitle":"edited aboutus page","messageBody":"","fileTypesAndContributionMap":{"docs":{"insertions":7,"deletions":7}}},{"hash":"03fd6b2bd1462b8d3696fd96ae44264b386963fa","isMergeCommit":true,"messageTitle":"Merge pull request #20 from bljhty/Bryan-edit_about_us","messageBody":"edited aboutus page","fileTypesAndContributionMap":{}}]},{"date":"2023-10-12","commitResults":[{"hash":"873f424ba9981398334f6299fda0bc3cceb73103","isMergeCommit":true,"messageTitle":"Merge pull request #24 from limyuhching/master","messageBody":"Add Lim Yuh Ching to AboutUs.md","fileTypesAndContributionMap":{}},{"hash":"28a6c552f73b92cece6ec576f68cab9a4f665f0b","isMergeCommit":false,"messageTitle":"no message","messageBody":"","fileTypesAndContributionMap":{"functional-code":{"insertions":6,"deletions":0}}},{"hash":"fac1c519c857b496309e7fe6af4af67b5e73d7e6","isMergeCommit":true,"messageTitle":"Merge pull request #26 from bljhty/Bryan-UI_class_updated","messageBody":"Bryan UI class added","fileTypesAndContributionMap":{}},{"hash":"0aac2612fa5b3b29db3f83bd3f56e9d3df220408","isMergeCommit":false,"messageTitle":"no message","messageBody":"","fileTypesAndContributionMap":{"functional-code":{"insertions":1,"deletions":1},"other":{"insertions":1,"deletions":1}}},{"hash":"dd4c190f169c56878ea072be5116d0ab299b302b","isMergeCommit":true,"messageTitle":"Merge pull request #30 from bljhty/Bryan-ParserClass","messageBody":"Bryan Parser Class","fileTypesAndContributionMap":{}},{"hash":"6e5a21ee4c8e1734c7a134cbf4c1f681fad66fef","isMergeCommit":false,"messageTitle":"Added income class","messageBody":"","fileTypesAndContributionMap":{"functional-code":{"insertions":83,"deletions":0}}},{"hash":"2d31a0a186af6541c21ffa13d5f7f60da9eaccc8","isMergeCommit":false,"messageTitle":"edited income class","messageBody":"","fileTypesAndContributionMap":{"functional-code":{"insertions":14,"deletions":13}}},{"hash":"3fa46fa0749d6bbaab94cbee2f3ca66b93b9da1f","isMergeCommit":true,"messageTitle":"Merge pull request #32 from bljhty/Bryan-IncomeClass","messageBody":"Bryan income class","fileTypesAndContributionMap":{}},{"hash":"e723c830357b03fc0f01f9d145be1a1d3417c7ed","isMergeCommit":false,"messageTitle":"added commands class","messageBody":"","fileTypesAndContributionMap":{"functional-code":{"insertions":6,"deletions":0},"other":{"insertions":2,"deletions":2}}},{"hash":"41eee99740159c15d92884ce1b22bbc2149337a6","isMergeCommit":true,"messageTitle":"Merge pull request #33 from bljhty/Bryan-commandsClass","messageBody":"added commands class","fileTypesAndContributionMap":{}},{"hash":"2ef7421ecd90522a7f5746a96af22b928cc9a5e3","isMergeCommit":false,"messageTitle":"added the add income functionality","messageBody":"","fileTypesAndContributionMap":{"functional-code":{"insertions":138,"deletions":1}}},{"hash":"0de2467e5781906407d226b74596b4b404c645f6","isMergeCommit":true,"messageTitle":"Merge pull request #35 from bljhty/Bryan-AddIncomeFunction","messageBody":"added the add income functionality","fileTypesAndContributionMap":{}},{"hash":"c1415803bafbc7e40a5307c457495e1e36b2ecd5","isMergeCommit":false,"messageTitle":"added JUnit test for income","messageBody":"","fileTypesAndContributionMap":{"test-code":{"insertions":42,"deletions":0}}},{"hash":"029f86a4fc3183c74920521dd3dcee4cceebab78","isMergeCommit":true,"messageTitle":"Merge pull request #37 from bljhty/Bryan-AddIncomeJunit","messageBody":"added JUnit test for income","fileTypesAndContributionMap":{}},{"hash":"f7be2e6b37b7ffaf6f44b59e7a24debacf9c71fb","isMergeCommit":false,"messageTitle":"added the list income function","messageBody":"","fileTypesAndContributionMap":{"functional-code":{"insertions":49,"deletions":0}}},{"hash":"95034b9c866c415fcfdc3c484ee9bb03b07f4822","isMergeCommit":true,"messageTitle":"Merge pull request #38 from bljhty/Bryan-ListCommand","messageBody":"added the list income function","fileTypesAndContributionMap":{}}]},{"date":"2023-10-13","commitResults":[{"hash":"3f5c8ecd561ac20483518ba49f808358d9a31ba6","isMergeCommit":false,"messageTitle":"Added JUnit Test for income parser class,","messageBody":"","fileTypesAndContributionMap":{"functional-code":{"insertions":2,"deletions":1},"test-code":{"insertions":54,"deletions":0}}},{"hash":"efecaa2ff6828936f318ec93f7fbbaf73b07cc47","isMergeCommit":true,"messageTitle":"Merge pull request #41 from bljhty/Bryan-AddJUnitTestIncomeParser","messageBody":"Added JUnit Test for income parser class edit minor bugs in expense class","fileTypesAndContributionMap":{}}]}],"Hongzhii":[{"date":"2023-10-12","commitResults":[{"hash":"374988e8cd3295fcc475bc7750fb4b9fb00876cb","isMergeCommit":false,"messageTitle":"add expense class","messageBody":"","fileTypesAndContributionMap":{"functional-code":{"insertions":21,"deletions":0}}},{"hash":"e2c1a08d38fb0980168c121d98f9a550d41908d9","isMergeCommit":true,"messageTitle":"Merge pull request #39 from Hongzhii/add-expense-class","messageBody":"add expense class","fileTypesAndContributionMap":{}}]}],"KenCheung18":[{"date":"2023-10-05","commitResults":[{"hash":"ff771b65c44f9dd8452f28d33c98131f6ebdaca3","isMergeCommit":false,"messageTitle":"AboutUs","messageBody":"","fileTypesAndContributionMap":{"docs":{"insertions":7,"deletions":7}}},{"hash":"169d557cd8aeb41bfc052c8baa84595ffdfb91a6","isMergeCommit":true,"messageTitle":"Merge pull request #3 from KenCheung18/AboutUs","messageBody":"AboutUs","fileTypesAndContributionMap":{}}]}]},"authorFileTypeContributionMap":{"Zhang-Zhitong":{"docs":0,"functional-code":0,"test-code":0},"limyuhching":{"docs":1,"functional-code":0,"test-code":0},"bljhty":{"docs":3,"functional-code":383,"test-code":96,"other":1},"Hongzhii":{"docs":0,"functional-code":20,"test-code":0},"KenCheung18":{"docs":1,"functional-code":0,"test-code":0}},"authorContributionVariance":{"Zhang-Zhitong":0.0,"limyuhching":0.17355372,"bljhty":6819.8535,"Hongzhii":19.134296,"KenCheung18":8.504129},"authorDisplayNameMap":{"Zhang-Zhitong":"CS2113-T18-3 ZHAN..TONG","limyuhching":"CS2113-T18-3 LIM ..HING","bljhty":"CS2113-T18-3 LEE ..RYAN","Hongzhii":"CS2113-T18-3 EE H.. ZHI","KenCheung18":"CS2113-T18-3 CHEU..YUEN"}}
