{"authorDailyContributionsMap":{"Zhang-Zhitong":[],"limyuhching":[{"date":"2023-10-12","commitResults":[{"hash":"7f15c328582d32d223482ccd59a5852f9ad70029","isMergeCommit":false,"messageTitle":"Add Lim Yuh Ching to AboutUs.md","messageBody":"","fileTypesAndContributionMap":{"docs":{"insertions":1,"deletions":1}}}]},{"date":"2023-10-17","commitResults":[{"hash":"47e7e2474c8c6f73387b9dcd7047da3c77cb619e","isMergeCommit":false,"messageTitle":"Add ListCommand class","messageBody":"","fileTypesAndContributionMap":{"functional-code":{"insertions":59,"deletions":5}}},{"hash":"e176e64efb5cc74bcf08757e82020ae7bc9c656f","isMergeCommit":false,"messageTitle":"Add list option to parser","messageBody":"","fileTypesAndContributionMap":{"functional-code":{"insertions":7,"deletions":4}}},{"hash":"8a99e6a7dc43fd86423cf7046827ac5f7611f9fa","isMergeCommit":false,"messageTitle":"Add Ui to ListCommand","messageBody":"","fileTypesAndContributionMap":{"functional-code":{"insertions":8,"deletions":2}}},{"hash":"54d292397684060fd65c2389c300dea0cb712504","isMergeCommit":true,"messageTitle":"Merge branch \u0027Yuh.Ching-feature-list\u0027","messageBody":"","fileTypesAndContributionMap":{}},{"hash":"ea3da5f550569c65319ff4911fe9fed728a97e64","isMergeCommit":true,"messageTitle":"Merge branch \u0027master\u0027 of https://github.com/limyuhching/tp","messageBody":"# Conflicts:\n#\tsrc/main/java/seedu/duke/Duke.java\n","fileTypesAndContributionMap":{}},{"hash":"fd506a278351582ab91f8f4b974b1db63765cfac","isMergeCommit":false,"messageTitle":"Change imports from .* to individual class","messageBody":"","fileTypesAndContributionMap":{"functional-code":{"insertions":10,"deletions":7}}},{"hash":"9c3010789b6b2bc4f285263b77d6e56b0ce6988f","isMergeCommit":false,"messageTitle":"Add DeleteIncomeCommand and DeleteExpenseCommand","messageBody":"","fileTypesAndContributionMap":{"functional-code":{"insertions":73,"deletions":1}}},{"hash":"ecdcbbe69b47d928a759d2cb81efe93cfa538c7b","isMergeCommit":true,"messageTitle":"Merge branch \u0027Yuh.Ching-feature-delete\u0027","messageBody":"# Conflicts:\n#\tsrc/main/java/seedu/duke/Duke.java\n","fileTypesAndContributionMap":{}},{"hash":"3ae858c7a01d9a61a3e500510b79b26b23fe6a5c","isMergeCommit":false,"messageTitle":"Minor bug fixes","messageBody":"","fileTypesAndContributionMap":{"functional-code":{"insertions":1,"deletions":5}}},{"hash":"69a33bbf033086dc0c4f8e2d314dff052227afd7","isMergeCommit":true,"messageTitle":"Merge branch \u0027master\u0027 into master","messageBody":"","fileTypesAndContributionMap":{}},{"hash":"939ddd821d709edc8b7e0f4c6e53bb8648e6a8d8","isMergeCommit":false,"messageTitle":"Remove duplicate import","messageBody":"","fileTypesAndContributionMap":{"functional-code":{"insertions":0,"deletions":1}}},{"hash":"e7ee368b163df8c82a81ae2738e2f745f44b9846","isMergeCommit":false,"messageTitle":"Bug fixes - wrong indexing for delete command - inconsistent line divider","messageBody":"","fileTypesAndContributionMap":{"functional-code":{"insertions":9,"deletions":12}}},{"hash":"192a5b32be615e963b03f1bb584aa7eec161324d","isMergeCommit":true,"messageTitle":"Merge pull request #57 from limyuhching/master","messageBody":"Add list and delete feature","fileTypesAndContributionMap":{}}]}],"bljhty":[{"date":"2023-10-05","commitResults":[{"hash":"3647d84668028d5ea5c84d7627894a8ef0ee48fc","isMergeCommit":false,"messageTitle":"Update README.md","messageBody":"","fileTypesAndContributionMap":{"docs":{"insertions":1,"deletions":1}}}]},{"date":"2023-10-09","commitResults":[{"hash":"7e60ffed6f6e2ee9a0f983eee8e8a977406dfe5a","isMergeCommit":false,"messageTitle":"edited Duke class, added Ui class","messageBody":"","fileTypesAndContributionMap":{"functional-code":{"insertions":11,"deletions":14}}},{"hash":"d8c20c9389f7a68369aa5fbbfd4ac33184a15975","isMergeCommit":false,"messageTitle":"Revert \"edited Duke class, added Ui class\"","messageBody":"This reverts commit 7e60ffed6f6e2ee9a0f983eee8e8a977406dfe5a.\n","fileTypesAndContributionMap":{"functional-code":{"insertions":14,"deletions":11}}},{"hash":"9543dee9ca0e62cad63e6cab349aa53372035467","isMergeCommit":false,"messageTitle":"Revert \"Revert \"edited Duke class, added Ui class\"\"","messageBody":"This reverts commit d8c20c9389f7a68369aa5fbbfd4ac33184a15975.\n","fileTypesAndContributionMap":{"functional-code":{"insertions":11,"deletions":14}}},{"hash":"e6e15fd5f670eda63cebf191b00c5da28f019d90","isMergeCommit":false,"messageTitle":"no message","messageBody":"","fileTypesAndContributionMap":{"functional-code":{"insertions":26,"deletions":0}}}]},{"date":"2023-10-11","commitResults":[{"hash":"d68fb478567a1542650b85e6563e6f62f641bdce","isMergeCommit":true,"messageTitle":"Merge pull request #4 from bljhty/master","messageBody":"Ui class added","fileTypesAndContributionMap":{}},{"hash":"fd522121b4dfe8c849d157c5273ea54a0aefefdd","isMergeCommit":false,"messageTitle":"no message","messageBody":"","fileTypesAndContributionMap":{"functional-code":{"insertions":3,"deletions":1}}},{"hash":"d74d0e8d3dd1acfc47f1f94b3a55afe1245cef5b","isMergeCommit":true,"messageTitle":"Merge pull request #5 from bljhty/Bryan-Ui_Class","messageBody":"Bryan UI class","fileTypesAndContributionMap":{}},{"hash":"ac5e4bffd283c4ada16e720a489c48f40cf62d45","isMergeCommit":false,"messageTitle":"added parser class and \"bye\" command to exit the program","messageBody":"","fileTypesAndContributionMap":{"functional-code":{"insertions":42,"deletions":2}}},{"hash":"146c1e73d2ce3c3bba44f73c548c824cd6bad416","isMergeCommit":true,"messageTitle":"Merge pull request #6 from bljhty/Bryan-Ui_exit_program","messageBody":"added parser class and \"bye\" command to exit the program","fileTypesAndContributionMap":{}},{"hash":"023a67aa11129e7329f57d108d4b3b071f4dfd7a","isMergeCommit":false,"messageTitle":"no message","messageBody":"","fileTypesAndContributionMap":{"functional-code":{"insertions":1,"deletions":3}}},{"hash":"1e769fe7348a49764e97958bee02138b848c4078","isMergeCommit":false,"messageTitle":"edited code","messageBody":"","fileTypesAndContributionMap":{"functional-code":{"insertions":3,"deletions":1}}},{"hash":"56a91fa04831b1e06d8763d46b71d127c4ed2a00","isMergeCommit":false,"messageTitle":"edited code","messageBody":"","fileTypesAndContributionMap":{"functional-code":{"insertions":12,"deletions":10}}},{"hash":"2dd7e20d1facad6c28ac218229a49e0d2512af1a","isMergeCommit":true,"messageTitle":"Merge pull request #7 from bljhty/Bryan-Ui_exit_program","messageBody":"Bryan UI exit program","fileTypesAndContributionMap":{}},{"hash":"bd4a31df6e42d5a903c4fab01439db31d962cf18","isMergeCommit":false,"messageTitle":"no message","messageBody":"","fileTypesAndContributionMap":{"functional-code":{"insertions":3,"deletions":2}}},{"hash":"4e8e8a23056ebd8406321216403edf432b6999e9","isMergeCommit":true,"messageTitle":"Merge pull request #8 from bljhty/Bryan-Ui_exit_program","messageBody":"Bryan minor changes to code","fileTypesAndContributionMap":{}},{"hash":"d0d3b91db4ee5e0246a08beb19f6d5bf1becd689","isMergeCommit":false,"messageTitle":"added KaChinng exception class to handle errors","messageBody":"","fileTypesAndContributionMap":{"functional-code":{"insertions":32,"deletions":15}}},{"hash":"15235a31b2217e9e7340ec3c94e4760276fa7bb6","isMergeCommit":false,"messageTitle":"no message","messageBody":"","fileTypesAndContributionMap":{"functional-code":{"insertions":9,"deletions":9}}},{"hash":"402c958dcd6b25b20d588adf6d488ef738dadc52","isMergeCommit":false,"messageTitle":"no message","messageBody":"","fileTypesAndContributionMap":{"other":{"insertions":1,"deletions":0}}},{"hash":"d3432fa63e6626dd7c9834b0f3c44216ed6a2d2d","isMergeCommit":false,"messageTitle":"no message","messageBody":"","fileTypesAndContributionMap":{"functional-code":{"insertions":3,"deletions":1}}},{"hash":"839899344f669c73d5f8ff23d80e68b66f3e60f5","isMergeCommit":false,"messageTitle":"edited test.sh","messageBody":"","fileTypesAndContributionMap":{"functional-code":{"insertions":1,"deletions":1}}},{"hash":"b384a0a035717caa270226c388abfdc1da60cf7c","isMergeCommit":true,"messageTitle":"Merge pull request #19 from bljhty/Bryan-kachingg_exception_class","messageBody":"Bryan kachingg exception class","fileTypesAndContributionMap":{}},{"hash":"032e9e794b6cad89ea6eab4b8dbe01458b253726","isMergeCommit":false,"messageTitle":"edited aboutus page","messageBody":"","fileTypesAndContributionMap":{"docs":{"insertions":7,"deletions":7}}},{"hash":"03fd6b2bd1462b8d3696fd96ae44264b386963fa","isMergeCommit":true,"messageTitle":"Merge pull request #20 from bljhty/Bryan-edit_about_us","messageBody":"edited aboutus page","fileTypesAndContributionMap":{}}]},{"date":"2023-10-12","commitResults":[{"hash":"873f424ba9981398334f6299fda0bc3cceb73103","isMergeCommit":true,"messageTitle":"Merge pull request #24 from limyuhching/master","messageBody":"Add Lim Yuh Ching to AboutUs.md","fileTypesAndContributionMap":{}},{"hash":"28a6c552f73b92cece6ec576f68cab9a4f665f0b","isMergeCommit":false,"messageTitle":"no message","messageBody":"","fileTypesAndContributionMap":{"functional-code":{"insertions":6,"deletions":0}}},{"hash":"fac1c519c857b496309e7fe6af4af67b5e73d7e6","isMergeCommit":true,"messageTitle":"Merge pull request #26 from bljhty/Bryan-UI_class_updated","messageBody":"Bryan UI class added","fileTypesAndContributionMap":{}},{"hash":"0aac2612fa5b3b29db3f83bd3f56e9d3df220408","isMergeCommit":false,"messageTitle":"no message","messageBody":"","fileTypesAndContributionMap":{"functional-code":{"insertions":1,"deletions":1},"other":{"insertions":1,"deletions":1}}},{"hash":"dd4c190f169c56878ea072be5116d0ab299b302b","isMergeCommit":true,"messageTitle":"Merge pull request #30 from bljhty/Bryan-ParserClass","messageBody":"Bryan Parser Class","fileTypesAndContributionMap":{}},{"hash":"6e5a21ee4c8e1734c7a134cbf4c1f681fad66fef","isMergeCommit":false,"messageTitle":"Added income class","messageBody":"","fileTypesAndContributionMap":{"functional-code":{"insertions":83,"deletions":0}}},{"hash":"2d31a0a186af6541c21ffa13d5f7f60da9eaccc8","isMergeCommit":false,"messageTitle":"edited income class","messageBody":"","fileTypesAndContributionMap":{"functional-code":{"insertions":14,"deletions":13}}},{"hash":"3fa46fa0749d6bbaab94cbee2f3ca66b93b9da1f","isMergeCommit":true,"messageTitle":"Merge pull request #32 from bljhty/Bryan-IncomeClass","messageBody":"Bryan income class","fileTypesAndContributionMap":{}},{"hash":"e723c830357b03fc0f01f9d145be1a1d3417c7ed","isMergeCommit":false,"messageTitle":"added commands class","messageBody":"","fileTypesAndContributionMap":{"functional-code":{"insertions":6,"deletions":0},"other":{"insertions":2,"deletions":2}}},{"hash":"41eee99740159c15d92884ce1b22bbc2149337a6","isMergeCommit":true,"messageTitle":"Merge pull request #33 from bljhty/Bryan-commandsClass","messageBody":"added commands class","fileTypesAndContributionMap":{}},{"hash":"2ef7421ecd90522a7f5746a96af22b928cc9a5e3","isMergeCommit":false,"messageTitle":"added the add income functionality","messageBody":"","fileTypesAndContributionMap":{"functional-code":{"insertions":138,"deletions":1}}},{"hash":"0de2467e5781906407d226b74596b4b404c645f6","isMergeCommit":true,"messageTitle":"Merge pull request #35 from bljhty/Bryan-AddIncomeFunction","messageBody":"added the add income functionality","fileTypesAndContributionMap":{}},{"hash":"c1415803bafbc7e40a5307c457495e1e36b2ecd5","isMergeCommit":false,"messageTitle":"added JUnit test for income","messageBody":"","fileTypesAndContributionMap":{"test-code":{"insertions":42,"deletions":0}}},{"hash":"029f86a4fc3183c74920521dd3dcee4cceebab78","isMergeCommit":true,"messageTitle":"Merge pull request #37 from bljhty/Bryan-AddIncomeJunit","messageBody":"added JUnit test for income","fileTypesAndContributionMap":{}},{"hash":"f7be2e6b37b7ffaf6f44b59e7a24debacf9c71fb","isMergeCommit":false,"messageTitle":"added the list income function","messageBody":"","fileTypesAndContributionMap":{"functional-code":{"insertions":49,"deletions":0}}},{"hash":"95034b9c866c415fcfdc3c484ee9bb03b07f4822","isMergeCommit":true,"messageTitle":"Merge pull request #38 from bljhty/Bryan-ListCommand","messageBody":"added the list income function","fileTypesAndContributionMap":{}}]},{"date":"2023-10-13","commitResults":[{"hash":"3f5c8ecd561ac20483518ba49f808358d9a31ba6","isMergeCommit":false,"messageTitle":"Added JUnit Test for income parser class,","messageBody":"","fileTypesAndContributionMap":{"functional-code":{"insertions":2,"deletions":1},"test-code":{"insertions":54,"deletions":0}}},{"hash":"efecaa2ff6828936f318ec93f7fbbaf73b07cc47","isMergeCommit":true,"messageTitle":"Merge pull request #41 from bljhty/Bryan-AddJUnitTestIncomeParser","messageBody":"Added JUnit Test for income parser class edit minor bugs in expense class","fileTypesAndContributionMap":{}}]},{"date":"2023-10-16","commitResults":[{"hash":"b96b8820f857121283457a520bfb762ef2ca2c6c","isMergeCommit":false,"messageTitle":"minor bug fixing and added javadoc","messageBody":"","fileTypesAndContributionMap":{"functional-code":{"insertions":207,"deletions":6}}},{"hash":"a70966392c50aeb619d6895abd2a93f46c66e25a","isMergeCommit":true,"messageTitle":"Merge pull request #45 from bljhty/Bryan-bug_fixing","messageBody":"minor bug fixing and added javadoc","fileTypesAndContributionMap":{}},{"hash":"71eb946d765b405e018d22d60330e083e2a3bf13","isMergeCommit":false,"messageTitle":"no message","messageBody":"","fileTypesAndContributionMap":{"functional-code":{"insertions":0,"deletions":174},"other":{"insertions":0,"deletions":0}}},{"hash":"b8a856dcc26db8ede044ef2bcac0852bcdb3838e","isMergeCommit":false,"messageTitle":"no message","messageBody":"","fileTypesAndContributionMap":{"functional-code":{"insertions":174,"deletions":0}}},{"hash":"0789a529e66efa74edc3ba2583b1152f5bd69e45","isMergeCommit":false,"messageTitle":"no message","messageBody":"","fileTypesAndContributionMap":{"functional-code":{"insertions":1,"deletions":0}}},{"hash":"57b072ff69089aa71edecde0e12ab91907656d56","isMergeCommit":true,"messageTitle":"Merge pull request #46 from bljhty/Bryan-bug_fixing","messageBody":"Bryan bug fixing","fileTypesAndContributionMap":{}},{"hash":"c90e926cc7b8751df51dfe7387c0ceacd15a7845","isMergeCommit":false,"messageTitle":"no message","messageBody":"","fileTypesAndContributionMap":{"other":{"insertions":0,"deletions":0}}},{"hash":"dcf55f397a5193fa02c0554cb721f55d6a3c6beb","isMergeCommit":true,"messageTitle":"Merge pull request #48 from bljhty/master","messageBody":"no message","fileTypesAndContributionMap":{}},{"hash":"ac5acc3ceba4fdb5cbc729e88eab16b5edd239d0","isMergeCommit":false,"messageTitle":"no message","messageBody":"","fileTypesAndContributionMap":{"functional-code":{"insertions":1,"deletions":0}}},{"hash":"8f9b494475f77182a35a655b40d0fefb1fcade21","isMergeCommit":true,"messageTitle":"Merge pull request #50 from bljhty/master","messageBody":"no message","fileTypesAndContributionMap":{}}]},{"date":"2023-10-18","commitResults":[{"hash":"34f306cc9e5ca4ef28e89e0e87179ab88d3256cf","isMergeCommit":false,"messageTitle":"edited testsh and expected output","messageBody":"","fileTypesAndContributionMap":{"functional-code":{"insertions":8,"deletions":8}}},{"hash":"670b7ab465c3ec3436b883f873cac7cfdc7acd24","isMergeCommit":true,"messageTitle":"Merge pull request #60 from bljhty/Bryan-edit_testsh","messageBody":"edited testsh and expected output","fileTypesAndContributionMap":{}},{"hash":"c6c923f637432277043fe840fd3fbb92c8a7ef25","isMergeCommit":false,"messageTitle":"added JUnit test for expenseparser class","messageBody":"","fileTypesAndContributionMap":{"functional-code":{"insertions":3,"deletions":1},"test-code":{"insertions":183,"deletions":0}}},{"hash":"aac9e86c2c1b463fa8173ffe62fba62f4b6a2ef0","isMergeCommit":true,"messageTitle":"Merge pull request #63 from bljhty/Bryan-Expense_parser_Junit","messageBody":"added JUnit test for expenseparser class","fileTypesAndContributionMap":{}},{"hash":"15fed349abbdcd95755be03abeea18551923713e","isMergeCommit":false,"messageTitle":"updated JUnit for income parser, added javadoc for both expense parsertest and incomeParserTest","messageBody":"","fileTypesAndContributionMap":{"functional-code":{"insertions":7,"deletions":2},"test-code":{"insertions":202,"deletions":12}}},{"hash":"a06eab9c52dfff4de8d0dbdb26bc4e9b3e10f380","isMergeCommit":true,"messageTitle":"Merge pull request #64 from bljhty/Bryan-income_parser_Junit_updated","messageBody":"updated JUnit for income parser, added javadoc for both expense parse…","fileTypesAndContributionMap":{}}]}],"Hongzhii":[{"date":"2023-10-12","commitResults":[{"hash":"374988e8cd3295fcc475bc7750fb4b9fb00876cb","isMergeCommit":false,"messageTitle":"add expense class","messageBody":"","fileTypesAndContributionMap":{"functional-code":{"insertions":21,"deletions":0}}},{"hash":"e2c1a08d38fb0980168c121d98f9a550d41908d9","isMergeCommit":true,"messageTitle":"Merge pull request #39 from Hongzhii/add-expense-class","messageBody":"add expense class","fileTypesAndContributionMap":{}}]},{"date":"2023-10-15","commitResults":[{"hash":"fdb794183e31163e1516dff81559a932400e697b","isMergeCommit":false,"messageTitle":"add expense categories","messageBody":"","fileTypesAndContributionMap":{"functional-code":{"insertions":299,"deletions":2}}},{"hash":"f9620e70b7be8738cd6fad83aac026b9a6e3ac86","isMergeCommit":false,"messageTitle":"fix coding standards issue","messageBody":"","fileTypesAndContributionMap":{"functional-code":{"insertions":0,"deletions":1}}}]},{"date":"2023-10-16","commitResults":[{"hash":"098a0492e5d4180fdc5f363384f4dad966b685fd","isMergeCommit":true,"messageTitle":"Merge pull request #43 from Hongzhii/add-expense-class","messageBody":"create different expense categories","fileTypesAndContributionMap":{}}]},{"date":"2023-10-17","commitResults":[{"hash":"d0a0911eb6616b1d618539343913144ab3b96c0f","isMergeCommit":true,"messageTitle":"Merge branch \u0027master\u0027 of https://github.com/Hongzhii/tp into add-expense-class","messageBody":"* \u0027master\u0027 of https://github.com/Hongzhii/tp:\n  no message\n  no message\n  no message\n  no message\n  no message\n  minor bug fixing and added javadoc\n  add the help function\n\n# Conflicts:\n#\tsrc/main/java/seedu/duke/Duke.java\n#\tsrc/main/java/seedu/duke/commands/ExpenseLister.java\n#\tsrc/main/java/seedu/duke/commands/ExpenseManager.java\n#\tsrc/main/java/seedu/duke/parser/ExpenseParser.java\n#\tsrc/main/java/seedu/duke/parser/Parser.java\n","fileTypesAndContributionMap":{}},{"hash":"6dc33217fab2dad56a7817bcdf9c0bb669e527f4","isMergeCommit":true,"messageTitle":"Merge pull request #52 from Hongzhii/add-expense-class","messageBody":"Add expense class","fileTypesAndContributionMap":{}},{"hash":"2982cf9151c17da188b454e61f5d05a6f1bcd26c","isMergeCommit":true,"messageTitle":"Merge pull request #51 from AY2324S1-CS2113-T18-3/add-expense-class","messageBody":"Add expense class","fileTypesAndContributionMap":{}}]}],"KenCheung18":[{"date":"2023-10-05","commitResults":[{"hash":"ff771b65c44f9dd8452f28d33c98131f6ebdaca3","isMergeCommit":false,"messageTitle":"AboutUs","messageBody":"","fileTypesAndContributionMap":{"docs":{"insertions":7,"deletions":7}}},{"hash":"169d557cd8aeb41bfc052c8baa84595ffdfb91a6","isMergeCommit":true,"messageTitle":"Merge pull request #3 from KenCheung18/AboutUs","messageBody":"AboutUs","fileTypesAndContributionMap":{}}]},{"date":"2023-10-16","commitResults":[{"hash":"329946ddf88f470e861a65d067db83b89ac74e38","isMergeCommit":false,"messageTitle":"add the help function","messageBody":"","fileTypesAndContributionMap":{"functional-code":{"insertions":38,"deletions":0}}},{"hash":"4451eda2b70e6fac03872dd33858a8d24c486e4c","isMergeCommit":true,"messageTitle":"Merge pull request #44 from KenCheung18/Usage-instructions","messageBody":"add the help function","fileTypesAndContributionMap":{}}]},{"date":"2023-10-17","commitResults":[{"hash":"bcae9628b344bc6cb291a079aca607faff1fe7db","isMergeCommit":false,"messageTitle":"Solve conflict","messageBody":"","fileTypesAndContributionMap":{"functional-code":{"insertions":1,"deletions":3}}},{"hash":"85c13e1244776c0f0866cdcce5a35676a6c27715","isMergeCommit":false,"messageTitle":"Solve another conflict","messageBody":"","fileTypesAndContributionMap":{"functional-code":{"insertions":0,"deletions":3}}},{"hash":"10b6b25ca6c8901d81089ea4d3f1914ea47a41df","isMergeCommit":false,"messageTitle":"Solve minor bug on switch statement","messageBody":"","fileTypesAndContributionMap":{"functional-code":{"insertions":1,"deletions":0}}},{"hash":"d92551230ce733460145529d1b989be404f9e7d2","isMergeCommit":true,"messageTitle":"Merge pull request #53 from KenCheung18/Bug-solve-for-expense-class","messageBody":"Solve merge conflict","fileTypesAndContributionMap":{}},{"hash":"963101c37e2e2463d2b56dbbc75f772ae778bee2","isMergeCommit":false,"messageTitle":"Balance Function","messageBody":"","fileTypesAndContributionMap":{"functional-code":{"insertions":40,"deletions":0}}},{"hash":"b61608b37db593b319f5b214c27c1ed7a2a47202","isMergeCommit":false,"messageTitle":"Minor bug fix","messageBody":"","fileTypesAndContributionMap":{"functional-code":{"insertions":5,"deletions":5}}},{"hash":"fb0d1b79960c19af7b291b56b8cd9925b24cb710","isMergeCommit":true,"messageTitle":"Merge pull request #58 from KenCheung18/Balance","messageBody":"Balance Function","fileTypesAndContributionMap":{}},{"hash":"f186609c39c31189eeeebeb89d7dc00b32bea648","isMergeCommit":false,"messageTitle":"Bug fix on balance function","messageBody":"","fileTypesAndContributionMap":{"functional-code":{"insertions":2,"deletions":1}}},{"hash":"2796193e5f7ec9efb7eb8c7f92d5ae2b26eadea0","isMergeCommit":true,"messageTitle":"Merge pull request #59 from KenCheung18/Balance-bug-fix","messageBody":"Bug fix on balance function","fileTypesAndContributionMap":{}}]}]},"authorFileTypeContributionMap":{"Zhang-Zhitong":{"docs":0,"functional-code":0,"test-code":0},"limyuhching":{"docs":1,"functional-code":155,"test-code":0},"bljhty":{"docs":3,"functional-code":620,"test-code":469,"other":1},"Hongzhii":{"docs":0,"functional-code":307,"test-code":0},"KenCheung18":{"docs":1,"functional-code":48,"test-code":0}},"authorContributionVariance":{"Zhang-Zhitong":0.0,"limyuhching":1483.2703,"bljhty":20954.646,"Hongzhii":3251.1467,"KenCheung18":181.03978},"authorDisplayNameMap":{"Zhang-Zhitong":"CS2113-T18-3 ZHAN..TONG","limyuhching":"CS2113-T18-3 LIM ..HING","bljhty":"CS2113-T18-3 LEE ..RYAN","Hongzhii":"CS2113-T18-3 EE H.. ZHI","KenCheung18":"CS2113-T18-3 CHEU..YUEN"}}
