{"authorDailyContributionsMap":{"wwweert123":[{"date":"2023-10-05","commitResults":[{"hash":"491c9238e3c2b52f8ddaa10ba332e9566a8b7e9e","isMergeCommit":false,"messageTitle":"Add aboutus links and add my my own md file","messageBody":"","fileTypesAndContributionMap":{"docs":{"insertions":12,"deletions":7}}},{"hash":"2712d42c6b6d4552c9a0ea7bcc75de166bdf1546","isMergeCommit":true,"messageTitle":"Merge branch \u0027master\u0027 of https://github.com/AY2324S1-CS2113-T18-2/tp into Frederick-AboutUs","messageBody":"# Conflicts:\n#\tdocs/AboutUs.md\n","fileTypesAndContributionMap":{}},{"hash":"11db7a69a38c31d6f7658163f69ac8726f80a0b0","isMergeCommit":true,"messageTitle":"Merge pull request #3 from wwweert123/Frederick-AboutUs","messageBody":"Add aboutus links and add my my own md file","fileTypesAndContributionMap":{}}]},{"date":"2023-10-08","commitResults":[{"hash":"68d635974b5493f20ba1ffaa1b953cf0b798a5ae","isMergeCommit":false,"messageTitle":"Add new watchlist command and pull from FMP api for stock data","messageBody":"","fileTypesAndContributionMap":{"functional-code":{"insertions":36,"deletions":0}}},{"hash":"5f7d5ba1fafae93224d2ae0559edae789e3747bd","isMergeCommit":false,"messageTitle":"Add simple JSON library to parse response body and print to UI","messageBody":"","fileTypesAndContributionMap":{"functional-code":{"insertions":24,"deletions":1},"other":{"insertions":1,"deletions":0}}},{"hash":"bfa75c44ff77cc7824fb4a072c8d4a8e94a19e09","isMergeCommit":false,"messageTitle":"Use string format to create request URI","messageBody":"","fileTypesAndContributionMap":{"functional-code":{"insertions":10,"deletions":2}}},{"hash":"d5ac9fceb7e20c02055b08cff4c73c88830bb993","isMergeCommit":false,"messageTitle":"Add a stock class and have the watchlist query API endpoint using stock classes created","messageBody":"","fileTypesAndContributionMap":{"functional-code":{"insertions":87,"deletions":2}}},{"hash":"66c6dc6ad21cbde9abe158bb32b30160a572021d","isMergeCommit":false,"messageTitle":"Add commons lang library to allow for padding of string when printing","messageBody":"","fileTypesAndContributionMap":{"functional-code":{"insertions":10,"deletions":7},"other":{"insertions":1,"deletions":0}}}]},{"date":"2023-10-09","commitResults":[{"hash":"9a32030207906b044fd774d1afcc8768c2f52b51","isMergeCommit":false,"messageTitle":"Create a watchlist class to reference stocks","messageBody":"","fileTypesAndContributionMap":{"functional-code":{"insertions":31,"deletions":0},"other":{"insertions":12,"deletions":35}}},{"hash":"a311199b47d9c35e55f5509eaba762545283cd61","isMergeCommit":false,"messageTitle":"Create method in UI to print stock prices","messageBody":"","fileTypesAndContributionMap":{"functional-code":{"insertions":19,"deletions":0}}},{"hash":"84fb7092fb5158ab4e8aeb7b0e00b521bdd981df","isMergeCommit":false,"messageTitle":"Add watchlist parameter to execute","messageBody":"","fileTypesAndContributionMap":{"functional-code":{"insertions":8,"deletions":6}}},{"hash":"2977b5bb71d186cf5ba1d7e15eb4c59e029f88c3","isMergeCommit":false,"messageTitle":"Initialize watchlist on startup","messageBody":"","fileTypesAndContributionMap":{"functional-code":{"insertions":4,"deletions":1}}},{"hash":"df5605a78870802546be8dc5b852348e41405f8c","isMergeCommit":true,"messageTitle":"Merge branch \u0027master\u0027 into FrederickWatchlist","messageBody":"# Conflicts:\n#\tsrc/main/java/seedu/financialplanner/FinancialPlanner.java\n#\tsrc/main/java/seedu/financialplanner/commands/Command.java\n#\tsrc/main/java/seedu/financialplanner/commands/Exit.java\n#\tsrc/main/java/seedu/financialplanner/commands/Invalid.java\n#\tsrc/main/java/seedu/financialplanner/utils/Parser.java\n","fileTypesAndContributionMap":{}},{"hash":"74e0b77d800eb36b21b1534bb75611548d2b2164","isMergeCommit":false,"messageTitle":"Remove unused imports","messageBody":"","fileTypesAndContributionMap":{"functional-code":{"insertions":0,"deletions":16}}},{"hash":"fab0ae11bdae69d18f598f87848130409af67551","isMergeCommit":true,"messageTitle":"Merge pull request #33 from wwweert123/FrederickWatchlist","messageBody":"Frederick watchlist","fileTypesAndContributionMap":{}},{"hash":"a778bb54cf3c686fc074b019c292a87b7beeb3dd","isMergeCommit":false,"messageTitle":"Add command for adding stock to watchlist","messageBody":"","fileTypesAndContributionMap":{"functional-code":{"insertions":67,"deletions":5}}},{"hash":"bece3c1c0e553317e4fa0715467f3a782b274f1c","isMergeCommit":false,"messageTitle":"Add some minor error handling for response from API endpoint","messageBody":"","fileTypesAndContributionMap":{"functional-code":{"insertions":19,"deletions":9}}}]},{"date":"2023-10-10","commitResults":[{"hash":"c6df4b251e96eda6f8271f3b1c9d4a7c8c5cd6f3","isMergeCommit":true,"messageTitle":"Merge pull request #37 from wwweert123/FrederickAddStock","messageBody":"Frederick add stock","fileTypesAndContributionMap":{}}]},{"date":"2023-10-12","commitResults":[{"hash":"bef5bea11ba3f9ee327b12830092670706eb6c8c","isMergeCommit":false,"messageTitle":"Add testcases for addstock and fetchFMPStockPrices","messageBody":"","fileTypesAndContributionMap":{"test-code":{"insertions":31,"deletions":0}}},{"hash":"92df6fe7a3c18bfd7283694eafeee6fb0e82f070","isMergeCommit":false,"messageTitle":"Fix Code styles","messageBody":"","fileTypesAndContributionMap":{"test-code":{"insertions":2,"deletions":3}}},{"hash":"1afcc973197329792f60e23295c485d963590453","isMergeCommit":false,"messageTitle":"Fix imports","messageBody":"","fileTypesAndContributionMap":{"test-code":{"insertions":1,"deletions":0}}},{"hash":"5471bf86202514018adf0251d3811de39949cdde","isMergeCommit":true,"messageTitle":"Merge pull request #44 from wwweert123/JUnitWatchlist","messageBody":"Add testcases for addstock and fetchFMPStockPrices","fileTypesAndContributionMap":{}}]},{"date":"2023-10-13","commitResults":[{"hash":"00f4c3f960e81461c36262c92bbd2dfa2a9d8541","isMergeCommit":false,"messageTitle":"Fix bug by changing api endpoint and changing api key","messageBody":"","fileTypesAndContributionMap":{"functional-code":{"insertions":21,"deletions":21},"test-code":{"insertions":1,"deletions":1}}},{"hash":"52856fb2cda836fc593956eca93d3d2e7cab04ea","isMergeCommit":true,"messageTitle":"Merge pull request #52 from wwweert123/FrederickStockAPIChange","messageBody":"Fix bug by changing api endpoint and changing api key","fileTypesAndContributionMap":{}},{"hash":"f4935d893db62558f2c75ebdddd419e7b39f15b6","isMergeCommit":false,"messageTitle":"Fix test and remove market from add stock","messageBody":"","fileTypesAndContributionMap":{"functional-code":{"insertions":2,"deletions":3}}},{"hash":"0782c150bb1bb098038134bdbf37d56e35bee902","isMergeCommit":true,"messageTitle":"Merge pull request #53 from wwweert123/FrederickStockAPIChange","messageBody":"Fix test and remove market from add stock","fileTypesAndContributionMap":{}},{"hash":"acb5bdbfd096302f98eea97c01f4a6e360c1395b","isMergeCommit":false,"messageTitle":"Fix bug","messageBody":"","fileTypesAndContributionMap":{"functional-code":{"insertions":0,"deletions":1},"test-code":{"insertions":1,"deletions":1}}},{"hash":"da1f2d50202a960b187bbbebcf4514c9aa128d68","isMergeCommit":true,"messageTitle":"Merge pull request #54 from wwweert123/FrederickStockAPIChange","messageBody":"Fix bug","fileTypesAndContributionMap":{}}]},{"date":"2023-10-15","commitResults":[{"hash":"7d495e4009402389b717de162fc78f288ba88fc1","isMergeCommit":false,"messageTitle":"Add new dependency for creating data plots and test it","messageBody":"","fileTypesAndContributionMap":{"functional-code":{"insertions":39,"deletions":1},"other":{"insertions":1,"deletions":0}}},{"hash":"763e137a04d856abc406e8795f0bf5f91d904d1e","isMergeCommit":false,"messageTitle":"Remove unnecessary classes","messageBody":"","fileTypesAndContributionMap":{"functional-code":{"insertions":0,"deletions":31}}},{"hash":"d03b9438f621db15a83610c3ce199c6ee840675c","isMergeCommit":false,"messageTitle":"Add getters for cashflow type and value","messageBody":"","fileTypesAndContributionMap":{"functional-code":{"insertions":8,"deletions":3}}},{"hash":"4fc4df2db821fb4d8cdd5f3eb3093400f5e0d297","isMergeCommit":false,"messageTitle":"Add vis command to the parser class","messageBody":"","fileTypesAndContributionMap":{"functional-code":{"insertions":34,"deletions":10}}},{"hash":"7f31985cd4ae39b8944d2df5d424aad1616742c0","isMergeCommit":false,"messageTitle":"Add categorizer utility class to sort expenses or income entry based on type","messageBody":"","fileTypesAndContributionMap":{"functional-code":{"insertions":24,"deletions":0}}},{"hash":"afc246440d8eca06ede599770fa363a0a5549f3e","isMergeCommit":false,"messageTitle":"Add visualizer class to visualize data in bar graph or pie chart","messageBody":"","fileTypesAndContributionMap":{"functional-code":{"insertions":69,"deletions":0}}},{"hash":"8631e18975c8beabae651b826d9c0a6a6a798aeb","isMergeCommit":false,"messageTitle":"Fix Import","messageBody":"","fileTypesAndContributionMap":{"functional-code":{"insertions":8,"deletions":1}}}]},{"date":"2023-10-16","commitResults":[{"hash":"7fe6dc007f9a4c50dd6d6e431834641688608bd3","isMergeCommit":false,"messageTitle":"Fix code style issues","messageBody":"","fileTypesAndContributionMap":{"functional-code":{"insertions":12,"deletions":10}}},{"hash":"68fc9ae55171009c217fc93e846fa88e4c0b913a","isMergeCommit":false,"messageTitle":"Fix identation in visualizer","messageBody":"","fileTypesAndContributionMap":{"functional-code":{"insertions":5,"deletions":5}}},{"hash":"42b5794f6f94595b399e3e97640cd986e617d529","isMergeCommit":true,"messageTitle":"Merge branch \u0027master\u0027 into FrederickVisualisation","messageBody":"# Conflicts:\n#\tsrc/main/java/seedu/financialplanner/list/CashflowList.java\n#\tsrc/main/java/seedu/financialplanner/utils/Parser.java\n","fileTypesAndContributionMap":{}},{"hash":"c689389905882a16a1e1aa27a4fbfd4936ba22a3","isMergeCommit":false,"messageTitle":"Remove dead code","messageBody":"","fileTypesAndContributionMap":{"functional-code":{"insertions":0,"deletions":7}}},{"hash":"f97b44048a9b7b92fcb0abbd4ca91161a7d965f5","isMergeCommit":false,"messageTitle":"Add functionality to do visualization for both income and expense","messageBody":"","fileTypesAndContributionMap":{"functional-code":{"insertions":29,"deletions":3}}},{"hash":"671802cad084f4b455b79718f5de9dd35ec9f322","isMergeCommit":true,"messageTitle":"Merge branch \u0027master\u0027 into FrederickVisualisation","messageBody":"# Conflicts:\n#\tsrc/main/java/seedu/financialplanner/utils/Parser.java\n","fileTypesAndContributionMap":{}},{"hash":"2a0a2fb3bf353c2ec7d9faf9f4b26be38addb9cb","isMergeCommit":false,"messageTitle":"Fix code style","messageBody":"","fileTypesAndContributionMap":{"functional-code":{"insertions":2,"deletions":2}}},{"hash":"9b0642a136c10c64880e1c6e3d7f7ad74c46c4b5","isMergeCommit":true,"messageTitle":"Merge pull request #69 from wwweert123/FrederickVisualisation","messageBody":"Frederick visualisation","fileTypesAndContributionMap":{}}]}],"NeoMinWei":[{"date":"2023-10-05","commitResults":[{"hash":"4f47ae40234b912a4c5b7dc60382509629d101a3","isMergeCommit":false,"messageTitle":"Add name to AboutUs","messageBody":"","fileTypesAndContributionMap":{"docs":{"insertions":8,"deletions":8}}},{"hash":"f2c1d37c4806aa17f190a32959ef65e5687b4aee","isMergeCommit":true,"messageTitle":"Merge pull request #1 from ryan1604/ryanChua-AboutUs","messageBody":"Update AboutUs","fileTypesAndContributionMap":{}},{"hash":"2c62d715ae126cdd37eb029c1637b350c38be6de","isMergeCommit":true,"messageTitle":"Merge branch \u0027master\u0027 of https://github.com/AY2324S1-CS2113-T18-2/tp into NeoMinWei-AboutUs","messageBody":"# Conflicts:\n#\tdocs/AboutUs.md\n","fileTypesAndContributionMap":{}},{"hash":"22503c3b8de7c4b1a38b85131f14e6b63162ded7","isMergeCommit":true,"messageTitle":"Merge pull request #2 from NeoMinWei/NeoMinWei-AboutUs","messageBody":"Add name to AboutUs","fileTypesAndContributionMap":{}},{"hash":"068afbff53a8490ae4d79d8b323ea58f34470cf9","isMergeCommit":true,"messageTitle":"Merge branch \u0027master\u0027 of https://github.com/AY2324S1-CS2113-T18-2/tp","messageBody":"","fileTypesAndContributionMap":{}}]},{"date":"2023-10-08","commitResults":[{"hash":"df39139c6b034e42f46f335dcc8064168ac563aa","isMergeCommit":true,"messageTitle":"Merge branch \u0027master\u0027 of https://github.com/AY2324S1-CS2113-T18-2/tp","messageBody":"","fileTypesAndContributionMap":{}},{"hash":"2d7049b261c1db9ee9b2fd302da80eac4f32b989","isMergeCommit":false,"messageTitle":"Create cashflow and income classes","messageBody":"","fileTypesAndContributionMap":{"functional-code":{"insertions":33,"deletions":0}}},{"hash":"f8e310a44b9827b00635f829dd8d1fd8a11224e9","isMergeCommit":false,"messageTitle":"Create ArrayList to store entries","messageBody":"","fileTypesAndContributionMap":{"functional-code":{"insertions":11,"deletions":0}}},{"hash":"ae8527bbe3908a49eee3eeba95bb39a9778f275b","isMergeCommit":false,"messageTitle":"Add ability to add income to the ArrayList","messageBody":"","fileTypesAndContributionMap":{"functional-code":{"insertions":10,"deletions":2}}},{"hash":"c09c55e2fbf921cb8794c0eac6512dbc9b291f2a","isMergeCommit":false,"messageTitle":"Add ability to add income through user input","messageBody":"","fileTypesAndContributionMap":{"functional-code":{"insertions":60,"deletions":5}}},{"hash":"17fea1ee0b01d0acd6fa797bca86c66770974214","isMergeCommit":false,"messageTitle":"Remove unused imports","messageBody":"","fileTypesAndContributionMap":{"functional-code":{"insertions":0,"deletions":5}}},{"hash":"d5200ef10bf45e451d5057995598577e58195500","isMergeCommit":false,"messageTitle":"Add rounding of double values to 2 decimal places","messageBody":"","fileTypesAndContributionMap":{"functional-code":{"insertions":27,"deletions":2}}},{"hash":"c9daed435f0538014db06c642d487427e73b1ac8","isMergeCommit":false,"messageTitle":"Add expense class and ability to add expense through user input","messageBody":"","fileTypesAndContributionMap":{"functional-code":{"insertions":26,"deletions":3}}},{"hash":"26b06f9c92c6a293c902d83d8de8f4fa7434c443","isMergeCommit":false,"messageTitle":"Fix bug of not recognising description of parameters","messageBody":"","fileTypesAndContributionMap":{"functional-code":{"insertions":15,"deletions":7}}},{"hash":"9e54041da9ee4d502cf0869ecbf0f32571491295","isMergeCommit":true,"messageTitle":"Merge pull request #32 from NeoMinWei/branch-income","messageBody":"Add Income and Expense","fileTypesAndContributionMap":{}},{"hash":"08684d0c749a38b97d55e31a5bf525fded9a7136","isMergeCommit":true,"messageTitle":"Merge branch \u0027master\u0027 of https://github.com/AY2324S1-CS2113-T18-2/tp","messageBody":"","fileTypesAndContributionMap":{}}]},{"date":"2023-10-12","commitResults":[{"hash":"699cb40438315f404663b969d8a7e9330fa58887","isMergeCommit":true,"messageTitle":"Merge branch \u0027master\u0027 of https://github.com/AY2324S1-CS2113-T18-2/tp","messageBody":"","fileTypesAndContributionMap":{}},{"hash":"62d46f719a6d2b1a8b804ac1a54b3ef6cc03b943","isMergeCommit":false,"messageTitle":"Add JUnit tests for addIncome() and addExpense()","messageBody":"","fileTypesAndContributionMap":{"functional-code":{"insertions":1,"deletions":1},"test-code":{"insertions":56,"deletions":0}}},{"hash":"9dfd51ea57f7888e0c8eac32cc354313950d3c0c","isMergeCommit":true,"messageTitle":"Merge branch \u0027master\u0027 of https://github.com/AY2324S1-CS2113-T18-2/tp into Branch-JUnit","messageBody":"","fileTypesAndContributionMap":{}}]},{"date":"2023-10-13","commitResults":[{"hash":"c9fa29cd6aa140362bfaacdf93ae5c98b7ddf5b0","isMergeCommit":false,"messageTitle":"Add JUnit test for execute() in Entry","messageBody":"","fileTypesAndContributionMap":{"functional-code":{"insertions":7,"deletions":5},"test-code":{"insertions":29,"deletions":0}}},{"hash":"7e7c94aa80486995c938dc65216cb96d1b290fcc","isMergeCommit":true,"messageTitle":"Merge pull request #47 from NeoMinWei/Branch-JUnit","messageBody":"JUnit for addIncome and addExpense and execute","fileTypesAndContributionMap":{}},{"hash":"1c88d2ac4c68c1d9f7335cc5beb4b858e966467f","isMergeCommit":true,"messageTitle":"Merge branch \u0027master\u0027 of https://github.com/AY2324S1-CS2113-T18-2/tp","messageBody":"","fileTypesAndContributionMap":{}},{"hash":"2990de0cc5378b9586045413ccd2bb3a8a259ff9","isMergeCommit":true,"messageTitle":"Merge branch \u0027master\u0027 of https://github.com/AY2324S1-CS2113-T18-2/tp","messageBody":"","fileTypesAndContributionMap":{}}]},{"date":"2023-10-15","commitResults":[{"hash":"fe1b5953d0fd0d3767e5ed5a5ce7f748651598ba","isMergeCommit":false,"messageTitle":"Rename FinancialList to CashflowList","messageBody":"","fileTypesAndContributionMap":{"functional-code":{"insertions":37,"deletions":32},"other":{"insertions":24,"deletions":6},"test-code":{"insertions":12,"deletions":12}}},{"hash":"2be22452273938923c4666e0b1af0c17acfca335","isMergeCommit":false,"messageTitle":"Add toString method in Cashflow","messageBody":"","fileTypesAndContributionMap":{"functional-code":{"insertions":54,"deletions":12},"test-code":{"insertions":8,"deletions":8}}},{"hash":"73b1c64059a1ea52fcd4bac81d45be61ce1c621e","isMergeCommit":false,"messageTitle":"Add printAddedCashflow and printDeletedCashflow methods to Ui","messageBody":"","fileTypesAndContributionMap":{"functional-code":{"insertions":10,"deletions":2}}},{"hash":"7f0ff6575178c82185acd34370ed280d0ff9c9bb","isMergeCommit":false,"messageTitle":"Rename Entry class to AddCashflowCommand class","messageBody":"","fileTypesAndContributionMap":{"functional-code":{"insertions":4,"deletions":1},"other":{"insertions":6,"deletions":6}}},{"hash":"93058ea23bd016c655986c6368673c965819d4e8","isMergeCommit":false,"messageTitle":"Rename Entry class to AddCashflowCommand class","messageBody":"","fileTypesAndContributionMap":{"test-code":{"insertions":4,"deletions":4}}},{"hash":"b8d5f995f6592fbb2e9a0f5f9525bf27f82b527c","isMergeCommit":false,"messageTitle":"Extract parsing method from AddCashflowCommand class to Parser class","messageBody":"","fileTypesAndContributionMap":{"functional-code":{"insertions":39,"deletions":28},"test-code":{"insertions":0,"deletions":29}}},{"hash":"ef33866779c2999ab88f18d234af45c1ae46cf1c","isMergeCommit":false,"messageTitle":"Rename list to cashflowList","messageBody":"","fileTypesAndContributionMap":{"functional-code":{"insertions":3,"deletions":3}}},{"hash":"6b30cdad90948467b5fe2cd12651aa04467304a5","isMergeCommit":false,"messageTitle":"Add delete income/expense functionality","messageBody":"","fileTypesAndContributionMap":{"functional-code":{"insertions":128,"deletions":49}}},{"hash":"38dbc030b566522fd0f329ba247221284b2ed4af","isMergeCommit":false,"messageTitle":"Add JUnit testing","messageBody":"","fileTypesAndContributionMap":{"functional-code":{"insertions":3,"deletions":3},"test-code":{"insertions":31,"deletions":8}}}]},{"date":"2023-10-16","commitResults":[{"hash":"781779dca09f480fe69d15dcdfcbd955af8c56d6","isMergeCommit":false,"messageTitle":"Delete unused constructor","messageBody":"","fileTypesAndContributionMap":{"functional-code":{"insertions":1,"deletions":5}}},{"hash":"20be5d31d905fc8458bc03b5bbe07a43b69cda7a","isMergeCommit":true,"messageTitle":"Merge branch \u0027master\u0027 of https://github.com/AY2324S1-CS2113-T18-2/tp","messageBody":"","fileTypesAndContributionMap":{}},{"hash":"372f730c17048dbfeef6a9573a4eb1178755f724","isMergeCommit":true,"messageTitle":"Merge branch \u0027master\u0027 into Branch-DeleteIncome","messageBody":"# Conflicts:\n#\tsrc/main/java/seedu/financialplanner/FinancialPlanner.java\n#\tsrc/main/java/seedu/financialplanner/commands/AddStockCommand.java\n#\tsrc/main/java/seedu/financialplanner/commands/Command.java\n#\tsrc/main/java/seedu/financialplanner/commands/Exit.java\n#\tsrc/main/java/seedu/financialplanner/commands/Find.java\n#\tsrc/main/java/seedu/financialplanner/commands/Invalid.java\n#\tsrc/main/java/seedu/financialplanner/commands/WatchListCommand.java\n#\tsrc/main/java/seedu/financialplanner/list/CashflowList.java\n#\tsrc/main/java/seedu/financialplanner/utils/Parser.java\n#\tsrc/test/java/seedu/financialplanner/commands/EntryTest.java\n#\tsrc/test/java/seedu/financialplanner/storage/StorageTest.java\n#\ttext-ui-test/input.txt\n","fileTypesAndContributionMap":{}},{"hash":"7084894811134dccb133b5b495c4bc0c0c96c9ea","isMergeCommit":false,"messageTitle":"Wrap line to reduce line length","messageBody":"","fileTypesAndContributionMap":{"other":{"insertions":3,"deletions":2}}},{"hash":"2c874bb132ea38c1bef7df1c6d9b8ebdf8fdeb93","isMergeCommit":true,"messageTitle":"Merge branch \u0027master\u0027 of https://github.com/AY2324S1-CS2113-T18-2/tp","messageBody":"","fileTypesAndContributionMap":{}},{"hash":"756fefab390978a479cca40dd1df6931800d245d","isMergeCommit":true,"messageTitle":"Merge branch \u0027master\u0027 into Branch-DeleteIncome","messageBody":"# Conflicts:\n#\tsrc/main/java/seedu/financialplanner/commands/AddCashflowCommand.java\n#\tsrc/main/java/seedu/financialplanner/utils/Parser.java\n","fileTypesAndContributionMap":{}},{"hash":"1f0dd2ff73b0f8937c646a97b15280bbf1a4962f","isMergeCommit":false,"messageTitle":"Resolve renaming issues","messageBody":"","fileTypesAndContributionMap":{"test-code":{"insertions":6,"deletions":6}}},{"hash":"0091535cb31b76adf7958cd54d4d4feac1048ab0","isMergeCommit":true,"messageTitle":"Merge branch \u0027master\u0027 of https://github.com/AY2324S1-CS2113-T18-2/tp","messageBody":"","fileTypesAndContributionMap":{}},{"hash":"f5624bbdb0c6339bb71fc19b4ba56fb8b948be05","isMergeCommit":true,"messageTitle":"Merge branch \u0027master\u0027 into Branch-DeleteIncome","messageBody":"# Conflicts:\n#\tsrc/main/java/seedu/financialplanner/list/Cashflow.java\n#\tsrc/main/java/seedu/financialplanner/utils/Parser.java\n","fileTypesAndContributionMap":{}},{"hash":"e9cd0d0fb2b11f8f93a515a31a980110d30f6597","isMergeCommit":true,"messageTitle":"Merge pull request #71 from NeoMinWei/Branch-DeleteIncome","messageBody":"Delete income and expense","fileTypesAndContributionMap":{}},{"hash":"77f97a183a9dad909f9a74bbf3755ca8ff7df89e","isMergeCommit":true,"messageTitle":"Merge branch \u0027master\u0027 of https://github.com/AY2324S1-CS2113-T18-2/tp","messageBody":"","fileTypesAndContributionMap":{}},{"hash":"61401f04364506993e3ba06fa4e9d52d9a4669a0","isMergeCommit":true,"messageTitle":"Merge branch \u0027master\u0027 of https://github.com/AY2324S1-CS2113-T18-2/tp","messageBody":"","fileTypesAndContributionMap":{}},{"hash":"7d8d56d6e6c99dc005c3d68649bf6960d65284d2","isMergeCommit":true,"messageTitle":"Merge branch \u0027master\u0027 into Branch-DeleteBugFix","messageBody":"","fileTypesAndContributionMap":{}},{"hash":"c39094ff72f2ff8fa468ec804cd3dfb3016fe480","isMergeCommit":false,"messageTitle":"Fix bug where wrong message is showing for error handling and when user inputs delete 0","messageBody":"","fileTypesAndContributionMap":{"functional-code":{"insertions":8,"deletions":4}}}]},{"date":"2023-10-17","commitResults":[{"hash":"b3e0e452479fb4240679bab91046264ca2ea19d8","isMergeCommit":true,"messageTitle":"Merge pull request #90 from NeoMinWei/Branch-DeleteBugFix","messageBody":"Branch delete bug fix","fileTypesAndContributionMap":{}}]}],"ryan1604":[{"date":"2023-10-05","commitResults":[{"hash":"eab7be4bcbb2bd13648ec4f347d0278a5b33b3b1","isMergeCommit":false,"messageTitle":"Update AboutUs","messageBody":"","fileTypesAndContributionMap":{"docs":{"insertions":7,"deletions":7}}}]},{"date":"2023-10-07","commitResults":[{"hash":"e8da8d09f6900bdcf1299dabba13d3177794676f","isMergeCommit":false,"messageTitle":"Setup Ui and rename Duke to FinancialPlanner","messageBody":"Fixes #5\n","fileTypesAndContributionMap":{"functional-code":{"insertions":45,"deletions":22},"other":{"insertions":3,"deletions":3}}},{"hash":"d5be6d4bae825dbb2ba49c20588e7d1ecfaa8f7e","isMergeCommit":false,"messageTitle":"Add FinancialPlannerException","messageBody":"Fixes #8\n","fileTypesAndContributionMap":{"functional-code":{"insertions":7,"deletions":0}}},{"hash":"41909a10cf9d822fabd58091788fa8d898615517","isMergeCommit":false,"messageTitle":"Add Parser, add \u0027exit\u0027 and \u0027invalid\u0027 command to Parser","messageBody":"","fileTypesAndContributionMap":{"functional-code":{"insertions":67,"deletions":1},"other":{"insertions":1,"deletions":1}}},{"hash":"d926641278054652b6bf5faba4d7a71495ad91b9","isMergeCommit":true,"messageTitle":"Merge pull request #26 from ryan1604/branch-setup","messageBody":"Branch setup","fileTypesAndContributionMap":{}}]},{"date":"2023-10-09","commitResults":[{"hash":"4b7aa80bfe1c46aac6581012cfe57fe4efd37ab2","isMergeCommit":false,"messageTitle":"Update test file and multiple code refactorings","messageBody":"Fixes #34\n","fileTypesAndContributionMap":{"functional-code":{"insertions":28,"deletions":26}}},{"hash":"91c6f28655a8d39e1d9b3067075e1ef6c6b3f2c0","isMergeCommit":false,"messageTitle":"Remove unused import in Parser","messageBody":"","fileTypesAndContributionMap":{"functional-code":{"insertions":0,"deletions":2}}},{"hash":"636fa41f0e93e2a58fac846ff766483ae2845427","isMergeCommit":true,"messageTitle":"Merge pull request #35 from ryan1604/branch-code-quality","messageBody":"Update test file and multiple code refactorings","fileTypesAndContributionMap":{}}]},{"date":"2023-10-10","commitResults":[{"hash":"dfffa4ac58a33413fbc45a1fa59b2d4faed0bcac","isMergeCommit":false,"messageTitle":"Setup storage","messageBody":"Fixes #7\n","fileTypesAndContributionMap":{"functional-code":{"insertions":48,"deletions":0}}},{"hash":"8c328c6af2a61181bc07c1bcf8677e49b31630e8","isMergeCommit":false,"messageTitle":"Add save functionality for income and expense","messageBody":"","fileTypesAndContributionMap":{"functional-code":{"insertions":39,"deletions":1}}},{"hash":"75847cd1846bd27dab82dbc0dab5da96cf596d33","isMergeCommit":false,"messageTitle":"Add load functionality and edit EXPECTED.TXT","messageBody":"Fixes #38\n","fileTypesAndContributionMap":{"functional-code":{"insertions":70,"deletions":4}}},{"hash":"95cd96179ef5466fadecdc7027762af2af1e1c43","isMergeCommit":false,"messageTitle":"Add error handling for storage","messageBody":"Fixes #39\n","fileTypesAndContributionMap":{"functional-code":{"insertions":33,"deletions":9}}},{"hash":"b8b88c5b065e937a31978ae306c56d41a2b75706","isMergeCommit":false,"messageTitle":"Update catch block in main","messageBody":"","fileTypesAndContributionMap":{"functional-code":{"insertions":8,"deletions":4}}},{"hash":"0eca8f566599608a2dd256f9aef4a8147595722f","isMergeCommit":false,"messageTitle":"Add in \u0027run\u0027 method","messageBody":"","fileTypesAndContributionMap":{"functional-code":{"insertions":8,"deletions":3}}},{"hash":"91787a92b2a4b4ba60fcbd4762f03d583cf55720","isMergeCommit":true,"messageTitle":"Merge branch \u0027master\u0027 into branch-storage","messageBody":"# Conflicts:\n#\tsrc/main/java/seedu/financialplanner/utils/Ui.java\n","fileTypesAndContributionMap":{}}]},{"date":"2023-10-11","commitResults":[{"hash":"cfd188be4932c9db8da02c85f943ba2c26a2e5aa","isMergeCommit":true,"messageTitle":"Merge pull request #40 from ryan1604/branch-storage","messageBody":"Add storage","fileTypesAndContributionMap":{}}]},{"date":"2023-10-12","commitResults":[{"hash":"3501ede398172c065fabdf26f4e4706df23686c9","isMergeCommit":false,"messageTitle":"Add storage test for loading valid data","messageBody":"","fileTypesAndContributionMap":{"functional-code":{"insertions":40,"deletions":17},"test-code":{"insertions":29,"deletions":0}}}]},{"date":"2023-10-13","commitResults":[{"hash":"a61e59da1fb118eb86fdedbbafcb124bfef873a5","isMergeCommit":false,"messageTitle":"Add storage test for:","messageBody":"- load invalid data\n- save valid data\n- save non-existent file\n\nFixes #46\n","fileTypesAndContributionMap":{"functional-code":{"insertions":1,"deletions":19},"test-code":{"insertions":37,"deletions":1}}},{"hash":"d048f440dbb5e3fe9617dda4c50edab3904307c3","isMergeCommit":false,"messageTitle":"Follow coding standards","messageBody":"","fileTypesAndContributionMap":{"functional-code":{"insertions":1,"deletions":1},"test-code":{"insertions":1,"deletions":1}}},{"hash":"6bdf7e453019f8b40fb962822b1db0652308ce57","isMergeCommit":false,"messageTitle":"Rename data to testData folder","messageBody":"","fileTypesAndContributionMap":{"test-code":{"insertions":3,"deletions":3}}},{"hash":"398fc42b1fc6bee7ca4825f966ddfd61fb400eef","isMergeCommit":true,"messageTitle":"Merge pull request #48 from ryan1604/branch-JUnit","messageBody":"Junit tests for storage","fileTypesAndContributionMap":{}},{"hash":"1c81748388c8834d4ad2125d39dbb70a8e192d51","isMergeCommit":false,"messageTitle":"Make objects private in test classes","messageBody":"","fileTypesAndContributionMap":{"test-code":{"insertions":5,"deletions":5}}},{"hash":"09c4f10ef1b93b7d4006e4e9ee8e7530db81438c","isMergeCommit":false,"messageTitle":"Clears list at the end of method","messageBody":"","fileTypesAndContributionMap":{"test-code":{"insertions":2,"deletions":0}}},{"hash":"b6f7a7cbb9a8fd3b9830aa4aebd3d360bbf5f6d3","isMergeCommit":false,"messageTitle":"Undo clearing of list and set cashflow balance to 0 in testAddIncomeAndExpense","messageBody":"","fileTypesAndContributionMap":{"test-code":{"insertions":2,"deletions":3}}},{"hash":"1437d9a753198822b0f8c0881ee6858194829c66","isMergeCommit":false,"messageTitle":"Remove unused imports","messageBody":"","fileTypesAndContributionMap":{"test-code":{"insertions":0,"deletions":1}}},{"hash":"653b5feac428aa3eb4a8799b199ad6fc937cb2d4","isMergeCommit":true,"messageTitle":"Merge pull request #49 from ryan1604/branch-JUnit-2","messageBody":"Fix CI failing","fileTypesAndContributionMap":{}}]},{"date":"2023-10-15","commitResults":[{"hash":"28cfe5345285e27661812b3a3a21ff1dafebf0af","isMergeCommit":false,"messageTitle":"Add Budget class","messageBody":"","fileTypesAndContributionMap":{"functional-code":{"insertions":10,"deletions":0}}},{"hash":"f166d899d4192414e397be9695f7ab466ed91ceb","isMergeCommit":false,"messageTitle":"Add BudgetCommand","messageBody":"","fileTypesAndContributionMap":{"functional-code":{"insertions":32,"deletions":0}}},{"hash":"5acc2f839e4007ad39ee4fbb069e023c00456cfc","isMergeCommit":false,"messageTitle":"Add setBudget to FinancialList and update test files","messageBody":"","fileTypesAndContributionMap":{"functional-code":{"insertions":8,"deletions":0}}},{"hash":"0ca7eeac266bc0a105ef37e9c58e1834f5d25850","isMergeCommit":false,"messageTitle":"Add overview command","messageBody":"","fileTypesAndContributionMap":{"functional-code":{"insertions":16,"deletions":0}}},{"hash":"ff40a9b9b08d48c6dbcb89fb637fa403e8f9f89c","isMergeCommit":false,"messageTitle":"Update overview to show:","messageBody":"- Total balance\n- Highest income\n- Highest expense\n- Watchlist\n\nFixes #29\n","fileTypesAndContributionMap":{"functional-code":{"insertions":46,"deletions":2}}},{"hash":"1c099725de56ae0fe7476dd7294229998340ed16","isMergeCommit":false,"messageTitle":"Edit setBudget method in FinancialList","messageBody":"","fileTypesAndContributionMap":{"functional-code":{"insertions":3,"deletions":5}}}]},{"date":"2023-10-16","commitResults":[{"hash":"3e1db303a86296ac9eea5229d4af38e65b6ee86a","isMergeCommit":true,"messageTitle":"Merge pull request #70 from YFshadaow/branch-refactor-command-parse-logic","messageBody":"Refactor code: Restructure command parse logic","fileTypesAndContributionMap":{}},{"hash":"e197a46699b33e0ee4f1c0158d32d24edd8e0fe1","isMergeCommit":true,"messageTitle":"Merge branch \u0027master\u0027 into branch-budget","messageBody":"# Conflicts:\n#\tsrc/main/java/seedu/financialplanner/utils/Parser.java\n#\ttext-ui-test/input.txt\n","fileTypesAndContributionMap":{}},{"hash":"9790808efd401a0add9b17e445f73e792823dbca","isMergeCommit":false,"messageTitle":"Add storage and exceptions for budget","messageBody":"","fileTypesAndContributionMap":{"functional-code":{"insertions":29,"deletions":24}}},{"hash":"b6a93fdf77d18006ed5b8af749def38bc5b1a6b1","isMergeCommit":false,"messageTitle":"Update Budget","messageBody":"Fixes #59\n","fileTypesAndContributionMap":{"functional-code":{"insertions":90,"deletions":50}}},{"hash":"7dc589fac79d029a9161b1e73f9dd6c09b230cff","isMergeCommit":false,"messageTitle":"Update budget when new expense is added","messageBody":"Fixes #60\n","fileTypesAndContributionMap":{"functional-code":{"insertions":30,"deletions":4}}},{"hash":"aa68bb059f3bf8201c0830bd13a714577428adbd","isMergeCommit":false,"messageTitle":"Add ability to update budget","messageBody":"","fileTypesAndContributionMap":{"functional-code":{"insertions":72,"deletions":39}}},{"hash":"4a25982c9f7dea52d0d5b50b0b9ed4c6da622a22","isMergeCommit":false,"messageTitle":"Update test files and format printing of double to 2d.p","messageBody":"","fileTypesAndContributionMap":{"functional-code":{"insertions":9,"deletions":6}}},{"hash":"8ff7b412958e60cf34968d32ce1d8b2e0a17d58c","isMergeCommit":false,"messageTitle":"Add JUnit tests for Budget and update ValidData.txt","messageBody":"Fixes #73\n","fileTypesAndContributionMap":{"test-code":{"insertions":42,"deletions":0}}},{"hash":"6bfd86e9bf988f2b31c9683606facdc1550f2475","isMergeCommit":false,"messageTitle":"Update code to follow coding standards","messageBody":"","fileTypesAndContributionMap":{"functional-code":{"insertions":5,"deletions":1},"test-code":{"insertions":0,"deletions":1}}},{"hash":"c45bba6e16e98a3ca9c500a5ec64c598ec444c49","isMergeCommit":false,"messageTitle":"Remove redundant get() and size() methods in cashFlowList","messageBody":"","fileTypesAndContributionMap":{"functional-code":{"insertions":3,"deletions":11}}},{"hash":"e417fcac442470226432184427bd86a06da278f7","isMergeCommit":false,"messageTitle":"Update error handling for update budget","messageBody":"","fileTypesAndContributionMap":{"functional-code":{"insertions":4,"deletions":0}}},{"hash":"89d5babd83af99396efcc453995b7002edf6f988","isMergeCommit":false,"messageTitle":"Standardise case statements","messageBody":"","fileTypesAndContributionMap":{"functional-code":{"insertions":7,"deletions":16}}},{"hash":"f5a16724e320f6246beb2eff33076b79661cb44b","isMergeCommit":true,"messageTitle":"Merge pull request #57 from ryan1604/branch-budget","messageBody":"Add budget functionality","fileTypesAndContributionMap":{}},{"hash":"c73982cb0a6c78b95ec5f1e30e7fdf6213da690b","isMergeCommit":true,"messageTitle":"Merge branch \u0027master\u0027 into branch-overview","messageBody":"# Conflicts:\n#\tsrc/main/java/seedu/financialplanner/utils/Parser.java\n","fileTypesAndContributionMap":{}},{"hash":"ab2f4ada4e7927c3e547ff23c80429d5fa018a85","isMergeCommit":false,"messageTitle":"Update overview command","messageBody":"","fileTypesAndContributionMap":{"functional-code":{"insertions":36,"deletions":24}}},{"hash":"75d7c453aa561d32dc04f507920e91866cd3cd42","isMergeCommit":false,"messageTitle":"Refactor code in budget and overview","messageBody":"Fixes #29\n","fileTypesAndContributionMap":{"functional-code":{"insertions":22,"deletions":16}}},{"hash":"8e970f586211c98a67104e2e5e60c1467290283f","isMergeCommit":false,"messageTitle":"Fix bug in loading storage","messageBody":"","fileTypesAndContributionMap":{"functional-code":{"insertions":12,"deletions":7}}},{"hash":"3574b3c588bb57865216155149965ac36741d658","isMergeCommit":true,"messageTitle":"Merge branch \u0027master\u0027 into branch-overview","messageBody":"# Conflicts:\n#\tsrc/main/java/seedu/financialplanner/utils/Parser.java\n","fileTypesAndContributionMap":{}},{"hash":"01fbdd18f50dc01d6273bb8ae0f716d76658c798","isMergeCommit":false,"messageTitle":"Update error handling for budget","messageBody":"","fileTypesAndContributionMap":{"functional-code":{"insertions":7,"deletions":0}}},{"hash":"b33a0c71e3a82cedd3deac14b53ee8c881b63934","isMergeCommit":false,"messageTitle":"Refactor code:","messageBody":"- Refactor formatting of double to string\n- Reduce nesting in overviewcommand\n- Clean up code\n","fileTypesAndContributionMap":{"functional-code":{"insertions":38,"deletions":27}}}]},{"date":"2023-10-17","commitResults":[{"hash":"f46a0628faea24ba86aaa54141916d104fbe1f3a","isMergeCommit":false,"messageTitle":"Add logger storage","messageBody":"","fileTypesAndContributionMap":{"functional-code":{"insertions":21,"deletions":0}}},{"hash":"3705db0f6ea636d00d7f362a21c577710a687ccf","isMergeCommit":false,"messageTitle":"Enable assertions","messageBody":"","fileTypesAndContributionMap":{"other":{"insertions":1,"deletions":0}}},{"hash":"b10f74a3137f0b43f7a486e06506a6cc47ba5ae1","isMergeCommit":false,"messageTitle":"Add logging and assertions for budget","messageBody":"Fixes #87\n","fileTypesAndContributionMap":{"functional-code":{"insertions":13,"deletions":0}}},{"hash":"5b25ce5873e76f7c67e8c61128f2ef939c22f7f7","isMergeCommit":false,"messageTitle":"Update warning message in logger","messageBody":"","fileTypesAndContributionMap":{"functional-code":{"insertions":1,"deletions":1}}},{"hash":"1f63d6e938171d41ab2214df06a989a882819fe7","isMergeCommit":false,"messageTitle":"Add error handling and standardise logging","messageBody":"","fileTypesAndContributionMap":{"functional-code":{"insertions":19,"deletions":5}}},{"hash":"c97daf2496479364271d54c2da1b3e6466e9fa8c","isMergeCommit":false,"messageTitle":"Extract print statement to Ui","messageBody":"","fileTypesAndContributionMap":{"functional-code":{"insertions":12,"deletions":8}}},{"hash":"324016184917721a91fc9b91fcb06c0eb783ef89","isMergeCommit":true,"messageTitle":"Merge branch \u0027master\u0027 into branch-overview","messageBody":"# Conflicts:\n#\tsrc/main/java/seedu/financialplanner/utils/Parser.java\n","fileTypesAndContributionMap":{}},{"hash":"6bf095c5e50f765fd3765a3a7fd859ecbc01591b","isMergeCommit":true,"messageTitle":"Merge pull request #58 from ryan1604/branch-overview","messageBody":"Add overview functionality","fileTypesAndContributionMap":{}},{"hash":"df007a1a9b2bc34f17c112cefc2cf3eea948896a","isMergeCommit":true,"messageTitle":"Merge branch \u0027master\u0027 into branch-logger","messageBody":"# Conflicts:\n#\tsrc/main/java/seedu/financialplanner/commands/BudgetCommand.java\n","fileTypesAndContributionMap":{}},{"hash":"19dcfc60b44a315ae74f99f0b8cf12b161ce7d81","isMergeCommit":false,"messageTitle":"Add error handling for budget","messageBody":"","fileTypesAndContributionMap":{"functional-code":{"insertions":10,"deletions":4}}},{"hash":"446763c7940b0fb0237c2ac6b976bec1c9d1156b","isMergeCommit":true,"messageTitle":"Merge pull request #91 from ryan1604/branch-logger","messageBody":"Add logging and assertions for BudgetCommand","fileTypesAndContributionMap":{}}]}],"YFshadaow":[{"date":"2023-10-13","commitResults":[{"hash":"7828ae3395aae5d90d22f6743b43b03445b289a9","isMergeCommit":false,"messageTitle":"Refactor code: Use singleton instead","messageBody":"","fileTypesAndContributionMap":{"functional-code":{"insertions":40,"deletions":38},"test-code":{"insertions":15,"deletions":15}}},{"hash":"a126234d9b789bbeb6ac1ed4def47833d3356e48","isMergeCommit":true,"messageTitle":"Merge branch \u0027master\u0027 into master","messageBody":"","fileTypesAndContributionMap":{}},{"hash":"89366d90a98581607b043727aa7a8eaf05227920","isMergeCommit":true,"messageTitle":"Merge pull request #50 from YFshadaow/master","messageBody":"Refactor code: Use singleton instead","fileTypesAndContributionMap":{}}]},{"date":"2023-10-15","commitResults":[{"hash":"a7b5722ca73a4b15a5c0e25b783a9fb827b30f28","isMergeCommit":false,"messageTitle":"Refactor code: Restructure command parse logic","messageBody":"","fileTypesAndContributionMap":{"functional-code":{"insertions":254,"deletions":151},"other":{"insertions":21,"deletions":14},"test-code":{"insertions":9,"deletions":9}}}]},{"date":"2023-10-16","commitResults":[{"hash":"7ed9cafa3c7bd26a4641c1ec66c018e371c42434","isMergeCommit":false,"messageTitle":"Update code to pass style checks","messageBody":"","fileTypesAndContributionMap":{"functional-code":{"insertions":43,"deletions":26}}},{"hash":"28dd7ef23c898f7c9a91969a499e1463e6f12b2e","isMergeCommit":false,"messageTitle":"Update test files","messageBody":"","fileTypesAndContributionMap":{"functional-code":{"insertions":32,"deletions":24},"other":{"insertions":7,"deletions":5},"test-code":{"insertions":29,"deletions":21}}}]}],"hshiah":[{"date":"2023-10-05","commitResults":[{"hash":"f4e110ae257a2d4b5945b76e92c4f67b53a9b9c9","isMergeCommit":false,"messageTitle":"Test","messageBody":"","fileTypesAndContributionMap":{"functional-code":{"insertions":2,"deletions":1}}},{"hash":"483fb3d416dea3f0ae1999b544aaa379f9eb6575","isMergeCommit":true,"messageTitle":"Merge pull request #4 from hshiah/hshiah","messageBody":"Shi,Haochen","fileTypesAndContributionMap":{}}]},{"date":"2023-10-12","commitResults":[{"hash":"22508414ff64c714b8c24237a8ab30432ade3775","isMergeCommit":false,"messageTitle":"implement function find","messageBody":"","fileTypesAndContributionMap":{"functional-code":{"insertions":66,"deletions":0}}},{"hash":"8553ea5738eaa15aacfd028fd0832607330e3a48","isMergeCommit":true,"messageTitle":"Merge pull request #45 from hshiah/master","messageBody":"implement function find","fileTypesAndContributionMap":{}}]},{"date":"2023-10-16","commitResults":[{"hash":"2c4321ec694fab448316d4670acb2409d60896d6","isMergeCommit":false,"messageTitle":"Add reminder","messageBody":"","fileTypesAndContributionMap":{"functional-code":{"insertions":88,"deletions":1}}},{"hash":"436ee1eebba2e020d95e82cdc8089a335fafdcfb","isMergeCommit":true,"messageTitle":"Merge pull request #86 from hshiah/hshiah","messageBody":"Add reminder","fileTypesAndContributionMap":{}},{"hash":"5e6072c3cfd8377d6401e4aa8656c4abf71508fe","isMergeCommit":false,"messageTitle":"Finish setting goals Fix bugs of find command","messageBody":"","fileTypesAndContributionMap":{"functional-code":{"insertions":87,"deletions":2}}}]},{"date":"2023-10-17","commitResults":[{"hash":"401308ac27b8077cd80a9378c8938e2b258ed136","isMergeCommit":false,"messageTitle":"Fix some points mentioned by groupmates","messageBody":"","fileTypesAndContributionMap":{"functional-code":{"insertions":24,"deletions":27}}},{"hash":"e9a6466bf2b37b67c9b63997e1fc4c3a042688ff","isMergeCommit":false,"messageTitle":"Solve conflict","messageBody":"","fileTypesAndContributionMap":{"functional-code":{"insertions":0,"deletions":11}}},{"hash":"835cc572869e4c70387ca9ba0e5bc42721c228d9","isMergeCommit":true,"messageTitle":"Merge branch \u0027master\u0027 into hshiah","messageBody":"","fileTypesAndContributionMap":{}},{"hash":"f87a53b2a70f909bafc095d6c425d023c4e5c8e9","isMergeCommit":false,"messageTitle":"Delete getValue function","messageBody":"","fileTypesAndContributionMap":{"functional-code":{"insertions":1,"deletions":6}}},{"hash":"cd9ad14c299d2642e1d7737dc8e675d7b4cee4a3","isMergeCommit":true,"messageTitle":"Merge pull request #88 from hshiah/hshiah","messageBody":"Finish setting goals","fileTypesAndContributionMap":{}}]}]},"authorFileTypeContributionMap":{"wwweert123":{"docs":6,"functional-code":377,"test-code":29,"other":3},"NeoMinWei":{"docs":4,"functional-code":328,"test-code":101},"ryan1604":{"docs":1,"functional-code":546,"test-code":86,"other":2},"YFshadaow":{"docs":0,"functional-code":260,"test-code":44},"hshiah":{"docs":0,"functional-code":210,"test-code":0}},"authorContributionVariance":{"wwweert123":4727.1973,"NeoMinWei":12947.018,"ryan1604":16638.48,"YFshadaow":9022.652,"hshiah":1421.8995},"authorDisplayNameMap":{"wwweert123":"CS2113-T18-2 PUA ..RICK","NeoMinWei":"CS2113-T18-2 NEO .. WEI","ryan1604":"CS2113-T18-2 CHUA..RYAN","YFshadaow":"CS2113-T18-2 REN ..GDAO","hshiah":"CS2113-T18-2 SHI ..CHEN"}}
