{"authorDailyContributionsMap":{"wwweert123":[{"date":"2023-10-05","commitResults":[{"hash":"491c9238e3c2b52f8ddaa10ba332e9566a8b7e9e","isMergeCommit":false,"messageTitle":"Add aboutus links and add my my own md file","messageBody":"","fileTypesAndContributionMap":{"docs":{"insertions":12,"deletions":7}}},{"hash":"2712d42c6b6d4552c9a0ea7bcc75de166bdf1546","isMergeCommit":true,"messageTitle":"Merge branch \u0027master\u0027 of https://github.com/AY2324S1-CS2113-T18-2/tp into Frederick-AboutUs","messageBody":"# Conflicts:\n#\tdocs/AboutUs.md\n","fileTypesAndContributionMap":{}},{"hash":"11db7a69a38c31d6f7658163f69ac8726f80a0b0","isMergeCommit":true,"messageTitle":"Merge pull request #3 from wwweert123/Frederick-AboutUs","messageBody":"Add aboutus links and add my my own md file","fileTypesAndContributionMap":{}}]},{"date":"2023-10-08","commitResults":[{"hash":"68d635974b5493f20ba1ffaa1b953cf0b798a5ae","isMergeCommit":false,"messageTitle":"Add new watchlist command and pull from FMP api for stock data","messageBody":"","fileTypesAndContributionMap":{"functional-code":{"insertions":36,"deletions":0}}},{"hash":"5f7d5ba1fafae93224d2ae0559edae789e3747bd","isMergeCommit":false,"messageTitle":"Add simple JSON library to parse response body and print to UI","messageBody":"","fileTypesAndContributionMap":{"functional-code":{"insertions":24,"deletions":1},"other":{"insertions":1,"deletions":0}}},{"hash":"bfa75c44ff77cc7824fb4a072c8d4a8e94a19e09","isMergeCommit":false,"messageTitle":"Use string format to create request URI","messageBody":"","fileTypesAndContributionMap":{"functional-code":{"insertions":10,"deletions":2}}},{"hash":"d5ac9fceb7e20c02055b08cff4c73c88830bb993","isMergeCommit":false,"messageTitle":"Add a stock class and have the watchlist query API endpoint using stock classes created","messageBody":"","fileTypesAndContributionMap":{"functional-code":{"insertions":87,"deletions":2}}},{"hash":"66c6dc6ad21cbde9abe158bb32b30160a572021d","isMergeCommit":false,"messageTitle":"Add commons lang library to allow for padding of string when printing","messageBody":"","fileTypesAndContributionMap":{"functional-code":{"insertions":10,"deletions":7},"other":{"insertions":1,"deletions":0}}}]},{"date":"2023-10-09","commitResults":[{"hash":"9a32030207906b044fd774d1afcc8768c2f52b51","isMergeCommit":false,"messageTitle":"Create a watchlist class to reference stocks","messageBody":"","fileTypesAndContributionMap":{"functional-code":{"insertions":31,"deletions":0},"other":{"insertions":12,"deletions":35}}},{"hash":"a311199b47d9c35e55f5509eaba762545283cd61","isMergeCommit":false,"messageTitle":"Create method in UI to print stock prices","messageBody":"","fileTypesAndContributionMap":{"functional-code":{"insertions":19,"deletions":0}}},{"hash":"84fb7092fb5158ab4e8aeb7b0e00b521bdd981df","isMergeCommit":false,"messageTitle":"Add watchlist parameter to execute","messageBody":"","fileTypesAndContributionMap":{"functional-code":{"insertions":8,"deletions":6}}},{"hash":"2977b5bb71d186cf5ba1d7e15eb4c59e029f88c3","isMergeCommit":false,"messageTitle":"Initialize watchlist on startup","messageBody":"","fileTypesAndContributionMap":{"functional-code":{"insertions":4,"deletions":1}}},{"hash":"df5605a78870802546be8dc5b852348e41405f8c","isMergeCommit":true,"messageTitle":"Merge branch \u0027master\u0027 into FrederickWatchlist","messageBody":"# Conflicts:\n#\tsrc/main/java/seedu/financialplanner/FinancialPlanner.java\n#\tsrc/main/java/seedu/financialplanner/commands/Command.java\n#\tsrc/main/java/seedu/financialplanner/commands/Exit.java\n#\tsrc/main/java/seedu/financialplanner/commands/Invalid.java\n#\tsrc/main/java/seedu/financialplanner/utils/Parser.java\n","fileTypesAndContributionMap":{}},{"hash":"74e0b77d800eb36b21b1534bb75611548d2b2164","isMergeCommit":false,"messageTitle":"Remove unused imports","messageBody":"","fileTypesAndContributionMap":{"functional-code":{"insertions":0,"deletions":16}}},{"hash":"fab0ae11bdae69d18f598f87848130409af67551","isMergeCommit":true,"messageTitle":"Merge pull request #33 from wwweert123/FrederickWatchlist","messageBody":"Frederick watchlist","fileTypesAndContributionMap":{}},{"hash":"a778bb54cf3c686fc074b019c292a87b7beeb3dd","isMergeCommit":false,"messageTitle":"Add command for adding stock to watchlist","messageBody":"","fileTypesAndContributionMap":{"functional-code":{"insertions":67,"deletions":5}}},{"hash":"bece3c1c0e553317e4fa0715467f3a782b274f1c","isMergeCommit":false,"messageTitle":"Add some minor error handling for response from API endpoint","messageBody":"","fileTypesAndContributionMap":{"functional-code":{"insertions":19,"deletions":9}}}]},{"date":"2023-10-10","commitResults":[{"hash":"c6df4b251e96eda6f8271f3b1c9d4a7c8c5cd6f3","isMergeCommit":true,"messageTitle":"Merge pull request #37 from wwweert123/FrederickAddStock","messageBody":"Frederick add stock","fileTypesAndContributionMap":{}}]},{"date":"2023-10-12","commitResults":[{"hash":"bef5bea11ba3f9ee327b12830092670706eb6c8c","isMergeCommit":false,"messageTitle":"Add testcases for addstock and fetchFMPStockPrices","messageBody":"","fileTypesAndContributionMap":{"test-code":{"insertions":31,"deletions":0}}},{"hash":"92df6fe7a3c18bfd7283694eafeee6fb0e82f070","isMergeCommit":false,"messageTitle":"Fix Code styles","messageBody":"","fileTypesAndContributionMap":{"test-code":{"insertions":2,"deletions":3}}},{"hash":"1afcc973197329792f60e23295c485d963590453","isMergeCommit":false,"messageTitle":"Fix imports","messageBody":"","fileTypesAndContributionMap":{"test-code":{"insertions":1,"deletions":0}}},{"hash":"5471bf86202514018adf0251d3811de39949cdde","isMergeCommit":true,"messageTitle":"Merge pull request #44 from wwweert123/JUnitWatchlist","messageBody":"Add testcases for addstock and fetchFMPStockPrices","fileTypesAndContributionMap":{}}]},{"date":"2023-10-13","commitResults":[{"hash":"00f4c3f960e81461c36262c92bbd2dfa2a9d8541","isMergeCommit":false,"messageTitle":"Fix bug by changing api endpoint and changing api key","messageBody":"","fileTypesAndContributionMap":{"functional-code":{"insertions":21,"deletions":21},"test-code":{"insertions":1,"deletions":1}}},{"hash":"52856fb2cda836fc593956eca93d3d2e7cab04ea","isMergeCommit":true,"messageTitle":"Merge pull request #52 from wwweert123/FrederickStockAPIChange","messageBody":"Fix bug by changing api endpoint and changing api key","fileTypesAndContributionMap":{}},{"hash":"f4935d893db62558f2c75ebdddd419e7b39f15b6","isMergeCommit":false,"messageTitle":"Fix test and remove market from add stock","messageBody":"","fileTypesAndContributionMap":{"functional-code":{"insertions":2,"deletions":3}}},{"hash":"0782c150bb1bb098038134bdbf37d56e35bee902","isMergeCommit":true,"messageTitle":"Merge pull request #53 from wwweert123/FrederickStockAPIChange","messageBody":"Fix test and remove market from add stock","fileTypesAndContributionMap":{}},{"hash":"acb5bdbfd096302f98eea97c01f4a6e360c1395b","isMergeCommit":false,"messageTitle":"Fix bug","messageBody":"","fileTypesAndContributionMap":{"functional-code":{"insertions":0,"deletions":1},"test-code":{"insertions":1,"deletions":1}}},{"hash":"da1f2d50202a960b187bbbebcf4514c9aa128d68","isMergeCommit":true,"messageTitle":"Merge pull request #54 from wwweert123/FrederickStockAPIChange","messageBody":"Fix bug","fileTypesAndContributionMap":{}}]},{"date":"2023-10-15","commitResults":[{"hash":"7d495e4009402389b717de162fc78f288ba88fc1","isMergeCommit":false,"messageTitle":"Add new dependency for creating data plots and test it","messageBody":"","fileTypesAndContributionMap":{"functional-code":{"insertions":39,"deletions":1},"other":{"insertions":1,"deletions":0}}},{"hash":"763e137a04d856abc406e8795f0bf5f91d904d1e","isMergeCommit":false,"messageTitle":"Remove unnecessary classes","messageBody":"","fileTypesAndContributionMap":{"functional-code":{"insertions":0,"deletions":31}}},{"hash":"d03b9438f621db15a83610c3ce199c6ee840675c","isMergeCommit":false,"messageTitle":"Add getters for cashflow type and value","messageBody":"","fileTypesAndContributionMap":{"functional-code":{"insertions":8,"deletions":3}}},{"hash":"4fc4df2db821fb4d8cdd5f3eb3093400f5e0d297","isMergeCommit":false,"messageTitle":"Add vis command to the parser class","messageBody":"","fileTypesAndContributionMap":{"functional-code":{"insertions":34,"deletions":10}}},{"hash":"7f31985cd4ae39b8944d2df5d424aad1616742c0","isMergeCommit":false,"messageTitle":"Add categorizer utility class to sort expenses or income entry based on type","messageBody":"","fileTypesAndContributionMap":{"functional-code":{"insertions":24,"deletions":0}}},{"hash":"afc246440d8eca06ede599770fa363a0a5549f3e","isMergeCommit":false,"messageTitle":"Add visualizer class to visualize data in bar graph or pie chart","messageBody":"","fileTypesAndContributionMap":{"functional-code":{"insertions":69,"deletions":0}}},{"hash":"8631e18975c8beabae651b826d9c0a6a6a798aeb","isMergeCommit":false,"messageTitle":"Fix Import","messageBody":"","fileTypesAndContributionMap":{"functional-code":{"insertions":8,"deletions":1}}}]},{"date":"2023-10-16","commitResults":[{"hash":"7fe6dc007f9a4c50dd6d6e431834641688608bd3","isMergeCommit":false,"messageTitle":"Fix code style issues","messageBody":"","fileTypesAndContributionMap":{"functional-code":{"insertions":12,"deletions":10}}},{"hash":"68fc9ae55171009c217fc93e846fa88e4c0b913a","isMergeCommit":false,"messageTitle":"Fix identation in visualizer","messageBody":"","fileTypesAndContributionMap":{"functional-code":{"insertions":5,"deletions":5}}},{"hash":"42b5794f6f94595b399e3e97640cd986e617d529","isMergeCommit":true,"messageTitle":"Merge branch \u0027master\u0027 into FrederickVisualisation","messageBody":"# Conflicts:\n#\tsrc/main/java/seedu/financialplanner/list/CashflowList.java\n#\tsrc/main/java/seedu/financialplanner/utils/Parser.java\n","fileTypesAndContributionMap":{}},{"hash":"c689389905882a16a1e1aa27a4fbfd4936ba22a3","isMergeCommit":false,"messageTitle":"Remove dead code","messageBody":"","fileTypesAndContributionMap":{"functional-code":{"insertions":0,"deletions":7}}},{"hash":"f97b44048a9b7b92fcb0abbd4ca91161a7d965f5","isMergeCommit":false,"messageTitle":"Add functionality to do visualization for both income and expense","messageBody":"","fileTypesAndContributionMap":{"functional-code":{"insertions":29,"deletions":3}}},{"hash":"671802cad084f4b455b79718f5de9dd35ec9f322","isMergeCommit":true,"messageTitle":"Merge branch \u0027master\u0027 into FrederickVisualisation","messageBody":"# Conflicts:\n#\tsrc/main/java/seedu/financialplanner/utils/Parser.java\n","fileTypesAndContributionMap":{}},{"hash":"2a0a2fb3bf353c2ec7d9faf9f4b26be38addb9cb","isMergeCommit":false,"messageTitle":"Fix code style","messageBody":"","fileTypesAndContributionMap":{"functional-code":{"insertions":2,"deletions":2}}},{"hash":"9b0642a136c10c64880e1c6e3d7f7ad74c46c4b5","isMergeCommit":true,"messageTitle":"Merge pull request #69 from wwweert123/FrederickVisualisation","messageBody":"Frederick visualisation","fileTypesAndContributionMap":{}},{"hash":"4c12a33358390c7833882cb4ff8856c639a0e0d9","isMergeCommit":false,"messageTitle":"Add logger for visualizer and categorizer class","messageBody":"","fileTypesAndContributionMap":{"functional-code":{"insertions":12,"deletions":1}}}]},{"date":"2023-10-17","commitResults":[{"hash":"d37e2a293714b82b7d9f79e06cecb35599196bce","isMergeCommit":false,"messageTitle":"Add logging for Vis Command","messageBody":"","fileTypesAndContributionMap":{"functional-code":{"insertions":7,"deletions":2}}},{"hash":"c7897b1d61ad607722a0af7243c2c0412cbb6074","isMergeCommit":false,"messageTitle":"Add assert for visualizations related classes","messageBody":"","fileTypesAndContributionMap":{"functional-code":{"insertions":5,"deletions":6}}},{"hash":"a3dd93f6e66d04efcc7f61d57df01c3e05772535","isMergeCommit":false,"messageTitle":"Fix error in check style","messageBody":"","fileTypesAndContributionMap":{"functional-code":{"insertions":2,"deletions":2}}}]},{"date":"2023-10-18","commitResults":[{"hash":"793ce105ddb0c8508ec605fe40f273cd5b4cce5d","isMergeCommit":true,"messageTitle":"Merge pull request #93 from wwweert123/LoggingAssertVis","messageBody":"Logging assert vis","fileTypesAndContributionMap":{}},{"hash":"5562991591bfeb1bc8e0cf33b9e4d9ef55ee5a11","isMergeCommit":false,"messageTitle":"Add logging and assert for watchlist command","messageBody":"","fileTypesAndContributionMap":{"functional-code":{"insertions":7,"deletions":0}}},{"hash":"3de6f7e633a56dea1df03c9b4daf3a112a6212c3","isMergeCommit":false,"messageTitle":"Add logging and assert to AddStockCommand, Stock and Watchlist","messageBody":"","fileTypesAndContributionMap":{"functional-code":{"insertions":36,"deletions":0}}},{"hash":"1659e06bfa224f44344d3c005cf878e12c8adaf8","isMergeCommit":true,"messageTitle":"Merge branch \u0027master\u0027 into LoggingAssertWatchlist","messageBody":"# Conflicts:\n#\tsrc/main/java/seedu/financialplanner/investments/WatchList.java\n","fileTypesAndContributionMap":{}},{"hash":"8d06dc08254699a08a4fff6922f9b7194c4a1dbb","isMergeCommit":false,"messageTitle":"Fix checkstyle errors","messageBody":"","fileTypesAndContributionMap":{"functional-code":{"insertions":2,"deletions":1}}},{"hash":"15f9d47404e37efa56d679a640a19715f6fb9b83","isMergeCommit":false,"messageTitle":"Add handling for API limit reach and logging in constructor fix","messageBody":"","fileTypesAndContributionMap":{"functional-code":{"insertions":5,"deletions":2}}},{"hash":"0ee9efd58624b16160b1d2427a129cc636383756","isMergeCommit":false,"messageTitle":"Standardize logging","messageBody":"","fileTypesAndContributionMap":{"functional-code":{"insertions":1,"deletions":1}}},{"hash":"6161f6a7773821576d303d4690b81263e271d4dc","isMergeCommit":false,"messageTitle":"Remove commented code","messageBody":"","fileTypesAndContributionMap":{"functional-code":{"insertions":0,"deletions":2}}},{"hash":"2d3e1047a9e7c595813b65c80728e187227dbcd5","isMergeCommit":true,"messageTitle":"Merge pull request #94 from wwweert123/LoggingAssertWatchlist","messageBody":"Logging assert watchlist","fileTypesAndContributionMap":{}}]},{"date":"2023-10-22","commitResults":[{"hash":"9f4a09be63259c43bd6fce4a55332a13d793ec68","isMergeCommit":false,"messageTitle":"Add functionality to delete stock from watchlist","messageBody":"","fileTypesAndContributionMap":{"functional-code":{"insertions":69,"deletions":1}}},{"hash":"7e21749289f35e37f0c83c8f6ce72d2958d8c635","isMergeCommit":false,"messageTitle":"Isolate JSON object to a single method to reduce chances of bug and give possibility of caching","messageBody":"","fileTypesAndContributionMap":{"functional-code":{"insertions":46,"deletions":14}}},{"hash":"b49d747d818583fd3cca5bac61ffcf61ab59c94e","isMergeCommit":false,"messageTitle":"Remove unused imports","messageBody":"","fileTypesAndContributionMap":{"functional-code":{"insertions":0,"deletions":3}}},{"hash":"0f3b189cd17093c5ac7e60d63934b0446d19dda4","isMergeCommit":false,"messageTitle":"Update JUnit test due to changes in method implementation","messageBody":"","fileTypesAndContributionMap":{"test-code":{"insertions":16,"deletions":11}}}]},{"date":"2023-10-23","commitResults":[{"hash":"0cb2c8190942d33ae0f6a9e094dbbcd02a50ce9d","isMergeCommit":true,"messageTitle":"Merge branch \u0027master\u0027 into DeleteWatchList","messageBody":"# Conflicts:\n#\tsrc/main/java/seedu/financialplanner/commands/WatchListCommand.java\n","fileTypesAndContributionMap":{}},{"hash":"fc2a9f8444ad097c48f388f6a0510c94481b575e","isMergeCommit":false,"messageTitle":"Change watchlist singleton access method","messageBody":"","fileTypesAndContributionMap":{"functional-code":{"insertions":15,"deletions":7},"test-code":{"insertions":4,"deletions":4}}},{"hash":"d73a5d597b5a1bff82e031898ab0cf938e5ae620","isMergeCommit":false,"messageTitle":"Improve code quality in accordance to reviewers","messageBody":"","fileTypesAndContributionMap":{"functional-code":{"insertions":4,"deletions":4}}},{"hash":"c0d66053cd92b47cb444435e2f30e55047b9d210","isMergeCommit":false,"messageTitle":"Fix checkstyle errors","messageBody":"","fileTypesAndContributionMap":{"functional-code":{"insertions":8,"deletions":7}}},{"hash":"a00abae470787cca65c55f6c4a867faa3e1d8a5c","isMergeCommit":true,"messageTitle":"Merge pull request #98 from wwweert123/DeleteWatchList","messageBody":"Delete watch list","fileTypesAndContributionMap":{}},{"hash":"890fc0d7877d7e156bc7303d84168b085542471f","isMergeCommit":false,"messageTitle":"Create method to save and load watchlist data to file","messageBody":"","fileTypesAndContributionMap":{"functional-code":{"insertions":47,"deletions":0}}},{"hash":"8700572d1c9a8ddad641307b473f8a2b39a03bf5","isMergeCommit":false,"messageTitle":"Add calls to load and save methods in required areas","messageBody":"","fileTypesAndContributionMap":{"functional-code":{"insertions":15,"deletions":6}}},{"hash":"23a689f8e1269eb0c7bf84282a588da8d65b8256","isMergeCommit":false,"messageTitle":"Make stock serializable","messageBody":"","fileTypesAndContributionMap":{"functional-code":{"insertions":3,"deletions":1}}},{"hash":"55101bf4b40825d68ee3cbe3881590a37ab77385","isMergeCommit":false,"messageTitle":"Fix Test case for fetching stock prices","messageBody":"","fileTypesAndContributionMap":{"test-code":{"insertions":0,"deletions":1}}},{"hash":"232ce50c57d8211e808b7e4cb44c33a3393c40c4","isMergeCommit":false,"messageTitle":"Change colour for visualizer","messageBody":"","fileTypesAndContributionMap":{"functional-code":{"insertions":5,"deletions":5}}},{"hash":"534928547ad577210773c1f7dc3e8d4fb1ff6a82","isMergeCommit":true,"messageTitle":"Merge branch \u0027master\u0027 into WatchlistStoraage","messageBody":"# Conflicts:\n#\tsrc/main/java/seedu/financialplanner/FinancialPlanner.java\n#\tsrc/main/java/seedu/financialplanner/storage/LoadData.java\n#\tsrc/main/java/seedu/financialplanner/storage/SaveData.java\n","fileTypesAndContributionMap":{}},{"hash":"3f962dd0ac6a834e997ce2c77c602f80cdb3b8e4","isMergeCommit":false,"messageTitle":"Change to save watchlist only when exiting","messageBody":"","fileTypesAndContributionMap":{"functional-code":{"insertions":1,"deletions":1}}},{"hash":"7f8f76935e4a066fddfdbd7f1950d5ab0caa5002","isMergeCommit":false,"messageTitle":"fix checkstly error","messageBody":"","fileTypesAndContributionMap":{"functional-code":{"insertions":1,"deletions":1}}},{"hash":"2bf5672bb389312c948d2408216b6e1cccf27159","isMergeCommit":false,"messageTitle":"Remove unused Imports","messageBody":"","fileTypesAndContributionMap":{"functional-code":{"insertions":0,"deletions":1}}}]},{"date":"2023-10-24","commitResults":[{"hash":"3c6d3a091066c1e4ad736ed49761f23b168b4a0b","isMergeCommit":true,"messageTitle":"Merge pull request #104 from wwweert123/WatchlistStoraage","messageBody":"Watchlist storaage","fileTypesAndContributionMap":{}},{"hash":"99c4cc5129b3da88815448476934d4dc8f1d3e2e","isMergeCommit":false,"messageTitle":"Add description for the visualization feature in developers guide","messageBody":"","fileTypesAndContributionMap":{"docs":{"insertions":20,"deletions":0}}},{"hash":"30e7abb6afe5a788025b4cc9bf276bc4016a7e7f","isMergeCommit":false,"messageTitle":"Add necessity to the error handling","messageBody":"","fileTypesAndContributionMap":{"functional-code":{"insertions":1,"deletions":1}}},{"hash":"351638778793c0b541ba6688cdc165881a54b0e5","isMergeCommit":false,"messageTitle":"Add title display for visualization of charats","messageBody":"","fileTypesAndContributionMap":{"functional-code":{"insertions":11,"deletions":9}}},{"hash":"3066e3ac34446a5739eafda8ee2f116aaf4238c0","isMergeCommit":false,"messageTitle":"Add class UML diagram for visualization","messageBody":"","fileTypesAndContributionMap":{"docs":{"insertions":36,"deletions":0}}},{"hash":"93663628a169524515042589762b2622c091bdb3","isMergeCommit":false,"messageTitle":"Rename directory","messageBody":"","fileTypesAndContributionMap":{"docs":{"insertions":0,"deletions":0}}},{"hash":"9f50d88b075dbb702266bb4a0e6727040b421d47","isMergeCommit":false,"messageTitle":"Add acknowledgement for sources used by Frederick","messageBody":"","fileTypesAndContributionMap":{"docs":{"insertions":15,"deletions":0}}},{"hash":"a45215efa03cc5b8a382f5996e8863c5634a9136","isMergeCommit":false,"messageTitle":"Add description for visualization feature","messageBody":"","fileTypesAndContributionMap":{"docs":{"insertions":22,"deletions":2}}},{"hash":"abac801dc6610f4bb5d4e02736db135b90556b33","isMergeCommit":false,"messageTitle":"Add printing of message using ui singleton when visualizing cashflow","messageBody":"","fileTypesAndContributionMap":{"functional-code":{"insertions":12,"deletions":2}}}]},{"date":"2023-10-25","commitResults":[{"hash":"d314f8e128228bb2a4e313048d4d3800e5354069","isMergeCommit":false,"messageTitle":"Create Sequence UML for overall visualisation","messageBody":"","fileTypesAndContributionMap":{"docs":{"insertions":21,"deletions":0}}},{"hash":"fcf64449e34c5f7cd5bdaf35611dc0d3d63a2b29","isMergeCommit":false,"messageTitle":"Create Sequence UML for categorizer","messageBody":"","fileTypesAndContributionMap":{"docs":{"insertions":24,"deletions":0}}},{"hash":"9d446349ea9f6b7a710820f7147e0dcdf84a3b20","isMergeCommit":false,"messageTitle":"Create Sequence UML for visualizer","messageBody":"","fileTypesAndContributionMap":{"docs":{"insertions":20,"deletions":0}}},{"hash":"3e334b94e49411de9db19303f6e4d80814ad1919","isMergeCommit":false,"messageTitle":"Add diagrams images to developer guide","messageBody":"","fileTypesAndContributionMap":{"docs":{"insertions":19,"deletions":2}}},{"hash":"ab5707322c4b7541d3c6e38eff04caf9a6ccc5d8","isMergeCommit":true,"messageTitle":"Merge branch \u0027master\u0027 into VisDG","messageBody":"# Conflicts:\n#\tdocs/DeveloperGuide.md\n","fileTypesAndContributionMap":{}},{"hash":"47c5b75463c2531b95c009f0906c75905fe3e79c","isMergeCommit":true,"messageTitle":"Merge pull request #108 from wwweert123/VisDG","messageBody":"Vis dg","fileTypesAndContributionMap":{}}]},{"date":"2023-10-26","commitResults":[{"hash":"21773315b5b33b1bad51a78c1b17678fc4e98fe8","isMergeCommit":false,"messageTitle":"Fix Junit for stock delete","messageBody":"","fileTypesAndContributionMap":{"test-code":{"insertions":9,"deletions":2}}},{"hash":"521139faa1b05419956e7ec6d07a1177d61a879f","isMergeCommit":false,"messageTitle":"Add cap to watchlist max stocks","messageBody":"","fileTypesAndContributionMap":{"functional-code":{"insertions":3,"deletions":0}}},{"hash":"6dda9db4161d3ccb8042e28f3317e341d777be7f","isMergeCommit":false,"messageTitle":"Add disallowing of adding multiple of duplicate stocks to watchlist","messageBody":"","fileTypesAndContributionMap":{"functional-code":{"insertions":6,"deletions":0}}},{"hash":"d94d5d4abaa0a4c0f5b06b5536858ebb32058b90","isMergeCommit":false,"messageTitle":"Add check for correct size of JSON array response received","messageBody":"","fileTypesAndContributionMap":{"functional-code":{"insertions":3,"deletions":0}}},{"hash":"7d0d95006240c96ec6ecd789699dcbe9bf8622f2","isMergeCommit":false,"messageTitle":"Add check for the correct matching of JSON stock object to stock class object","messageBody":"","fileTypesAndContributionMap":{"functional-code":{"insertions":6,"deletions":0}}},{"hash":"e589a22a98e287186ce9ef35210fb0325136e0ce","isMergeCommit":false,"messageTitle":"Add the getting and printing of additional watchlist information (Market, daily high, daily low)","messageBody":"","fileTypesAndContributionMap":{"functional-code":{"insertions":61,"deletions":7}}},{"hash":"ec6fefc088fb562e542bd3cf64be9ab02cbe1f09","isMergeCommit":false,"messageTitle":"Fix checkstyle errors","messageBody":"","fileTypesAndContributionMap":{"functional-code":{"insertions":1,"deletions":3}}}]},{"date":"2023-10-27","commitResults":[{"hash":"d928fba83fed3e42c33e03f98565b84a3fcd3a59","isMergeCommit":true,"messageTitle":"Merge pull request #115 from wwweert123/FIxTestStock","messageBody":"Fix Junit for stock delete","fileTypesAndContributionMap":{}},{"hash":"f966c522ed58082edd1aead60e9efc1df674e51b","isMergeCommit":false,"messageTitle":"Refactor Code","messageBody":"","fileTypesAndContributionMap":{"functional-code":{"insertions":25,"deletions":20}}},{"hash":"bb468952fc09cfb8c41a9e010ddbb5130e4dbc3f","isMergeCommit":true,"messageTitle":"Merge pull request #116 from wwweert123/watchlistEnhancement","messageBody":"Watchlist enhancement","fileTypesAndContributionMap":{}}]}],"NeoMinWei":[{"date":"2023-10-05","commitResults":[{"hash":"4f47ae40234b912a4c5b7dc60382509629d101a3","isMergeCommit":false,"messageTitle":"Add name to AboutUs","messageBody":"","fileTypesAndContributionMap":{"docs":{"insertions":8,"deletions":8}}},{"hash":"f2c1d37c4806aa17f190a32959ef65e5687b4aee","isMergeCommit":true,"messageTitle":"Merge pull request #1 from ryan1604/ryanChua-AboutUs","messageBody":"Update AboutUs","fileTypesAndContributionMap":{}},{"hash":"2c62d715ae126cdd37eb029c1637b350c38be6de","isMergeCommit":true,"messageTitle":"Merge branch \u0027master\u0027 of https://github.com/AY2324S1-CS2113-T18-2/tp into NeoMinWei-AboutUs","messageBody":"# Conflicts:\n#\tdocs/AboutUs.md\n","fileTypesAndContributionMap":{}},{"hash":"22503c3b8de7c4b1a38b85131f14e6b63162ded7","isMergeCommit":true,"messageTitle":"Merge pull request #2 from NeoMinWei/NeoMinWei-AboutUs","messageBody":"Add name to AboutUs","fileTypesAndContributionMap":{}},{"hash":"068afbff53a8490ae4d79d8b323ea58f34470cf9","isMergeCommit":true,"messageTitle":"Merge branch \u0027master\u0027 of https://github.com/AY2324S1-CS2113-T18-2/tp","messageBody":"","fileTypesAndContributionMap":{}}]},{"date":"2023-10-08","commitResults":[{"hash":"df39139c6b034e42f46f335dcc8064168ac563aa","isMergeCommit":true,"messageTitle":"Merge branch \u0027master\u0027 of https://github.com/AY2324S1-CS2113-T18-2/tp","messageBody":"","fileTypesAndContributionMap":{}},{"hash":"2d7049b261c1db9ee9b2fd302da80eac4f32b989","isMergeCommit":false,"messageTitle":"Create cashflow and income classes","messageBody":"","fileTypesAndContributionMap":{"functional-code":{"insertions":33,"deletions":0}}},{"hash":"f8e310a44b9827b00635f829dd8d1fd8a11224e9","isMergeCommit":false,"messageTitle":"Create ArrayList to store entries","messageBody":"","fileTypesAndContributionMap":{"functional-code":{"insertions":11,"deletions":0}}},{"hash":"ae8527bbe3908a49eee3eeba95bb39a9778f275b","isMergeCommit":false,"messageTitle":"Add ability to add income to the ArrayList","messageBody":"","fileTypesAndContributionMap":{"functional-code":{"insertions":10,"deletions":2}}},{"hash":"c09c55e2fbf921cb8794c0eac6512dbc9b291f2a","isMergeCommit":false,"messageTitle":"Add ability to add income through user input","messageBody":"","fileTypesAndContributionMap":{"functional-code":{"insertions":60,"deletions":5}}},{"hash":"17fea1ee0b01d0acd6fa797bca86c66770974214","isMergeCommit":false,"messageTitle":"Remove unused imports","messageBody":"","fileTypesAndContributionMap":{"functional-code":{"insertions":0,"deletions":5}}},{"hash":"d5200ef10bf45e451d5057995598577e58195500","isMergeCommit":false,"messageTitle":"Add rounding of double values to 2 decimal places","messageBody":"","fileTypesAndContributionMap":{"functional-code":{"insertions":27,"deletions":2}}},{"hash":"c9daed435f0538014db06c642d487427e73b1ac8","isMergeCommit":false,"messageTitle":"Add expense class and ability to add expense through user input","messageBody":"","fileTypesAndContributionMap":{"functional-code":{"insertions":26,"deletions":3}}},{"hash":"26b06f9c92c6a293c902d83d8de8f4fa7434c443","isMergeCommit":false,"messageTitle":"Fix bug of not recognising description of parameters","messageBody":"","fileTypesAndContributionMap":{"functional-code":{"insertions":15,"deletions":7}}},{"hash":"9e54041da9ee4d502cf0869ecbf0f32571491295","isMergeCommit":true,"messageTitle":"Merge pull request #32 from NeoMinWei/branch-income","messageBody":"Add Income and Expense","fileTypesAndContributionMap":{}},{"hash":"08684d0c749a38b97d55e31a5bf525fded9a7136","isMergeCommit":true,"messageTitle":"Merge branch \u0027master\u0027 of https://github.com/AY2324S1-CS2113-T18-2/tp","messageBody":"","fileTypesAndContributionMap":{}}]},{"date":"2023-10-12","commitResults":[{"hash":"699cb40438315f404663b969d8a7e9330fa58887","isMergeCommit":true,"messageTitle":"Merge branch \u0027master\u0027 of https://github.com/AY2324S1-CS2113-T18-2/tp","messageBody":"","fileTypesAndContributionMap":{}},{"hash":"62d46f719a6d2b1a8b804ac1a54b3ef6cc03b943","isMergeCommit":false,"messageTitle":"Add JUnit tests for addIncome() and addExpense()","messageBody":"","fileTypesAndContributionMap":{"functional-code":{"insertions":1,"deletions":1},"test-code":{"insertions":56,"deletions":0}}},{"hash":"9dfd51ea57f7888e0c8eac32cc354313950d3c0c","isMergeCommit":true,"messageTitle":"Merge branch \u0027master\u0027 of https://github.com/AY2324S1-CS2113-T18-2/tp into Branch-JUnit","messageBody":"","fileTypesAndContributionMap":{}}]},{"date":"2023-10-13","commitResults":[{"hash":"c9fa29cd6aa140362bfaacdf93ae5c98b7ddf5b0","isMergeCommit":false,"messageTitle":"Add JUnit test for execute() in Entry","messageBody":"","fileTypesAndContributionMap":{"functional-code":{"insertions":7,"deletions":5},"test-code":{"insertions":29,"deletions":0}}},{"hash":"7e7c94aa80486995c938dc65216cb96d1b290fcc","isMergeCommit":true,"messageTitle":"Merge pull request #47 from NeoMinWei/Branch-JUnit","messageBody":"JUnit for addIncome and addExpense and execute","fileTypesAndContributionMap":{}},{"hash":"1c88d2ac4c68c1d9f7335cc5beb4b858e966467f","isMergeCommit":true,"messageTitle":"Merge branch \u0027master\u0027 of https://github.com/AY2324S1-CS2113-T18-2/tp","messageBody":"","fileTypesAndContributionMap":{}},{"hash":"2990de0cc5378b9586045413ccd2bb3a8a259ff9","isMergeCommit":true,"messageTitle":"Merge branch \u0027master\u0027 of https://github.com/AY2324S1-CS2113-T18-2/tp","messageBody":"","fileTypesAndContributionMap":{}}]},{"date":"2023-10-15","commitResults":[{"hash":"fe1b5953d0fd0d3767e5ed5a5ce7f748651598ba","isMergeCommit":false,"messageTitle":"Rename FinancialList to CashflowList","messageBody":"","fileTypesAndContributionMap":{"functional-code":{"insertions":37,"deletions":32},"other":{"insertions":24,"deletions":6},"test-code":{"insertions":12,"deletions":12}}},{"hash":"2be22452273938923c4666e0b1af0c17acfca335","isMergeCommit":false,"messageTitle":"Add toString method in Cashflow","messageBody":"","fileTypesAndContributionMap":{"functional-code":{"insertions":54,"deletions":12},"test-code":{"insertions":8,"deletions":8}}},{"hash":"73b1c64059a1ea52fcd4bac81d45be61ce1c621e","isMergeCommit":false,"messageTitle":"Add printAddedCashflow and printDeletedCashflow methods to Ui","messageBody":"","fileTypesAndContributionMap":{"functional-code":{"insertions":10,"deletions":2}}},{"hash":"7f0ff6575178c82185acd34370ed280d0ff9c9bb","isMergeCommit":false,"messageTitle":"Rename Entry class to AddCashflowCommand class","messageBody":"","fileTypesAndContributionMap":{"functional-code":{"insertions":4,"deletions":1},"other":{"insertions":6,"deletions":6}}},{"hash":"93058ea23bd016c655986c6368673c965819d4e8","isMergeCommit":false,"messageTitle":"Rename Entry class to AddCashflowCommand class","messageBody":"","fileTypesAndContributionMap":{"test-code":{"insertions":4,"deletions":4}}},{"hash":"b8d5f995f6592fbb2e9a0f5f9525bf27f82b527c","isMergeCommit":false,"messageTitle":"Extract parsing method from AddCashflowCommand class to Parser class","messageBody":"","fileTypesAndContributionMap":{"functional-code":{"insertions":39,"deletions":28},"test-code":{"insertions":0,"deletions":29}}},{"hash":"ef33866779c2999ab88f18d234af45c1ae46cf1c","isMergeCommit":false,"messageTitle":"Rename list to cashflowList","messageBody":"","fileTypesAndContributionMap":{"functional-code":{"insertions":3,"deletions":3}}},{"hash":"6b30cdad90948467b5fe2cd12651aa04467304a5","isMergeCommit":false,"messageTitle":"Add delete income/expense functionality","messageBody":"","fileTypesAndContributionMap":{"functional-code":{"insertions":128,"deletions":49}}},{"hash":"38dbc030b566522fd0f329ba247221284b2ed4af","isMergeCommit":false,"messageTitle":"Add JUnit testing","messageBody":"","fileTypesAndContributionMap":{"functional-code":{"insertions":3,"deletions":3},"test-code":{"insertions":31,"deletions":8}}}]},{"date":"2023-10-16","commitResults":[{"hash":"781779dca09f480fe69d15dcdfcbd955af8c56d6","isMergeCommit":false,"messageTitle":"Delete unused constructor","messageBody":"","fileTypesAndContributionMap":{"functional-code":{"insertions":1,"deletions":5}}},{"hash":"20be5d31d905fc8458bc03b5bbe07a43b69cda7a","isMergeCommit":true,"messageTitle":"Merge branch \u0027master\u0027 of https://github.com/AY2324S1-CS2113-T18-2/tp","messageBody":"","fileTypesAndContributionMap":{}},{"hash":"372f730c17048dbfeef6a9573a4eb1178755f724","isMergeCommit":true,"messageTitle":"Merge branch \u0027master\u0027 into Branch-DeleteIncome","messageBody":"# Conflicts:\n#\tsrc/main/java/seedu/financialplanner/FinancialPlanner.java\n#\tsrc/main/java/seedu/financialplanner/commands/AddStockCommand.java\n#\tsrc/main/java/seedu/financialplanner/commands/Command.java\n#\tsrc/main/java/seedu/financialplanner/commands/Exit.java\n#\tsrc/main/java/seedu/financialplanner/commands/Find.java\n#\tsrc/main/java/seedu/financialplanner/commands/Invalid.java\n#\tsrc/main/java/seedu/financialplanner/commands/WatchListCommand.java\n#\tsrc/main/java/seedu/financialplanner/list/CashflowList.java\n#\tsrc/main/java/seedu/financialplanner/utils/Parser.java\n#\tsrc/test/java/seedu/financialplanner/commands/EntryTest.java\n#\tsrc/test/java/seedu/financialplanner/storage/StorageTest.java\n#\ttext-ui-test/input.txt\n","fileTypesAndContributionMap":{}},{"hash":"7084894811134dccb133b5b495c4bc0c0c96c9ea","isMergeCommit":false,"messageTitle":"Wrap line to reduce line length","messageBody":"","fileTypesAndContributionMap":{"other":{"insertions":3,"deletions":2}}},{"hash":"2c874bb132ea38c1bef7df1c6d9b8ebdf8fdeb93","isMergeCommit":true,"messageTitle":"Merge branch \u0027master\u0027 of https://github.com/AY2324S1-CS2113-T18-2/tp","messageBody":"","fileTypesAndContributionMap":{}},{"hash":"756fefab390978a479cca40dd1df6931800d245d","isMergeCommit":true,"messageTitle":"Merge branch \u0027master\u0027 into Branch-DeleteIncome","messageBody":"# Conflicts:\n#\tsrc/main/java/seedu/financialplanner/commands/AddCashflowCommand.java\n#\tsrc/main/java/seedu/financialplanner/utils/Parser.java\n","fileTypesAndContributionMap":{}},{"hash":"1f0dd2ff73b0f8937c646a97b15280bbf1a4962f","isMergeCommit":false,"messageTitle":"Resolve renaming issues","messageBody":"","fileTypesAndContributionMap":{"test-code":{"insertions":6,"deletions":6}}},{"hash":"0091535cb31b76adf7958cd54d4d4feac1048ab0","isMergeCommit":true,"messageTitle":"Merge branch \u0027master\u0027 of https://github.com/AY2324S1-CS2113-T18-2/tp","messageBody":"","fileTypesAndContributionMap":{}},{"hash":"f5624bbdb0c6339bb71fc19b4ba56fb8b948be05","isMergeCommit":true,"messageTitle":"Merge branch \u0027master\u0027 into Branch-DeleteIncome","messageBody":"# Conflicts:\n#\tsrc/main/java/seedu/financialplanner/list/Cashflow.java\n#\tsrc/main/java/seedu/financialplanner/utils/Parser.java\n","fileTypesAndContributionMap":{}},{"hash":"e9cd0d0fb2b11f8f93a515a31a980110d30f6597","isMergeCommit":true,"messageTitle":"Merge pull request #71 from NeoMinWei/Branch-DeleteIncome","messageBody":"Delete income and expense","fileTypesAndContributionMap":{}},{"hash":"77f97a183a9dad909f9a74bbf3755ca8ff7df89e","isMergeCommit":true,"messageTitle":"Merge branch \u0027master\u0027 of https://github.com/AY2324S1-CS2113-T18-2/tp","messageBody":"","fileTypesAndContributionMap":{}},{"hash":"61401f04364506993e3ba06fa4e9d52d9a4669a0","isMergeCommit":true,"messageTitle":"Merge branch \u0027master\u0027 of https://github.com/AY2324S1-CS2113-T18-2/tp","messageBody":"","fileTypesAndContributionMap":{}},{"hash":"7d8d56d6e6c99dc005c3d68649bf6960d65284d2","isMergeCommit":true,"messageTitle":"Merge branch \u0027master\u0027 into Branch-DeleteBugFix","messageBody":"","fileTypesAndContributionMap":{}},{"hash":"c39094ff72f2ff8fa468ec804cd3dfb3016fe480","isMergeCommit":false,"messageTitle":"Fix bug where wrong message is showing for error handling and when user inputs delete 0","messageBody":"","fileTypesAndContributionMap":{"functional-code":{"insertions":8,"deletions":4}}},{"hash":"169a0adc623031468978ad883a41a8862150d138","isMergeCommit":false,"messageTitle":"Add assertions for AddCashflowCommand","messageBody":"","fileTypesAndContributionMap":{"functional-code":{"insertions":5,"deletions":0}}},{"hash":"c32e4c62168dba8284fb862f1bdcebd8ceaad008","isMergeCommit":false,"messageTitle":"Add error handling for empty type string","messageBody":"","fileTypesAndContributionMap":{"functional-code":{"insertions":14,"deletions":2}}},{"hash":"ffe8271a4dc18b4c8b4490697931915343ac4c08","isMergeCommit":false,"messageTitle":"Revert \"Add error handling for empty type string\"","messageBody":"This reverts commit c32e4c62168dba8284fb862f1bdcebd8ceaad008.\n","fileTypesAndContributionMap":{"functional-code":{"insertions":2,"deletions":14}}},{"hash":"6bcfea610b1d4ff267638f51777a3095c2f4686b","isMergeCommit":false,"messageTitle":"Add error handling of negative amount and recur value and empty type string","messageBody":"","fileTypesAndContributionMap":{"functional-code":{"insertions":12,"deletions":2}}},{"hash":"6124a059151ca2174be69affe593633855519e0e","isMergeCommit":false,"messageTitle":"Add assertions for DeleteCashflowCommand","messageBody":"","fileTypesAndContributionMap":{"functional-code":{"insertions":3,"deletions":0}}},{"hash":"6ddac1f153c6f64db63f72da8612452b2573fbec","isMergeCommit":false,"messageTitle":"Add assertions to CashflowList","messageBody":"","fileTypesAndContributionMap":{"functional-code":{"insertions":21,"deletions":2}}},{"hash":"2b845eaedab4f7b60b6c49cd14788b0880ad0e4f","isMergeCommit":false,"messageTitle":"Change message shown when recurring value is negative","messageBody":"","fileTypesAndContributionMap":{"functional-code":{"insertions":2,"deletions":2}}}]},{"date":"2023-10-17","commitResults":[{"hash":"b3e0e452479fb4240679bab91046264ca2ea19d8","isMergeCommit":true,"messageTitle":"Merge pull request #90 from NeoMinWei/Branch-DeleteBugFix","messageBody":"Branch delete bug fix","fileTypesAndContributionMap":{}},{"hash":"2d9688e30c0c074ef4147b14a5ad27494ce48506","isMergeCommit":true,"messageTitle":"Merge branch \u0027master\u0027 of https://github.com/AY2324S1-CS2113-T18-2/tp","messageBody":"","fileTypesAndContributionMap":{}},{"hash":"7adc4fbbec1014c742e32d1388eb3106eb1d2060","isMergeCommit":true,"messageTitle":"Merge branch \u0027master\u0027 into Branch-LogAndAssert","messageBody":"","fileTypesAndContributionMap":{}},{"hash":"02fdad409ee5ae84faed74f3dbab5b53fca89bda","isMergeCommit":false,"messageTitle":"Add logging for AddCashflowCommand","messageBody":"","fileTypesAndContributionMap":{"functional-code":{"insertions":14,"deletions":0}}},{"hash":"951cab2e9360ac30ec87e1a28343e9ed0942a20d","isMergeCommit":false,"messageTitle":"Add logging for DeleteCashflowCommand","messageBody":"","fileTypesAndContributionMap":{"functional-code":{"insertions":10,"deletions":1}}},{"hash":"37c006a162c8d924bf64485b7c7712e7fbbc1b2e","isMergeCommit":false,"messageTitle":"Add logging for CashflowList","messageBody":"","fileTypesAndContributionMap":{"functional-code":{"insertions":6,"deletions":1}}},{"hash":"93b4095f0b68d6d7f32f1596a8ee627a79bfb05f","isMergeCommit":false,"messageTitle":"Add logging for try statements in DeleteCashflowCommand","messageBody":"","fileTypesAndContributionMap":{"functional-code":{"insertions":4,"deletions":0}}},{"hash":"82e3d8c5fd251bb8e1486bdb6f6c3e95399a0864","isMergeCommit":false,"messageTitle":"Add logging for try statements in AddCashflowCommand","messageBody":"","fileTypesAndContributionMap":{"functional-code":{"insertions":3,"deletions":0}}},{"hash":"54479b36eabc35a3f621e042138e59d445c91f99","isMergeCommit":true,"messageTitle":"Merge branch \u0027master\u0027 of https://github.com/AY2324S1-CS2113-T18-2/tp","messageBody":"","fileTypesAndContributionMap":{}},{"hash":"68bda88f9c684d8c4a4b8b0dc6df61873109a0eb","isMergeCommit":true,"messageTitle":"Merge branch \u0027master\u0027 into Branch-LogAndAssert","messageBody":"# Conflicts:\n#\tsrc/main/java/seedu/financialplanner/commands/AddCashflowCommand.java\n","fileTypesAndContributionMap":{}}]},{"date":"2023-10-18","commitResults":[{"hash":"7c3e3e695bfb2c6af6de09d685d668f1857922bc","isMergeCommit":true,"messageTitle":"Merge branch \u0027master\u0027 of https://github.com/AY2324S1-CS2113-T18-2/tp","messageBody":"","fileTypesAndContributionMap":{}},{"hash":"8b673dc53f4e4559f6ae72d819eccce881ee8ff8","isMergeCommit":true,"messageTitle":"Merge branch \u0027master\u0027 into Branch-LogAndAssert","messageBody":"","fileTypesAndContributionMap":{}},{"hash":"d267f8af00aaf208b518f698d83f5f218937d394","isMergeCommit":true,"messageTitle":"Merge pull request #92 from NeoMinWei/Branch-LogAndAssert","messageBody":"Branch log and assert","fileTypesAndContributionMap":{}}]},{"date":"2023-10-19","commitResults":[{"hash":"1c7a198c54a94f55dbd16c1f888835ebe0772fb8","isMergeCommit":true,"messageTitle":"Merge branch \u0027master\u0027 of https://github.com/AY2324S1-CS2113-T18-2/tp","messageBody":"","fileTypesAndContributionMap":{}}]},{"date":"2023-10-22","commitResults":[{"hash":"99e9427b0418815aefec44af8fe242507e05b5bd","isMergeCommit":false,"messageTitle":"Add getInstance() method for singleton CashflowList class","messageBody":"","fileTypesAndContributionMap":{"functional-code":{"insertions":17,"deletions":13}}},{"hash":"19547febc66f3905749b7b3e6e9eb27db45ee85f","isMergeCommit":false,"messageTitle":"Add income and expense type enums","messageBody":"","fileTypesAndContributionMap":{"functional-code":{"insertions":10,"deletions":0}}},{"hash":"2afd67b5f1cd51357312a17c58947cfd71a242be","isMergeCommit":false,"messageTitle":"Add getInstance() method to Ui singleton class","messageBody":"","fileTypesAndContributionMap":{"functional-code":{"insertions":17,"deletions":10},"test-code":{"insertions":13,"deletions":13}}},{"hash":"25cd60a45336566458b9a16ab9ad66c084aa92ae","isMergeCommit":false,"messageTitle":"Change access to CashflowList and Ui classes to getInstance()","messageBody":"","fileTypesAndContributionMap":{"functional-code":{"insertions":14,"deletions":13}}},{"hash":"e92ba9b9c5e429c604f141abe33fd05c6d91d23a","isMergeCommit":false,"messageTitle":"Change Income and Expense type from String to enum","messageBody":"","fileTypesAndContributionMap":{"functional-code":{"insertions":131,"deletions":50}}},{"hash":"c4e41d83fd1e92fe05a4537f7a569dfb27adaa5d","isMergeCommit":false,"messageTitle":"Update JUnit tests","messageBody":"","fileTypesAndContributionMap":{"test-code":{"insertions":22,"deletions":18}}}]},{"date":"2023-10-23","commitResults":[{"hash":"968f1a0bb09190f2bce3fdb8acfa5dc8963253e0","isMergeCommit":false,"messageTitle":"Add necessities to expensetype enum","messageBody":"","fileTypesAndContributionMap":{"functional-code":{"insertions":3,"deletions":2}}},{"hash":"a1ca760be3ac8d12e7a8ecbfbb780d44a2b86685","isMergeCommit":true,"messageTitle":"Merge pull request #97 from NeoMinWei/Branch-IncomeCategory","messageBody":"Branch income category","fileTypesAndContributionMap":{}},{"hash":"df13bf64fe71770b01403a0c69a89f465db87410","isMergeCommit":true,"messageTitle":"Merge branch \u0027master\u0027 of https://github.com/AY2324S1-CS2113-T18-2/tp","messageBody":"","fileTypesAndContributionMap":{}},{"hash":"4727ec201e21927e13f40a0c34c6bc8fe80d0460","isMergeCommit":false,"messageTitle":"Fix assertion bug","messageBody":"","fileTypesAndContributionMap":{"functional-code":{"insertions":5,"deletions":5}}},{"hash":"78e885388c0e166556932ee690e23a7208580b4c","isMergeCommit":true,"messageTitle":"Merge pull request #103 from NeoMinWei/Branch-IncomeCategoryBugFix","messageBody":"Branch income category bug fix","fileTypesAndContributionMap":{}},{"hash":"1edb7f0f4213a367b3de9548a7a2833ac629d3f6","isMergeCommit":true,"messageTitle":"Merge branch \u0027master\u0027 of https://github.com/AY2324S1-CS2113-T18-2/tp","messageBody":"","fileTypesAndContributionMap":{}}]},{"date":"2023-10-24","commitResults":[{"hash":"bc66820c21c502609fa59ff04a06d86d73d5b834","isMergeCommit":false,"messageTitle":"Add acknowledgements to DG","messageBody":"","fileTypesAndContributionMap":{"docs":{"insertions":6,"deletions":0}}},{"hash":"2045e223d05df6f20dcc1a89adcb4b9240bcdc62","isMergeCommit":false,"messageTitle":"Add sequence diagram for add cashflow mechanism","messageBody":"","fileTypesAndContributionMap":{"docs":{"insertions":28,"deletions":0}}},{"hash":"371a4be0a130b7a04e282c65ffeb8c393aed42d6","isMergeCommit":false,"messageTitle":"Add Cashflow class diagram","messageBody":"","fileTypesAndContributionMap":{"docs":{"insertions":33,"deletions":0}}},{"hash":"e9b34745a291deb58c999b29946bc642bd096279","isMergeCommit":false,"messageTitle":"Add Cashflow sequence diagram image","messageBody":"","fileTypesAndContributionMap":{"docs":{"insertions":1,"deletions":1}}},{"hash":"ed48bd06fb1058ff32ae61558b3970bcb25cdbfa","isMergeCommit":false,"messageTitle":"Update sequence","messageBody":"","fileTypesAndContributionMap":{"docs":{"insertions":11,"deletions":8}}},{"hash":"74f6960448f47adae6b4bdbd4dcc1163f72843da","isMergeCommit":false,"messageTitle":"Update class diagram","messageBody":"","fileTypesAndContributionMap":{"docs":{"insertions":1,"deletions":1}}},{"hash":"ba4027efe30bb026162c36a165a2d18d735282ee","isMergeCommit":false,"messageTitle":"Update UG with add income/expense feature","messageBody":"","fileTypesAndContributionMap":{"docs":{"insertions":45,"deletions":0}}}]},{"date":"2023-10-25","commitResults":[{"hash":"7c95abd280fb99cbc170653776856a389685314e","isMergeCommit":false,"messageTitle":"Fix typo","messageBody":"","fileTypesAndContributionMap":{"docs":{"insertions":1,"deletions":1}}},{"hash":"ae8761b1898e80dc0f6a5754ed181125a251abce","isMergeCommit":true,"messageTitle":"Merge branch \u0027master\u0027 of https://github.com/AY2324S1-CS2113-T18-2/tp","messageBody":"","fileTypesAndContributionMap":{}},{"hash":"fb5043a60275972bb89c129cee4e39ce92ea1888","isMergeCommit":true,"messageTitle":"Merge branch \u0027master\u0027 into Branch-UMLforIncomeAndExpense","messageBody":"# Conflicts:\n#\tdocs/DeveloperGuide.md\n","fileTypesAndContributionMap":{}},{"hash":"f4b51909654a690c3b2ecb2bd620926dd1326940","isMergeCommit":true,"messageTitle":"Merge pull request #111 from NeoMinWei/Branch-UMLforIncomeAndExpense","messageBody":"UML for income and expense","fileTypesAndContributionMap":{}}]}],"ryan1604":[{"date":"2023-10-05","commitResults":[{"hash":"eab7be4bcbb2bd13648ec4f347d0278a5b33b3b1","isMergeCommit":false,"messageTitle":"Update AboutUs","messageBody":"","fileTypesAndContributionMap":{"docs":{"insertions":7,"deletions":7}}}]},{"date":"2023-10-07","commitResults":[{"hash":"e8da8d09f6900bdcf1299dabba13d3177794676f","isMergeCommit":false,"messageTitle":"Setup Ui and rename Duke to FinancialPlanner","messageBody":"Fixes #5\n","fileTypesAndContributionMap":{"functional-code":{"insertions":45,"deletions":22},"other":{"insertions":3,"deletions":3}}},{"hash":"d5be6d4bae825dbb2ba49c20588e7d1ecfaa8f7e","isMergeCommit":false,"messageTitle":"Add FinancialPlannerException","messageBody":"Fixes #8\n","fileTypesAndContributionMap":{"functional-code":{"insertions":7,"deletions":0}}},{"hash":"41909a10cf9d822fabd58091788fa8d898615517","isMergeCommit":false,"messageTitle":"Add Parser, add \u0027exit\u0027 and \u0027invalid\u0027 command to Parser","messageBody":"","fileTypesAndContributionMap":{"functional-code":{"insertions":67,"deletions":1},"other":{"insertions":1,"deletions":1}}},{"hash":"d926641278054652b6bf5faba4d7a71495ad91b9","isMergeCommit":true,"messageTitle":"Merge pull request #26 from ryan1604/branch-setup","messageBody":"Branch setup","fileTypesAndContributionMap":{}}]},{"date":"2023-10-09","commitResults":[{"hash":"4b7aa80bfe1c46aac6581012cfe57fe4efd37ab2","isMergeCommit":false,"messageTitle":"Update test file and multiple code refactorings","messageBody":"Fixes #34\n","fileTypesAndContributionMap":{"functional-code":{"insertions":28,"deletions":26}}},{"hash":"91c6f28655a8d39e1d9b3067075e1ef6c6b3f2c0","isMergeCommit":false,"messageTitle":"Remove unused import in Parser","messageBody":"","fileTypesAndContributionMap":{"functional-code":{"insertions":0,"deletions":2}}},{"hash":"636fa41f0e93e2a58fac846ff766483ae2845427","isMergeCommit":true,"messageTitle":"Merge pull request #35 from ryan1604/branch-code-quality","messageBody":"Update test file and multiple code refactorings","fileTypesAndContributionMap":{}}]},{"date":"2023-10-10","commitResults":[{"hash":"dfffa4ac58a33413fbc45a1fa59b2d4faed0bcac","isMergeCommit":false,"messageTitle":"Setup storage","messageBody":"Fixes #7\n","fileTypesAndContributionMap":{"functional-code":{"insertions":48,"deletions":0}}},{"hash":"8c328c6af2a61181bc07c1bcf8677e49b31630e8","isMergeCommit":false,"messageTitle":"Add save functionality for income and expense","messageBody":"","fileTypesAndContributionMap":{"functional-code":{"insertions":39,"deletions":1}}},{"hash":"75847cd1846bd27dab82dbc0dab5da96cf596d33","isMergeCommit":false,"messageTitle":"Add load functionality and edit EXPECTED.TXT","messageBody":"Fixes #38\n","fileTypesAndContributionMap":{"functional-code":{"insertions":70,"deletions":4}}},{"hash":"95cd96179ef5466fadecdc7027762af2af1e1c43","isMergeCommit":false,"messageTitle":"Add error handling for storage","messageBody":"Fixes #39\n","fileTypesAndContributionMap":{"functional-code":{"insertions":33,"deletions":9}}},{"hash":"b8b88c5b065e937a31978ae306c56d41a2b75706","isMergeCommit":false,"messageTitle":"Update catch block in main","messageBody":"","fileTypesAndContributionMap":{"functional-code":{"insertions":8,"deletions":4}}},{"hash":"0eca8f566599608a2dd256f9aef4a8147595722f","isMergeCommit":false,"messageTitle":"Add in \u0027run\u0027 method","messageBody":"","fileTypesAndContributionMap":{"functional-code":{"insertions":8,"deletions":3}}},{"hash":"91787a92b2a4b4ba60fcbd4762f03d583cf55720","isMergeCommit":true,"messageTitle":"Merge branch \u0027master\u0027 into branch-storage","messageBody":"# Conflicts:\n#\tsrc/main/java/seedu/financialplanner/utils/Ui.java\n","fileTypesAndContributionMap":{}}]},{"date":"2023-10-11","commitResults":[{"hash":"cfd188be4932c9db8da02c85f943ba2c26a2e5aa","isMergeCommit":true,"messageTitle":"Merge pull request #40 from ryan1604/branch-storage","messageBody":"Add storage","fileTypesAndContributionMap":{}}]},{"date":"2023-10-12","commitResults":[{"hash":"3501ede398172c065fabdf26f4e4706df23686c9","isMergeCommit":false,"messageTitle":"Add storage test for loading valid data","messageBody":"","fileTypesAndContributionMap":{"functional-code":{"insertions":40,"deletions":17},"test-code":{"insertions":29,"deletions":0}}}]},{"date":"2023-10-13","commitResults":[{"hash":"a61e59da1fb118eb86fdedbbafcb124bfef873a5","isMergeCommit":false,"messageTitle":"Add storage test for:","messageBody":"- load invalid data\n- save valid data\n- save non-existent file\n\nFixes #46\n","fileTypesAndContributionMap":{"functional-code":{"insertions":1,"deletions":19},"test-code":{"insertions":37,"deletions":1}}},{"hash":"d048f440dbb5e3fe9617dda4c50edab3904307c3","isMergeCommit":false,"messageTitle":"Follow coding standards","messageBody":"","fileTypesAndContributionMap":{"functional-code":{"insertions":1,"deletions":1},"test-code":{"insertions":1,"deletions":1}}},{"hash":"6bdf7e453019f8b40fb962822b1db0652308ce57","isMergeCommit":false,"messageTitle":"Rename data to testData folder","messageBody":"","fileTypesAndContributionMap":{"test-code":{"insertions":3,"deletions":3}}},{"hash":"398fc42b1fc6bee7ca4825f966ddfd61fb400eef","isMergeCommit":true,"messageTitle":"Merge pull request #48 from ryan1604/branch-JUnit","messageBody":"Junit tests for storage","fileTypesAndContributionMap":{}},{"hash":"1c81748388c8834d4ad2125d39dbb70a8e192d51","isMergeCommit":false,"messageTitle":"Make objects private in test classes","messageBody":"","fileTypesAndContributionMap":{"test-code":{"insertions":5,"deletions":5}}},{"hash":"09c4f10ef1b93b7d4006e4e9ee8e7530db81438c","isMergeCommit":false,"messageTitle":"Clears list at the end of method","messageBody":"","fileTypesAndContributionMap":{"test-code":{"insertions":2,"deletions":0}}},{"hash":"b6f7a7cbb9a8fd3b9830aa4aebd3d360bbf5f6d3","isMergeCommit":false,"messageTitle":"Undo clearing of list and set cashflow balance to 0 in testAddIncomeAndExpense","messageBody":"","fileTypesAndContributionMap":{"test-code":{"insertions":2,"deletions":3}}},{"hash":"1437d9a753198822b0f8c0881ee6858194829c66","isMergeCommit":false,"messageTitle":"Remove unused imports","messageBody":"","fileTypesAndContributionMap":{"test-code":{"insertions":0,"deletions":1}}},{"hash":"653b5feac428aa3eb4a8799b199ad6fc937cb2d4","isMergeCommit":true,"messageTitle":"Merge pull request #49 from ryan1604/branch-JUnit-2","messageBody":"Fix CI failing","fileTypesAndContributionMap":{}}]},{"date":"2023-10-15","commitResults":[{"hash":"28cfe5345285e27661812b3a3a21ff1dafebf0af","isMergeCommit":false,"messageTitle":"Add Budget class","messageBody":"","fileTypesAndContributionMap":{"functional-code":{"insertions":10,"deletions":0}}},{"hash":"f166d899d4192414e397be9695f7ab466ed91ceb","isMergeCommit":false,"messageTitle":"Add BudgetCommand","messageBody":"","fileTypesAndContributionMap":{"functional-code":{"insertions":32,"deletions":0}}},{"hash":"5acc2f839e4007ad39ee4fbb069e023c00456cfc","isMergeCommit":false,"messageTitle":"Add setBudget to FinancialList and update test files","messageBody":"","fileTypesAndContributionMap":{"functional-code":{"insertions":8,"deletions":0}}},{"hash":"0ca7eeac266bc0a105ef37e9c58e1834f5d25850","isMergeCommit":false,"messageTitle":"Add overview command","messageBody":"","fileTypesAndContributionMap":{"functional-code":{"insertions":16,"deletions":0}}},{"hash":"ff40a9b9b08d48c6dbcb89fb637fa403e8f9f89c","isMergeCommit":false,"messageTitle":"Update overview to show:","messageBody":"- Total balance\n- Highest income\n- Highest expense\n- Watchlist\n\nFixes #29\n","fileTypesAndContributionMap":{"functional-code":{"insertions":46,"deletions":2}}},{"hash":"1c099725de56ae0fe7476dd7294229998340ed16","isMergeCommit":false,"messageTitle":"Edit setBudget method in FinancialList","messageBody":"","fileTypesAndContributionMap":{"functional-code":{"insertions":3,"deletions":5}}}]},{"date":"2023-10-16","commitResults":[{"hash":"3e1db303a86296ac9eea5229d4af38e65b6ee86a","isMergeCommit":true,"messageTitle":"Merge pull request #70 from YFshadaow/branch-refactor-command-parse-logic","messageBody":"Refactor code: Restructure command parse logic","fileTypesAndContributionMap":{}},{"hash":"e197a46699b33e0ee4f1c0158d32d24edd8e0fe1","isMergeCommit":true,"messageTitle":"Merge branch \u0027master\u0027 into branch-budget","messageBody":"# Conflicts:\n#\tsrc/main/java/seedu/financialplanner/utils/Parser.java\n#\ttext-ui-test/input.txt\n","fileTypesAndContributionMap":{}},{"hash":"9790808efd401a0add9b17e445f73e792823dbca","isMergeCommit":false,"messageTitle":"Add storage and exceptions for budget","messageBody":"","fileTypesAndContributionMap":{"functional-code":{"insertions":29,"deletions":24}}},{"hash":"b6a93fdf77d18006ed5b8af749def38bc5b1a6b1","isMergeCommit":false,"messageTitle":"Update Budget","messageBody":"Fixes #59\n","fileTypesAndContributionMap":{"functional-code":{"insertions":90,"deletions":50}}},{"hash":"7dc589fac79d029a9161b1e73f9dd6c09b230cff","isMergeCommit":false,"messageTitle":"Update budget when new expense is added","messageBody":"Fixes #60\n","fileTypesAndContributionMap":{"functional-code":{"insertions":30,"deletions":4}}},{"hash":"aa68bb059f3bf8201c0830bd13a714577428adbd","isMergeCommit":false,"messageTitle":"Add ability to update budget","messageBody":"","fileTypesAndContributionMap":{"functional-code":{"insertions":72,"deletions":39}}},{"hash":"4a25982c9f7dea52d0d5b50b0b9ed4c6da622a22","isMergeCommit":false,"messageTitle":"Update test files and format printing of double to 2d.p","messageBody":"","fileTypesAndContributionMap":{"functional-code":{"insertions":9,"deletions":6}}},{"hash":"8ff7b412958e60cf34968d32ce1d8b2e0a17d58c","isMergeCommit":false,"messageTitle":"Add JUnit tests for Budget and update ValidData.txt","messageBody":"Fixes #73\n","fileTypesAndContributionMap":{"test-code":{"insertions":42,"deletions":0}}},{"hash":"6bfd86e9bf988f2b31c9683606facdc1550f2475","isMergeCommit":false,"messageTitle":"Update code to follow coding standards","messageBody":"","fileTypesAndContributionMap":{"functional-code":{"insertions":5,"deletions":1},"test-code":{"insertions":0,"deletions":1}}},{"hash":"c45bba6e16e98a3ca9c500a5ec64c598ec444c49","isMergeCommit":false,"messageTitle":"Remove redundant get() and size() methods in cashFlowList","messageBody":"","fileTypesAndContributionMap":{"functional-code":{"insertions":3,"deletions":11}}},{"hash":"e417fcac442470226432184427bd86a06da278f7","isMergeCommit":false,"messageTitle":"Update error handling for update budget","messageBody":"","fileTypesAndContributionMap":{"functional-code":{"insertions":4,"deletions":0}}},{"hash":"89d5babd83af99396efcc453995b7002edf6f988","isMergeCommit":false,"messageTitle":"Standardise case statements","messageBody":"","fileTypesAndContributionMap":{"functional-code":{"insertions":7,"deletions":16}}},{"hash":"f5a16724e320f6246beb2eff33076b79661cb44b","isMergeCommit":true,"messageTitle":"Merge pull request #57 from ryan1604/branch-budget","messageBody":"Add budget functionality","fileTypesAndContributionMap":{}},{"hash":"c73982cb0a6c78b95ec5f1e30e7fdf6213da690b","isMergeCommit":true,"messageTitle":"Merge branch \u0027master\u0027 into branch-overview","messageBody":"# Conflicts:\n#\tsrc/main/java/seedu/financialplanner/utils/Parser.java\n","fileTypesAndContributionMap":{}},{"hash":"ab2f4ada4e7927c3e547ff23c80429d5fa018a85","isMergeCommit":false,"messageTitle":"Update overview command","messageBody":"","fileTypesAndContributionMap":{"functional-code":{"insertions":36,"deletions":24}}},{"hash":"75d7c453aa561d32dc04f507920e91866cd3cd42","isMergeCommit":false,"messageTitle":"Refactor code in budget and overview","messageBody":"Fixes #29\n","fileTypesAndContributionMap":{"functional-code":{"insertions":22,"deletions":16}}},{"hash":"8e970f586211c98a67104e2e5e60c1467290283f","isMergeCommit":false,"messageTitle":"Fix bug in loading storage","messageBody":"","fileTypesAndContributionMap":{"functional-code":{"insertions":12,"deletions":7}}},{"hash":"3574b3c588bb57865216155149965ac36741d658","isMergeCommit":true,"messageTitle":"Merge branch \u0027master\u0027 into branch-overview","messageBody":"# Conflicts:\n#\tsrc/main/java/seedu/financialplanner/utils/Parser.java\n","fileTypesAndContributionMap":{}},{"hash":"01fbdd18f50dc01d6273bb8ae0f716d76658c798","isMergeCommit":false,"messageTitle":"Update error handling for budget","messageBody":"","fileTypesAndContributionMap":{"functional-code":{"insertions":7,"deletions":0}}},{"hash":"b33a0c71e3a82cedd3deac14b53ee8c881b63934","isMergeCommit":false,"messageTitle":"Refactor code:","messageBody":"- Refactor formatting of double to string\n- Reduce nesting in overviewcommand\n- Clean up code\n","fileTypesAndContributionMap":{"functional-code":{"insertions":38,"deletions":27}}}]},{"date":"2023-10-17","commitResults":[{"hash":"f46a0628faea24ba86aaa54141916d104fbe1f3a","isMergeCommit":false,"messageTitle":"Add logger storage","messageBody":"","fileTypesAndContributionMap":{"functional-code":{"insertions":21,"deletions":0}}},{"hash":"3705db0f6ea636d00d7f362a21c577710a687ccf","isMergeCommit":false,"messageTitle":"Enable assertions","messageBody":"","fileTypesAndContributionMap":{"other":{"insertions":1,"deletions":0}}},{"hash":"b10f74a3137f0b43f7a486e06506a6cc47ba5ae1","isMergeCommit":false,"messageTitle":"Add logging and assertions for budget","messageBody":"Fixes #87\n","fileTypesAndContributionMap":{"functional-code":{"insertions":13,"deletions":0}}},{"hash":"5b25ce5873e76f7c67e8c61128f2ef939c22f7f7","isMergeCommit":false,"messageTitle":"Update warning message in logger","messageBody":"","fileTypesAndContributionMap":{"functional-code":{"insertions":1,"deletions":1}}},{"hash":"1f63d6e938171d41ab2214df06a989a882819fe7","isMergeCommit":false,"messageTitle":"Add error handling and standardise logging","messageBody":"","fileTypesAndContributionMap":{"functional-code":{"insertions":19,"deletions":5}}},{"hash":"c97daf2496479364271d54c2da1b3e6466e9fa8c","isMergeCommit":false,"messageTitle":"Extract print statement to Ui","messageBody":"","fileTypesAndContributionMap":{"functional-code":{"insertions":12,"deletions":8}}},{"hash":"324016184917721a91fc9b91fcb06c0eb783ef89","isMergeCommit":true,"messageTitle":"Merge branch \u0027master\u0027 into branch-overview","messageBody":"# Conflicts:\n#\tsrc/main/java/seedu/financialplanner/utils/Parser.java\n","fileTypesAndContributionMap":{}},{"hash":"6bf095c5e50f765fd3765a3a7fd859ecbc01591b","isMergeCommit":true,"messageTitle":"Merge pull request #58 from ryan1604/branch-overview","messageBody":"Add overview functionality","fileTypesAndContributionMap":{}},{"hash":"df007a1a9b2bc34f17c112cefc2cf3eea948896a","isMergeCommit":true,"messageTitle":"Merge branch \u0027master\u0027 into branch-logger","messageBody":"# Conflicts:\n#\tsrc/main/java/seedu/financialplanner/commands/BudgetCommand.java\n","fileTypesAndContributionMap":{}},{"hash":"19dcfc60b44a315ae74f99f0b8cf12b161ce7d81","isMergeCommit":false,"messageTitle":"Add error handling for budget","messageBody":"","fileTypesAndContributionMap":{"functional-code":{"insertions":10,"deletions":4}}},{"hash":"446763c7940b0fb0237c2ac6b976bec1c9d1156b","isMergeCommit":true,"messageTitle":"Merge pull request #91 from ryan1604/branch-logger","messageBody":"Add logging and assertions for BudgetCommand","fileTypesAndContributionMap":{}}]},{"date":"2023-10-18","commitResults":[{"hash":"f4bb78cbbff71e0d1074ca5c73a2173463dea77e","isMergeCommit":false,"messageTitle":"Remove logger from showing on terminal","messageBody":"","fileTypesAndContributionMap":{"functional-code":{"insertions":2,"deletions":0}}},{"hash":"c0ecc3c340179354b78b359112397dc30790f305","isMergeCommit":true,"messageTitle":"Merge pull request #95 from ryan1604/branch-logger","messageBody":"Remove logger from showing on terminal","fileTypesAndContributionMap":{}}]},{"date":"2023-10-23","commitResults":[{"hash":"ee85fdd3450c29e6f2fa8ea93bc9d3aa8a7ee4ac","isMergeCommit":false,"messageTitle":"Update error handling for storage","messageBody":"","fileTypesAndContributionMap":{"functional-code":{"insertions":19,"deletions":14}}},{"hash":"e33e09d9d6bca826602f6a0a646029f3ff5f69f3","isMergeCommit":false,"messageTitle":"Rename AbstractCommand to Command","messageBody":"","fileTypesAndContributionMap":{"functional-code":{"insertions":18,"deletions":18},"other":{"insertions":1,"deletions":1}}},{"hash":"21edafcc87654ea480d1c35ab2ec453623792070","isMergeCommit":false,"messageTitle":"Update singleton and error handling for storage, refactor storage","messageBody":"","fileTypesAndContributionMap":{"functional-code":{"insertions":42,"deletions":17},"test-code":{"insertions":6,"deletions":8}}},{"hash":"b4bf06354ec1e651df2c1b0835e8c82c2c4d796b","isMergeCommit":false,"messageTitle":"Add ability to delete, reset and view budget","messageBody":"Fixes #74\n","fileTypesAndContributionMap":{"functional-code":{"insertions":67,"deletions":14}}},{"hash":"2ad5082d556bde5cd1dacfa4c3f9abcdf11f49a5","isMergeCommit":false,"messageTitle":"Refactor Budget, fix bug and clean up code","messageBody":"","fileTypesAndContributionMap":{"functional-code":{"insertions":139,"deletions":78}}},{"hash":"f3d525423735d5a193da257d3b598f941e8a3a4b","isMergeCommit":false,"messageTitle":"Add JUnit tests","messageBody":"","fileTypesAndContributionMap":{"functional-code":{"insertions":4,"deletions":0},"test-code":{"insertions":69,"deletions":0}}},{"hash":"ea37034ac84b421b3b6038ea67cc563809a4ba80","isMergeCommit":false,"messageTitle":"Add balance command","messageBody":"Fixes #100\n","fileTypesAndContributionMap":{"functional-code":{"insertions":26,"deletions":0}}},{"hash":"4f0d456e878d1f1cab572bcd372c767ddcad1c25","isMergeCommit":false,"messageTitle":"Remove unused imports","messageBody":"","fileTypesAndContributionMap":{"functional-code":{"insertions":0,"deletions":4}}},{"hash":"7d46886ffb53b08a1cd0ac3da012cf32dad037cd","isMergeCommit":true,"messageTitle":"Merge branch \u0027master\u0027 into branch-budget","messageBody":"# Conflicts:\n#\tsrc/main/java/seedu/financialplanner/FinancialPlanner.java\n#\tsrc/main/java/seedu/financialplanner/investments/WatchList.java\n#\tsrc/main/java/seedu/financialplanner/utils/Parser.java\n","fileTypesAndContributionMap":{}},{"hash":"67fddc3c6856207ecdb706ba890e3351cd224e96","isMergeCommit":false,"messageTitle":"Edit FinancialPlanner","messageBody":"","fileTypesAndContributionMap":{"functional-code":{"insertions":3,"deletions":1}}},{"hash":"50e26e9bff8931193e94816246a8442e86620007","isMergeCommit":true,"messageTitle":"Merge pull request #101 from ryan1604/branch-budget","messageBody":"Update budget and clean up code","fileTypesAndContributionMap":{}}]},{"date":"2023-10-24","commitResults":[{"hash":"dc34fb4f3597f37652bbf91bb168e07ebfbea8ee","isMergeCommit":false,"messageTitle":"Add sequence diagrams for budgetcommand","messageBody":"","fileTypesAndContributionMap":{"docs":{"insertions":75,"deletions":0}}},{"hash":"614c03bccff12e4aeb95e9cf908b81db9760f46c","isMergeCommit":false,"messageTitle":"Fix bug in loadBudget","messageBody":"","fileTypesAndContributionMap":{"functional-code":{"insertions":3,"deletions":0}}},{"hash":"96fe8e91919e5f59141946ed846c5cd4d3804c43","isMergeCommit":false,"messageTitle":"Add class diagram for storage","messageBody":"Add style.puml from addressbook-level3\n","fileTypesAndContributionMap":{"docs":{"insertions":117,"deletions":0}}},{"hash":"98db3870b2a1642d81b534a75b87f89cbb095ed1","isMergeCommit":false,"messageTitle":"Update DG and diagrams","messageBody":"Fixes #106\n","fileTypesAndContributionMap":{"docs":{"insertions":58,"deletions":4}}},{"hash":"46f08fe1df842f6d9a3e2a66e809e49bc1061e96","isMergeCommit":false,"messageTitle":"Fix error in storage diagram","messageBody":"","fileTypesAndContributionMap":{"docs":{"insertions":2,"deletions":2}}},{"hash":"364cd90ab3889d86ba988ddec7c0bccc890e5c48","isMergeCommit":false,"messageTitle":"Change names in diagram","messageBody":"","fileTypesAndContributionMap":{"docs":{"insertions":9,"deletions":9}}},{"hash":"53ec46b8455c109fbca2162f43ea911d5199efb5","isMergeCommit":true,"messageTitle":"Merge pull request #107 from ryan1604/branch-bugfix","messageBody":"Fix bug in loadBudget","fileTypesAndContributionMap":{}},{"hash":"c3b9f2891401df69d30c54d1661cf3c73fa78ce5","isMergeCommit":true,"messageTitle":"Merge pull request #110 from ryan1604/branch-uml","messageBody":"Add diagrams for budgetcommand and storage","fileTypesAndContributionMap":{}},{"hash":"db195afb3523823484f75b050f34047deeb7d5a5","isMergeCommit":false,"messageTitle":"Fix visual in DG","messageBody":"","fileTypesAndContributionMap":{"docs":{"insertions":6,"deletions":3}}},{"hash":"f3448a2440740014b14b206a8e2d881ca217b47f","isMergeCommit":true,"messageTitle":"Merge pull request #113 from ryan1604/branch-uml","messageBody":"Fix visual in DG","fileTypesAndContributionMap":{}}]},{"date":"2023-10-25","commitResults":[{"hash":"11b2b150107f908f239f2469ec021ebd049f9a80","isMergeCommit":false,"messageTitle":"Update storage diagram","messageBody":"","fileTypesAndContributionMap":{"docs":{"insertions":7,"deletions":12}}},{"hash":"6d04cb1d2126251eff52ef166980bc558c51f506","isMergeCommit":false,"messageTitle":"Update DG","messageBody":"","fileTypesAndContributionMap":{"docs":{"insertions":21,"deletions":19}}},{"hash":"2a16939ea19a75e7be88095960d6d869f369ce06","isMergeCommit":false,"messageTitle":"Update overview command","messageBody":"","fileTypesAndContributionMap":{"functional-code":{"insertions":60,"deletions":14}}},{"hash":"2ee59837d6969e00885d562bf8af21898bf7a84f","isMergeCommit":false,"messageTitle":"Extract method in budget command and update DG","messageBody":"","fileTypesAndContributionMap":{"functional-code":{"insertions":38,"deletions":17},"docs":{"insertions":5,"deletions":5}}},{"hash":"6fa7dc87d5df38ce68d2ee34261b65c9249d5951","isMergeCommit":false,"messageTitle":"Add assertion to Ui","messageBody":"","fileTypesAndContributionMap":{"functional-code":{"insertions":1,"deletions":0}}}]},{"date":"2023-10-27","commitResults":[{"hash":"7590b789233a6734bdc9d6c105001eb4a077d540","isMergeCommit":false,"messageTitle":"Add logging to ui","messageBody":"","fileTypesAndContributionMap":{"functional-code":{"insertions":5,"deletions":1}}},{"hash":"02571fe412b0507a0021ac111ef1371cda6b7d15","isMergeCommit":false,"messageTitle":"Add variables to improve readability","messageBody":"","fileTypesAndContributionMap":{"functional-code":{"insertions":7,"deletions":2}}},{"hash":"c92ed860899ec19d3845231e1c01266fae39553f","isMergeCommit":false,"messageTitle":"Update sequence diagrams","messageBody":"","fileTypesAndContributionMap":{"functional-code":{"insertions":1,"deletions":1},"docs":{"insertions":12,"deletions":13}}},{"hash":"646af5464658b7ea77bcbefc51057c0b97005830","isMergeCommit":true,"messageTitle":"Merge pull request #114 from ryan1604/branch-overvieww","messageBody":"Update overview command and DG","fileTypesAndContributionMap":{}}]}],"YFshadaow":[{"date":"2023-10-13","commitResults":[{"hash":"7828ae3395aae5d90d22f6743b43b03445b289a9","isMergeCommit":false,"messageTitle":"Refactor code: Use singleton instead","messageBody":"","fileTypesAndContributionMap":{"functional-code":{"insertions":40,"deletions":38},"test-code":{"insertions":15,"deletions":15}}},{"hash":"a126234d9b789bbeb6ac1ed4def47833d3356e48","isMergeCommit":true,"messageTitle":"Merge branch \u0027master\u0027 into master","messageBody":"","fileTypesAndContributionMap":{}},{"hash":"89366d90a98581607b043727aa7a8eaf05227920","isMergeCommit":true,"messageTitle":"Merge pull request #50 from YFshadaow/master","messageBody":"Refactor code: Use singleton instead","fileTypesAndContributionMap":{}}]},{"date":"2023-10-15","commitResults":[{"hash":"a7b5722ca73a4b15a5c0e25b783a9fb827b30f28","isMergeCommit":false,"messageTitle":"Refactor code: Restructure command parse logic","messageBody":"","fileTypesAndContributionMap":{"functional-code":{"insertions":254,"deletions":151},"other":{"insertions":21,"deletions":14},"test-code":{"insertions":9,"deletions":9}}}]},{"date":"2023-10-16","commitResults":[{"hash":"7ed9cafa3c7bd26a4641c1ec66c018e371c42434","isMergeCommit":false,"messageTitle":"Update code to pass style checks","messageBody":"","fileTypesAndContributionMap":{"functional-code":{"insertions":43,"deletions":26}}},{"hash":"28dd7ef23c898f7c9a91969a499e1463e6f12b2e","isMergeCommit":false,"messageTitle":"Update test files","messageBody":"","fileTypesAndContributionMap":{"functional-code":{"insertions":32,"deletions":24},"other":{"insertions":7,"deletions":5},"test-code":{"insertions":29,"deletions":21}}},{"hash":"989068feb2dd79c2e54c25b3b6d3965507ea1cef","isMergeCommit":false,"messageTitle":"Add list commands. Minor changes include:  - Remove EMPTY cash flow category  - Refactor delete command","messageBody":"","fileTypesAndContributionMap":{"functional-code":{"insertions":90,"deletions":16}}},{"hash":"76ef2f72103f0f0e994d3cb8440b4bd9775feaf0","isMergeCommit":false,"messageTitle":"Minor change: Remove redundant else block","messageBody":"","fileTypesAndContributionMap":{"functional-code":{"insertions":0,"deletions":2}}}]},{"date":"2023-10-18","commitResults":[{"hash":"1c5bad2c052f99ee730902c95ee31b39655aa240","isMergeCommit":true,"messageTitle":"Resolve merge conflicts","messageBody":"","fileTypesAndContributionMap":{}},{"hash":"2a7a8aa2c20b6fb8e871c81322c8d3c5f42fc4fc","isMergeCommit":false,"messageTitle":"Fix style error","messageBody":"","fileTypesAndContributionMap":{"functional-code":{"insertions":3,"deletions":2}}},{"hash":"b0110338046a582dea04a00eb12c6ff4ab682574","isMergeCommit":true,"messageTitle":"Merge pull request #89 from YFshadaow/branch-list-command","messageBody":"Add list command","tags":["v1.0"],"fileTypesAndContributionMap":{}}]}],"hshiah":[{"date":"2023-10-05","commitResults":[{"hash":"f4e110ae257a2d4b5945b76e92c4f67b53a9b9c9","isMergeCommit":false,"messageTitle":"Test","messageBody":"","fileTypesAndContributionMap":{"functional-code":{"insertions":2,"deletions":1}}},{"hash":"483fb3d416dea3f0ae1999b544aaa379f9eb6575","isMergeCommit":true,"messageTitle":"Merge pull request #4 from hshiah/hshiah","messageBody":"Shi,Haochen","fileTypesAndContributionMap":{}}]},{"date":"2023-10-12","commitResults":[{"hash":"22508414ff64c714b8c24237a8ab30432ade3775","isMergeCommit":false,"messageTitle":"implement function find","messageBody":"","fileTypesAndContributionMap":{"functional-code":{"insertions":66,"deletions":0}}},{"hash":"8553ea5738eaa15aacfd028fd0832607330e3a48","isMergeCommit":true,"messageTitle":"Merge pull request #45 from hshiah/master","messageBody":"implement function find","fileTypesAndContributionMap":{}}]},{"date":"2023-10-16","commitResults":[{"hash":"2c4321ec694fab448316d4670acb2409d60896d6","isMergeCommit":false,"messageTitle":"Add reminder","messageBody":"","fileTypesAndContributionMap":{"functional-code":{"insertions":88,"deletions":1}}},{"hash":"436ee1eebba2e020d95e82cdc8089a335fafdcfb","isMergeCommit":true,"messageTitle":"Merge pull request #86 from hshiah/hshiah","messageBody":"Add reminder","fileTypesAndContributionMap":{}},{"hash":"5e6072c3cfd8377d6401e4aa8656c4abf71508fe","isMergeCommit":false,"messageTitle":"Finish setting goals Fix bugs of find command","messageBody":"","fileTypesAndContributionMap":{"functional-code":{"insertions":87,"deletions":2}}}]},{"date":"2023-10-17","commitResults":[{"hash":"401308ac27b8077cd80a9378c8938e2b258ed136","isMergeCommit":false,"messageTitle":"Fix some points mentioned by groupmates","messageBody":"","fileTypesAndContributionMap":{"functional-code":{"insertions":24,"deletions":27}}},{"hash":"e9a6466bf2b37b67c9b63997e1fc4c3a042688ff","isMergeCommit":false,"messageTitle":"Solve conflict","messageBody":"","fileTypesAndContributionMap":{"functional-code":{"insertions":0,"deletions":11}}},{"hash":"835cc572869e4c70387ca9ba0e5bc42721c228d9","isMergeCommit":true,"messageTitle":"Merge branch \u0027master\u0027 into hshiah","messageBody":"","fileTypesAndContributionMap":{}},{"hash":"f87a53b2a70f909bafc095d6c425d023c4e5c8e9","isMergeCommit":false,"messageTitle":"Delete getValue function","messageBody":"","fileTypesAndContributionMap":{"functional-code":{"insertions":1,"deletions":6}}},{"hash":"cd9ad14c299d2642e1d7737dc8e675d7b4cee4a3","isMergeCommit":true,"messageTitle":"Merge pull request #88 from hshiah/hshiah","messageBody":"Finish setting goals","fileTypesAndContributionMap":{}}]}]},"authorFileTypeContributionMap":{"wwweert123":{"docs":178,"functional-code":685,"test-code":43,"other":3},"NeoMinWei":{"docs":119,"functional-code":522,"test-code":120},"ryan1604":{"docs":253,"functional-code":834,"test-code":160,"other":2},"YFshadaow":{"docs":0,"functional-code":300,"test-code":19},"hshiah":{"docs":0,"functional-code":205,"test-code":0}},"authorContributionVariance":{"wwweert123":4657.916,"NeoMinWei":12565.395,"ryan1604":21134.953,"YFshadaow":7990.1606,"hshiah":1056.5621},"authorDisplayNameMap":{"wwweert123":"CS2113-T18-2 PUA ..RICK","NeoMinWei":"CS2113-T18-2 NEO .. WEI","ryan1604":"CS2113-T18-2 CHUA..RYAN","YFshadaow":"CS2113-T18-2 REN ..GDAO","hshiah":"CS2113-T18-2 SHI ..CHEN"}}
