{"authorDailyContributionsMap":{"wwweert123":[{"date":"2023-10-05","commitResults":[{"hash":"491c9238e3c2b52f8ddaa10ba332e9566a8b7e9e","isMergeCommit":false,"messageTitle":"Add aboutus links and add my my own md file","messageBody":"","fileTypesAndContributionMap":{"docs":{"insertions":12,"deletions":7}}},{"hash":"2712d42c6b6d4552c9a0ea7bcc75de166bdf1546","isMergeCommit":true,"messageTitle":"Merge branch \u0027master\u0027 of https://github.com/AY2324S1-CS2113-T18-2/tp into Frederick-AboutUs","messageBody":"# Conflicts:\n#\tdocs/AboutUs.md\n","fileTypesAndContributionMap":{}},{"hash":"11db7a69a38c31d6f7658163f69ac8726f80a0b0","isMergeCommit":true,"messageTitle":"Merge pull request #3 from wwweert123/Frederick-AboutUs","messageBody":"Add aboutus links and add my my own md file","fileTypesAndContributionMap":{}}]}],"NeoMinWei":[{"date":"2023-10-05","commitResults":[{"hash":"4f47ae40234b912a4c5b7dc60382509629d101a3","isMergeCommit":false,"messageTitle":"Add name to AboutUs","messageBody":"","fileTypesAndContributionMap":{"docs":{"insertions":8,"deletions":8}}},{"hash":"f2c1d37c4806aa17f190a32959ef65e5687b4aee","isMergeCommit":true,"messageTitle":"Merge pull request #1 from ryan1604/ryanChua-AboutUs","messageBody":"Update AboutUs","fileTypesAndContributionMap":{}},{"hash":"2c62d715ae126cdd37eb029c1637b350c38be6de","isMergeCommit":true,"messageTitle":"Merge branch \u0027master\u0027 of https://github.com/AY2324S1-CS2113-T18-2/tp into NeoMinWei-AboutUs","messageBody":"# Conflicts:\n#\tdocs/AboutUs.md\n","fileTypesAndContributionMap":{}},{"hash":"22503c3b8de7c4b1a38b85131f14e6b63162ded7","isMergeCommit":true,"messageTitle":"Merge pull request #2 from NeoMinWei/NeoMinWei-AboutUs","messageBody":"Add name to AboutUs","fileTypesAndContributionMap":{}}]}],"ryan1604":[],"YFshadaow":[],"hshiah":[{"date":"2023-10-05","commitResults":[{"hash":"f4e110ae257a2d4b5945b76e92c4f67b53a9b9c9","isMergeCommit":false,"messageTitle":"Test","messageBody":"","fileTypesAndContributionMap":{"functional-code":{"insertions":2,"deletions":1}}},{"hash":"483fb3d416dea3f0ae1999b544aaa379f9eb6575","isMergeCommit":true,"messageTitle":"Merge pull request #4 from hshiah/hshiah","messageBody":"Shi,Haochen","fileTypesAndContributionMap":{}}]}]},"authorFileTypeContributionMap":{"wwweert123":{"docs":6,"functional-code":0,"test-code":0},"NeoMinWei":{"docs":4,"functional-code":0,"test-code":0},"ryan1604":{"docs":0,"functional-code":0,"test-code":0},"YFshadaow":{"docs":0,"functional-code":0,"test-code":0},"hshiah":{"docs":0,"functional-code":2,"test-code":0}},"authorContributionVariance":{"wwweert123":23.943876,"NeoMinWei":16.979591,"ryan1604":0.0,"YFshadaow":0.0,"hshiah":0.5969388},"authorDisplayNameMap":{"wwweert123":"CS2113-T18-2 PUA ..RICK","NeoMinWei":"CS2113-T18-2 NEO .. WEI","ryan1604":"CS2113-T18-2 CHUA..RYAN","YFshadaow":"CS2113-T18-2 REN ..GDAO","hshiah":"CS2113-T18-2 SHI ..CHEN"}}
