{"authorDailyContributionsMap":{"000verflow":[{"date":"2023-10-06","commitResults":[{"hash":"40c098fcf74b1c2282447f9113b643a766c328d3","isMergeCommit":false,"messageTitle":"Add ashokbalaji-aboutus","messageBody":"","fileTypesAndContributionMap":{"docs":{"insertions":7,"deletions":1}}},{"hash":"ba10e507f38769c43a032bf8f9367a09dce03291","isMergeCommit":false,"messageTitle":"Add userguide draft","messageBody":"","fileTypesAndContributionMap":{"docs":{"insertions":99,"deletions":23}}}]},{"date":"2023-10-11","commitResults":[{"hash":"d051634250466c7164160a7fddeb56f1762e79a3","isMergeCommit":true,"messageTitle":"Merge branch \u0027master\u0027 into YingXia-AboutUs","messageBody":"","fileTypesAndContributionMap":{}},{"hash":"7b3caa8286c5e5afd39596c9d37aaa83da139f3e","isMergeCommit":true,"messageTitle":"Merge pull request #2 from yingx9/YingXia-AboutUs","messageBody":"Update AboutUs.md and add Portfolio Page","fileTypesAndContributionMap":{}},{"hash":"ce04bd2fd92aa288fc50505baa20550cef504563","isMergeCommit":true,"messageTitle":"Merge pull request #5 from AY2324S1-CS2113T-W11-1/branch-AshokBalaji-userguide","messageBody":"Add userguide draft","fileTypesAndContributionMap":{}},{"hash":"bd25c10208589cf71225db3fa2e85eb80cf14e72","isMergeCommit":true,"messageTitle":"Merge branch \u0027master\u0027 into WuXingyu-AboutUs","messageBody":"","fileTypesAndContributionMap":{}},{"hash":"2eb93ed11019095c9d83522d710cff1951ff90ee","isMergeCommit":true,"messageTitle":"Merge pull request #3 from DavinciDelta/WuXingyu-AboutUs","messageBody":"Add WuXingyu-AboutUs","fileTypesAndContributionMap":{}},{"hash":"da93b03bf043240cb13cd891d3f7d5ba034f221d","isMergeCommit":true,"messageTitle":"Merge branch \u0027master\u0027 into branch-AshokBalaji-AboutUs","messageBody":"","fileTypesAndContributionMap":{}},{"hash":"751016df50864854566f9a6f330cc416719f3f8c","isMergeCommit":true,"messageTitle":"Merge pull request #4 from AY2324S1-CS2113T-W11-1/branch-AshokBalaji-AboutUs","messageBody":"Add ashokbalaji-aboutus","fileTypesAndContributionMap":{}},{"hash":"fbcd9e994f8f6d371570e0837d0b9df5d55e0a65","isMergeCommit":true,"messageTitle":"Merge branch \u0027master\u0027 into master","messageBody":"","fileTypesAndContributionMap":{}},{"hash":"6e0c5086aa5ce4c4ef524b1109975395f85b10ec","isMergeCommit":true,"messageTitle":"Merge pull request #6 from bnjm2000/master","messageBody":"Add Benjamin-AboutUs","fileTypesAndContributionMap":{}}]},{"date":"2023-10-14","commitResults":[{"hash":"7ac4de161937c8f68caedf661d33ac2743bce93f","isMergeCommit":false,"messageTitle":"Revert \"Add code from AddressBook\"","messageBody":"This reverts commit 24a54a13e9bff5754c97196f670acb1db3f9c3fe.\n","fileTypesAndContributionMap":{"functional-code":{"insertions":0,"deletions":1937}}},{"hash":"15df575857850f9910d1277c039fd733830fde91","isMergeCommit":false,"messageTitle":"Add UI Class","messageBody":"","fileTypesAndContributionMap":{"functional-code":{"insertions":61,"deletions":11}}},{"hash":"9598cd960fd0593f0decb94a2ad3150e18b70383","isMergeCommit":false,"messageTitle":"Update UI package","messageBody":"","fileTypesAndContributionMap":{"functional-code":{"insertions":12,"deletions":12}}},{"hash":"cbd5935ccf882033ad0b08db364596550f560f60","isMergeCommit":false,"messageTitle":"Rename Ui.java to UI.java","messageBody":"","fileTypesAndContributionMap":{"other":{"insertions":0,"deletions":0}}},{"hash":"dbd0e6f0e289653a11048a5d9c19c7a444448864","isMergeCommit":false,"messageTitle":"Update UI package bug","messageBody":"","fileTypesAndContributionMap":{"functional-code":{"insertions":9,"deletions":11}}},{"hash":"9a1adb0d5f9728d7fd6ddf0eb857fe41242adf24","isMergeCommit":true,"messageTitle":"Merge branch \u0027branch-AshokBalaji-UI-class\u0027 of https://github.com/AY2324S1-CS2113T-W11-1/tp into branch-AshokBalaji-UI-class","messageBody":"","fileTypesAndContributionMap":{}},{"hash":"61cfb3cce6305613102703e161b14a648269c2a3","isMergeCommit":false,"messageTitle":"Update UI package bug","messageBody":"","fileTypesAndContributionMap":{"other":{"insertions":0,"deletions":0}}},{"hash":"7e4f3fe7f71a7459f1bd36c678648852307f3437","isMergeCommit":false,"messageTitle":"Update tests and fix package structure","messageBody":"","fileTypesAndContributionMap":{"functional-code":{"insertions":9,"deletions":14},"other":{"insertions":22,"deletions":22}}},{"hash":"234d4f7e45be31af96739a72dbc38e756ac6e307","isMergeCommit":true,"messageTitle":"Merge pull request #22 from AY2324S1-CS2113T-W11-1/branch-AshokBalaji-UI-class","messageBody":"Add UI Class","fileTypesAndContributionMap":{}},{"hash":"11762124503a2c817f64b4270a43e8aacf3f413d","isMergeCommit":true,"messageTitle":"Merge pull request #23 from bnjm2000/add_portfolio","messageBody":"Add portfolio and updated README.md","fileTypesAndContributionMap":{}}]}],"bnjm2000":[{"date":"2023-10-09","commitResults":[{"hash":"efad7d965c627a182d0c515fbcf8bd652d5f7b75","isMergeCommit":false,"messageTitle":"Add Benjamin-AboutUs","messageBody":"","fileTypesAndContributionMap":{"docs":{"insertions":6,"deletions":6}}}]},{"date":"2023-10-11","commitResults":[{"hash":"11fbaf7ff4a1c16bd6e857e1bfd19094d43fbfb9","isMergeCommit":false,"messageTitle":"Add portfolio","messageBody":"","fileTypesAndContributionMap":{"docs":{"insertions":6,"deletions":0}}},{"hash":"f98ad3ecdb9bf4a008479b664430633fe6aee154","isMergeCommit":false,"messageTitle":"Fix portfolio link","messageBody":"","fileTypesAndContributionMap":{"docs":{"insertions":7,"deletions":7}}}]},{"date":"2023-10-14","commitResults":[{"hash":"ff6ecc4e701b239a826fcd503989cca981a38809","isMergeCommit":false,"messageTitle":"Add portfolio","messageBody":"","fileTypesAndContributionMap":{"docs":{"insertions":10,"deletions":9}}},{"hash":"c5bb57406ed0171f9b20242b11d01e4955ec7839","isMergeCommit":true,"messageTitle":"Merge pull request #25 from AY2324S1-CS2113T-W11-1/WuXingyu-Resource","messageBody":"Add Resource class","fileTypesAndContributionMap":{}},{"hash":"fee0f659873ca0be326386c791db3e379df73714","isMergeCommit":false,"messageTitle":"Add HelpCommand","messageBody":"","fileTypesAndContributionMap":{"functional-code":{"insertions":8,"deletions":1}}},{"hash":"a01128ec5feae99924bb3c327d94bba7e5d9a31d","isMergeCommit":false,"messageTitle":"Fix ExitCommand","messageBody":"","fileTypesAndContributionMap":{"functional-code":{"insertions":17,"deletions":3}}},{"hash":"243fa1457017b73e4edbd1929fadadd779e2de01","isMergeCommit":false,"messageTitle":"Changed unknown command message.","messageBody":"","fileTypesAndContributionMap":{"functional-code":{"insertions":1,"deletions":1}}},{"hash":"3806b18ebb2a19a8bb7a2012027cda0f2f705459","isMergeCommit":false,"messageTitle":"Moved help message to UI class","messageBody":"","fileTypesAndContributionMap":{"functional-code":{"insertions":16,"deletions":8}}},{"hash":"4f172b206ce42c544432438b8384906a12d5dc98","isMergeCommit":true,"messageTitle":"Merge pull request #29 from yingx9/YingXia-UpdateListCommand","messageBody":"Update ListCommand and edit Resource and Book","fileTypesAndContributionMap":{}}]}],"JoanneJo":[{"date":"2023-10-04","commitResults":[{"hash":"d4b23856f14360e5e02b8b48f1fa8d867104aa99","isMergeCommit":false,"messageTitle":"Add personal details to AboutUs.md","messageBody":"","fileTypesAndContributionMap":{"docs":{"insertions":7,"deletions":7}}}]},{"date":"2023-10-05","commitResults":[{"hash":"74ce9366bfeba2e78b22b08db06017a574898712","isMergeCommit":false,"messageTitle":"Update AboutUs.md and Add JoanneAng.md","messageBody":"","fileTypesAndContributionMap":{"docs":{"insertions":1,"deletions":1}}}]}],"DavinciDelta":[{"date":"2023-10-05","commitResults":[{"hash":"20d84b8a2deaed74e86d4c49ff90766db2fd1d7d","isMergeCommit":false,"messageTitle":"Add AboutUs","messageBody":"Included my own about us\n","fileTypesAndContributionMap":{"docs":{"insertions":7,"deletions":1}}}]},{"date":"2023-10-13","commitResults":[{"hash":"f816d329501fbc059fac7bc29b8449c0aa6d39ff","isMergeCommit":false,"messageTitle":"Basic abstract Command","messageBody":"Included the basic abstract command for reference, with delete code implemented\n","fileTypesAndContributionMap":{"functional-code":{"insertions":117,"deletions":0}}},{"hash":"c97d2cec899d51e82fa979133c029d496a59bb91","isMergeCommit":false,"messageTitle":"Revert \"Basic abstract Command\"","messageBody":"This reverts commit f816d329501fbc059fac7bc29b8449c0aa6d39ff.\n","fileTypesAndContributionMap":{"functional-code":{"insertions":0,"deletions":117}}}]},{"date":"2023-10-14","commitResults":[{"hash":"66cb8f164903cc7b8dd1c4e2f37449f49b783a53","isMergeCommit":true,"messageTitle":"Merge pull request #19 from yingx9/WuXingYu-BasicStructure","messageBody":"Add XingYu\u0027s Command and Parser from iP project","fileTypesAndContributionMap":{}},{"hash":"fae2e8bde57a2bcdca664f910751520047b3cb86","isMergeCommit":false,"messageTitle":"Add resource","messageBody":"Include resource class with book class.\n\nInclude basic add and list commands for testing\n","fileTypesAndContributionMap":{"functional-code":{"insertions":115,"deletions":3}}},{"hash":"d168a5972836ae6563d2c2ff0f4dc4500e17bfb8","isMergeCommit":true,"messageTitle":"Merge from master","messageBody":"Include changes from master\n","fileTypesAndContributionMap":{}}]}],"yingx9":[{"date":"2023-10-04","commitResults":[{"hash":"d2a39c983b779d162587aa54cdcc043d19acb42b","isMergeCommit":false,"messageTitle":"Update AboutUs.md","messageBody":"","fileTypesAndContributionMap":{"docs":{"insertions":5,"deletions":5}}}]},{"date":"2023-10-05","commitResults":[{"hash":"b1a23ae973590faec4fa49548e661798cddc354c","isMergeCommit":false,"messageTitle":"Update AboutUs.md and add Portfolio Page","messageBody":"","fileTypesAndContributionMap":{"docs":{"insertions":13,"deletions":7}}}]},{"date":"2023-10-11","commitResults":[{"hash":"34113bf6369cf3e72c81bad632b546565825c15e","isMergeCommit":true,"messageTitle":"Merge pull request #1 from JoanneJo/JoanneAng-AboutUs","messageBody":"Add personal details to AboutUs.md","fileTypesAndContributionMap":{}}]},{"date":"2023-10-14","commitResults":[{"hash":"24a54a13e9bff5754c97196f670acb1db3f9c3fe","isMergeCommit":false,"messageTitle":"Add code from AddressBook","messageBody":"","fileTypesAndContributionMap":{"functional-code":{"insertions":1937,"deletions":0}}},{"hash":"4c73795256c18d337edb3cd0d8fd6e5e95854417","isMergeCommit":true,"messageTitle":"Merge pull request #16 from yingx9/YingXia-AddressBook","messageBody":"Add code from AddressBook","fileTypesAndContributionMap":{}},{"hash":"8fdb83fc66cf61cec1707849a12140f63547934c","isMergeCommit":false,"messageTitle":"Add XingYu\u0027s Command and Parser from iP project","messageBody":"","fileTypesAndContributionMap":{"functional-code":{"insertions":125,"deletions":0}}},{"hash":"bffe4d35fbfddbd14885722e201bf230cd6a9453","isMergeCommit":false,"messageTitle":"Update ListCommand and edit Resource and Book","messageBody":"As Resource is a generic class, Book can inherit and override\ntoString to print its own specific details\n\nHence,\nResource.java: Add toString method to be overridden by Book\nBook.java: Override parent toString method\n","fileTypesAndContributionMap":{"functional-code":{"insertions":24,"deletions":5},"docs":{"insertions":1,"deletions":1}}},{"hash":"6dcad7eeea645efabb2c7991d22053542764e697","isMergeCommit":true,"messageTitle":"Merge pull request #27 from bnjm2000/add_HelpCommand","messageBody":"Add HelpCommand","fileTypesAndContributionMap":{}},{"hash":"8ebfcaf95769d42cdf6ff8effed30582b2abbf09","isMergeCommit":true,"messageTitle":"Merge pull request #28 from bnjm2000/add_ExitCommand","messageBody":"Add ExitCommand","fileTypesAndContributionMap":{}}]}]},"authorFileTypeContributionMap":{"000verflow":{"docs":105,"functional-code":79,"test-code":1},"bnjm2000":{"docs":14,"functional-code":34,"test-code":0},"JoanneJo":{"docs":0,"functional-code":0,"test-code":0},"DavinciDelta":{"docs":6,"functional-code":112,"test-code":0},"yingx9":{"docs":8,"functional-code":115,"test-code":0}},"authorContributionVariance":{"000verflow":186573.55,"bnjm2000":240.49904,"JoanneJo":8.211721,"DavinciDelta":2743.8792,"yingx9":181964.66},"authorDisplayNameMap":{"000verflow":"CS2113T-W11-1 VELU..LAJI","bnjm2000":"CS2113T-W11-1 BENJ..MING","JoanneJo":"CS2113T-W11-1 JOAN..LING","DavinciDelta":"CS2113T-W11-1 WU X..NGYU","yingx9":"CS2113T-W11-1 LOKE.. XIA"}}
