{"authorDailyContributionsMap":{"000verflow":[{"date":"2023-10-06","commitResults":[{"hash":"40c098fcf74b1c2282447f9113b643a766c328d3","isMergeCommit":false,"messageTitle":"Add ashokbalaji-aboutus","messageBody":"","fileTypesAndContributionMap":{"docs":{"insertions":7,"deletions":1}}},{"hash":"ba10e507f38769c43a032bf8f9367a09dce03291","isMergeCommit":false,"messageTitle":"Add userguide draft","messageBody":"","fileTypesAndContributionMap":{"docs":{"insertions":99,"deletions":23}}}]},{"date":"2023-10-14","commitResults":[{"hash":"7ac4de161937c8f68caedf661d33ac2743bce93f","isMergeCommit":false,"messageTitle":"Revert \"Add code from AddressBook\"","messageBody":"This reverts commit 24a54a13e9bff5754c97196f670acb1db3f9c3fe.\n","fileTypesAndContributionMap":{"functional-code":{"insertions":0,"deletions":1937}}},{"hash":"15df575857850f9910d1277c039fd733830fde91","isMergeCommit":false,"messageTitle":"Add UI Class","messageBody":"","fileTypesAndContributionMap":{"functional-code":{"insertions":61,"deletions":11}}},{"hash":"9598cd960fd0593f0decb94a2ad3150e18b70383","isMergeCommit":false,"messageTitle":"Update UI package","messageBody":"","fileTypesAndContributionMap":{"functional-code":{"insertions":12,"deletions":12}}},{"hash":"dbd0e6f0e289653a11048a5d9c19c7a444448864","isMergeCommit":false,"messageTitle":"Update UI package bug","messageBody":"","fileTypesAndContributionMap":{"functional-code":{"insertions":9,"deletions":11}}},{"hash":"9a1adb0d5f9728d7fd6ddf0eb857fe41242adf24","isMergeCommit":true,"messageTitle":"Merge branch \u0027branch-AshokBalaji-UI-class\u0027 of https://github.com/AY2324S1-CS2113T-W11-1/tp into branch-AshokBalaji-UI-class","messageBody":"","fileTypesAndContributionMap":{}},{"hash":"61cfb3cce6305613102703e161b14a648269c2a3","isMergeCommit":false,"messageTitle":"Update UI package bug","messageBody":"","fileTypesAndContributionMap":{"other":{"insertions":0,"deletions":0}}},{"hash":"7e4f3fe7f71a7459f1bd36c678648852307f3437","isMergeCommit":false,"messageTitle":"Update tests and fix package structure","messageBody":"","fileTypesAndContributionMap":{"functional-code":{"insertions":9,"deletions":14},"other":{"insertions":22,"deletions":22}}}]},{"date":"2023-10-15","commitResults":[{"hash":"53cf6f5c45786d68a96b75e355f9b23f4e85d942","isMergeCommit":false,"messageTitle":"Add FindCommand class","messageBody":"Refactored structure as well\n","fileTypesAndContributionMap":{"functional-code":{"insertions":107,"deletions":7},"other":{"insertions":3,"deletions":4}}}]},{"date":"2023-10-17","commitResults":[{"hash":"c506bdc66a04030dcab18d1d8558dfe23fec32c2","isMergeCommit":false,"messageTitle":"Add Junit tests for FindCommand","messageBody":"","fileTypesAndContributionMap":{"functional-code":{"insertions":24,"deletions":19},"test-code":{"insertions":126,"deletions":1}}},{"hash":"ecdbae3f3a74ddc3de8d01da6cc64fe1a557ff7b","isMergeCommit":false,"messageTitle":"Add logging and java assertions to FindCommand class, updated FindCommandTest","messageBody":"","fileTypesAndContributionMap":{"functional-code":{"insertions":34,"deletions":3},"test-code":{"insertions":1,"deletions":1}}}]},{"date":"2023-10-26","commitResults":[{"hash":"0643b459f813d1557ce46b3d1f313e42921a2afe","isMergeCommit":false,"messageTitle":"Update FindCommand with new parser","messageBody":"","fileTypesAndContributionMap":{"functional-code":{"insertions":7,"deletions":29},"test-code":{"insertions":0,"deletions":11}}}]},{"date":"2023-10-27","commitResults":[{"hash":"3669b239dc0f2e56b1ac7d0fec9418ab1ef9e5bd","isMergeCommit":false,"messageTitle":"Add find command details on DG","messageBody":"","fileTypesAndContributionMap":{"docs":{"insertions":69,"deletions":4}}}]}],"bnjm2000":[{"date":"2023-10-09","commitResults":[{"hash":"efad7d965c627a182d0c515fbcf8bd652d5f7b75","isMergeCommit":false,"messageTitle":"Add Benjamin-AboutUs","messageBody":"","fileTypesAndContributionMap":{"docs":{"insertions":6,"deletions":6}}}]},{"date":"2023-10-11","commitResults":[{"hash":"11fbaf7ff4a1c16bd6e857e1bfd19094d43fbfb9","isMergeCommit":false,"messageTitle":"Add portfolio","messageBody":"","fileTypesAndContributionMap":{"docs":{"insertions":6,"deletions":0}}},{"hash":"f98ad3ecdb9bf4a008479b664430633fe6aee154","isMergeCommit":false,"messageTitle":"Fix portfolio link","messageBody":"","fileTypesAndContributionMap":{"docs":{"insertions":7,"deletions":7}}}]},{"date":"2023-10-14","commitResults":[{"hash":"ff6ecc4e701b239a826fcd503989cca981a38809","isMergeCommit":false,"messageTitle":"Add portfolio","messageBody":"","fileTypesAndContributionMap":{"docs":{"insertions":10,"deletions":9}}},{"hash":"c5bb57406ed0171f9b20242b11d01e4955ec7839","isMergeCommit":true,"messageTitle":"Merge pull request #25 from AY2324S1-CS2113T-W11-1/WuXingyu-Resource","messageBody":"Add Resource class","fileTypesAndContributionMap":{}},{"hash":"fee0f659873ca0be326386c791db3e379df73714","isMergeCommit":false,"messageTitle":"Add HelpCommand","messageBody":"","fileTypesAndContributionMap":{"functional-code":{"insertions":8,"deletions":1}}},{"hash":"a01128ec5feae99924bb3c327d94bba7e5d9a31d","isMergeCommit":false,"messageTitle":"Fix ExitCommand","messageBody":"","fileTypesAndContributionMap":{"functional-code":{"insertions":17,"deletions":3}}},{"hash":"243fa1457017b73e4edbd1929fadadd779e2de01","isMergeCommit":false,"messageTitle":"Changed unknown command message.","messageBody":"","fileTypesAndContributionMap":{"functional-code":{"insertions":1,"deletions":1}}},{"hash":"3806b18ebb2a19a8bb7a2012027cda0f2f705459","isMergeCommit":false,"messageTitle":"Moved help message to UI class","messageBody":"","fileTypesAndContributionMap":{"functional-code":{"insertions":16,"deletions":8}}},{"hash":"4f172b206ce42c544432438b8384906a12d5dc98","isMergeCommit":true,"messageTitle":"Merge pull request #29 from yingx9/YingXia-UpdateListCommand","messageBody":"Update ListCommand and edit Resource and Book","fileTypesAndContributionMap":{}},{"hash":"8d3ec47b216a8ecce72971e1286cd5c7816e3e0d","isMergeCommit":false,"messageTitle":"Changed syntax to \"exit\" and updated test","messageBody":"","fileTypesAndContributionMap":{"functional-code":{"insertions":2,"deletions":2}}}]},{"date":"2023-10-15","commitResults":[{"hash":"41e96d180eea8819810b89f4972503658bc58533","isMergeCommit":true,"messageTitle":"Merge pull request #31 from JoanneJo/JoanneAng-AddCommand","messageBody":"Update AddCommand.java and Add SysLibException.java","fileTypesAndContributionMap":{}}]},{"date":"2023-10-16","commitResults":[{"hash":"7ff86171a0fd13c77b3cf121db7fe6884d0b3d86","isMergeCommit":false,"messageTitle":"Add Junit testing","messageBody":"","fileTypesAndContributionMap":{"functional-code":{"insertions":2,"deletions":1},"test-code":{"insertions":183,"deletions":0}}},{"hash":"b567bf5aa32fe02c4fd1dfb89a7015f775c830c5","isMergeCommit":false,"messageTitle":"Add more Junit tests","messageBody":"","fileTypesAndContributionMap":{"test-code":{"insertions":75,"deletions":2}}},{"hash":"307dadb3f1cadb6f4656b5a341d45ea46c7e249a","isMergeCommit":false,"messageTitle":"Fix checkstye","messageBody":"","fileTypesAndContributionMap":{"test-code":{"insertions":26,"deletions":17}}},{"hash":"86cf0bf0f325391532da1bcc682d06a7ad6362d6","isMergeCommit":false,"messageTitle":"Fix checks not working on Windows","messageBody":"","fileTypesAndContributionMap":{"test-code":{"insertions":35,"deletions":33}}},{"hash":"d6f62f5ccc65e022901ad84f3267897d80378000","isMergeCommit":true,"messageTitle":"Merge pull request #39 from yingx9/YingXia-UpdateUserGuide","messageBody":"Update UserGuide.md for List and minor change to ListCommand","fileTypesAndContributionMap":{}},{"hash":"bae7e026d74680fe4a0047fa954ce271f2bffaba","isMergeCommit":true,"messageTitle":"Merge branch \u0027master\u0027 of https://github.com/AY2324S1-CS2113T-W11-1/tp into add_Junit","messageBody":"* \u0027master\u0027 of https://github.com/AY2324S1-CS2113T-W11-1/tp:\n  Update UserGuide.md for List and minor change to ListCommand\n","fileTypesAndContributionMap":{}},{"hash":"3e910fc9d53b77f127940bc75640b25da44f6808","isMergeCommit":false,"messageTitle":"Fix checkstyle","messageBody":"","fileTypesAndContributionMap":{"test-code":{"insertions":13,"deletions":13}}},{"hash":"db5883414825e7a5e441ce1878551dd7d555d7d2","isMergeCommit":false,"messageTitle":"Fix comment indentation","messageBody":"","fileTypesAndContributionMap":{"test-code":{"insertions":11,"deletions":11}}},{"hash":"83d05e7e51521c14924622be0f8d0597145b6eb5","isMergeCommit":false,"messageTitle":"Fix Try #1","messageBody":"","fileTypesAndContributionMap":{"test-code":{"insertions":11,"deletions":11}}},{"hash":"a81d766d11a375879c1f602842828531a8604d25","isMergeCommit":false,"messageTitle":"Add TestUtil and corrected Junit","messageBody":"","fileTypesAndContributionMap":{"test-code":{"insertions":40,"deletions":3}}},{"hash":"48875226e1bf55b48404da72ad34eab3eec785d4","isMergeCommit":true,"messageTitle":"Merge pull request #40 from yingx9/YingXia-UpdateListPrinting","messageBody":"Update ListCommand to use lineSeparator() and add more checks","fileTypesAndContributionMap":{}},{"hash":"affd9379953ddff889923ab527eedcb8736d6536","isMergeCommit":false,"messageTitle":"Fix Checkstyle","messageBody":"","fileTypesAndContributionMap":{"test-code":{"insertions":2,"deletions":6}}},{"hash":"08a718177bfc3197280e2e6a5f1b74c34478186e","isMergeCommit":true,"messageTitle":"Merge branch \u0027master\u0027 of https://github.com/AY2324S1-CS2113T-W11-1/tp into add_Junit","messageBody":"* \u0027master\u0027 of https://github.com/AY2324S1-CS2113T-W11-1/tp:\n  Fix lines to not exceed 120 characters for coding standard\n  Update ListCommand to use lineSeparator() and add more checks\n","fileTypesAndContributionMap":{}},{"hash":"dda3ca33533312deceb333e38d5eb526948abdb1","isMergeCommit":false,"messageTitle":"Fix windows error","messageBody":"","fileTypesAndContributionMap":{"test-code":{"insertions":3,"deletions":2}}},{"hash":"e47ca19cf52aedb1ee571f7ae8ac7cae8fe4717d","isMergeCommit":false,"messageTitle":"Fix Windows error","messageBody":"","fileTypesAndContributionMap":{"test-code":{"insertions":2,"deletions":1}}},{"hash":"04906e63ebf2b3be29a4f8cd076683ee9d5777f6","isMergeCommit":false,"messageTitle":"Fix windows error","messageBody":"","fileTypesAndContributionMap":{"functional-code":{"insertions":2,"deletions":2},"test-code":{"insertions":1,"deletions":1}}},{"hash":"09ad6907d3798658b4b35994f88bd432abb995b9","isMergeCommit":false,"messageTitle":"Fix failed test","messageBody":"","fileTypesAndContributionMap":{"functional-code":{"insertions":1,"deletions":1}}},{"hash":"a378b1122c47e5682c500f7615e125ef6e580665","isMergeCommit":false,"messageTitle":"Fix code to have better consistency","messageBody":"","fileTypesAndContributionMap":{"functional-code":{"insertions":39,"deletions":20},"test-code":{"insertions":30,"deletions":16}}},{"hash":"4586311a7acee699ecf66d65ab4402c569af92f3","isMergeCommit":true,"messageTitle":"Merge pull request #41 from yingx9/YingXia-AddListCommandTest","messageBody":"Add jUnit tests for ListCommand","fileTypesAndContributionMap":{}},{"hash":"0d98a06f824e5fa388728e538a12933f4cb95efb","isMergeCommit":true,"messageTitle":"Merge branch \u0027master\u0027 of https://github.com/AY2324S1-CS2113T-W11-1/tp into BenjaminNg_consistency","messageBody":"* \u0027master\u0027 of https://github.com/AY2324S1-CS2113T-W11-1/tp:\n  Update EXPECTED.TXT and input.txt for testing\n  Fix windows error\n  Fix check style error\n  Add jUnit tests for ListCommand\n","fileTypesAndContributionMap":{}},{"hash":"816feeda7fb4686d2872e332338372a28eb35064","isMergeCommit":false,"messageTitle":"Fix checks after merge","messageBody":"","fileTypesAndContributionMap":{"functional-code":{"insertions":8,"deletions":3},"test-code":{"insertions":21,"deletions":5}}},{"hash":"2d31c5b83d50f5c0c1cca48f588661ac6a44e6d0","isMergeCommit":false,"messageTitle":"Fix failed test","messageBody":"","fileTypesAndContributionMap":{"functional-code":{"insertions":5,"deletions":5}}},{"hash":"1171880f0dfcbe51c57f3c8c2ed253170606ea19","isMergeCommit":false,"messageTitle":"Fix failed checks","messageBody":"","fileTypesAndContributionMap":{"test-code":{"insertions":3,"deletions":3}}}]},{"date":"2023-10-17","commitResults":[{"hash":"97bad5aea57f5f451ee8ca636e72807e15defeb3","isMergeCommit":false,"messageTitle":"Fix helpCommand to be consistent with UG","messageBody":"","fileTypesAndContributionMap":{"functional-code":{"insertions":8,"deletions":5},"docs":{"insertions":1,"deletions":1},"test-code":{"insertions":19,"deletions":13}}},{"hash":"969c6d2ed053ae8345ad0b5367f9ff113879b550","isMergeCommit":true,"messageTitle":"Merge branch \u0027master\u0027 of https://github.com/AY2324S1-CS2113T-W11-1/tp into BenjaminNg_FixHelpCommand","messageBody":"* \u0027master\u0027 of https://github.com/AY2324S1-CS2113T-W11-1/tp:\n  Fix failed checks\n  Fix failed test\n  Fix checks after merge\n  Fix code to have better consistency\n\n# Conflicts:\n#\tsrc/main/java/seedu/ui/UI.java\n#\tsrc/test/java/seedu/commands/HelpCommandTest.java\n#\tsrc/test/java/seedu/parser/ParserTest.java\n#\ttext-ui-test/EXPECTED.TXT\n","fileTypesAndContributionMap":{}},{"hash":"7f270f77a3b68d595ddb92c68f1aa96dc0e3c1f8","isMergeCommit":false,"messageTitle":"Fix merge conflicts","messageBody":"","fileTypesAndContributionMap":{"functional-code":{"insertions":0,"deletions":10},"test-code":{"insertions":0,"deletions":24}}},{"hash":"b44806541a1a31074bc32d9a7f54bc3b3daa2ff1","isMergeCommit":true,"messageTitle":"Merge pull request #45 from yingx9/YingXia-FixNullGenreBug","messageBody":"","fileTypesAndContributionMap":{}},{"hash":"256dfd39999328567020cbfe6bbcff0b4730de0b","isMergeCommit":true,"messageTitle":"Merge pull request #46 from yingx9/YingXia-UpdateListGenre","messageBody":"","fileTypesAndContributionMap":{}},{"hash":"effcd9da28de13988cba3b1caab69dd2f2e5b1bd","isMergeCommit":true,"messageTitle":"Merge pull request #51 from yingx9/YingXia-AddListCommandAssertion","messageBody":"Add assertion to ensure ListCommand works as intended","fileTypesAndContributionMap":{}},{"hash":"1e6825dff3c2f6d0aae77ec5048dac06227f015e","isMergeCommit":true,"messageTitle":"Merge pull request #53 from 000verflow/Add-Assertions-Logging-FindCommand","messageBody":"Add logging and java assertions to FindCommand class","fileTypesAndContributionMap":{}},{"hash":"3733b72dc6d2b395228ddd7a872b80f5686f534c","isMergeCommit":false,"messageTitle":"Add assert and logging","messageBody":"","fileTypesAndContributionMap":{"functional-code":{"insertions":64,"deletions":4}}}]},{"date":"2023-10-26","commitResults":[{"hash":"5016c2e6074261fc5964ddfff0f7eb27d96cd571","isMergeCommit":false,"messageTitle":"no message","messageBody":"","fileTypesAndContributionMap":{"docs":{"insertions":56,"deletions":12}}},{"hash":"fe18b54784d8ad6cefddd54f43b9dfc4d95e44bd","isMergeCommit":false,"messageTitle":"Add help and bye manual testing","messageBody":"","fileTypesAndContributionMap":{"docs":{"insertions":25,"deletions":1}}},{"hash":"226408b08990865f86550c15a9c1128e24490679","isMergeCommit":true,"messageTitle":"Merge pull request #75 from yingx9/YingXia-UpdateListDG","messageBody":"Update ListCommand and List Implementation of DG","fileTypesAndContributionMap":{}}]}],"JoanneJo":[{"date":"2023-10-04","commitResults":[{"hash":"d4b23856f14360e5e02b8b48f1fa8d867104aa99","isMergeCommit":false,"messageTitle":"Add personal details to AboutUs.md","messageBody":"","fileTypesAndContributionMap":{"docs":{"insertions":7,"deletions":7}}}]},{"date":"2023-10-05","commitResults":[{"hash":"74ce9366bfeba2e78b22b08db06017a574898712","isMergeCommit":false,"messageTitle":"Update AboutUs.md and Add JoanneAng.md","messageBody":"","fileTypesAndContributionMap":{"docs":{"insertions":1,"deletions":1}}}]},{"date":"2023-10-15","commitResults":[{"hash":"6642630870c3a7e6899d35768f20336136f8ba75","isMergeCommit":false,"messageTitle":"Update AddCommand.java and Add SysLibException.java","messageBody":"Updated UserGuide.md so that all commands are\nusing the same tags for the same type of data.\nUI.java is therefore edited to standardize the\nhelp message.\n\nModified Book.java to remove synopsis from the\nobject and add genres. toString() is modified to\ndisplay genres.\n\nImplemented the add command to add books to the\nresource list. Validated user input for add command.\n\nChanged the naming of taskList to resourceList and\nadded SysLibException.java. Hence, edited\nCommand.java, DeleteCommand.java, ListCommand.java,\nand Parser.java.\n","fileTypesAndContributionMap":{"functional-code":{"insertions":102,"deletions":39},"docs":{"insertions":33,"deletions":26}}},{"hash":"97f427ecac516acd184a6a24eb9aa5a62c8bd731","isMergeCommit":false,"messageTitle":"Update Book.java, AddCommand.java, and Parser.java","messageBody":"Updated to pass the checks.\n","fileTypesAndContributionMap":{"functional-code":{"insertions":14,"deletions":9}}},{"hash":"a6eb7919209e44ae45ed5fdab02d2447a377ddcd","isMergeCommit":false,"messageTitle":"Add Tag Function","messageBody":"Added tag function to identify and specify the\ntype of resources added.\n\nModified parseAddCommand method to be more generic.\nAdded parsing and validation methods for adding\nbooks.\n","fileTypesAndContributionMap":{"functional-code":{"insertions":105,"deletions":59},"docs":{"insertions":2,"deletions":2}}},{"hash":"eb76d7512bd86add4df324bc90fb72ccb28a838c","isMergeCommit":false,"messageTitle":"Update AddCommand.java and Parser.java","messageBody":"","fileTypesAndContributionMap":{"functional-code":{"insertions":12,"deletions":6}}},{"hash":"0d7af8aebc811a4ff9b851c0e322996edf43dc96","isMergeCommit":false,"messageTitle":"Update UserGuide.md and Parser.java","messageBody":"","fileTypesAndContributionMap":{"functional-code":{"insertions":1,"deletions":1},"docs":{"insertions":2,"deletions":2}}}]},{"date":"2023-10-16","commitResults":[{"hash":"834fcdd733a92644b85cc8a507de7bbfd736d321","isMergeCommit":true,"messageTitle":"Merge pull request #35 from DavinciDelta/WuXingyu-DeleteCommand","messageBody":"Add Delete Command","fileTypesAndContributionMap":{}}]},{"date":"2023-10-17","commitResults":[{"hash":"38a8d4706b95c1b71e8ed427ef64e64b0448d972","isMergeCommit":true,"messageTitle":"Merge pull request #49 from 000verflow/Add-FindCommandTest","messageBody":"Add Junit tests for FindCommand","fileTypesAndContributionMap":{}},{"hash":"3dc4400af9db7c3713fa071647fb9d32baf5181d","isMergeCommit":true,"messageTitle":"Merge pull request #50 from DavinciDelta/WuXingyu-DeleteTesting","messageBody":"Add DeleteCommand Testing","fileTypesAndContributionMap":{}}]},{"date":"2023-10-20","commitResults":[{"hash":"dd157775f08701fc6a2945c72d7ddd4eccb29665","isMergeCommit":true,"messageTitle":"Merge pull request #55 from yingx9/YingXia-UpdateListCommandParsing","messageBody":"Update logic and code quality of ListCommand","fileTypesAndContributionMap":{}}]},{"date":"2023-10-23","commitResults":[{"hash":"ed7a3cc3a2b98b526a8b2901e6eac90a58555271","isMergeCommit":false,"messageTitle":"Add AddCommand JUnit Tests","messageBody":"Added addCommand JUnit tests to AddCommandTest.java.\nUpdated Book.java and Parser.java.\n","fileTypesAndContributionMap":{"functional-code":{"insertions":7,"deletions":0},"test-code":{"insertions":58,"deletions":0}}},{"hash":"2c2e658a363c148a823aa30b74af030c1015aace","isMergeCommit":false,"messageTitle":"Update Parser.java","messageBody":"","fileTypesAndContributionMap":{"functional-code":{"insertions":5,"deletions":3}}}]},{"date":"2023-10-26","commitResults":[{"hash":"68271b08f8aa57213e668aef11dd07b64b33fb19","isMergeCommit":true,"messageTitle":"Merge pull request #71 from yingx9/YingXia-DGPlantUml","messageBody":"Repurpose style, architecture.puml from Addressbook","fileTypesAndContributionMap":{}},{"hash":"c83c8d24dbe24a1d92dfa2a5cc07c32ce8ea3e53","isMergeCommit":false,"messageTitle":"Update DeveloperGuide.md","messageBody":"Added on to the developer guide and included parts\nfor the add feature.\n","fileTypesAndContributionMap":{"functional-code":{"insertions":5,"deletions":5},"docs":{"insertions":172,"deletions":3}}}]}],"DavinciDelta":[{"date":"2023-10-05","commitResults":[{"hash":"20d84b8a2deaed74e86d4c49ff90766db2fd1d7d","isMergeCommit":false,"messageTitle":"Add AboutUs","messageBody":"Included my own about us\n","fileTypesAndContributionMap":{"docs":{"insertions":7,"deletions":1}}}]},{"date":"2023-10-13","commitResults":[{"hash":"f816d329501fbc059fac7bc29b8449c0aa6d39ff","isMergeCommit":false,"messageTitle":"Basic abstract Command","messageBody":"Included the basic abstract command for reference, with delete code implemented\n","fileTypesAndContributionMap":{"functional-code":{"insertions":117,"deletions":0}}},{"hash":"c97d2cec899d51e82fa979133c029d496a59bb91","isMergeCommit":false,"messageTitle":"Revert \"Basic abstract Command\"","messageBody":"This reverts commit f816d329501fbc059fac7bc29b8449c0aa6d39ff.\n","fileTypesAndContributionMap":{"functional-code":{"insertions":0,"deletions":117}}}]},{"date":"2023-10-14","commitResults":[{"hash":"66cb8f164903cc7b8dd1c4e2f37449f49b783a53","isMergeCommit":true,"messageTitle":"Merge pull request #19 from yingx9/WuXingYu-BasicStructure","messageBody":"Add XingYu\u0027s Command and Parser from iP project","fileTypesAndContributionMap":{}},{"hash":"fae2e8bde57a2bcdca664f910751520047b3cb86","isMergeCommit":false,"messageTitle":"Add resource","messageBody":"Include resource class with book class.\n\nInclude basic add and list commands for testing\n","fileTypesAndContributionMap":{"functional-code":{"insertions":115,"deletions":3}}},{"hash":"d168a5972836ae6563d2c2ff0f4dc4500e17bfb8","isMergeCommit":true,"messageTitle":"Merge from master","messageBody":"Include changes from master\n","fileTypesAndContributionMap":{}}]},{"date":"2023-10-16","commitResults":[{"hash":"18ae4568148b6a244a6954b2d645a6396383d92e","isMergeCommit":false,"messageTitle":"Add Delete Command","messageBody":"Added the delete command with it\u0027s parser\n","fileTypesAndContributionMap":{"functional-code":{"insertions":52,"deletions":8}}}]},{"date":"2023-10-17","commitResults":[{"hash":"4b21bf920d2abd9b8d5ca763b6cb16a40a87e5ff","isMergeCommit":false,"messageTitle":"Add general validate and parse function","messageBody":"Include a validate and parse function that can be used for all command to decrease complexity of code\n","fileTypesAndContributionMap":{"functional-code":{"insertions":36,"deletions":3}}},{"hash":"460604675bb122c09dd57d41481aad943423a7d2","isMergeCommit":false,"messageTitle":"Remove print statements","messageBody":"Remove debugging print statements\n","fileTypesAndContributionMap":{"functional-code":{"insertions":0,"deletions":2}}},{"hash":"9c24aadd4353ff76d44e33afc61d3d758704f474","isMergeCommit":false,"messageTitle":"Update Command","messageBody":"Remove redundant code and improve style\n","fileTypesAndContributionMap":{"functional-code":{"insertions":1,"deletions":3}}},{"hash":"4d4e242a5a8b83bfae05457a81c2ae027d999c3b","isMergeCommit":false,"messageTitle":"Add DeleteCommand Testing","messageBody":"Included J unit testing for DeleteComand\n","fileTypesAndContributionMap":{"test-code":{"insertions":46,"deletions":0}}},{"hash":"862395cfe14800213003b307dcf087084245681f","isMergeCommit":false,"messageTitle":"Update DeleteCommandTest.java","messageBody":"Updated DeleteCommandTest\n","fileTypesAndContributionMap":{"test-code":{"insertions":3,"deletions":17}}},{"hash":"92e2f73b5371af344b6816b12e4013c4800300e6","isMergeCommit":false,"messageTitle":"Remove redundant imports","messageBody":"Removed redundant imports to improve clarity\n","fileTypesAndContributionMap":{"test-code":{"insertions":1,"deletions":2}}},{"hash":"360606f9d100648710f69f6c9b8ed59e9da91041","isMergeCommit":true,"messageTitle":"Merge branch \u0027master\u0027 into WuXingyu-ParsingAbstraction","messageBody":"","fileTypesAndContributionMap":{}}]},{"date":"2023-10-18","commitResults":[{"hash":"dae3e42c416444c4b6515a99bdb72c4b35e06356","isMergeCommit":true,"messageTitle":"Merge branch \u0027master\u0027 into WuXingyu-ParsingAbstraction","messageBody":"","fileTypesAndContributionMap":{}},{"hash":"29d5789812c41805fbd1bab9a073d8baa2881793","isMergeCommit":false,"messageTitle":"Update validate and parsing","messageBody":"Update parsing into abstract Command class\n","fileTypesAndContributionMap":{"functional-code":{"insertions":29,"deletions":27}}},{"hash":"7b07b79090bec34138f9cd269e9a17594cd4994c","isMergeCommit":false,"messageTitle":"Update style","messageBody":"Remove redundant imports\n","fileTypesAndContributionMap":{"functional-code":{"insertions":0,"deletions":1}}},{"hash":"e2f835aeff05274f1bc1177563fd2ab439494762","isMergeCommit":false,"messageTitle":"Update AddCommand","messageBody":"Changed AddCommand isbn to i\n","fileTypesAndContributionMap":{"functional-code":{"insertions":1,"deletions":1}}},{"hash":"bd37b380149d2f2f85f500c4d6da73dbe40e3fc3","isMergeCommit":false,"messageTitle":"Update genre","messageBody":"Change genre for add command\n","fileTypesAndContributionMap":{"functional-code":{"insertions":1,"deletions":1}}},{"hash":"2240d9c6cdeaa91c620056f02f8f3af007701523","isMergeCommit":false,"messageTitle":"Improve validation","messageBody":"Included more validation checks for duplicate arguments\n\nAllow for aliasing for arguments\n","fileTypesAndContributionMap":{"functional-code":{"insertions":62,"deletions":15}}},{"hash":"da37d39f6e07a7a4d0171c5109158a737e7e91b0","isMergeCommit":false,"messageTitle":"Fix validator","messageBody":"Prevent clash of metacharacters in strings and capital letters with validator\n","fileTypesAndContributionMap":{"functional-code":{"insertions":1,"deletions":1}}}]},{"date":"2023-10-23","commitResults":[{"hash":"9ca77c1f5398f3ee3e36892e95d939757a18b035","isMergeCommit":true,"messageTitle":"Merge pull request #65 from JoanneJo/JoanneAng-AddCommandJUnit","messageBody":"Add AddCommand JUnit Tests","fileTypesAndContributionMap":{}}]},{"date":"2023-10-24","commitResults":[{"hash":"f1c67d44a0c3306c28b454edfa5cc578ae3b17d9","isMergeCommit":true,"messageTitle":"Merge pull request #66 from yingx9/YingXia-EnableAssertion","messageBody":"Enable assertions in Gradle","fileTypesAndContributionMap":{}},{"hash":"fcbdbe6b9e56b76f011dd1383e5ebf1fd8d11eb6","isMergeCommit":false,"messageTitle":"Include assertion in DeleteCommand","messageBody":"Include a generic assertion for deleteCommand\n","fileTypesAndContributionMap":{"functional-code":{"insertions":1,"deletions":0}}},{"hash":"c90927f278161ceb6bd90171ff4431ab5a81ddb7","isMergeCommit":true,"messageTitle":"Merge branch \u0027AddAssertion\u0027 into UpdateDeveloperGuide","messageBody":"","fileTypesAndContributionMap":{}},{"hash":"85745dae00595ea292ea6bbc4b30c74c43f49ba0","isMergeCommit":false,"messageTitle":"Update DeveloperGuide.md","messageBody":"Update the developer guide with the basic information\n","fileTypesAndContributionMap":{"docs":{"insertions":11,"deletions":6}}}]}],"yingx9":[{"date":"2023-10-04","commitResults":[{"hash":"d2a39c983b779d162587aa54cdcc043d19acb42b","isMergeCommit":false,"messageTitle":"Update AboutUs.md","messageBody":"","fileTypesAndContributionMap":{"docs":{"insertions":5,"deletions":5}}}]},{"date":"2023-10-05","commitResults":[{"hash":"b1a23ae973590faec4fa49548e661798cddc354c","isMergeCommit":false,"messageTitle":"Update AboutUs.md and add Portfolio Page","messageBody":"","fileTypesAndContributionMap":{"docs":{"insertions":13,"deletions":7}}}]},{"date":"2023-10-11","commitResults":[{"hash":"34113bf6369cf3e72c81bad632b546565825c15e","isMergeCommit":true,"messageTitle":"Merge pull request #1 from JoanneJo/JoanneAng-AboutUs","messageBody":"Add personal details to AboutUs.md","fileTypesAndContributionMap":{}}]},{"date":"2023-10-14","commitResults":[{"hash":"24a54a13e9bff5754c97196f670acb1db3f9c3fe","isMergeCommit":false,"messageTitle":"Add code from AddressBook","messageBody":"","fileTypesAndContributionMap":{"functional-code":{"insertions":1937,"deletions":0}}},{"hash":"4c73795256c18d337edb3cd0d8fd6e5e95854417","isMergeCommit":true,"messageTitle":"Merge pull request #16 from yingx9/YingXia-AddressBook","messageBody":"Add code from AddressBook","fileTypesAndContributionMap":{}},{"hash":"8fdb83fc66cf61cec1707849a12140f63547934c","isMergeCommit":false,"messageTitle":"Add XingYu\u0027s Command and Parser from iP project","messageBody":"","fileTypesAndContributionMap":{"functional-code":{"insertions":125,"deletions":0}}},{"hash":"bffe4d35fbfddbd14885722e201bf230cd6a9453","isMergeCommit":false,"messageTitle":"Update ListCommand and edit Resource and Book","messageBody":"As Resource is a generic class, Book can inherit and override\ntoString to print its own specific details\n\nHence,\nResource.java: Add toString method to be overridden by Book\nBook.java: Override parent toString method\n","fileTypesAndContributionMap":{"functional-code":{"insertions":24,"deletions":5},"docs":{"insertions":1,"deletions":1}}},{"hash":"6dcad7eeea645efabb2c7991d22053542764e697","isMergeCommit":true,"messageTitle":"Merge pull request #27 from bnjm2000/add_HelpCommand","messageBody":"Add HelpCommand","fileTypesAndContributionMap":{}},{"hash":"8ebfcaf95769d42cdf6ff8effed30582b2abbf09","isMergeCommit":true,"messageTitle":"Merge pull request #28 from bnjm2000/add_ExitCommand","messageBody":"Add ExitCommand","fileTypesAndContributionMap":{}},{"hash":"8336568d113cb4e16f4c7936c6d8254bc5d4ec2f","isMergeCommit":true,"messageTitle":"Merge pull request #30 from bnjm2000/add_ExitCommand","messageBody":"Change syntax to \"exit\" and updated test","fileTypesAndContributionMap":{}}]},{"date":"2023-10-15","commitResults":[{"hash":"8365f041ce1578f5258123ae6f612456b752747f","isMergeCommit":true,"messageTitle":"Merge pull request #32 from 000verflow/Add-FindCommand","messageBody":"Add FindCommand class","fileTypesAndContributionMap":{}},{"hash":"e961ad179fefc5fe022232e8efaf73bbb1065a45","isMergeCommit":false,"messageTitle":"Update Listing by specific filters for ListCommand.Java","messageBody":"Librarians may want an overview of resources by categories such\nas tag and genre\n\nHence, add filter methods to ListCommand to filter by Tag, Genre,\nor Both\n","fileTypesAndContributionMap":{"functional-code":{"insertions":139,"deletions":8}}}]},{"date":"2023-10-16","commitResults":[{"hash":"ce80c867361f341512178783328995160bb24ca5","isMergeCommit":false,"messageTitle":"Update UserGuide.md for List and minor change to ListCommand","messageBody":"","fileTypesAndContributionMap":{"functional-code":{"insertions":7,"deletions":4},"docs":{"insertions":11,"deletions":8}}},{"hash":"8c30d1ef8dbba12f7d7807c9c6c3809726b2e1d4","isMergeCommit":false,"messageTitle":"Update ListCommand to use lineSeparator() and add more checks","messageBody":"","fileTypesAndContributionMap":{"functional-code":{"insertions":16,"deletions":11}}},{"hash":"ed23a422c3bc47ee6e56abb377be77f13c27e4bc","isMergeCommit":false,"messageTitle":"Fix lines to not exceed 120 characters for coding standard","messageBody":"","fileTypesAndContributionMap":{"functional-code":{"insertions":5,"deletions":5}}},{"hash":"69362cc4634c29603bcee3690e6ac5cf11f530c8","isMergeCommit":true,"messageTitle":"Merge pull request #38 from bnjm2000/add_Junit","messageBody":"Add Junit","fileTypesAndContributionMap":{}},{"hash":"4e21bd1fc5c7dcf2ef84b90dd6e05e481e5b48f3","isMergeCommit":false,"messageTitle":"Add jUnit tests for ListCommand","messageBody":"To ensure ListCommand is works as intended, add tests such as:\n1. Ensure list does not crash SysLib if executed when there are no\nresources\n2. Ensure missing values for tag and genre filter throws exception\n3. Ensure listing with filters does not crash SysLib if there are\nno found resources matching filters\n","fileTypesAndContributionMap":{"test-code":{"insertions":101,"deletions":0}}},{"hash":"b62afec7114450326fdb9237456383a9845f62dd","isMergeCommit":false,"messageTitle":"Fix check style error","messageBody":"","fileTypesAndContributionMap":{"test-code":{"insertions":0,"deletions":13}}},{"hash":"871ae927c0777d5e302d720cf8a377459bac1304","isMergeCommit":false,"messageTitle":"Fix windows error","messageBody":"","fileTypesAndContributionMap":{"test-code":{"insertions":1,"deletions":2}}}]},{"date":"2023-10-17","commitResults":[{"hash":"446c9c1b9d6b76ce5b9b366d67eba021b3075894","isMergeCommit":true,"messageTitle":"Merge pull request #42 from bnjm2000/BenjaminNg_consistency","messageBody":"Fix consistency","fileTypesAndContributionMap":{}},{"hash":"61bca2d384d09bf9fce54fd2e5a13fa913fb028b","isMergeCommit":false,"messageTitle":"Fix bug where listing by genre crashes SysLib","messageBody":"When a book is added without a genre, SysLib crashes when listing\nby genre\n\nHence add a check to hasGenre method to return false when a book has\nno genre\n\nNote in future developments, if createBook changes its method of\ncreating genres array, this fix has to be updated\n","fileTypesAndContributionMap":{"functional-code":{"insertions":5,"deletions":0},"test-code":{"insertions":4,"deletions":1}}},{"hash":"8efd8319a62d5e716070bf29aadaa27690a176de","isMergeCommit":true,"messageTitle":"Merge pull request #44 from bnjm2000/BenjaminNg_FixHelpCommand","messageBody":"Fix HelpCommand","fileTypesAndContributionMap":{}},{"hash":"94f1c1b220672138c830e6ab79721ce84c1eb3da","isMergeCommit":false,"messageTitle":"Fix bug where multiple genres causes list filter to not work","messageBody":"","fileTypesAndContributionMap":{"functional-code":{"insertions":4,"deletions":7}}},{"hash":"7277e0d587c97e762d22c5a1e829b859b648b9b8","isMergeCommit":false,"messageTitle":"Update method of checking genre again for ListCommand","messageBody":"","fileTypesAndContributionMap":{"functional-code":{"insertions":6,"deletions":4}}},{"hash":"ea49ab338b61b8cf5cdb56c7e4b3679a1b1a91b7","isMergeCommit":false,"messageTitle":"Add assertion to ensure ListCommand works as intended","messageBody":"","fileTypesAndContributionMap":{"functional-code":{"insertions":2,"deletions":2}}},{"hash":"5eb00e5f0f4e350a35924a1cb0fe5faa6d6201e6","isMergeCommit":true,"messageTitle":"Merge pull request #54 from bnjm2000/BenjaminNg_addAssertandLogging","messageBody":"Add assert and logging for HelpCommand and ExitCommand","tags":["v1.0"],"fileTypesAndContributionMap":{}}]},{"date":"2023-10-19","commitResults":[{"hash":"d25c9b66e18042f05cf523e9875bdd7eba9be49d","isMergeCommit":true,"messageTitle":"Merge pull request #47 from DavinciDelta/WuXingyu-ParsingAbstraction","messageBody":"Add general validate and parse function","fileTypesAndContributionMap":{}},{"hash":"8e0d91820deea617c37ecaf1dfc69fefade72c9a","isMergeCommit":false,"messageTitle":"Update logic and code quality of ListCommand","messageBody":"There are also many repeats of System.lineSeparator + \"------\" etc\n\nHence update constant LINEDIVIDER in UI class to be public, and add\nSEPARATOR_LINEDIVIDER constant for use to tidy up code\n","fileTypesAndContributionMap":{"functional-code":{"insertions":107,"deletions":129},"test-code":{"insertions":14,"deletions":13}}}]},{"date":"2023-10-23","commitResults":[{"hash":"8507b3cd0107300ca6e7645b7ea6b0d311e5b9d2","isMergeCommit":false,"messageTitle":"Enable assertions in Gradle","messageBody":"","fileTypesAndContributionMap":{"other":{"insertions":1,"deletions":0}}}]},{"date":"2023-10-24","commitResults":[{"hash":"41ef8d4d05c823217fd470fd2b0d5ce75cc9b755","isMergeCommit":true,"messageTitle":"Merge pull request #68 from DavinciDelta/AddAssertion","messageBody":"Include assertion in DeleteCommand","fileTypesAndContributionMap":{}},{"hash":"b36525d5ee13cdc1f2ef8fb4a9472930658ca9b1","isMergeCommit":true,"messageTitle":"Merge pull request #69 from DavinciDelta/UpdateDeveloperGuide","messageBody":"Update developer guide","fileTypesAndContributionMap":{}},{"hash":"7b8ffa67e21258e44d6123138f6526cf6ec70478","isMergeCommit":false,"messageTitle":"Repurpose style, architecture.puml from Addressbook","messageBody":"Add a draft architecture diagram\n","fileTypesAndContributionMap":{"docs":{"insertions":110,"deletions":0}}}]},{"date":"2023-10-25","commitResults":[{"hash":"0aea8979e3591fdba501ce8032615bd126a1555c","isMergeCommit":false,"messageTitle":"Add more structure to the Developer\u0027s Guide","messageBody":"","fileTypesAndContributionMap":{"docs":{"insertions":26,"deletions":0}}},{"hash":"b83bc4d4d00080b7f0ce0afc2896a051e7171889","isMergeCommit":false,"messageTitle":"Add Sequence Diagram for ListCommand","messageBody":"","fileTypesAndContributionMap":{"docs":{"insertions":84,"deletions":0}}}]},{"date":"2023-10-26","commitResults":[{"hash":"f09c1bf2895d25e06455027821024ce74864ead9","isMergeCommit":true,"messageTitle":"Merge pull request #74 from JoanneJo/JoanneAng-DeveloperGuide","messageBody":"Update DeveloperGuide.md","fileTypesAndContributionMap":{}},{"hash":"474936b9006df0c0a61054b29262af71487c4ffa","isMergeCommit":false,"messageTitle":"Update ListCommand and List Implementation of DG","messageBody":"Add a Messages class to format messages with frequently used\nline separators and dividers\n\nMove hasGenre to Resources class so it can be used for other purpose\n\nUpdate more details about ListCommand to DG\n","fileTypesAndContributionMap":{"functional-code":{"insertions":95,"deletions":75},"docs":{"insertions":16,"deletions":6},"test-code":{"insertions":10,"deletions":11}}},{"hash":"59cae2daeb0fb11a82e05710e3f9f504f5748974","isMergeCommit":false,"messageTitle":"Fix checkstyle error","messageBody":"","fileTypesAndContributionMap":{"functional-code":{"insertions":2,"deletions":1}}},{"hash":"73265af04a474da052dbbe9cdda0066e4c0cf1a0","isMergeCommit":false,"messageTitle":"Fix ListCommandTest checkstyle error","messageBody":"","fileTypesAndContributionMap":{"test-code":{"insertions":5,"deletions":1}}},{"hash":"10159022ea4dc325910969bd62ba81407ec235cf","isMergeCommit":false,"messageTitle":"Update List DG","messageBody":"","fileTypesAndContributionMap":{"docs":{"insertions":13,"deletions":5}}},{"hash":"2d5ffa410ef7ee5a7a7dd822881d60585ac03a1e","isMergeCommit":true,"messageTitle":"Merge pull request #76 from bnjm2000/BenjaminNg-DG-Manual-Testing","messageBody":"Add more user stories as well as manual testing","fileTypesAndContributionMap":{}}]},{"date":"2023-10-27","commitResults":[{"hash":"e1ef61a3c639ad009ebfada3524d13be611ffb01","isMergeCommit":true,"messageTitle":"Merge pull request #77 from 000verflow/update-developer-guide","messageBody":"Add find command details on DG","fileTypesAndContributionMap":{}}]}]},"authorFileTypeContributionMap":{"000verflow":{"docs":155,"functional-code":198,"test-code":116},"bnjm2000":{"docs":83,"functional-code":104,"test-code":316},"JoanneJo":{"docs":187,"functional-code":151,"test-code":58},"DavinciDelta":{"docs":14,"functional-code":214,"test-code":31},"yingx9":{"docs":256,"functional-code":266,"test-code":96,"other":1}},"authorContributionVariance":{"000verflow":121518.336,"bnjm2000":12672.572,"JoanneJo":5522.0083,"DavinciDelta":2554.5056,"yingx9":119501.336},"authorDisplayNameMap":{"000verflow":"CS2113T-W11-1 VELU..LAJI","bnjm2000":"CS2113T-W11-1 BENJ..MING","JoanneJo":"CS2113T-W11-1 JOAN..LING","DavinciDelta":"CS2113T-W11-1 WU X..NGYU","yingx9":"CS2113T-W11-1 LOKE.. XIA"}}
