[{"path":"README.md","fileType":"docs","lines":[{"lineNumber":1,"author":{"gitId":"AlWo223"},"content":"# AthletiCLI project template","lastModifiedDate":"2023-10-05"},{"lineNumber":2,"author":{"gitId":"-"},"content":"","lastModifiedDate":"2020-05-25"},{"lineNumber":3,"author":{"gitId":"-"},"content":"This is a project template for a greenfield Java project. It\u0027s named after the Java mascot _Duke_. Given below are instructions on how to use it.","lastModifiedDate":"2020-05-25"},{"lineNumber":4,"author":{"gitId":"-"},"content":"","lastModifiedDate":"2020-05-25"},{"lineNumber":5,"author":{"gitId":"-"},"content":"## Setting up in Intellij","lastModifiedDate":"2020-05-25"},{"lineNumber":6,"author":{"gitId":"-"},"content":"","lastModifiedDate":"2020-05-25"},{"lineNumber":7,"author":{"gitId":"-"},"content":"Prerequisites: JDK 11 (use the exact version), update Intellij to the most recent version.","lastModifiedDate":"2020-05-24"},{"lineNumber":8,"author":{"gitId":"-"},"content":"","lastModifiedDate":"2020-05-24"},{"lineNumber":9,"author":{"gitId":"-"},"content":"1. **Ensure Intellij JDK 11 is defined as an SDK**, as described [here](https://www.jetbrains.com/help/idea/sdk.html#set-up-jdk) -- this step is not needed if you have used JDK 11 in a previous Intellij project.","lastModifiedDate":"2020-05-24"},{"lineNumber":10,"author":{"gitId":"-"},"content":"1. **Import the project _as a Gradle project_**, as described [here](https://se-education.org/guides/tutorials/intellijImportGradleProject.html).","lastModifiedDate":"2020-05-24"},{"lineNumber":11,"author":{"gitId":"-"},"content":"1. **Verify the set up**: After the importing is complete, locate the `src/main/java/seedu/duke/Duke.java` file, right-click it, and choose `Run Duke.main()`. If the setup is correct, you should see something like the below:","lastModifiedDate":"2020-05-24"},{"lineNumber":12,"author":{"gitId":"-"},"content":"   ```","lastModifiedDate":"2020-05-25"},{"lineNumber":13,"author":{"gitId":"-"},"content":"   \u003e Task :compileJava","lastModifiedDate":"2020-05-24"},{"lineNumber":14,"author":{"gitId":"-"},"content":"   \u003e Task :processResources NO-SOURCE","lastModifiedDate":"2020-05-24"},{"lineNumber":15,"author":{"gitId":"-"},"content":"   \u003e Task :classes","lastModifiedDate":"2020-05-24"},{"lineNumber":16,"author":{"gitId":"-"},"content":"   ","lastModifiedDate":"2020-05-24"},{"lineNumber":17,"author":{"gitId":"-"},"content":"   \u003e Task :Duke.main()","lastModifiedDate":"2020-05-24"},{"lineNumber":18,"author":{"gitId":"-"},"content":"   Hello from","lastModifiedDate":"2020-05-25"},{"lineNumber":19,"author":{"gitId":"-"},"content":"    ____        _        ","lastModifiedDate":"2020-05-25"},{"lineNumber":20,"author":{"gitId":"-"},"content":"   |  _ \\ _   _| | _____ ","lastModifiedDate":"2020-05-25"},{"lineNumber":21,"author":{"gitId":"-"},"content":"   | | | | | | | |/ / _ \\","lastModifiedDate":"2020-05-25"},{"lineNumber":22,"author":{"gitId":"-"},"content":"   | |_| | |_| |   \u003c  __/","lastModifiedDate":"2020-05-25"},{"lineNumber":23,"author":{"gitId":"-"},"content":"   |____/ \\__,_|_|\\_\\___|","lastModifiedDate":"2020-05-25"},{"lineNumber":24,"author":{"gitId":"-"},"content":"   ","lastModifiedDate":"2020-05-24"},{"lineNumber":25,"author":{"gitId":"-"},"content":"   What is your name?","lastModifiedDate":"2020-05-24"},{"lineNumber":26,"author":{"gitId":"-"},"content":"   ```","lastModifiedDate":"2020-05-25"},{"lineNumber":27,"author":{"gitId":"-"},"content":"   Type some word and press enter to let the execution proceed to the end.","lastModifiedDate":"2020-05-24"},{"lineNumber":28,"author":{"gitId":"-"},"content":"","lastModifiedDate":"2020-05-24"},{"lineNumber":29,"author":{"gitId":"-"},"content":"## Build automation using Gradle","lastModifiedDate":"2020-05-24"},{"lineNumber":30,"author":{"gitId":"-"},"content":"","lastModifiedDate":"2020-05-24"},{"lineNumber":31,"author":{"gitId":"-"},"content":"* This project uses Gradle for build automation and dependency management. It includes a basic build script as well (i.e. the `build.gradle` file).","lastModifiedDate":"2020-05-24"},{"lineNumber":32,"author":{"gitId":"-"},"content":"* If you are new to Gradle, refer to the [Gradle Tutorial at se-education.org/guides](https://se-education.org/guides/tutorials/gradle.html).","lastModifiedDate":"2020-05-24"},{"lineNumber":33,"author":{"gitId":"-"},"content":"","lastModifiedDate":"2020-05-24"},{"lineNumber":34,"author":{"gitId":"-"},"content":"## Testing","lastModifiedDate":"2020-05-24"},{"lineNumber":35,"author":{"gitId":"-"},"content":"","lastModifiedDate":"2020-05-24"},{"lineNumber":36,"author":{"gitId":"-"},"content":"### I/O redirection tests","lastModifiedDate":"2020-05-24"},{"lineNumber":37,"author":{"gitId":"-"},"content":"","lastModifiedDate":"2020-05-24"},{"lineNumber":38,"author":{"gitId":"-"},"content":"* To run _I/O redirection_ tests (aka _Text UI tests_), navigate to the `text-ui-test` and run the `runtest(.bat/.sh)` script.","lastModifiedDate":"2020-05-24"},{"lineNumber":39,"author":{"gitId":"-"},"content":"","lastModifiedDate":"2020-05-24"},{"lineNumber":40,"author":{"gitId":"-"},"content":"### JUnit tests","lastModifiedDate":"2020-05-24"},{"lineNumber":41,"author":{"gitId":"-"},"content":"","lastModifiedDate":"2020-05-24"},{"lineNumber":42,"author":{"gitId":"-"},"content":"* A skeleton JUnit test (`src/test/java/seedu/duke/DukeTest.java`) is provided with this project template. ","lastModifiedDate":"2020-05-24"},{"lineNumber":43,"author":{"gitId":"-"},"content":"* If you are new to JUnit, refer to the [JUnit Tutorial at se-education.org/guides](https://se-education.org/guides/tutorials/junit.html).","lastModifiedDate":"2020-05-24"},{"lineNumber":44,"author":{"gitId":"-"},"content":"","lastModifiedDate":"2020-05-24"},{"lineNumber":45,"author":{"gitId":"-"},"content":"## Checkstyle","lastModifiedDate":"2020-05-24"},{"lineNumber":46,"author":{"gitId":"-"},"content":"","lastModifiedDate":"2020-05-24"},{"lineNumber":47,"author":{"gitId":"-"},"content":"* A sample CheckStyle rule configuration is provided in this project.","lastModifiedDate":"2020-05-24"},{"lineNumber":48,"author":{"gitId":"-"},"content":"* If you are new to Checkstyle, refer to the [Checkstyle Tutorial at se-education.org/guides](https://se-education.org/guides/tutorials/checkstyle.html).","lastModifiedDate":"2020-05-24"},{"lineNumber":49,"author":{"gitId":"-"},"content":"","lastModifiedDate":"2020-05-24"},{"lineNumber":50,"author":{"gitId":"-"},"content":"## CI using GitHub Actions","lastModifiedDate":"2020-05-24"},{"lineNumber":51,"author":{"gitId":"-"},"content":"","lastModifiedDate":"2020-05-24"},{"lineNumber":52,"author":{"gitId":"-"},"content":"The project uses [GitHub actions](https://github.com/features/actions) for CI. When you push a commit to this repo or PR against it, GitHub actions will run automatically to build and verify the code as updated by the commit/PR.","lastModifiedDate":"2020-05-24"},{"lineNumber":53,"author":{"gitId":"-"},"content":"","lastModifiedDate":"2020-05-24"},{"lineNumber":54,"author":{"gitId":"-"},"content":"## Documentation","lastModifiedDate":"2020-05-24"},{"lineNumber":55,"author":{"gitId":"-"},"content":"","lastModifiedDate":"2020-05-24"},{"lineNumber":56,"author":{"gitId":"-"},"content":"`/docs` folder contains a skeleton version of the project documentation.","lastModifiedDate":"2020-05-24"},{"lineNumber":57,"author":{"gitId":"-"},"content":"","lastModifiedDate":"2020-05-24"},{"lineNumber":58,"author":{"gitId":"-"},"content":"Steps for publishing documentation to the public: ","lastModifiedDate":"2020-05-24"},{"lineNumber":59,"author":{"gitId":"-"},"content":"1. If you are using this project template for an individual project, go your fork on GitHub.\u003cbr\u003e","lastModifiedDate":"2020-05-24"},{"lineNumber":60,"author":{"gitId":"-"},"content":"   If you are using this project template for a team project, go to the team fork on GitHub.","lastModifiedDate":"2020-05-24"},{"lineNumber":61,"author":{"gitId":"-"},"content":"1. Click on the `settings` tab.","lastModifiedDate":"2020-05-24"},{"lineNumber":62,"author":{"gitId":"-"},"content":"1. Scroll down to the `GitHub Pages` section.","lastModifiedDate":"2020-05-24"},{"lineNumber":63,"author":{"gitId":"-"},"content":"1. Set the `source` as `master branch /docs folder`.","lastModifiedDate":"2020-05-24"},{"lineNumber":64,"author":{"gitId":"-"},"content":"1. Optionally, use the `choose a theme` button to choose a theme for your documentation.","lastModifiedDate":"2020-05-24"}],"authorContributionMap":{"AlWo223":1,"-":63}},{"path":"build.gradle","fileType":"other","lines":[{"lineNumber":1,"author":{"gitId":"-"},"content":"plugins {","lastModifiedDate":"2020-05-25"},{"lineNumber":2,"author":{"gitId":"-"},"content":"    id \u0027java\u0027","lastModifiedDate":"2020-05-25"},{"lineNumber":3,"author":{"gitId":"-"},"content":"    id \u0027application\u0027","lastModifiedDate":"2020-05-25"},{"lineNumber":4,"author":{"gitId":"-"},"content":"    id \u0027checkstyle\u0027","lastModifiedDate":"2020-05-25"},{"lineNumber":5,"author":{"gitId":"-"},"content":"    id \u0027com.github.johnrengelman.shadow\u0027 version \u00277.1.2\u0027","lastModifiedDate":"2022-06-17"},{"lineNumber":6,"author":{"gitId":"-"},"content":"}","lastModifiedDate":"2020-05-25"},{"lineNumber":7,"author":{"gitId":"-"},"content":"","lastModifiedDate":"2020-05-25"},{"lineNumber":8,"author":{"gitId":"-"},"content":"repositories {","lastModifiedDate":"2020-05-25"},{"lineNumber":9,"author":{"gitId":"-"},"content":"    mavenCentral()","lastModifiedDate":"2020-05-25"},{"lineNumber":10,"author":{"gitId":"-"},"content":"}","lastModifiedDate":"2020-05-25"},{"lineNumber":11,"author":{"gitId":"-"},"content":"","lastModifiedDate":"2020-05-25"},{"lineNumber":12,"author":{"gitId":"-"},"content":"dependencies {","lastModifiedDate":"2020-05-25"},{"lineNumber":13,"author":{"gitId":"-"},"content":"    testImplementation group: \u0027org.junit.jupiter\u0027, name: \u0027junit-jupiter-api\u0027, version: \u00275.10.0\u0027","lastModifiedDate":"2023-08-05"},{"lineNumber":14,"author":{"gitId":"-"},"content":"    testRuntimeOnly group: \u0027org.junit.jupiter\u0027, name: \u0027junit-jupiter-engine\u0027, version: \u00275.10.0\u0027","lastModifiedDate":"2023-08-05"},{"lineNumber":15,"author":{"gitId":"-"},"content":"}","lastModifiedDate":"2020-05-25"},{"lineNumber":16,"author":{"gitId":"-"},"content":"","lastModifiedDate":"2020-05-25"},{"lineNumber":17,"author":{"gitId":"-"},"content":"test {","lastModifiedDate":"2020-05-25"},{"lineNumber":18,"author":{"gitId":"-"},"content":"    useJUnitPlatform()","lastModifiedDate":"2020-05-25"},{"lineNumber":19,"author":{"gitId":"-"},"content":"","lastModifiedDate":"2020-05-25"},{"lineNumber":20,"author":{"gitId":"-"},"content":"    testLogging {","lastModifiedDate":"2020-05-25"},{"lineNumber":21,"author":{"gitId":"-"},"content":"        events \"passed\", \"skipped\", \"failed\"","lastModifiedDate":"2020-05-25"},{"lineNumber":22,"author":{"gitId":"-"},"content":"","lastModifiedDate":"2020-05-25"},{"lineNumber":23,"author":{"gitId":"-"},"content":"        showExceptions true","lastModifiedDate":"2020-05-25"},{"lineNumber":24,"author":{"gitId":"-"},"content":"        exceptionFormat \"full\"","lastModifiedDate":"2020-05-25"},{"lineNumber":25,"author":{"gitId":"-"},"content":"        showCauses true","lastModifiedDate":"2020-05-25"},{"lineNumber":26,"author":{"gitId":"-"},"content":"        showStackTraces true","lastModifiedDate":"2020-05-25"},{"lineNumber":27,"author":{"gitId":"-"},"content":"        showStandardStreams \u003d false","lastModifiedDate":"2020-05-25"},{"lineNumber":28,"author":{"gitId":"-"},"content":"    }","lastModifiedDate":"2020-05-25"},{"lineNumber":29,"author":{"gitId":"-"},"content":"}","lastModifiedDate":"2020-05-25"},{"lineNumber":30,"author":{"gitId":"-"},"content":"","lastModifiedDate":"2020-05-25"},{"lineNumber":31,"author":{"gitId":"-"},"content":"application {","lastModifiedDate":"2020-05-25"},{"lineNumber":32,"author":{"gitId":"skylee03"},"content":"    mainClass.set(\"athleticli.AthletiCLI\")","lastModifiedDate":"2023-10-08"},{"lineNumber":33,"author":{"gitId":"-"},"content":"}","lastModifiedDate":"2020-05-25"},{"lineNumber":34,"author":{"gitId":"-"},"content":"","lastModifiedDate":"2020-05-25"},{"lineNumber":35,"author":{"gitId":"-"},"content":"shadowJar {","lastModifiedDate":"2020-05-25"},{"lineNumber":36,"author":{"gitId":"skylee03"},"content":"    archiveBaseName.set(\"athleticli\")","lastModifiedDate":"2023-10-08"},{"lineNumber":37,"author":{"gitId":"-"},"content":"    archiveClassifier.set(\"\")","lastModifiedDate":"2023-09-24"},{"lineNumber":38,"author":{"gitId":"-"},"content":"}","lastModifiedDate":"2020-05-25"},{"lineNumber":39,"author":{"gitId":"-"},"content":"","lastModifiedDate":"2020-05-25"},{"lineNumber":40,"author":{"gitId":"-"},"content":"checkstyle {","lastModifiedDate":"2020-05-25"},{"lineNumber":41,"author":{"gitId":"-"},"content":"    toolVersion \u003d \u002710.2\u0027","lastModifiedDate":"2022-04-29"},{"lineNumber":42,"author":{"gitId":"-"},"content":"}","lastModifiedDate":"2020-05-25"},{"lineNumber":43,"author":{"gitId":"-"},"content":"","lastModifiedDate":"2020-05-25"},{"lineNumber":44,"author":{"gitId":"-"},"content":"run{","lastModifiedDate":"2020-05-25"},{"lineNumber":45,"author":{"gitId":"-"},"content":"    standardInput \u003d System.in","lastModifiedDate":"2020-05-25"},{"lineNumber":46,"author":{"gitId":"-"},"content":"}","lastModifiedDate":"2020-05-25"}],"authorContributionMap":{"skylee03":2,"-":44}},{"path":"docs/AboutUs.md","fileType":"docs","lines":[{"lineNumber":1,"author":{"gitId":"-"},"content":"# About us","lastModifiedDate":"2020-05-24"},{"lineNumber":2,"author":{"gitId":"-"},"content":"","lastModifiedDate":"2020-05-24"},{"lineNumber":3,"author":{"gitId":"yicheng-toh"},"content":"| Display                                                   |       Name        |              Github Profile              |                 Portfolio                 |","lastModifiedDate":"2023-10-09"},{"lineNumber":4,"author":{"gitId":"yicheng-toh"},"content":"|-----------------------------------------------------------|:-----------------:|:----------------------------------------:|:-----------------------------------------:|","lastModifiedDate":"2023-10-09"},{"lineNumber":5,"author":{"gitId":"yicheng-toh"},"content":"| ![](https://via.placeholder.com/100.png?text\u003dPhoto)       | Alexander Wolters |   [Github](https://github.com/AlWo223)   |     [Portfolio](docs/team/johndoe.md)     |","lastModifiedDate":"2023-10-09"},{"lineNumber":6,"author":{"gitId":"yicheng-toh"},"content":"| ![](https://via.placeholder.com/100.png?text\u003dPhoto)       |       Nihal       |   [Github](https://github.com/nihalzp)   |     [Portfolio](docs/team/nihalzp.md)     |","lastModifiedDate":"2023-10-09"},{"lineNumber":7,"author":{"gitId":"yicheng-toh"},"content":"| ![](https://github.com/DaDevChia)                         |    Dylan Chia     |  [Github](https://github.com/DaDevChia)  | [Portfolio](https://github.com/DaDevChia) |","lastModifiedDate":"2023-10-09"},{"lineNumber":8,"author":{"gitId":"yicheng-toh"},"content":"| ![](https://via.placeholder.com/100.png?text\u003dPhoto)       |     Yi Cheng      | [Github](https://github.com/yicheng-toh) |     [Portfolio](docs/team/yicheng.md)     |","lastModifiedDate":"2023-10-09"},{"lineNumber":9,"author":{"gitId":"yicheng-toh"},"content":"| ![](https://avatars.githubusercontent.com/u/24489025?v\u003d4) |  Yang Ming-Tian   |  [Github](https://github.com/skylee03)   |    [Portfolio](docs/team/skylee03.md)     |","lastModifiedDate":"2023-10-09"},{"lineNumber":10,"author":{"gitId":"yicheng-toh"},"content":"","lastModifiedDate":"2023-10-05"}],"authorContributionMap":{"yicheng-toh":8,"-":2}},{"path":"docs/team/skylee03.md","fileType":"docs","lines":[{"lineNumber":1,"author":{"gitId":"skylee03"},"content":"# Yang Ming-Tian - Project Portfolio Page","lastModifiedDate":"2023-10-05"},{"lineNumber":2,"author":{"gitId":"skylee03"},"content":"","lastModifiedDate":"2023-10-05"},{"lineNumber":3,"author":{"gitId":"skylee03"},"content":"## Overview","lastModifiedDate":"2023-10-05"},{"lineNumber":4,"author":{"gitId":"skylee03"},"content":"","lastModifiedDate":"2023-10-05"},{"lineNumber":5,"author":{"gitId":"skylee03"},"content":"","lastModifiedDate":"2023-10-05"},{"lineNumber":6,"author":{"gitId":"skylee03"},"content":"### Summary of Contributions","lastModifiedDate":"2023-10-05"}],"authorContributionMap":{"skylee03":6}},{"path":"docs/team/yicheng.md","fileType":"docs","lines":[{"lineNumber":1,"author":{"gitId":"yicheng-toh"},"content":"# John Doe - Project Portfolio Page","lastModifiedDate":"2023-10-05"},{"lineNumber":2,"author":{"gitId":"yicheng-toh"},"content":"","lastModifiedDate":"2023-10-05"},{"lineNumber":3,"author":{"gitId":"yicheng-toh"},"content":"## Overview","lastModifiedDate":"2023-10-05"},{"lineNumber":4,"author":{"gitId":"yicheng-toh"},"content":"","lastModifiedDate":"2023-10-05"},{"lineNumber":5,"author":{"gitId":"yicheng-toh"},"content":"","lastModifiedDate":"2023-10-05"},{"lineNumber":6,"author":{"gitId":"yicheng-toh"},"content":"### Summary of Contributions","lastModifiedDate":"2023-10-05"}],"authorContributionMap":{"yicheng-toh":6}},{"path":"src/main/java/athleticli/AthletiCLI.java","fileType":"functional-code","lines":[{"lineNumber":1,"author":{"gitId":"skylee03"},"content":"package athleticli;","lastModifiedDate":"2023-10-08"},{"lineNumber":2,"author":{"gitId":"skylee03"},"content":"","lastModifiedDate":"2023-10-08"},{"lineNumber":3,"author":{"gitId":"skylee03"},"content":"import athleticli.commands.Command;","lastModifiedDate":"2023-10-08"},{"lineNumber":4,"author":{"gitId":"skylee03"},"content":"import athleticli.data.Data;","lastModifiedDate":"2023-10-08"},{"lineNumber":5,"author":{"gitId":"skylee03"},"content":"import athleticli.exceptions.AthletiException;","lastModifiedDate":"2023-10-08"},{"lineNumber":6,"author":{"gitId":"skylee03"},"content":"import athleticli.ui.Parser;","lastModifiedDate":"2023-10-08"},{"lineNumber":7,"author":{"gitId":"skylee03"},"content":"import athleticli.ui.Ui;","lastModifiedDate":"2023-10-08"},{"lineNumber":8,"author":{"gitId":"skylee03"},"content":"","lastModifiedDate":"2023-10-08"},{"lineNumber":9,"author":{"gitId":"skylee03"},"content":"/**","lastModifiedDate":"2023-10-08"},{"lineNumber":10,"author":{"gitId":"skylee03"},"content":" * Defines the basic structure and the behavior of AthletiCLI.","lastModifiedDate":"2023-10-08"},{"lineNumber":11,"author":{"gitId":"skylee03"},"content":" */","lastModifiedDate":"2023-10-08"},{"lineNumber":12,"author":{"gitId":"skylee03"},"content":"public class AthletiCLI {","lastModifiedDate":"2023-10-08"},{"lineNumber":13,"author":{"gitId":"skylee03"},"content":"    private Ui ui;","lastModifiedDate":"2023-10-08"},{"lineNumber":14,"author":{"gitId":"skylee03"},"content":"    private Data data;","lastModifiedDate":"2023-10-08"},{"lineNumber":15,"author":{"gitId":"skylee03"},"content":"","lastModifiedDate":"2023-10-08"},{"lineNumber":16,"author":{"gitId":"skylee03"},"content":"    /**","lastModifiedDate":"2023-10-08"},{"lineNumber":17,"author":{"gitId":"skylee03"},"content":"     * Constructs an \u003ccode\u003eAthletiCLI\u003c/code\u003e object.","lastModifiedDate":"2023-10-08"},{"lineNumber":18,"author":{"gitId":"skylee03"},"content":"     */","lastModifiedDate":"2023-10-08"},{"lineNumber":19,"author":{"gitId":"skylee03"},"content":"    public AthletiCLI() {","lastModifiedDate":"2023-10-08"},{"lineNumber":20,"author":{"gitId":"skylee03"},"content":"        ui \u003d new Ui();","lastModifiedDate":"2023-10-08"},{"lineNumber":21,"author":{"gitId":"skylee03"},"content":"        data \u003d new Data();","lastModifiedDate":"2023-10-08"},{"lineNumber":22,"author":{"gitId":"skylee03"},"content":"    }","lastModifiedDate":"2023-10-08"},{"lineNumber":23,"author":{"gitId":"skylee03"},"content":"","lastModifiedDate":"2023-10-08"},{"lineNumber":24,"author":{"gitId":"skylee03"},"content":"    /**","lastModifiedDate":"2023-10-08"},{"lineNumber":25,"author":{"gitId":"skylee03"},"content":"     * Creates an `AthletiCLI` object and runs it.","lastModifiedDate":"2023-10-08"},{"lineNumber":26,"author":{"gitId":"skylee03"},"content":"     *","lastModifiedDate":"2023-10-08"},{"lineNumber":27,"author":{"gitId":"skylee03"},"content":"     * @param args  Arguments obtained from the command line.","lastModifiedDate":"2023-10-08"},{"lineNumber":28,"author":{"gitId":"skylee03"},"content":"     */","lastModifiedDate":"2023-10-08"},{"lineNumber":29,"author":{"gitId":"skylee03"},"content":"    public static void main(String[] args) {","lastModifiedDate":"2023-10-08"},{"lineNumber":30,"author":{"gitId":"skylee03"},"content":"        new AthletiCLI().run();","lastModifiedDate":"2023-10-08"},{"lineNumber":31,"author":{"gitId":"skylee03"},"content":"    }","lastModifiedDate":"2023-10-08"},{"lineNumber":32,"author":{"gitId":"skylee03"},"content":"","lastModifiedDate":"2023-10-08"},{"lineNumber":33,"author":{"gitId":"skylee03"},"content":"    /**","lastModifiedDate":"2023-10-08"},{"lineNumber":34,"author":{"gitId":"skylee03"},"content":"     * Displays the welcome interface, continuously reads user input","lastModifiedDate":"2023-10-08"},{"lineNumber":35,"author":{"gitId":"skylee03"},"content":"     * and executes corresponding instructions until exiting.","lastModifiedDate":"2023-10-08"},{"lineNumber":36,"author":{"gitId":"skylee03"},"content":"     */","lastModifiedDate":"2023-10-08"},{"lineNumber":37,"author":{"gitId":"skylee03"},"content":"    public void run() {","lastModifiedDate":"2023-10-08"},{"lineNumber":38,"author":{"gitId":"skylee03"},"content":"        ui.showWelcome();","lastModifiedDate":"2023-10-08"},{"lineNumber":39,"author":{"gitId":"skylee03"},"content":"        boolean isExit \u003d false;","lastModifiedDate":"2023-10-08"},{"lineNumber":40,"author":{"gitId":"skylee03"},"content":"        while (!isExit) {","lastModifiedDate":"2023-10-08"},{"lineNumber":41,"author":{"gitId":"skylee03"},"content":"            final String rawUserInput \u003d ui.getUserCommand();","lastModifiedDate":"2023-10-08"},{"lineNumber":42,"author":{"gitId":"skylee03"},"content":"            try {","lastModifiedDate":"2023-10-08"},{"lineNumber":43,"author":{"gitId":"skylee03"},"content":"                final Command command \u003d Parser.parseCommand(rawUserInput);","lastModifiedDate":"2023-10-08"},{"lineNumber":44,"author":{"gitId":"skylee03"},"content":"                final String[] feedback \u003d command.execute(data);","lastModifiedDate":"2023-10-08"},{"lineNumber":45,"author":{"gitId":"skylee03"},"content":"                ui.showMessages(feedback);","lastModifiedDate":"2023-10-08"},{"lineNumber":46,"author":{"gitId":"skylee03"},"content":"                isExit \u003d command.isExit();","lastModifiedDate":"2023-10-08"},{"lineNumber":47,"author":{"gitId":"skylee03"},"content":"            } catch (AthletiException e) {","lastModifiedDate":"2023-10-08"},{"lineNumber":48,"author":{"gitId":"skylee03"},"content":"                ui.showException(e);","lastModifiedDate":"2023-10-08"},{"lineNumber":49,"author":{"gitId":"skylee03"},"content":"            }","lastModifiedDate":"2023-10-08"},{"lineNumber":50,"author":{"gitId":"skylee03"},"content":"        }","lastModifiedDate":"2023-10-08"},{"lineNumber":51,"author":{"gitId":"skylee03"},"content":"    }","lastModifiedDate":"2023-10-08"},{"lineNumber":52,"author":{"gitId":"skylee03"},"content":"}","lastModifiedDate":"2023-10-08"}],"authorContributionMap":{"skylee03":52}},{"path":"src/main/java/athleticli/commands/ByeCommand.java","fileType":"functional-code","lines":[{"lineNumber":1,"author":{"gitId":"skylee03"},"content":"package athleticli.commands;","lastModifiedDate":"2023-10-08"},{"lineNumber":2,"author":{"gitId":"skylee03"},"content":"","lastModifiedDate":"2023-10-08"},{"lineNumber":3,"author":{"gitId":"skylee03"},"content":"import athleticli.data.Data;","lastModifiedDate":"2023-10-08"},{"lineNumber":4,"author":{"gitId":"skylee03"},"content":"import athleticli.ui.Message;","lastModifiedDate":"2023-10-08"},{"lineNumber":5,"author":{"gitId":"skylee03"},"content":"","lastModifiedDate":"2023-10-08"},{"lineNumber":6,"author":{"gitId":"skylee03"},"content":"public class ByeCommand extends Command {","lastModifiedDate":"2023-10-08"},{"lineNumber":7,"author":{"gitId":"skylee03"},"content":"    /**","lastModifiedDate":"2023-10-08"},{"lineNumber":8,"author":{"gitId":"skylee03"},"content":"     * Returns \u003ccode\u003etrue\u003c/code\u003e if this is a \u003ccode\u003eByeCommand\u003c/code\u003e object, otherwise returns \u003ccode\u003efalse\u003c/code\u003e.","lastModifiedDate":"2023-10-08"},{"lineNumber":9,"author":{"gitId":"skylee03"},"content":"     *","lastModifiedDate":"2023-10-08"},{"lineNumber":10,"author":{"gitId":"skylee03"},"content":"     * @return \u003ccode\u003etrue\u003c/code\u003e if this is a \u003ccode\u003eByeCommand\u003c/code\u003e object, otherwise returns \u003ccode\u003efalse\u003c/code\u003e.","lastModifiedDate":"2023-10-08"},{"lineNumber":11,"author":{"gitId":"skylee03"},"content":"     */","lastModifiedDate":"2023-10-08"},{"lineNumber":12,"author":{"gitId":"skylee03"},"content":"    @Override","lastModifiedDate":"2023-10-08"},{"lineNumber":13,"author":{"gitId":"skylee03"},"content":"    public boolean isExit() {","lastModifiedDate":"2023-10-08"},{"lineNumber":14,"author":{"gitId":"skylee03"},"content":"        return true;","lastModifiedDate":"2023-10-08"},{"lineNumber":15,"author":{"gitId":"skylee03"},"content":"    }","lastModifiedDate":"2023-10-08"},{"lineNumber":16,"author":{"gitId":"skylee03"},"content":"","lastModifiedDate":"2023-10-08"},{"lineNumber":17,"author":{"gitId":"skylee03"},"content":"    /**","lastModifiedDate":"2023-10-08"},{"lineNumber":18,"author":{"gitId":"skylee03"},"content":"     * Returns the bye message to be shown to the user.","lastModifiedDate":"2023-10-08"},{"lineNumber":19,"author":{"gitId":"skylee03"},"content":"     *","lastModifiedDate":"2023-10-08"},{"lineNumber":20,"author":{"gitId":"skylee03"},"content":"     * @return      The messages to be shown to the user.","lastModifiedDate":"2023-10-08"},{"lineNumber":21,"author":{"gitId":"skylee03"},"content":"     */","lastModifiedDate":"2023-10-08"},{"lineNumber":22,"author":{"gitId":"skylee03"},"content":"    public String[] execute(Data data) {","lastModifiedDate":"2023-10-08"},{"lineNumber":23,"author":{"gitId":"skylee03"},"content":"        return new String[] {Message.MESSAGE_BYE};","lastModifiedDate":"2023-10-08"},{"lineNumber":24,"author":{"gitId":"skylee03"},"content":"    }","lastModifiedDate":"2023-10-08"},{"lineNumber":25,"author":{"gitId":"skylee03"},"content":"}","lastModifiedDate":"2023-10-08"}],"authorContributionMap":{"skylee03":25}},{"path":"src/main/java/athleticli/commands/Command.java","fileType":"functional-code","lines":[{"lineNumber":1,"author":{"gitId":"skylee03"},"content":"package athleticli.commands;","lastModifiedDate":"2023-10-08"},{"lineNumber":2,"author":{"gitId":"skylee03"},"content":"","lastModifiedDate":"2023-10-08"},{"lineNumber":3,"author":{"gitId":"skylee03"},"content":"import athleticli.data.Data;","lastModifiedDate":"2023-10-08"},{"lineNumber":4,"author":{"gitId":"skylee03"},"content":"import athleticli.exceptions.AthletiException;","lastModifiedDate":"2023-10-08"},{"lineNumber":5,"author":{"gitId":"skylee03"},"content":"","lastModifiedDate":"2023-10-08"},{"lineNumber":6,"author":{"gitId":"skylee03"},"content":"/**","lastModifiedDate":"2023-10-08"},{"lineNumber":7,"author":{"gitId":"skylee03"},"content":" * Defines the basic methods of a command.","lastModifiedDate":"2023-10-08"},{"lineNumber":8,"author":{"gitId":"skylee03"},"content":" */","lastModifiedDate":"2023-10-08"},{"lineNumber":9,"author":{"gitId":"skylee03"},"content":"public abstract class Command {","lastModifiedDate":"2023-10-08"},{"lineNumber":10,"author":{"gitId":"skylee03"},"content":"    /**","lastModifiedDate":"2023-10-08"},{"lineNumber":11,"author":{"gitId":"skylee03"},"content":"     * Executes the command and returns the messages to be shown to the user.","lastModifiedDate":"2023-10-08"},{"lineNumber":12,"author":{"gitId":"skylee03"},"content":"     *","lastModifiedDate":"2023-10-08"},{"lineNumber":13,"author":{"gitId":"skylee03"},"content":"     * @param data              The current data.","lastModifiedDate":"2023-10-08"},{"lineNumber":14,"author":{"gitId":"skylee03"},"content":"     * @return                  The messages to be shown to the user.","lastModifiedDate":"2023-10-08"},{"lineNumber":15,"author":{"gitId":"skylee03"},"content":"     * @throws AthletiException","lastModifiedDate":"2023-10-08"},{"lineNumber":16,"author":{"gitId":"skylee03"},"content":"     */","lastModifiedDate":"2023-10-08"},{"lineNumber":17,"author":{"gitId":"skylee03"},"content":"    public abstract String[] execute(Data data) throws AthletiException;","lastModifiedDate":"2023-10-08"},{"lineNumber":18,"author":{"gitId":"skylee03"},"content":"","lastModifiedDate":"2023-10-08"},{"lineNumber":19,"author":{"gitId":"skylee03"},"content":"    /**","lastModifiedDate":"2023-10-08"},{"lineNumber":20,"author":{"gitId":"skylee03"},"content":"     * Returns \u003ccode\u003etrue\u003c/code\u003e if this is a \u003ccode\u003eByeCommand\u003c/code\u003e object, otherwise returns \u003ccode\u003efalse\u003c/code\u003e.","lastModifiedDate":"2023-10-08"},{"lineNumber":21,"author":{"gitId":"skylee03"},"content":"     *","lastModifiedDate":"2023-10-08"},{"lineNumber":22,"author":{"gitId":"skylee03"},"content":"     * @return \u003ccode\u003etrue\u003c/code\u003e if this is a \u003ccode\u003eByeCommand\u003c/code\u003e object, otherwise returns \u003ccode\u003efalse\u003c/code\u003e.","lastModifiedDate":"2023-10-08"},{"lineNumber":23,"author":{"gitId":"skylee03"},"content":"     */","lastModifiedDate":"2023-10-08"},{"lineNumber":24,"author":{"gitId":"skylee03"},"content":"    public boolean isExit() {","lastModifiedDate":"2023-10-08"},{"lineNumber":25,"author":{"gitId":"skylee03"},"content":"        return false;","lastModifiedDate":"2023-10-08"},{"lineNumber":26,"author":{"gitId":"skylee03"},"content":"    }","lastModifiedDate":"2023-10-08"},{"lineNumber":27,"author":{"gitId":"skylee03"},"content":"}","lastModifiedDate":"2023-10-08"}],"authorContributionMap":{"skylee03":27}},{"path":"src/main/java/athleticli/commands/activity/AddActivityCommand.java","fileType":"functional-code","lines":[{"lineNumber":1,"author":{"gitId":"skylee03"},"content":"package athleticli.commands.activity;","lastModifiedDate":"2023-10-08"},{"lineNumber":2,"author":{"gitId":"skylee03"},"content":"","lastModifiedDate":"2023-10-08"},{"lineNumber":3,"author":{"gitId":"skylee03"},"content":"public class AddActivityCommand {","lastModifiedDate":"2023-10-08"},{"lineNumber":4,"author":{"gitId":"skylee03"},"content":"}","lastModifiedDate":"2023-10-08"}],"authorContributionMap":{"skylee03":4}},{"path":"src/main/java/athleticli/commands/activity/DeleteActivityCommand.java","fileType":"functional-code","lines":[{"lineNumber":1,"author":{"gitId":"skylee03"},"content":"package athleticli.commands.activity;","lastModifiedDate":"2023-10-08"},{"lineNumber":2,"author":{"gitId":"skylee03"},"content":"","lastModifiedDate":"2023-10-08"},{"lineNumber":3,"author":{"gitId":"skylee03"},"content":"public class DeleteActivityCommand {","lastModifiedDate":"2023-10-08"},{"lineNumber":4,"author":{"gitId":"skylee03"},"content":"}","lastModifiedDate":"2023-10-08"}],"authorContributionMap":{"skylee03":4}},{"path":"src/main/java/athleticli/commands/activity/EditActivityCommand.java","fileType":"functional-code","lines":[{"lineNumber":1,"author":{"gitId":"skylee03"},"content":"package athleticli.commands.activity;","lastModifiedDate":"2023-10-08"},{"lineNumber":2,"author":{"gitId":"skylee03"},"content":"","lastModifiedDate":"2023-10-08"},{"lineNumber":3,"author":{"gitId":"skylee03"},"content":"public class EditActivityCommand {","lastModifiedDate":"2023-10-08"},{"lineNumber":4,"author":{"gitId":"skylee03"},"content":"}","lastModifiedDate":"2023-10-08"}],"authorContributionMap":{"skylee03":4}},{"path":"src/main/java/athleticli/commands/activity/ListActivityCommand.java","fileType":"functional-code","lines":[{"lineNumber":1,"author":{"gitId":"skylee03"},"content":"package athleticli.commands.activity;","lastModifiedDate":"2023-10-08"},{"lineNumber":2,"author":{"gitId":"skylee03"},"content":"","lastModifiedDate":"2023-10-08"},{"lineNumber":3,"author":{"gitId":"skylee03"},"content":"public class ListActivityCommand {","lastModifiedDate":"2023-10-08"},{"lineNumber":4,"author":{"gitId":"skylee03"},"content":"}","lastModifiedDate":"2023-10-08"}],"authorContributionMap":{"skylee03":4}},{"path":"src/main/java/athleticli/commands/diet/AddMealCommand.java","fileType":"functional-code","lines":[{"lineNumber":1,"author":{"gitId":"skylee03"},"content":"package athleticli.commands.diet;","lastModifiedDate":"2023-10-08"},{"lineNumber":2,"author":{"gitId":"skylee03"},"content":"","lastModifiedDate":"2023-10-08"},{"lineNumber":3,"author":{"gitId":"skylee03"},"content":"public class AddMealCommand {","lastModifiedDate":"2023-10-08"},{"lineNumber":4,"author":{"gitId":"skylee03"},"content":"}","lastModifiedDate":"2023-10-08"}],"authorContributionMap":{"skylee03":4}},{"path":"src/main/java/athleticli/commands/diet/DeleteMealCommand.java","fileType":"functional-code","lines":[{"lineNumber":1,"author":{"gitId":"skylee03"},"content":"package athleticli.commands.diet;","lastModifiedDate":"2023-10-08"},{"lineNumber":2,"author":{"gitId":"skylee03"},"content":"","lastModifiedDate":"2023-10-08"},{"lineNumber":3,"author":{"gitId":"skylee03"},"content":"public class DeleteMealCommand {","lastModifiedDate":"2023-10-08"},{"lineNumber":4,"author":{"gitId":"skylee03"},"content":"}","lastModifiedDate":"2023-10-08"}],"authorContributionMap":{"skylee03":4}},{"path":"src/main/java/athleticli/commands/diet/EditDietGoalCommand.java","fileType":"functional-code","lines":[{"lineNumber":1,"author":{"gitId":"skylee03"},"content":"package athleticli.commands.diet;","lastModifiedDate":"2023-10-08"},{"lineNumber":2,"author":{"gitId":"skylee03"},"content":"","lastModifiedDate":"2023-10-08"},{"lineNumber":3,"author":{"gitId":"skylee03"},"content":"public class EditDietGoalCommand {","lastModifiedDate":"2023-10-08"},{"lineNumber":4,"author":{"gitId":"skylee03"},"content":"}","lastModifiedDate":"2023-10-08"}],"authorContributionMap":{"skylee03":4}},{"path":"src/main/java/athleticli/commands/diet/ListMealCommand.java","fileType":"functional-code","lines":[{"lineNumber":1,"author":{"gitId":"skylee03"},"content":"package athleticli.commands.diet;","lastModifiedDate":"2023-10-08"},{"lineNumber":2,"author":{"gitId":"skylee03"},"content":"","lastModifiedDate":"2023-10-08"},{"lineNumber":3,"author":{"gitId":"skylee03"},"content":"public class ListMealCommand {","lastModifiedDate":"2023-10-08"},{"lineNumber":4,"author":{"gitId":"skylee03"},"content":"}","lastModifiedDate":"2023-10-08"}],"authorContributionMap":{"skylee03":4}},{"path":"src/main/java/athleticli/commands/diet/SetDietGoalCommand.java","fileType":"functional-code","lines":[{"lineNumber":1,"author":{"gitId":"skylee03"},"content":"package athleticli.commands.diet;","lastModifiedDate":"2023-10-08"},{"lineNumber":2,"author":{"gitId":"skylee03"},"content":"","lastModifiedDate":"2023-10-08"},{"lineNumber":3,"author":{"gitId":"skylee03"},"content":"public class SetDietGoalCommand {","lastModifiedDate":"2023-10-08"},{"lineNumber":4,"author":{"gitId":"skylee03"},"content":"}","lastModifiedDate":"2023-10-08"}],"authorContributionMap":{"skylee03":4}},{"path":"src/main/java/athleticli/commands/sleep/AddSleepCommand.java","fileType":"functional-code","lines":[{"lineNumber":1,"author":{"gitId":"skylee03"},"content":"package athleticli.commands.sleep;","lastModifiedDate":"2023-10-08"},{"lineNumber":2,"author":{"gitId":"skylee03"},"content":"","lastModifiedDate":"2023-10-08"},{"lineNumber":3,"author":{"gitId":"skylee03"},"content":"public class AddSleepCommand {","lastModifiedDate":"2023-10-08"},{"lineNumber":4,"author":{"gitId":"skylee03"},"content":"}","lastModifiedDate":"2023-10-08"}],"authorContributionMap":{"skylee03":4}},{"path":"src/main/java/athleticli/commands/sleep/DeleteSleepCommand.java","fileType":"functional-code","lines":[{"lineNumber":1,"author":{"gitId":"skylee03"},"content":"package athleticli.commands.sleep;","lastModifiedDate":"2023-10-08"},{"lineNumber":2,"author":{"gitId":"skylee03"},"content":"","lastModifiedDate":"2023-10-08"},{"lineNumber":3,"author":{"gitId":"skylee03"},"content":"public class DeleteSleepCommand {","lastModifiedDate":"2023-10-08"},{"lineNumber":4,"author":{"gitId":"skylee03"},"content":"}","lastModifiedDate":"2023-10-08"}],"authorContributionMap":{"skylee03":4}},{"path":"src/main/java/athleticli/commands/sleep/EditSleepCommand.java","fileType":"functional-code","lines":[{"lineNumber":1,"author":{"gitId":"skylee03"},"content":"package athleticli.commands.sleep;","lastModifiedDate":"2023-10-08"},{"lineNumber":2,"author":{"gitId":"skylee03"},"content":"","lastModifiedDate":"2023-10-08"},{"lineNumber":3,"author":{"gitId":"skylee03"},"content":"public class EditSleepCommand {","lastModifiedDate":"2023-10-08"},{"lineNumber":4,"author":{"gitId":"skylee03"},"content":"}","lastModifiedDate":"2023-10-08"}],"authorContributionMap":{"skylee03":4}},{"path":"src/main/java/athleticli/commands/sleep/ListSleepCommand.java","fileType":"functional-code","lines":[{"lineNumber":1,"author":{"gitId":"skylee03"},"content":"package athleticli.commands.sleep;","lastModifiedDate":"2023-10-08"},{"lineNumber":2,"author":{"gitId":"skylee03"},"content":"","lastModifiedDate":"2023-10-08"},{"lineNumber":3,"author":{"gitId":"skylee03"},"content":"public class ListSleepCommand {","lastModifiedDate":"2023-10-08"},{"lineNumber":4,"author":{"gitId":"skylee03"},"content":"}","lastModifiedDate":"2023-10-08"}],"authorContributionMap":{"skylee03":4}},{"path":"src/main/java/athleticli/commands/sleep/ListSleepGoalCommand.java","fileType":"functional-code","lines":[{"lineNumber":1,"author":{"gitId":"skylee03"},"content":"package athleticli.commands.sleep;","lastModifiedDate":"2023-10-08"},{"lineNumber":2,"author":{"gitId":"skylee03"},"content":"","lastModifiedDate":"2023-10-08"},{"lineNumber":3,"author":{"gitId":"skylee03"},"content":"public class ListSleepGoalCommand {","lastModifiedDate":"2023-10-08"},{"lineNumber":4,"author":{"gitId":"skylee03"},"content":"}","lastModifiedDate":"2023-10-08"}],"authorContributionMap":{"skylee03":4}},{"path":"src/main/java/athleticli/commands/sleep/SetSleepGoalCommand.java","fileType":"functional-code","lines":[{"lineNumber":1,"author":{"gitId":"skylee03"},"content":"package athleticli.commands.sleep;","lastModifiedDate":"2023-10-08"},{"lineNumber":2,"author":{"gitId":"skylee03"},"content":"","lastModifiedDate":"2023-10-08"},{"lineNumber":3,"author":{"gitId":"skylee03"},"content":"public class SetSleepGoalCommand {","lastModifiedDate":"2023-10-08"},{"lineNumber":4,"author":{"gitId":"skylee03"},"content":"}","lastModifiedDate":"2023-10-08"}],"authorContributionMap":{"skylee03":4}},{"path":"src/main/java/athleticli/data/Data.java","fileType":"functional-code","lines":[{"lineNumber":1,"author":{"gitId":"skylee03"},"content":"package athleticli.data;","lastModifiedDate":"2023-10-08"},{"lineNumber":2,"author":{"gitId":"skylee03"},"content":"","lastModifiedDate":"2023-10-08"},{"lineNumber":3,"author":{"gitId":"skylee03"},"content":"import athleticli.data.activity.ActivityGoalList;","lastModifiedDate":"2023-10-08"},{"lineNumber":4,"author":{"gitId":"skylee03"},"content":"import athleticli.data.activity.ActivityList;","lastModifiedDate":"2023-10-08"},{"lineNumber":5,"author":{"gitId":"skylee03"},"content":"import athleticli.data.diet.DietGoalList;","lastModifiedDate":"2023-10-08"},{"lineNumber":6,"author":{"gitId":"skylee03"},"content":"import athleticli.data.diet.MealList;","lastModifiedDate":"2023-10-08"},{"lineNumber":7,"author":{"gitId":"skylee03"},"content":"import athleticli.data.sleep.SleepGoalList;","lastModifiedDate":"2023-10-08"},{"lineNumber":8,"author":{"gitId":"skylee03"},"content":"import athleticli.data.sleep.SleepList;","lastModifiedDate":"2023-10-08"},{"lineNumber":9,"author":{"gitId":"skylee03"},"content":"","lastModifiedDate":"2023-10-08"},{"lineNumber":10,"author":{"gitId":"skylee03"},"content":"/**","lastModifiedDate":"2023-10-08"},{"lineNumber":11,"author":{"gitId":"skylee03"},"content":" * Defines the basic fields and methods of data.","lastModifiedDate":"2023-10-08"},{"lineNumber":12,"author":{"gitId":"skylee03"},"content":" */","lastModifiedDate":"2023-10-08"},{"lineNumber":13,"author":{"gitId":"skylee03"},"content":"public class Data {","lastModifiedDate":"2023-10-08"},{"lineNumber":14,"author":{"gitId":"skylee03"},"content":"    private ActivityList activities;","lastModifiedDate":"2023-10-08"},{"lineNumber":15,"author":{"gitId":"skylee03"},"content":"    private ActivityGoalList activityGoals;","lastModifiedDate":"2023-10-08"},{"lineNumber":16,"author":{"gitId":"skylee03"},"content":"    private MealList meals;","lastModifiedDate":"2023-10-08"},{"lineNumber":17,"author":{"gitId":"skylee03"},"content":"    private DietGoalList dietGoals;","lastModifiedDate":"2023-10-08"},{"lineNumber":18,"author":{"gitId":"skylee03"},"content":"    private SleepList sleeps;","lastModifiedDate":"2023-10-08"},{"lineNumber":19,"author":{"gitId":"skylee03"},"content":"    private SleepGoalList sleepGoals;","lastModifiedDate":"2023-10-08"},{"lineNumber":20,"author":{"gitId":"skylee03"},"content":"","lastModifiedDate":"2023-10-08"},{"lineNumber":21,"author":{"gitId":"skylee03"},"content":"    /**","lastModifiedDate":"2023-10-08"},{"lineNumber":22,"author":{"gitId":"skylee03"},"content":"     * Constructs an empty \u003ccode\u003eData\u003c/code\u003e object.","lastModifiedDate":"2023-10-08"},{"lineNumber":23,"author":{"gitId":"skylee03"},"content":"     */","lastModifiedDate":"2023-10-08"},{"lineNumber":24,"author":{"gitId":"skylee03"},"content":"    public Data() {","lastModifiedDate":"2023-10-08"},{"lineNumber":25,"author":{"gitId":"skylee03"},"content":"        this.activities \u003d new ActivityList();","lastModifiedDate":"2023-10-08"},{"lineNumber":26,"author":{"gitId":"skylee03"},"content":"        this.activityGoals \u003d new ActivityGoalList();","lastModifiedDate":"2023-10-08"},{"lineNumber":27,"author":{"gitId":"skylee03"},"content":"        this.meals \u003d new MealList();","lastModifiedDate":"2023-10-08"},{"lineNumber":28,"author":{"gitId":"skylee03"},"content":"        this.dietGoals \u003d new DietGoalList();","lastModifiedDate":"2023-10-08"},{"lineNumber":29,"author":{"gitId":"skylee03"},"content":"        this.sleeps \u003d new SleepList();","lastModifiedDate":"2023-10-08"},{"lineNumber":30,"author":{"gitId":"skylee03"},"content":"        this.sleepGoals \u003d new SleepGoalList();","lastModifiedDate":"2023-10-08"},{"lineNumber":31,"author":{"gitId":"skylee03"},"content":"    }","lastModifiedDate":"2023-10-08"},{"lineNumber":32,"author":{"gitId":"skylee03"},"content":"}","lastModifiedDate":"2023-10-08"}],"authorContributionMap":{"skylee03":32}},{"path":"src/main/java/athleticli/data/activity/Activity.java","fileType":"functional-code","lines":[{"lineNumber":1,"author":{"gitId":"skylee03"},"content":"package athleticli.data.activity;","lastModifiedDate":"2023-10-08"},{"lineNumber":2,"author":{"gitId":"skylee03"},"content":"","lastModifiedDate":"2023-10-08"},{"lineNumber":3,"author":{"gitId":"skylee03"},"content":"public class Activity {","lastModifiedDate":"2023-10-08"},{"lineNumber":4,"author":{"gitId":"skylee03"},"content":"}","lastModifiedDate":"2023-10-08"}],"authorContributionMap":{"skylee03":4}},{"path":"src/main/java/athleticli/data/activity/ActivityGoal.java","fileType":"functional-code","lines":[{"lineNumber":1,"author":{"gitId":"skylee03"},"content":"package athleticli.data.activity;","lastModifiedDate":"2023-10-08"},{"lineNumber":2,"author":{"gitId":"skylee03"},"content":"","lastModifiedDate":"2023-10-08"},{"lineNumber":3,"author":{"gitId":"skylee03"},"content":"public class ActivityGoal {","lastModifiedDate":"2023-10-08"},{"lineNumber":4,"author":{"gitId":"skylee03"},"content":"}","lastModifiedDate":"2023-10-08"}],"authorContributionMap":{"skylee03":4}},{"path":"src/main/java/athleticli/data/activity/ActivityGoalList.java","fileType":"functional-code","lines":[{"lineNumber":1,"author":{"gitId":"skylee03"},"content":"package athleticli.data.activity;","lastModifiedDate":"2023-10-08"},{"lineNumber":2,"author":{"gitId":"skylee03"},"content":"","lastModifiedDate":"2023-10-08"},{"lineNumber":3,"author":{"gitId":"skylee03"},"content":"import java.util.ArrayList;","lastModifiedDate":"2023-10-08"},{"lineNumber":4,"author":{"gitId":"skylee03"},"content":"","lastModifiedDate":"2023-10-08"},{"lineNumber":5,"author":{"gitId":"skylee03"},"content":"public class ActivityGoalList extends ArrayList\u003cActivityGoal\u003e {","lastModifiedDate":"2023-10-08"},{"lineNumber":6,"author":{"gitId":"skylee03"},"content":"}","lastModifiedDate":"2023-10-08"}],"authorContributionMap":{"skylee03":6}},{"path":"src/main/java/athleticli/data/activity/ActivityList.java","fileType":"functional-code","lines":[{"lineNumber":1,"author":{"gitId":"skylee03"},"content":"package athleticli.data.activity;","lastModifiedDate":"2023-10-08"},{"lineNumber":2,"author":{"gitId":"skylee03"},"content":"","lastModifiedDate":"2023-10-08"},{"lineNumber":3,"author":{"gitId":"skylee03"},"content":"import java.util.ArrayList;","lastModifiedDate":"2023-10-08"},{"lineNumber":4,"author":{"gitId":"skylee03"},"content":"","lastModifiedDate":"2023-10-08"},{"lineNumber":5,"author":{"gitId":"skylee03"},"content":"public class ActivityList extends ArrayList\u003cActivity\u003e {","lastModifiedDate":"2023-10-08"},{"lineNumber":6,"author":{"gitId":"skylee03"},"content":"}","lastModifiedDate":"2023-10-08"}],"authorContributionMap":{"skylee03":6}},{"path":"src/main/java/athleticli/data/diet/DietGoal.java","fileType":"functional-code","lines":[{"lineNumber":1,"author":{"gitId":"skylee03"},"content":"package athleticli.data.diet;","lastModifiedDate":"2023-10-08"},{"lineNumber":2,"author":{"gitId":"skylee03"},"content":"","lastModifiedDate":"2023-10-08"},{"lineNumber":3,"author":{"gitId":"skylee03"},"content":"public class DietGoal {","lastModifiedDate":"2023-10-08"},{"lineNumber":4,"author":{"gitId":"skylee03"},"content":"}","lastModifiedDate":"2023-10-08"}],"authorContributionMap":{"skylee03":4}},{"path":"src/main/java/athleticli/data/diet/DietGoalList.java","fileType":"functional-code","lines":[{"lineNumber":1,"author":{"gitId":"skylee03"},"content":"package athleticli.data.diet;","lastModifiedDate":"2023-10-08"},{"lineNumber":2,"author":{"gitId":"skylee03"},"content":"","lastModifiedDate":"2023-10-08"},{"lineNumber":3,"author":{"gitId":"skylee03"},"content":"import java.util.ArrayList;","lastModifiedDate":"2023-10-08"},{"lineNumber":4,"author":{"gitId":"skylee03"},"content":"","lastModifiedDate":"2023-10-08"},{"lineNumber":5,"author":{"gitId":"skylee03"},"content":"public class DietGoalList extends ArrayList\u003cDietGoal\u003e {","lastModifiedDate":"2023-10-08"},{"lineNumber":6,"author":{"gitId":"skylee03"},"content":"}","lastModifiedDate":"2023-10-08"}],"authorContributionMap":{"skylee03":6}},{"path":"src/main/java/athleticli/data/diet/Meal.java","fileType":"functional-code","lines":[{"lineNumber":1,"author":{"gitId":"skylee03"},"content":"package athleticli.data.diet;","lastModifiedDate":"2023-10-08"},{"lineNumber":2,"author":{"gitId":"skylee03"},"content":"","lastModifiedDate":"2023-10-08"},{"lineNumber":3,"author":{"gitId":"skylee03"},"content":"public class Meal {","lastModifiedDate":"2023-10-08"},{"lineNumber":4,"author":{"gitId":"skylee03"},"content":"}","lastModifiedDate":"2023-10-08"}],"authorContributionMap":{"skylee03":4}},{"path":"src/main/java/athleticli/data/diet/MealList.java","fileType":"functional-code","lines":[{"lineNumber":1,"author":{"gitId":"skylee03"},"content":"package athleticli.data.diet;","lastModifiedDate":"2023-10-08"},{"lineNumber":2,"author":{"gitId":"skylee03"},"content":"","lastModifiedDate":"2023-10-08"},{"lineNumber":3,"author":{"gitId":"skylee03"},"content":"import java.util.ArrayList;","lastModifiedDate":"2023-10-08"},{"lineNumber":4,"author":{"gitId":"skylee03"},"content":"","lastModifiedDate":"2023-10-08"},{"lineNumber":5,"author":{"gitId":"skylee03"},"content":"public class MealList extends ArrayList\u003cMeal\u003e {","lastModifiedDate":"2023-10-08"},{"lineNumber":6,"author":{"gitId":"skylee03"},"content":"}","lastModifiedDate":"2023-10-08"}],"authorContributionMap":{"skylee03":6}},{"path":"src/main/java/athleticli/data/sleep/Sleep.java","fileType":"functional-code","lines":[{"lineNumber":1,"author":{"gitId":"skylee03"},"content":"package athleticli.data.sleep;","lastModifiedDate":"2023-10-08"},{"lineNumber":2,"author":{"gitId":"skylee03"},"content":"","lastModifiedDate":"2023-10-08"},{"lineNumber":3,"author":{"gitId":"skylee03"},"content":"public class Sleep {","lastModifiedDate":"2023-10-08"},{"lineNumber":4,"author":{"gitId":"skylee03"},"content":"}","lastModifiedDate":"2023-10-08"}],"authorContributionMap":{"skylee03":4}},{"path":"src/main/java/athleticli/data/sleep/SleepGoal.java","fileType":"functional-code","lines":[{"lineNumber":1,"author":{"gitId":"skylee03"},"content":"package athleticli.data.sleep;","lastModifiedDate":"2023-10-08"},{"lineNumber":2,"author":{"gitId":"skylee03"},"content":"","lastModifiedDate":"2023-10-08"},{"lineNumber":3,"author":{"gitId":"skylee03"},"content":"public class SleepGoal {","lastModifiedDate":"2023-10-08"},{"lineNumber":4,"author":{"gitId":"skylee03"},"content":"}","lastModifiedDate":"2023-10-08"}],"authorContributionMap":{"skylee03":4}},{"path":"src/main/java/athleticli/data/sleep/SleepGoalList.java","fileType":"functional-code","lines":[{"lineNumber":1,"author":{"gitId":"skylee03"},"content":"package athleticli.data.sleep;","lastModifiedDate":"2023-10-08"},{"lineNumber":2,"author":{"gitId":"skylee03"},"content":"","lastModifiedDate":"2023-10-08"},{"lineNumber":3,"author":{"gitId":"skylee03"},"content":"import java.util.ArrayList;","lastModifiedDate":"2023-10-08"},{"lineNumber":4,"author":{"gitId":"skylee03"},"content":"","lastModifiedDate":"2023-10-08"},{"lineNumber":5,"author":{"gitId":"skylee03"},"content":"public class SleepGoalList extends ArrayList\u003cSleepGoal\u003e {","lastModifiedDate":"2023-10-08"},{"lineNumber":6,"author":{"gitId":"skylee03"},"content":"}","lastModifiedDate":"2023-10-08"}],"authorContributionMap":{"skylee03":6}},{"path":"src/main/java/athleticli/data/sleep/SleepList.java","fileType":"functional-code","lines":[{"lineNumber":1,"author":{"gitId":"skylee03"},"content":"package athleticli.data.sleep;","lastModifiedDate":"2023-10-08"},{"lineNumber":2,"author":{"gitId":"skylee03"},"content":"","lastModifiedDate":"2023-10-08"},{"lineNumber":3,"author":{"gitId":"skylee03"},"content":"import java.util.ArrayList;","lastModifiedDate":"2023-10-08"},{"lineNumber":4,"author":{"gitId":"skylee03"},"content":"","lastModifiedDate":"2023-10-08"},{"lineNumber":5,"author":{"gitId":"skylee03"},"content":"public class SleepList extends ArrayList\u003cSleep\u003e {","lastModifiedDate":"2023-10-08"},{"lineNumber":6,"author":{"gitId":"skylee03"},"content":"}","lastModifiedDate":"2023-10-08"}],"authorContributionMap":{"skylee03":6}},{"path":"src/main/java/athleticli/dietgoal/DietGoal.java","fileType":"functional-code","lines":[{"lineNumber":1,"author":{"gitId":"yicheng-toh"},"content":"package athleticli.dietgoal;","lastModifiedDate":"2023-10-10"},{"lineNumber":2,"author":{"gitId":"yicheng-toh"},"content":"","lastModifiedDate":"2023-10-10"},{"lineNumber":3,"author":{"gitId":"yicheng-toh"},"content":"public class DietGoal {","lastModifiedDate":"2023-10-10"},{"lineNumber":4,"author":{"gitId":"yicheng-toh"},"content":"    private String nutrients;","lastModifiedDate":"2023-10-10"},{"lineNumber":5,"author":{"gitId":"yicheng-toh"},"content":"    private int targetValue;","lastModifiedDate":"2023-10-10"},{"lineNumber":6,"author":{"gitId":"yicheng-toh"},"content":"    private int currentValue;","lastModifiedDate":"2023-10-10"},{"lineNumber":7,"author":{"gitId":"yicheng-toh"},"content":"    private boolean isGoalAchieved;","lastModifiedDate":"2023-10-10"},{"lineNumber":8,"author":{"gitId":"yicheng-toh"},"content":"","lastModifiedDate":"2023-10-10"},{"lineNumber":9,"author":{"gitId":"yicheng-toh"},"content":"","lastModifiedDate":"2023-10-11"},{"lineNumber":10,"author":{"gitId":"yicheng-toh"},"content":"    public DietGoal(String nutrients, int targetValue) {","lastModifiedDate":"2023-10-10"},{"lineNumber":11,"author":{"gitId":"yicheng-toh"},"content":"        this.nutrients \u003d nutrients;","lastModifiedDate":"2023-10-10"},{"lineNumber":12,"author":{"gitId":"yicheng-toh"},"content":"        this.targetValue \u003d targetValue;","lastModifiedDate":"2023-10-10"},{"lineNumber":13,"author":{"gitId":"yicheng-toh"},"content":"        currentValue \u003d 0;","lastModifiedDate":"2023-10-10"},{"lineNumber":14,"author":{"gitId":"yicheng-toh"},"content":"        isGoalAchieved \u003d false;","lastModifiedDate":"2023-10-10"},{"lineNumber":15,"author":{"gitId":"yicheng-toh"},"content":"    }","lastModifiedDate":"2023-10-10"},{"lineNumber":16,"author":{"gitId":"yicheng-toh"},"content":"","lastModifiedDate":"2023-10-10"},{"lineNumber":17,"author":{"gitId":"yicheng-toh"},"content":"    public DietGoal(String nutrients, int targetValue, int currentValue) {","lastModifiedDate":"2023-10-10"},{"lineNumber":18,"author":{"gitId":"yicheng-toh"},"content":"        this.nutrients \u003d nutrients;","lastModifiedDate":"2023-10-10"},{"lineNumber":19,"author":{"gitId":"yicheng-toh"},"content":"        this.targetValue \u003d targetValue;","lastModifiedDate":"2023-10-10"},{"lineNumber":20,"author":{"gitId":"yicheng-toh"},"content":"        this.currentValue \u003d currentValue;","lastModifiedDate":"2023-10-10"},{"lineNumber":21,"author":{"gitId":"yicheng-toh"},"content":"        isGoalAchieved \u003d currentValue \u003e\u003d targetValue;","lastModifiedDate":"2023-10-10"},{"lineNumber":22,"author":{"gitId":"yicheng-toh"},"content":"    }","lastModifiedDate":"2023-10-10"},{"lineNumber":23,"author":{"gitId":"yicheng-toh"},"content":"","lastModifiedDate":"2023-10-10"},{"lineNumber":24,"author":{"gitId":"yicheng-toh"},"content":"    public String getNutrients() {","lastModifiedDate":"2023-10-10"},{"lineNumber":25,"author":{"gitId":"yicheng-toh"},"content":"        return nutrients;","lastModifiedDate":"2023-10-10"},{"lineNumber":26,"author":{"gitId":"yicheng-toh"},"content":"    }","lastModifiedDate":"2023-10-10"},{"lineNumber":27,"author":{"gitId":"yicheng-toh"},"content":"","lastModifiedDate":"2023-10-10"},{"lineNumber":28,"author":{"gitId":"yicheng-toh"},"content":"    public int getTargetValue() {","lastModifiedDate":"2023-10-10"},{"lineNumber":29,"author":{"gitId":"yicheng-toh"},"content":"        return targetValue;","lastModifiedDate":"2023-10-10"},{"lineNumber":30,"author":{"gitId":"yicheng-toh"},"content":"    }","lastModifiedDate":"2023-10-10"},{"lineNumber":31,"author":{"gitId":"yicheng-toh"},"content":"","lastModifiedDate":"2023-10-10"},{"lineNumber":32,"author":{"gitId":"yicheng-toh"},"content":"    public int getCurrentValue() {","lastModifiedDate":"2023-10-10"},{"lineNumber":33,"author":{"gitId":"yicheng-toh"},"content":"        return currentValue;","lastModifiedDate":"2023-10-10"},{"lineNumber":34,"author":{"gitId":"yicheng-toh"},"content":"    }","lastModifiedDate":"2023-10-10"},{"lineNumber":35,"author":{"gitId":"yicheng-toh"},"content":"","lastModifiedDate":"2023-10-10"},{"lineNumber":36,"author":{"gitId":"yicheng-toh"},"content":"    public void setCurrentValue(int currentValue) {","lastModifiedDate":"2023-10-10"},{"lineNumber":37,"author":{"gitId":"yicheng-toh"},"content":"        this.currentValue \u003d currentValue;","lastModifiedDate":"2023-10-10"},{"lineNumber":38,"author":{"gitId":"yicheng-toh"},"content":"        if (!isGoalAchieved \u0026\u0026 currentValue \u003e\u003d targetValue) {","lastModifiedDate":"2023-10-10"},{"lineNumber":39,"author":{"gitId":"yicheng-toh"},"content":"            setIsGoalAchieved(true);","lastModifiedDate":"2023-10-10"},{"lineNumber":40,"author":{"gitId":"yicheng-toh"},"content":"        } else if (isGoalAchieved \u0026\u0026 currentValue \u003c targetValue) {","lastModifiedDate":"2023-10-10"},{"lineNumber":41,"author":{"gitId":"yicheng-toh"},"content":"            setIsGoalAchieved(false);","lastModifiedDate":"2023-10-10"},{"lineNumber":42,"author":{"gitId":"yicheng-toh"},"content":"        }","lastModifiedDate":"2023-10-10"},{"lineNumber":43,"author":{"gitId":"yicheng-toh"},"content":"    }","lastModifiedDate":"2023-10-10"},{"lineNumber":44,"author":{"gitId":"yicheng-toh"},"content":"","lastModifiedDate":"2023-10-10"},{"lineNumber":45,"author":{"gitId":"yicheng-toh"},"content":"    public boolean getIsGoalAchieved() {","lastModifiedDate":"2023-10-10"},{"lineNumber":46,"author":{"gitId":"yicheng-toh"},"content":"        return isGoalAchieved;","lastModifiedDate":"2023-10-10"},{"lineNumber":47,"author":{"gitId":"yicheng-toh"},"content":"    }","lastModifiedDate":"2023-10-10"},{"lineNumber":48,"author":{"gitId":"yicheng-toh"},"content":"","lastModifiedDate":"2023-10-10"},{"lineNumber":49,"author":{"gitId":"yicheng-toh"},"content":"    private void setIsGoalAchieved(boolean isGoalAchieved) {","lastModifiedDate":"2023-10-10"},{"lineNumber":50,"author":{"gitId":"yicheng-toh"},"content":"        this.isGoalAchieved \u003d isGoalAchieved;","lastModifiedDate":"2023-10-10"},{"lineNumber":51,"author":{"gitId":"yicheng-toh"},"content":"    }","lastModifiedDate":"2023-10-10"},{"lineNumber":52,"author":{"gitId":"yicheng-toh"},"content":"","lastModifiedDate":"2023-10-10"},{"lineNumber":53,"author":{"gitId":"yicheng-toh"},"content":"    @Override","lastModifiedDate":"2023-10-10"},{"lineNumber":54,"author":{"gitId":"yicheng-toh"},"content":"    public String toString() {","lastModifiedDate":"2023-10-10"},{"lineNumber":55,"author":{"gitId":"yicheng-toh"},"content":"        return nutrients + \" intake progress: (\" + currentValue","lastModifiedDate":"2023-10-10"},{"lineNumber":56,"author":{"gitId":"yicheng-toh"},"content":"                + \"/\" + targetValue + \")\\n\";","lastModifiedDate":"2023-10-10"},{"lineNumber":57,"author":{"gitId":"yicheng-toh"},"content":"    }","lastModifiedDate":"2023-10-10"},{"lineNumber":58,"author":{"gitId":"yicheng-toh"},"content":"}","lastModifiedDate":"2023-10-10"},{"lineNumber":59,"author":{"gitId":"yicheng-toh"},"content":"","lastModifiedDate":"2023-10-11"}],"authorContributionMap":{"yicheng-toh":59}},{"path":"src/main/java/athleticli/dietgoal/DietGoalList.java","fileType":"functional-code","lines":[{"lineNumber":1,"author":{"gitId":"yicheng-toh"},"content":"package athleticli.dietgoal;","lastModifiedDate":"2023-10-10"},{"lineNumber":2,"author":{"gitId":"yicheng-toh"},"content":"","lastModifiedDate":"2023-10-10"},{"lineNumber":3,"author":{"gitId":"yicheng-toh"},"content":"import java.util.ArrayList;","lastModifiedDate":"2023-10-10"},{"lineNumber":4,"author":{"gitId":"yicheng-toh"},"content":"","lastModifiedDate":"2023-10-10"},{"lineNumber":5,"author":{"gitId":"yicheng-toh"},"content":"public class DietGoalList {","lastModifiedDate":"2023-10-10"},{"lineNumber":6,"author":{"gitId":"yicheng-toh"},"content":"    ArrayList\u003cDietGoal\u003e dietGoals;","lastModifiedDate":"2023-10-10"},{"lineNumber":7,"author":{"gitId":"yicheng-toh"},"content":"","lastModifiedDate":"2023-10-10"},{"lineNumber":8,"author":{"gitId":"yicheng-toh"},"content":"    public DietGoalList() {","lastModifiedDate":"2023-10-10"},{"lineNumber":9,"author":{"gitId":"yicheng-toh"},"content":"        dietGoals \u003d new ArrayList\u003cDietGoal\u003e();","lastModifiedDate":"2023-10-10"},{"lineNumber":10,"author":{"gitId":"yicheng-toh"},"content":"    }","lastModifiedDate":"2023-10-10"},{"lineNumber":11,"author":{"gitId":"yicheng-toh"},"content":"","lastModifiedDate":"2023-10-10"},{"lineNumber":12,"author":{"gitId":"yicheng-toh"},"content":"    public void addGoal(DietGoal dietGoal) {","lastModifiedDate":"2023-10-10"},{"lineNumber":13,"author":{"gitId":"yicheng-toh"},"content":"        dietGoals.add(dietGoal);","lastModifiedDate":"2023-10-10"},{"lineNumber":14,"author":{"gitId":"yicheng-toh"},"content":"    }","lastModifiedDate":"2023-10-10"},{"lineNumber":15,"author":{"gitId":"yicheng-toh"},"content":"","lastModifiedDate":"2023-10-10"},{"lineNumber":16,"author":{"gitId":"yicheng-toh"},"content":"    public int getSize() {","lastModifiedDate":"2023-10-10"},{"lineNumber":17,"author":{"gitId":"yicheng-toh"},"content":"        return dietGoals.size();","lastModifiedDate":"2023-10-10"},{"lineNumber":18,"author":{"gitId":"yicheng-toh"},"content":"    }","lastModifiedDate":"2023-10-10"},{"lineNumber":19,"author":{"gitId":"yicheng-toh"},"content":"}","lastModifiedDate":"2023-10-10"},{"lineNumber":20,"author":{"gitId":"yicheng-toh"},"content":"","lastModifiedDate":"2023-10-10"},{"lineNumber":21,"author":{"gitId":"yicheng-toh"},"content":"","lastModifiedDate":"2023-10-11"}],"authorContributionMap":{"yicheng-toh":21}},{"path":"src/main/java/athleticli/exceptions/AthletiException.java","fileType":"functional-code","lines":[{"lineNumber":1,"author":{"gitId":"skylee03"},"content":"package athleticli.exceptions;","lastModifiedDate":"2023-10-08"},{"lineNumber":2,"author":{"gitId":"skylee03"},"content":"","lastModifiedDate":"2023-10-08"},{"lineNumber":3,"author":{"gitId":"skylee03"},"content":"/**","lastModifiedDate":"2023-10-08"},{"lineNumber":4,"author":{"gitId":"skylee03"},"content":" * Represents the exceptions that need to be shown to the user.","lastModifiedDate":"2023-10-08"},{"lineNumber":5,"author":{"gitId":"skylee03"},"content":" */","lastModifiedDate":"2023-10-08"},{"lineNumber":6,"author":{"gitId":"skylee03"},"content":"public class AthletiException extends Exception {","lastModifiedDate":"2023-10-08"},{"lineNumber":7,"author":{"gitId":"skylee03"},"content":"    public AthletiException(String message) {","lastModifiedDate":"2023-10-08"},{"lineNumber":8,"author":{"gitId":"skylee03"},"content":"        super(message);","lastModifiedDate":"2023-10-08"},{"lineNumber":9,"author":{"gitId":"skylee03"},"content":"    }","lastModifiedDate":"2023-10-08"},{"lineNumber":10,"author":{"gitId":"skylee03"},"content":"}","lastModifiedDate":"2023-10-08"}],"authorContributionMap":{"skylee03":10}},{"path":"src/main/java/athleticli/exceptions/UnknownCommandException.java","fileType":"functional-code","lines":[{"lineNumber":1,"author":{"gitId":"skylee03"},"content":"package athleticli.exceptions;","lastModifiedDate":"2023-10-08"},{"lineNumber":2,"author":{"gitId":"skylee03"},"content":"","lastModifiedDate":"2023-10-08"},{"lineNumber":3,"author":{"gitId":"skylee03"},"content":"public class UnknownCommandException extends AthletiException {","lastModifiedDate":"2023-10-08"},{"lineNumber":4,"author":{"gitId":"skylee03"},"content":"    public UnknownCommandException() {","lastModifiedDate":"2023-10-08"},{"lineNumber":5,"author":{"gitId":"skylee03"},"content":"        super(\"I\u0027m sorry, but I don\u0027t know what that means :-(\");","lastModifiedDate":"2023-10-08"},{"lineNumber":6,"author":{"gitId":"skylee03"},"content":"    }","lastModifiedDate":"2023-10-08"},{"lineNumber":7,"author":{"gitId":"skylee03"},"content":"}","lastModifiedDate":"2023-10-08"}],"authorContributionMap":{"skylee03":7}},{"path":"src/main/java/athleticli/ui/CommandName.java","fileType":"functional-code","lines":[{"lineNumber":1,"author":{"gitId":"skylee03"},"content":"package athleticli.ui;","lastModifiedDate":"2023-10-08"},{"lineNumber":2,"author":{"gitId":"skylee03"},"content":"","lastModifiedDate":"2023-10-08"},{"lineNumber":3,"author":{"gitId":"skylee03"},"content":"/**","lastModifiedDate":"2023-10-08"},{"lineNumber":4,"author":{"gitId":"skylee03"},"content":" * Defines string literals for command names.","lastModifiedDate":"2023-10-08"},{"lineNumber":5,"author":{"gitId":"skylee03"},"content":" */","lastModifiedDate":"2023-10-08"},{"lineNumber":6,"author":{"gitId":"skylee03"},"content":"public class CommandName {","lastModifiedDate":"2023-10-08"},{"lineNumber":7,"author":{"gitId":"skylee03"},"content":"    public static final String COMMAND_BYE \u003d \"bye\";","lastModifiedDate":"2023-10-08"},{"lineNumber":8,"author":{"gitId":"skylee03"},"content":"}","lastModifiedDate":"2023-10-08"}],"authorContributionMap":{"skylee03":8}},{"path":"src/main/java/athleticli/ui/Message.java","fileType":"functional-code","lines":[{"lineNumber":1,"author":{"gitId":"skylee03"},"content":"package athleticli.ui;","lastModifiedDate":"2023-10-08"},{"lineNumber":2,"author":{"gitId":"skylee03"},"content":"","lastModifiedDate":"2023-10-08"},{"lineNumber":3,"author":{"gitId":"skylee03"},"content":"public class Message {","lastModifiedDate":"2023-10-08"},{"lineNumber":4,"author":{"gitId":"skylee03"},"content":"    public static final String PROMPT \u003d \"\u003e \";","lastModifiedDate":"2023-10-08"},{"lineNumber":5,"author":{"gitId":"skylee03"},"content":"    public static final String LINE \u003d \"____________________________________________________________\\n\";","lastModifiedDate":"2023-10-08"},{"lineNumber":6,"author":{"gitId":"skylee03"},"content":"    public static final String PREFIX_MESSAGE \u003d \" \";","lastModifiedDate":"2023-10-08"},{"lineNumber":7,"author":{"gitId":"skylee03"},"content":"    public static final String PREFIX_EXCEPTION \u003d \"OOPS!!! \";","lastModifiedDate":"2023-10-08"},{"lineNumber":8,"author":{"gitId":"skylee03"},"content":"    public static final String MESSAGE_BYE \u003d \"Bye. Hope to see you again soon!\";","lastModifiedDate":"2023-10-08"},{"lineNumber":9,"author":{"gitId":"skylee03"},"content":"    public static final String[] MESSAGE_HELLO \u003d {\"Hello! I\u0027m AthletiCLI!\", \"What can I do for you?\"};","lastModifiedDate":"2023-10-08"},{"lineNumber":10,"author":{"gitId":"skylee03"},"content":"}","lastModifiedDate":"2023-10-08"}],"authorContributionMap":{"skylee03":10}},{"path":"src/main/java/athleticli/ui/Parser.java","fileType":"functional-code","lines":[{"lineNumber":1,"author":{"gitId":"skylee03"},"content":"package athleticli.ui;","lastModifiedDate":"2023-10-08"},{"lineNumber":2,"author":{"gitId":"skylee03"},"content":"","lastModifiedDate":"2023-10-08"},{"lineNumber":3,"author":{"gitId":"skylee03"},"content":"import athleticli.commands.ByeCommand;","lastModifiedDate":"2023-10-08"},{"lineNumber":4,"author":{"gitId":"skylee03"},"content":"import athleticli.commands.Command;","lastModifiedDate":"2023-10-08"},{"lineNumber":5,"author":{"gitId":"skylee03"},"content":"import athleticli.exceptions.AthletiException;","lastModifiedDate":"2023-10-08"},{"lineNumber":6,"author":{"gitId":"skylee03"},"content":"import athleticli.exceptions.UnknownCommandException;","lastModifiedDate":"2023-10-08"},{"lineNumber":7,"author":{"gitId":"skylee03"},"content":"","lastModifiedDate":"2023-10-08"},{"lineNumber":8,"author":{"gitId":"skylee03"},"content":"/**","lastModifiedDate":"2023-10-08"},{"lineNumber":9,"author":{"gitId":"skylee03"},"content":" * Defines the basic methods for command parser.","lastModifiedDate":"2023-10-08"},{"lineNumber":10,"author":{"gitId":"skylee03"},"content":" */","lastModifiedDate":"2023-10-08"},{"lineNumber":11,"author":{"gitId":"skylee03"},"content":"public class Parser {","lastModifiedDate":"2023-10-08"},{"lineNumber":12,"author":{"gitId":"skylee03"},"content":"    /**","lastModifiedDate":"2023-10-08"},{"lineNumber":13,"author":{"gitId":"skylee03"},"content":"     * Splits the raw user input into two parts, and then returns them.","lastModifiedDate":"2023-10-08"},{"lineNumber":14,"author":{"gitId":"skylee03"},"content":"     * The first part is the command type, while the second part is the command arguments.","lastModifiedDate":"2023-10-08"},{"lineNumber":15,"author":{"gitId":"skylee03"},"content":"     * The second part can be empty.","lastModifiedDate":"2023-10-08"},{"lineNumber":16,"author":{"gitId":"skylee03"},"content":"     *","lastModifiedDate":"2023-10-08"},{"lineNumber":17,"author":{"gitId":"skylee03"},"content":"     * @param rawUserInput  The raw user input.","lastModifiedDate":"2023-10-08"},{"lineNumber":18,"author":{"gitId":"skylee03"},"content":"     * @return              A string array whose first element is the command type","lastModifiedDate":"2023-10-08"},{"lineNumber":19,"author":{"gitId":"skylee03"},"content":"     *                      and the second element is the command arguments.","lastModifiedDate":"2023-10-08"},{"lineNumber":20,"author":{"gitId":"skylee03"},"content":"     */","lastModifiedDate":"2023-10-08"},{"lineNumber":21,"author":{"gitId":"skylee03"},"content":"    public static String[] splitCommandWordAndArgs(String rawUserInput) {","lastModifiedDate":"2023-10-08"},{"lineNumber":22,"author":{"gitId":"skylee03"},"content":"        final String[] split \u003d rawUserInput.trim().split(\"\\\\s+\", 2);","lastModifiedDate":"2023-10-08"},{"lineNumber":23,"author":{"gitId":"skylee03"},"content":"        return split.length \u003d\u003d 2 ? split : new String[] { split[0] , \"\" };","lastModifiedDate":"2023-10-08"},{"lineNumber":24,"author":{"gitId":"skylee03"},"content":"    }","lastModifiedDate":"2023-10-08"},{"lineNumber":25,"author":{"gitId":"skylee03"},"content":"","lastModifiedDate":"2023-10-08"},{"lineNumber":26,"author":{"gitId":"skylee03"},"content":"    /**","lastModifiedDate":"2023-10-08"},{"lineNumber":27,"author":{"gitId":"skylee03"},"content":"     * Parses the raw user input and returns the corresponding command object.","lastModifiedDate":"2023-10-08"},{"lineNumber":28,"author":{"gitId":"skylee03"},"content":"     *","lastModifiedDate":"2023-10-08"},{"lineNumber":29,"author":{"gitId":"skylee03"},"content":"     * @param rawUserInput      The raw user input.","lastModifiedDate":"2023-10-08"},{"lineNumber":30,"author":{"gitId":"skylee03"},"content":"     * @return                  An object representing the command.","lastModifiedDate":"2023-10-08"},{"lineNumber":31,"author":{"gitId":"skylee03"},"content":"     * @throws AthletiException","lastModifiedDate":"2023-10-08"},{"lineNumber":32,"author":{"gitId":"skylee03"},"content":"     */","lastModifiedDate":"2023-10-08"},{"lineNumber":33,"author":{"gitId":"skylee03"},"content":"    public static Command parseCommand(String rawUserInput) throws AthletiException {","lastModifiedDate":"2023-10-08"},{"lineNumber":34,"author":{"gitId":"skylee03"},"content":"        final String[] commandTypeAndParams \u003d splitCommandWordAndArgs(rawUserInput);","lastModifiedDate":"2023-10-08"},{"lineNumber":35,"author":{"gitId":"skylee03"},"content":"        final String commandType \u003d commandTypeAndParams[0];","lastModifiedDate":"2023-10-08"},{"lineNumber":36,"author":{"gitId":"skylee03"},"content":"        final String commandArgs \u003d commandTypeAndParams[1];","lastModifiedDate":"2023-10-08"},{"lineNumber":37,"author":{"gitId":"skylee03"},"content":"        try {","lastModifiedDate":"2023-10-08"},{"lineNumber":38,"author":{"gitId":"skylee03"},"content":"            switch (commandType) {","lastModifiedDate":"2023-10-08"},{"lineNumber":39,"author":{"gitId":"skylee03"},"content":"            case CommandName.COMMAND_BYE:","lastModifiedDate":"2023-10-08"},{"lineNumber":40,"author":{"gitId":"skylee03"},"content":"                return new ByeCommand();","lastModifiedDate":"2023-10-08"},{"lineNumber":41,"author":{"gitId":"skylee03"},"content":"            default:","lastModifiedDate":"2023-10-08"},{"lineNumber":42,"author":{"gitId":"skylee03"},"content":"                throw new UnknownCommandException();","lastModifiedDate":"2023-10-08"},{"lineNumber":43,"author":{"gitId":"skylee03"},"content":"            }","lastModifiedDate":"2023-10-08"},{"lineNumber":44,"author":{"gitId":"skylee03"},"content":"        } catch (AthletiException e) {","lastModifiedDate":"2023-10-08"},{"lineNumber":45,"author":{"gitId":"skylee03"},"content":"            throw e;","lastModifiedDate":"2023-10-08"},{"lineNumber":46,"author":{"gitId":"skylee03"},"content":"        }","lastModifiedDate":"2023-10-08"},{"lineNumber":47,"author":{"gitId":"skylee03"},"content":"    }","lastModifiedDate":"2023-10-08"},{"lineNumber":48,"author":{"gitId":"skylee03"},"content":"}","lastModifiedDate":"2023-10-08"}],"authorContributionMap":{"skylee03":48}},{"path":"src/main/java/athleticli/ui/Ui.java","fileType":"functional-code","lines":[{"lineNumber":1,"author":{"gitId":"skylee03"},"content":"package athleticli.ui;","lastModifiedDate":"2023-10-08"},{"lineNumber":2,"author":{"gitId":"skylee03"},"content":"","lastModifiedDate":"2023-10-08"},{"lineNumber":3,"author":{"gitId":"skylee03"},"content":"import java.io.InputStream;","lastModifiedDate":"2023-10-08"},{"lineNumber":4,"author":{"gitId":"skylee03"},"content":"import java.io.PrintStream;","lastModifiedDate":"2023-10-08"},{"lineNumber":5,"author":{"gitId":"skylee03"},"content":"import java.util.Scanner;","lastModifiedDate":"2023-10-08"},{"lineNumber":6,"author":{"gitId":"skylee03"},"content":"","lastModifiedDate":"2023-10-08"},{"lineNumber":7,"author":{"gitId":"skylee03"},"content":"/**","lastModifiedDate":"2023-10-08"},{"lineNumber":8,"author":{"gitId":"skylee03"},"content":" * Defines the behavior of the CLI.","lastModifiedDate":"2023-10-08"},{"lineNumber":9,"author":{"gitId":"skylee03"},"content":" */","lastModifiedDate":"2023-10-08"},{"lineNumber":10,"author":{"gitId":"skylee03"},"content":"public class Ui {","lastModifiedDate":"2023-10-08"},{"lineNumber":11,"author":{"gitId":"skylee03"},"content":"    private final Scanner in;","lastModifiedDate":"2023-10-08"},{"lineNumber":12,"author":{"gitId":"skylee03"},"content":"    private final PrintStream out;","lastModifiedDate":"2023-10-08"},{"lineNumber":13,"author":{"gitId":"skylee03"},"content":"","lastModifiedDate":"2023-10-08"},{"lineNumber":14,"author":{"gitId":"skylee03"},"content":"    /**","lastModifiedDate":"2023-10-08"},{"lineNumber":15,"author":{"gitId":"skylee03"},"content":"     * Constructs a \u003ccode\u003eUi\u003c/code\u003e object, whose input \u003ccode\u003ein\u003c/code\u003e","lastModifiedDate":"2023-10-08"},{"lineNumber":16,"author":{"gitId":"skylee03"},"content":"     * and output \u003ccode\u003eout\u003c/code\u003e is the standard input and the standard","lastModifiedDate":"2023-10-08"},{"lineNumber":17,"author":{"gitId":"skylee03"},"content":"     * output, respectively.","lastModifiedDate":"2023-10-08"},{"lineNumber":18,"author":{"gitId":"skylee03"},"content":"     */","lastModifiedDate":"2023-10-08"},{"lineNumber":19,"author":{"gitId":"skylee03"},"content":"    public Ui() {","lastModifiedDate":"2023-10-08"},{"lineNumber":20,"author":{"gitId":"skylee03"},"content":"        this(System.in, System.out);","lastModifiedDate":"2023-10-08"},{"lineNumber":21,"author":{"gitId":"skylee03"},"content":"    }","lastModifiedDate":"2023-10-08"},{"lineNumber":22,"author":{"gitId":"skylee03"},"content":"","lastModifiedDate":"2023-10-08"},{"lineNumber":23,"author":{"gitId":"skylee03"},"content":"    /**","lastModifiedDate":"2023-10-08"},{"lineNumber":24,"author":{"gitId":"skylee03"},"content":"     * Constructs a \u003ccode\u003eUi\u003c/code\u003e object, whose input is an \u003ccode\u003eInputStream\u003c/code\u003e","lastModifiedDate":"2023-10-08"},{"lineNumber":25,"author":{"gitId":"skylee03"},"content":"     * object \u003ccode\u003ein\u003c/code\u003e and output is an \u003ccode\u003ePrintStream\u003c/code\u003e object \u003ccode\u003eout\u003c/code\u003e.","lastModifiedDate":"2023-10-08"},{"lineNumber":26,"author":{"gitId":"skylee03"},"content":"     *","lastModifiedDate":"2023-10-08"},{"lineNumber":27,"author":{"gitId":"skylee03"},"content":"     * @param in    The \u003ccode\u003eInputStream\u003c/code\u003e accepting the user\u0027s input.","lastModifiedDate":"2023-10-08"},{"lineNumber":28,"author":{"gitId":"skylee03"},"content":"     * @param out   The \u003ccode\u003ePrintStream\u003c/code\u003e displaying the program\u0027s output.","lastModifiedDate":"2023-10-08"},{"lineNumber":29,"author":{"gitId":"skylee03"},"content":"     */","lastModifiedDate":"2023-10-08"},{"lineNumber":30,"author":{"gitId":"skylee03"},"content":"    public Ui(InputStream in, PrintStream out) {","lastModifiedDate":"2023-10-08"},{"lineNumber":31,"author":{"gitId":"skylee03"},"content":"        this.in \u003d new Scanner(in);","lastModifiedDate":"2023-10-08"},{"lineNumber":32,"author":{"gitId":"skylee03"},"content":"        this.out \u003d out;","lastModifiedDate":"2023-10-08"},{"lineNumber":33,"author":{"gitId":"skylee03"},"content":"    }","lastModifiedDate":"2023-10-08"},{"lineNumber":34,"author":{"gitId":"skylee03"},"content":"","lastModifiedDate":"2023-10-08"},{"lineNumber":35,"author":{"gitId":"skylee03"},"content":"    /**","lastModifiedDate":"2023-10-08"},{"lineNumber":36,"author":{"gitId":"skylee03"},"content":"     * Returns the user\u0027s input.","lastModifiedDate":"2023-10-08"},{"lineNumber":37,"author":{"gitId":"skylee03"},"content":"     *","lastModifiedDate":"2023-10-08"},{"lineNumber":38,"author":{"gitId":"skylee03"},"content":"     * @return The user\u0027s input.","lastModifiedDate":"2023-10-08"},{"lineNumber":39,"author":{"gitId":"skylee03"},"content":"     */","lastModifiedDate":"2023-10-08"},{"lineNumber":40,"author":{"gitId":"skylee03"},"content":"    public String getUserCommand() {","lastModifiedDate":"2023-10-08"},{"lineNumber":41,"author":{"gitId":"skylee03"},"content":"        out.print(Message.PROMPT);","lastModifiedDate":"2023-10-08"},{"lineNumber":42,"author":{"gitId":"skylee03"},"content":"        return in.nextLine();","lastModifiedDate":"2023-10-08"},{"lineNumber":43,"author":{"gitId":"skylee03"},"content":"    }","lastModifiedDate":"2023-10-08"},{"lineNumber":44,"author":{"gitId":"skylee03"},"content":"","lastModifiedDate":"2023-10-08"},{"lineNumber":45,"author":{"gitId":"skylee03"},"content":"    /**","lastModifiedDate":"2023-10-08"},{"lineNumber":46,"author":{"gitId":"skylee03"},"content":"     * Shows the \u003ccode\u003emessages\u003c/code\u003e in a beautiful format.","lastModifiedDate":"2023-10-08"},{"lineNumber":47,"author":{"gitId":"skylee03"},"content":"     *","lastModifiedDate":"2023-10-08"},{"lineNumber":48,"author":{"gitId":"skylee03"},"content":"     * @param messages  The messages to be shown.","lastModifiedDate":"2023-10-08"},{"lineNumber":49,"author":{"gitId":"skylee03"},"content":"     */","lastModifiedDate":"2023-10-08"},{"lineNumber":50,"author":{"gitId":"skylee03"},"content":"    public void showMessages(String... messages) {","lastModifiedDate":"2023-10-08"},{"lineNumber":51,"author":{"gitId":"skylee03"},"content":"        out.print(Message.LINE);","lastModifiedDate":"2023-10-08"},{"lineNumber":52,"author":{"gitId":"skylee03"},"content":"        for (String message : messages) {","lastModifiedDate":"2023-10-08"},{"lineNumber":53,"author":{"gitId":"skylee03"},"content":"            out.println(Message.PREFIX_MESSAGE + message);","lastModifiedDate":"2023-10-08"},{"lineNumber":54,"author":{"gitId":"skylee03"},"content":"        }","lastModifiedDate":"2023-10-08"},{"lineNumber":55,"author":{"gitId":"skylee03"},"content":"        out.println(Message.LINE);","lastModifiedDate":"2023-10-08"},{"lineNumber":56,"author":{"gitId":"skylee03"},"content":"    }","lastModifiedDate":"2023-10-08"},{"lineNumber":57,"author":{"gitId":"skylee03"},"content":"","lastModifiedDate":"2023-10-08"},{"lineNumber":58,"author":{"gitId":"skylee03"},"content":"    /**","lastModifiedDate":"2023-10-08"},{"lineNumber":59,"author":{"gitId":"skylee03"},"content":"     * Shows message for exception \u003ccode\u003ee\u003c/code\u003e.","lastModifiedDate":"2023-10-08"},{"lineNumber":60,"author":{"gitId":"skylee03"},"content":"     *","lastModifiedDate":"2023-10-08"},{"lineNumber":61,"author":{"gitId":"skylee03"},"content":"     * @param e The exception whose message will be shown.","lastModifiedDate":"2023-10-08"},{"lineNumber":62,"author":{"gitId":"skylee03"},"content":"     */","lastModifiedDate":"2023-10-08"},{"lineNumber":63,"author":{"gitId":"skylee03"},"content":"    public void showException(Exception e) {","lastModifiedDate":"2023-10-08"},{"lineNumber":64,"author":{"gitId":"skylee03"},"content":"        showMessages(Message.PREFIX_EXCEPTION + e.getMessage());","lastModifiedDate":"2023-10-08"},{"lineNumber":65,"author":{"gitId":"skylee03"},"content":"    }","lastModifiedDate":"2023-10-08"},{"lineNumber":66,"author":{"gitId":"skylee03"},"content":"","lastModifiedDate":"2023-10-08"},{"lineNumber":67,"author":{"gitId":"skylee03"},"content":"    /**","lastModifiedDate":"2023-10-08"},{"lineNumber":68,"author":{"gitId":"skylee03"},"content":"     * Shows the welcome message.","lastModifiedDate":"2023-10-08"},{"lineNumber":69,"author":{"gitId":"skylee03"},"content":"     */","lastModifiedDate":"2023-10-08"},{"lineNumber":70,"author":{"gitId":"skylee03"},"content":"    public void showWelcome() {","lastModifiedDate":"2023-10-08"},{"lineNumber":71,"author":{"gitId":"skylee03"},"content":"        showMessages(Message.MESSAGE_HELLO);","lastModifiedDate":"2023-10-08"},{"lineNumber":72,"author":{"gitId":"skylee03"},"content":"    }","lastModifiedDate":"2023-10-08"},{"lineNumber":73,"author":{"gitId":"skylee03"},"content":"}","lastModifiedDate":"2023-10-08"}],"authorContributionMap":{"skylee03":73}},{"path":"src/test/java/athleticli/ui/ParserTest.java","fileType":"test-code","lines":[{"lineNumber":1,"author":{"gitId":"skylee03"},"content":"package athleticli.ui;","lastModifiedDate":"2023-10-08"},{"lineNumber":2,"author":{"gitId":"skylee03"},"content":"","lastModifiedDate":"2023-10-08"},{"lineNumber":3,"author":{"gitId":"skylee03"},"content":"import static athleticli.ui.Parser.parseCommand;","lastModifiedDate":"2023-10-08"},{"lineNumber":4,"author":{"gitId":"skylee03"},"content":"import static athleticli.ui.Parser.splitCommandWordAndArgs;","lastModifiedDate":"2023-10-08"},{"lineNumber":5,"author":{"gitId":"skylee03"},"content":"import static org.junit.jupiter.api.Assertions.assertEquals;","lastModifiedDate":"2023-10-08"},{"lineNumber":6,"author":{"gitId":"skylee03"},"content":"import static org.junit.jupiter.api.Assertions.assertInstanceOf;","lastModifiedDate":"2023-10-08"},{"lineNumber":7,"author":{"gitId":"skylee03"},"content":"import static org.junit.jupiter.api.Assertions.assertThrows;","lastModifiedDate":"2023-10-08"},{"lineNumber":8,"author":{"gitId":"skylee03"},"content":"","lastModifiedDate":"2023-10-08"},{"lineNumber":9,"author":{"gitId":"skylee03"},"content":"import org.junit.jupiter.api.Test;","lastModifiedDate":"2023-10-08"},{"lineNumber":10,"author":{"gitId":"skylee03"},"content":"","lastModifiedDate":"2023-10-08"},{"lineNumber":11,"author":{"gitId":"skylee03"},"content":"import athleticli.commands.ByeCommand;","lastModifiedDate":"2023-10-08"},{"lineNumber":12,"author":{"gitId":"skylee03"},"content":"import athleticli.exceptions.AthletiException;","lastModifiedDate":"2023-10-08"},{"lineNumber":13,"author":{"gitId":"skylee03"},"content":"import athleticli.exceptions.UnknownCommandException;","lastModifiedDate":"2023-10-08"},{"lineNumber":14,"author":{"gitId":"skylee03"},"content":"","lastModifiedDate":"2023-10-08"},{"lineNumber":15,"author":{"gitId":"skylee03"},"content":"class ParserTest {","lastModifiedDate":"2023-10-08"},{"lineNumber":16,"author":{"gitId":"skylee03"},"content":"","lastModifiedDate":"2023-10-08"},{"lineNumber":17,"author":{"gitId":"skylee03"},"content":"    @Test","lastModifiedDate":"2023-10-08"},{"lineNumber":18,"author":{"gitId":"skylee03"},"content":"    void splitCommandWordAndArgs_noArgs_expectTwoParts() {","lastModifiedDate":"2023-10-08"},{"lineNumber":19,"author":{"gitId":"skylee03"},"content":"        final String commandWithNoArgs \u003d \"bye\";","lastModifiedDate":"2023-10-08"},{"lineNumber":20,"author":{"gitId":"skylee03"},"content":"        assertEquals(splitCommandWordAndArgs(commandWithNoArgs).length, 2);","lastModifiedDate":"2023-10-08"},{"lineNumber":21,"author":{"gitId":"skylee03"},"content":"    }","lastModifiedDate":"2023-10-08"},{"lineNumber":22,"author":{"gitId":"skylee03"},"content":"","lastModifiedDate":"2023-10-08"},{"lineNumber":23,"author":{"gitId":"skylee03"},"content":"    @Test","lastModifiedDate":"2023-10-08"},{"lineNumber":24,"author":{"gitId":"skylee03"},"content":"    void splitCommandWordAndArgs_multipleArgs_expectTwoParts() {","lastModifiedDate":"2023-10-08"},{"lineNumber":25,"author":{"gitId":"skylee03"},"content":"        final String commandWithMultipleArgs \u003d \"set-diet-goal calories/1 carb/3\";","lastModifiedDate":"2023-10-08"},{"lineNumber":26,"author":{"gitId":"skylee03"},"content":"        assertEquals(splitCommandWordAndArgs(commandWithMultipleArgs).length, 2);","lastModifiedDate":"2023-10-08"},{"lineNumber":27,"author":{"gitId":"skylee03"},"content":"    }","lastModifiedDate":"2023-10-08"},{"lineNumber":28,"author":{"gitId":"skylee03"},"content":"","lastModifiedDate":"2023-10-08"},{"lineNumber":29,"author":{"gitId":"skylee03"},"content":"    @Test","lastModifiedDate":"2023-10-08"},{"lineNumber":30,"author":{"gitId":"skylee03"},"content":"    void parseCommand_unknownCommand_expectUnknownCommandException() {","lastModifiedDate":"2023-10-08"},{"lineNumber":31,"author":{"gitId":"skylee03"},"content":"        final String unknownCommand \u003d \"hello\";","lastModifiedDate":"2023-10-08"},{"lineNumber":32,"author":{"gitId":"skylee03"},"content":"        assertThrows(UnknownCommandException.class, () -\u003e parseCommand(unknownCommand));","lastModifiedDate":"2023-10-08"},{"lineNumber":33,"author":{"gitId":"skylee03"},"content":"    }","lastModifiedDate":"2023-10-08"},{"lineNumber":34,"author":{"gitId":"skylee03"},"content":"","lastModifiedDate":"2023-10-08"},{"lineNumber":35,"author":{"gitId":"skylee03"},"content":"    @Test","lastModifiedDate":"2023-10-08"},{"lineNumber":36,"author":{"gitId":"skylee03"},"content":"    void parseCommand_byeCommand_expectByeCommand() throws AthletiException {","lastModifiedDate":"2023-10-08"},{"lineNumber":37,"author":{"gitId":"skylee03"},"content":"        final String byeCommand \u003d \"bye\";","lastModifiedDate":"2023-10-08"},{"lineNumber":38,"author":{"gitId":"skylee03"},"content":"        assertInstanceOf(ByeCommand.class, parseCommand(byeCommand));","lastModifiedDate":"2023-10-08"},{"lineNumber":39,"author":{"gitId":"skylee03"},"content":"    }","lastModifiedDate":"2023-10-08"},{"lineNumber":40,"author":{"gitId":"skylee03"},"content":"}","lastModifiedDate":"2023-10-08"}],"authorContributionMap":{"skylee03":40}},{"path":"src/test/java/athleticli/ui/dietgoal/DietGoalListTest.java","fileType":"test-code","lines":[{"lineNumber":1,"author":{"gitId":"yicheng-toh"},"content":"package athleticli.ui.dietgoal;","lastModifiedDate":"2023-10-10"},{"lineNumber":2,"author":{"gitId":"yicheng-toh"},"content":"","lastModifiedDate":"2023-10-10"},{"lineNumber":3,"author":{"gitId":"yicheng-toh"},"content":"import athleticli.dietgoal.DietGoal;","lastModifiedDate":"2023-10-10"},{"lineNumber":4,"author":{"gitId":"yicheng-toh"},"content":"import athleticli.dietgoal.DietGoalList;","lastModifiedDate":"2023-10-10"},{"lineNumber":5,"author":{"gitId":"yicheng-toh"},"content":"import org.junit.jupiter.api.Test;","lastModifiedDate":"2023-10-10"},{"lineNumber":6,"author":{"gitId":"yicheng-toh"},"content":"","lastModifiedDate":"2023-10-10"},{"lineNumber":7,"author":{"gitId":"yicheng-toh"},"content":"import static org.junit.jupiter.api.Assertions.assertEquals;","lastModifiedDate":"2023-10-10"},{"lineNumber":8,"author":{"gitId":"yicheng-toh"},"content":"","lastModifiedDate":"2023-10-10"},{"lineNumber":9,"author":{"gitId":"yicheng-toh"},"content":"class DietGoalListTest {","lastModifiedDate":"2023-10-10"},{"lineNumber":10,"author":{"gitId":"yicheng-toh"},"content":"","lastModifiedDate":"2023-10-10"},{"lineNumber":11,"author":{"gitId":"yicheng-toh"},"content":"    @Test","lastModifiedDate":"2023-10-10"},{"lineNumber":12,"author":{"gitId":"yicheng-toh"},"content":"    void addGoal_addOneGoal_expectSizeOne() {","lastModifiedDate":"2023-10-10"},{"lineNumber":13,"author":{"gitId":"yicheng-toh"},"content":"        DietGoalList dietGoals \u003d new DietGoalList();","lastModifiedDate":"2023-10-10"},{"lineNumber":14,"author":{"gitId":"yicheng-toh"},"content":"        DietGoal proteinGoal \u003d new DietGoal(\"protein\", 10000);","lastModifiedDate":"2023-10-10"},{"lineNumber":15,"author":{"gitId":"yicheng-toh"},"content":"        dietGoals.addGoal(proteinGoal);","lastModifiedDate":"2023-10-10"},{"lineNumber":16,"author":{"gitId":"yicheng-toh"},"content":"        assertEquals(1, dietGoals.getSize());","lastModifiedDate":"2023-10-10"},{"lineNumber":17,"author":{"gitId":"yicheng-toh"},"content":"","lastModifiedDate":"2023-10-11"},{"lineNumber":18,"author":{"gitId":"yicheng-toh"},"content":"    }","lastModifiedDate":"2023-10-10"},{"lineNumber":19,"author":{"gitId":"yicheng-toh"},"content":"","lastModifiedDate":"2023-10-10"},{"lineNumber":20,"author":{"gitId":"yicheng-toh"},"content":"    @Test","lastModifiedDate":"2023-10-10"},{"lineNumber":21,"author":{"gitId":"yicheng-toh"},"content":"    void getSize_initialiseArgs_expectZero() {","lastModifiedDate":"2023-10-10"},{"lineNumber":22,"author":{"gitId":"yicheng-toh"},"content":"        DietGoalList dietGoals \u003d new DietGoalList();","lastModifiedDate":"2023-10-10"},{"lineNumber":23,"author":{"gitId":"yicheng-toh"},"content":"        assertEquals(0, dietGoals.getSize());","lastModifiedDate":"2023-10-10"},{"lineNumber":24,"author":{"gitId":"yicheng-toh"},"content":"    }","lastModifiedDate":"2023-10-10"},{"lineNumber":25,"author":{"gitId":"yicheng-toh"},"content":"","lastModifiedDate":"2023-10-10"},{"lineNumber":26,"author":{"gitId":"yicheng-toh"},"content":"    @Test","lastModifiedDate":"2023-10-10"},{"lineNumber":27,"author":{"gitId":"yicheng-toh"},"content":"    void getSize_addTenGoals_expectTen() {","lastModifiedDate":"2023-10-10"},{"lineNumber":28,"author":{"gitId":"yicheng-toh"},"content":"        DietGoalList dietGoals \u003d new DietGoalList();","lastModifiedDate":"2023-10-10"},{"lineNumber":29,"author":{"gitId":"yicheng-toh"},"content":"        DietGoal proteinGoal \u003d new DietGoal(\"protein\", 10000);","lastModifiedDate":"2023-10-10"},{"lineNumber":30,"author":{"gitId":"yicheng-toh"},"content":"        for (int i \u003d 0; i \u003c 10; i++) {","lastModifiedDate":"2023-10-10"},{"lineNumber":31,"author":{"gitId":"yicheng-toh"},"content":"            dietGoals.addGoal(proteinGoal);","lastModifiedDate":"2023-10-10"},{"lineNumber":32,"author":{"gitId":"yicheng-toh"},"content":"        }","lastModifiedDate":"2023-10-10"},{"lineNumber":33,"author":{"gitId":"yicheng-toh"},"content":"        assertEquals(10, dietGoals.getSize());","lastModifiedDate":"2023-10-10"},{"lineNumber":34,"author":{"gitId":"yicheng-toh"},"content":"    }","lastModifiedDate":"2023-10-10"},{"lineNumber":35,"author":{"gitId":"yicheng-toh"},"content":"}","lastModifiedDate":"2023-10-10"}],"authorContributionMap":{"yicheng-toh":35}},{"path":"src/test/java/athleticli/ui/dietgoal/DietGoalTest.java","fileType":"test-code","lines":[{"lineNumber":1,"author":{"gitId":"yicheng-toh"},"content":"package athleticli.ui.dietgoal;","lastModifiedDate":"2023-10-10"},{"lineNumber":2,"author":{"gitId":"yicheng-toh"},"content":"","lastModifiedDate":"2023-10-10"},{"lineNumber":3,"author":{"gitId":"yicheng-toh"},"content":"import athleticli.dietgoal.DietGoal;","lastModifiedDate":"2023-10-10"},{"lineNumber":4,"author":{"gitId":"yicheng-toh"},"content":"import org.junit.jupiter.api.Test;","lastModifiedDate":"2023-10-10"},{"lineNumber":5,"author":{"gitId":"yicheng-toh"},"content":"","lastModifiedDate":"2023-10-10"},{"lineNumber":6,"author":{"gitId":"yicheng-toh"},"content":"import static org.junit.jupiter.api.Assertions.assertEquals;","lastModifiedDate":"2023-10-10"},{"lineNumber":7,"author":{"gitId":"yicheng-toh"},"content":"import static org.junit.jupiter.api.Assertions.assertFalse;","lastModifiedDate":"2023-10-10"},{"lineNumber":8,"author":{"gitId":"yicheng-toh"},"content":"import static org.junit.jupiter.api.Assertions.assertTrue;","lastModifiedDate":"2023-10-10"},{"lineNumber":9,"author":{"gitId":"yicheng-toh"},"content":"","lastModifiedDate":"2023-10-10"},{"lineNumber":10,"author":{"gitId":"yicheng-toh"},"content":"class DietGoalTest {","lastModifiedDate":"2023-10-10"},{"lineNumber":11,"author":{"gitId":"yicheng-toh"},"content":"","lastModifiedDate":"2023-10-10"},{"lineNumber":12,"author":{"gitId":"yicheng-toh"},"content":"    @Test","lastModifiedDate":"2023-10-10"},{"lineNumber":13,"author":{"gitId":"yicheng-toh"},"content":"    void getNutrients_initialiseCommonArgs_expectArgs() {","lastModifiedDate":"2023-10-10"},{"lineNumber":14,"author":{"gitId":"yicheng-toh"},"content":"        DietGoal proteinGoal \u003d new DietGoal(\"protein\", 10000);","lastModifiedDate":"2023-10-10"},{"lineNumber":15,"author":{"gitId":"yicheng-toh"},"content":"        assertEquals(\"protein\", proteinGoal.getNutrients());","lastModifiedDate":"2023-10-10"},{"lineNumber":16,"author":{"gitId":"yicheng-toh"},"content":"    }","lastModifiedDate":"2023-10-10"},{"lineNumber":17,"author":{"gitId":"yicheng-toh"},"content":"","lastModifiedDate":"2023-10-10"},{"lineNumber":18,"author":{"gitId":"yicheng-toh"},"content":"    @Test","lastModifiedDate":"2023-10-10"},{"lineNumber":19,"author":{"gitId":"yicheng-toh"},"content":"    void getTargetValue_initialiseCommonArgs_expectArgs() {","lastModifiedDate":"2023-10-10"},{"lineNumber":20,"author":{"gitId":"yicheng-toh"},"content":"        DietGoal proteinGoal \u003d new DietGoal(\"protein\", 10000);","lastModifiedDate":"2023-10-10"},{"lineNumber":21,"author":{"gitId":"yicheng-toh"},"content":"        assertEquals(10000, proteinGoal.getTargetValue());","lastModifiedDate":"2023-10-10"},{"lineNumber":22,"author":{"gitId":"yicheng-toh"},"content":"    }","lastModifiedDate":"2023-10-10"},{"lineNumber":23,"author":{"gitId":"yicheng-toh"},"content":"","lastModifiedDate":"2023-10-10"},{"lineNumber":24,"author":{"gitId":"yicheng-toh"},"content":"    @Test","lastModifiedDate":"2023-10-10"},{"lineNumber":25,"author":{"gitId":"yicheng-toh"},"content":"    void getCurrentValue_initialiseCommonArgs_expectZero() {","lastModifiedDate":"2023-10-10"},{"lineNumber":26,"author":{"gitId":"yicheng-toh"},"content":"        DietGoal proteinGoal \u003d new DietGoal(\"protein\", 10000);","lastModifiedDate":"2023-10-10"},{"lineNumber":27,"author":{"gitId":"yicheng-toh"},"content":"        assertEquals(0, proteinGoal.getCurrentValue());","lastModifiedDate":"2023-10-10"},{"lineNumber":28,"author":{"gitId":"yicheng-toh"},"content":"    }","lastModifiedDate":"2023-10-10"},{"lineNumber":29,"author":{"gitId":"yicheng-toh"},"content":"","lastModifiedDate":"2023-10-10"},{"lineNumber":30,"author":{"gitId":"yicheng-toh"},"content":"    @Test","lastModifiedDate":"2023-10-10"},{"lineNumber":31,"author":{"gitId":"yicheng-toh"},"content":"    void setCurrentValue() {","lastModifiedDate":"2023-10-10"},{"lineNumber":32,"author":{"gitId":"yicheng-toh"},"content":"        DietGoal proteinGoal \u003d new DietGoal(\"protein\", 10000);","lastModifiedDate":"2023-10-10"},{"lineNumber":33,"author":{"gitId":"yicheng-toh"},"content":"        proteinGoal.setCurrentValue(20);","lastModifiedDate":"2023-10-10"},{"lineNumber":34,"author":{"gitId":"yicheng-toh"},"content":"        assertEquals(20, proteinGoal.getCurrentValue());","lastModifiedDate":"2023-10-10"},{"lineNumber":35,"author":{"gitId":"yicheng-toh"},"content":"    }","lastModifiedDate":"2023-10-10"},{"lineNumber":36,"author":{"gitId":"yicheng-toh"},"content":"","lastModifiedDate":"2023-10-10"},{"lineNumber":37,"author":{"gitId":"yicheng-toh"},"content":"    @Test","lastModifiedDate":"2023-10-10"},{"lineNumber":38,"author":{"gitId":"yicheng-toh"},"content":"    void getIsGoalAchieved_currentValueGreaterThanTargetValue_expectTrue() {","lastModifiedDate":"2023-10-10"},{"lineNumber":39,"author":{"gitId":"yicheng-toh"},"content":"        DietGoal proteinGoal \u003d new DietGoal(\"protein\", 10000);","lastModifiedDate":"2023-10-10"},{"lineNumber":40,"author":{"gitId":"yicheng-toh"},"content":"        proteinGoal.setCurrentValue(20000);","lastModifiedDate":"2023-10-10"},{"lineNumber":41,"author":{"gitId":"yicheng-toh"},"content":"        assertTrue(proteinGoal.getIsGoalAchieved());","lastModifiedDate":"2023-10-10"},{"lineNumber":42,"author":{"gitId":"yicheng-toh"},"content":"    }","lastModifiedDate":"2023-10-10"},{"lineNumber":43,"author":{"gitId":"yicheng-toh"},"content":"","lastModifiedDate":"2023-10-10"},{"lineNumber":44,"author":{"gitId":"yicheng-toh"},"content":"    @Test","lastModifiedDate":"2023-10-10"},{"lineNumber":45,"author":{"gitId":"yicheng-toh"},"content":"    void getIsGoalAchieved_currentValueEqualToTargetValue_expectTrue() {","lastModifiedDate":"2023-10-10"},{"lineNumber":46,"author":{"gitId":"yicheng-toh"},"content":"        DietGoal proteinGoal \u003d new DietGoal(\"protein\", 10000);","lastModifiedDate":"2023-10-10"},{"lineNumber":47,"author":{"gitId":"yicheng-toh"},"content":"        proteinGoal.setCurrentValue(10000);","lastModifiedDate":"2023-10-10"},{"lineNumber":48,"author":{"gitId":"yicheng-toh"},"content":"        assertTrue(proteinGoal.getIsGoalAchieved());","lastModifiedDate":"2023-10-10"},{"lineNumber":49,"author":{"gitId":"yicheng-toh"},"content":"    }","lastModifiedDate":"2023-10-10"},{"lineNumber":50,"author":{"gitId":"yicheng-toh"},"content":"","lastModifiedDate":"2023-10-10"},{"lineNumber":51,"author":{"gitId":"yicheng-toh"},"content":"    @Test","lastModifiedDate":"2023-10-10"},{"lineNumber":52,"author":{"gitId":"yicheng-toh"},"content":"    void getIsGoalAchieved_currentValueLesserThanTargetValue_expectFalse() {","lastModifiedDate":"2023-10-10"},{"lineNumber":53,"author":{"gitId":"yicheng-toh"},"content":"        DietGoal proteinGoal \u003d new DietGoal(\"protein\", 10000);","lastModifiedDate":"2023-10-10"},{"lineNumber":54,"author":{"gitId":"yicheng-toh"},"content":"        proteinGoal.setCurrentValue(100);","lastModifiedDate":"2023-10-10"},{"lineNumber":55,"author":{"gitId":"yicheng-toh"},"content":"        assertFalse(proteinGoal.getIsGoalAchieved());","lastModifiedDate":"2023-10-10"},{"lineNumber":56,"author":{"gitId":"yicheng-toh"},"content":"    }","lastModifiedDate":"2023-10-10"},{"lineNumber":57,"author":{"gitId":"yicheng-toh"},"content":"","lastModifiedDate":"2023-10-10"},{"lineNumber":58,"author":{"gitId":"yicheng-toh"},"content":"    @Test","lastModifiedDate":"2023-10-10"},{"lineNumber":59,"author":{"gitId":"yicheng-toh"},"content":"    void testToString_initialiseCommonArgs_expectCorrectFormat() {","lastModifiedDate":"2023-10-10"},{"lineNumber":60,"author":{"gitId":"yicheng-toh"},"content":"        DietGoal proteinGoal \u003d new DietGoal(\"protein\", 10000);","lastModifiedDate":"2023-10-10"},{"lineNumber":61,"author":{"gitId":"yicheng-toh"},"content":"        assertEquals(\"protein intake progress: (0/10000)\\n\", proteinGoal.toString());","lastModifiedDate":"2023-10-10"},{"lineNumber":62,"author":{"gitId":"yicheng-toh"},"content":"    }","lastModifiedDate":"2023-10-10"},{"lineNumber":63,"author":{"gitId":"yicheng-toh"},"content":"}","lastModifiedDate":"2023-10-10"}],"authorContributionMap":{"yicheng-toh":63}}]
