{"authorDailyContributionsMap":{"skylee03":[{"date":"2023-10-05","commitResults":[{"hash":"0b24d95bb5dcdbe7f53c0dd57ecd3e991bca0fba","isMergeCommit":false,"messageTitle":"Update skylee03 in AboutUs","messageBody":"","fileTypesAndContributionMap":{"docs":{"insertions":13,"deletions":7}}},{"hash":"8ad36b4ca9d2ccd786c5e20b5c8240bc2ca15211","isMergeCommit":true,"messageTitle":"Merge remote-tracking branch \u0027upstream/master\u0027 into skylee03-AboutUs","messageBody":"","fileTypesAndContributionMap":{}},{"hash":"23829d9a0b09e12b0f8f162d5d87add4f6ab4a63","isMergeCommit":true,"messageTitle":"Merge pull request #4 from skylee03/skylee03-AboutUs","messageBody":"Update skylee03 in AboutUs","fileTypesAndContributionMap":{}}]},{"date":"2023-10-08","commitResults":[{"hash":"c3134ce83d36393de4d6cb68d6340f07ebd6b9b0","isMergeCommit":false,"messageTitle":"Add CLI interaction","messageBody":"","fileTypesAndContributionMap":{"functional-code":{"insertions":253,"deletions":21},"other":{"insertions":2,"deletions":2}}},{"hash":"135bb1b04338c2e0253592c8342d81b54c82595a","isMergeCommit":false,"messageTitle":"Update build.gradle","messageBody":"","fileTypesAndContributionMap":{"other":{"insertions":2,"deletions":2}}},{"hash":"0481e59c5747ab3d43fa6b51a3e7c7d864054ca5","isMergeCommit":false,"messageTitle":"Create packages/classes for commands and data","messageBody":"","fileTypesAndContributionMap":{"functional-code":{"insertions":164,"deletions":5}}},{"hash":"8cb6c0a847e3eb76064ffce3ace232ec69d49699","isMergeCommit":false,"messageTitle":"Add ParserTest","messageBody":"","fileTypesAndContributionMap":{"test-code":{"insertions":40,"deletions":12}}}]}],"DaDevChia":[{"date":"2023-10-05","commitResults":[{"hash":"0b6a61ab5f9e012eab2a34c0a65593eb3ee747db","isMergeCommit":false,"messageTitle":"Added profile information","messageBody":"","fileTypesAndContributionMap":{"docs":{"insertions":1,"deletions":1}}},{"hash":"0694bcffcee38aa324b0dedbaaf61fa8b89ad035","isMergeCommit":true,"messageTitle":"Merge branch \u0027master\u0027 into dylanChia-AboutUs","messageBody":"","fileTypesAndContributionMap":{}},{"hash":"9bed8b4b05c9f4ac170143e58c4c73d268e03d1b","isMergeCommit":true,"messageTitle":"Merge pull request #5 from DaDevChia/dylanChia-AboutUs","messageBody":"Added profile information","fileTypesAndContributionMap":{}}]},{"date":"2023-10-10","commitResults":[{"hash":"e31e4398411fe06ef751b8432a69c3d71b25c757","isMergeCommit":true,"messageTitle":"Merge pull request #8 from skylee03/cli-interaction","messageBody":"Add CLI interaction","fileTypesAndContributionMap":{}}]}],"AlWo223":[{"date":"2023-10-05","commitResults":[{"hash":"d1830be8fa3c9af05ee0c009b1e7e57fefed93d8","isMergeCommit":false,"messageTitle":"Update README.md","messageBody":"","fileTypesAndContributionMap":{"docs":{"insertions":1,"deletions":1}}},{"hash":"cae7a967c15901f3c6c233cc6d5d43d26b914577","isMergeCommit":false,"messageTitle":"test forking","messageBody":"","fileTypesAndContributionMap":{"docs":{"insertions":7,"deletions":7}}},{"hash":"446cc7162d1d868e5a3050a324ec45953fc26a3a","isMergeCommit":true,"messageTitle":"Merge pull request #1 from AlWo223/devalex","messageBody":"test forking","fileTypesAndContributionMap":{}}]},{"date":"2023-10-10","commitResults":[{"hash":"024c68352be321cb9ceb2f7df72447ae27259dec","isMergeCommit":false,"messageTitle":"Add activity parent class","messageBody":"","fileTypesAndContributionMap":{"functional-code":{"insertions":62,"deletions":1}}}]},{"date":"2023-10-11","commitResults":[{"hash":"40bd286165eebade7f4426821383a27b08302d21","isMergeCommit":false,"messageTitle":"add run, swim and cycle as activity childs","messageBody":"","fileTypesAndContributionMap":{"functional-code":{"insertions":60,"deletions":24}}}]},{"date":"2023-10-12","commitResults":[{"hash":"9c6c3ed9e8a77f718996d99605e5ab8393d82f15","isMergeCommit":false,"messageTitle":"Enable user to add run","messageBody":"","fileTypesAndContributionMap":{"functional-code":{"insertions":124,"deletions":2}}},{"hash":"06f3e25556e6eb2fbd58459542d9802421b01cdf","isMergeCommit":false,"messageTitle":"Simplify add run to add activity","messageBody":"","fileTypesAndContributionMap":{"functional-code":{"insertions":10,"deletions":16}}},{"hash":"d0949fc7e73bafcf00af8e84541620da5da2b53d","isMergeCommit":false,"messageTitle":"Provide JavaDoc comments","messageBody":"","fileTypesAndContributionMap":{"functional-code":{"insertions":63,"deletions":1},"test-code":{"insertions":4,"deletions":0}}},{"hash":"b6b92040342ba95378e7a324ff3e28998dfb633f","isMergeCommit":false,"messageTitle":"Implement adding of specific activities swim, cycle and run","messageBody":"","fileTypesAndContributionMap":{"functional-code":{"insertions":87,"deletions":19}}},{"hash":"af6cc67a94a9a5362066c4ea936bfd8d19d70ef8","isMergeCommit":false,"messageTitle":"Generate JUnit Tests for different types of activities","messageBody":"","fileTypesAndContributionMap":{"functional-code":{"insertions":53,"deletions":24},"test-code":{"insertions":146,"deletions":1}}},{"hash":"22dddf5c7a3a6aab26c295f9c95e46fff7788447","isMergeCommit":false,"messageTitle":"Implement activity parsing","messageBody":"","fileTypesAndContributionMap":{"functional-code":{"insertions":74,"deletions":0}}}]},{"date":"2023-10-13","commitResults":[{"hash":"f1a10d37df14ad9eb5360e13fa1d55bf70c3c9d9","isMergeCommit":false,"messageTitle":"Enable parsing of other sport activities","messageBody":"","fileTypesAndContributionMap":{"functional-code":{"insertions":202,"deletions":191}}},{"hash":"41a2d7f82fe734fdcc553083763d2f915b68dc88","isMergeCommit":false,"messageTitle":"Improve code quality","messageBody":"","fileTypesAndContributionMap":{"functional-code":{"insertions":27,"deletions":23},"test-code":{"insertions":25,"deletions":22}}},{"hash":"2498fd588fccd610a3ec3c4241f14d417611a689","isMergeCommit":false,"messageTitle":"Place overload methods next to each other","messageBody":"","fileTypesAndContributionMap":{"functional-code":{"insertions":16,"deletions":16}}},{"hash":"21dfeec67a371f0dccb96b43391c2081a08d9392","isMergeCommit":false,"messageTitle":"Add single line representation of activities","messageBody":"","fileTypesAndContributionMap":{"functional-code":{"insertions":76,"deletions":10},"test-code":{"insertions":82,"deletions":30}}},{"hash":"a3e611afddcbc54beb94540e83bc196655f7fdbb","isMergeCommit":false,"messageTitle":"Describe how to add activities in UserGuide","messageBody":"","fileTypesAndContributionMap":{"docs":{"insertions":40,"deletions":5}}},{"hash":"d18183d67ecfdedc2b15a956a3717447418d735c","isMergeCommit":false,"messageTitle":"Improve code quality","messageBody":"","fileTypesAndContributionMap":{"functional-code":{"insertions":21,"deletions":33},"test-code":{"insertions":10,"deletions":12}}},{"hash":"cb06421b762e002f0014f0a60ec324ebad344cf7","isMergeCommit":false,"messageTitle":"Resolve minor coding standard violations","messageBody":"","fileTypesAndContributionMap":{"functional-code":{"insertions":4,"deletions":2},"test-code":{"insertions":5,"deletions":4}}},{"hash":"5efb24cc5a01130909e02b92c26e8ae7311a0787","isMergeCommit":false,"messageTitle":"Update src/main/java/athleticli/data/activity/Cycle.java","messageBody":"Co-authored-by: Yang Ming-Tian \u003c1178715749@qq.com\u003e","fileTypesAndContributionMap":{"functional-code":{"insertions":2,"deletions":2}}},{"hash":"76d67353a828cda2fd27cb32d129ff98ede1c4e6","isMergeCommit":false,"messageTitle":"Update docs/README.md","messageBody":"Co-authored-by: Yang Ming-Tian \u003c1178715749@qq.com\u003e","fileTypesAndContributionMap":{"docs":{"insertions":9,"deletions":7}}},{"hash":"6ca1d562827ca47c660144ab641fce02869449e4","isMergeCommit":true,"messageTitle":"Merge pull request #19 from AlWo223/activity","messageBody":"Add Activity","fileTypesAndContributionMap":{}}]}],"yicheng-toh":[{"date":"2023-10-05","commitResults":[{"hash":"6ef5fd0adac3dbc719b13dbf2b2ab713ac1be1ba","isMergeCommit":false,"messageTitle":"Add profile for yi cheng","messageBody":"","fileTypesAndContributionMap":{"docs":{"insertions":11,"deletions":5}}},{"hash":"9bd5f18d45380e4064736e7e2d522e4bb53d9eb2","isMergeCommit":true,"messageTitle":"Merge branch \u0027master\u0027 of https://github.com/AY2324S1-CS2113-T17-1/tp","messageBody":"# Conflicts:\n#\tdocs/AboutUs.md\n","fileTypesAndContributionMap":{}},{"hash":"57a806539f9f12400c7873eb0848e0a808657e68","isMergeCommit":true,"messageTitle":"Merge pull request #2 from yicheng-toh/master","messageBody":"Add profile for yi cheng","fileTypesAndContributionMap":{}}]},{"date":"2023-10-09","commitResults":[{"hash":"00aa40a7cd4f49250b89e8da6e405912972f4f99","isMergeCommit":false,"messageTitle":"Adjust the format of the table to resolve warning from intellij","messageBody":"","fileTypesAndContributionMap":{"docs":{"insertions":7,"deletions":7}}},{"hash":"9db4478dbe4192b8579a7f29fb22b9c8e3ee12af","isMergeCommit":true,"messageTitle":"Merge pull request #13 from yicheng-toh/documents","messageBody":"Edit table format for AboutUs.md","fileTypesAndContributionMap":{}}]},{"date":"2023-10-10","commitResults":[{"hash":"834e1ea90ff1c97a9b1cbaa7e4e8fb4d7abcc14b","isMergeCommit":true,"messageTitle":"Merge branch \u0027master\u0027 of https://github.com/AY2324S1-CS2113-T17-1/tp","messageBody":"","fileTypesAndContributionMap":{}},{"hash":"a4d91b2113c0354343357ff8e7e7726363da2a1d","isMergeCommit":true,"messageTitle":"Merge branch \u0027master\u0027 into goals","messageBody":"","fileTypesAndContributionMap":{}},{"hash":"5b01105df5ebb31111aad46bddda02776f17e218","isMergeCommit":false,"messageTitle":"Add Diet Goal Class and Diet Goal List Class","messageBody":"Fixes #10\n","fileTypesAndContributionMap":{"functional-code":{"insertions":82,"deletions":0},"test-code":{"insertions":102,"deletions":0}}},{"hash":"a6dc7e822f05482d9be899688800bc6c86e65a25","isMergeCommit":false,"messageTitle":"Add delete functionality to DietGoalList","messageBody":"Fixes #11\n","fileTypesAndContributionMap":{"functional-code":{"insertions":4,"deletions":0},"test-code":{"insertions":17,"deletions":2}}},{"hash":"75db1b825ac2cf0540f12079d025060c6bbfe19b","isMergeCommit":false,"messageTitle":"Revert \"Add delete functionality to DietGoalList\"","messageBody":"This reverts commit a6dc7e822f05482d9be899688800bc6c86e65a25.\n","fileTypesAndContributionMap":{"functional-code":{"insertions":0,"deletions":4},"test-code":{"insertions":2,"deletions":17}}},{"hash":"833207c30435d8f92a6ee8b459efc0337403084e","isMergeCommit":false,"messageTitle":"Improve code quality to pass build test","messageBody":"","fileTypesAndContributionMap":{"other":{"insertions":16,"deletions":14}}}]},{"date":"2023-10-11","commitResults":[{"hash":"e485d117db0d7ff75bd58853df24311d78160ddc","isMergeCommit":false,"messageTitle":"Remove redundant newlines","messageBody":"","fileTypesAndContributionMap":{"functional-code":{"insertions":0,"deletions":7},"test-code":{"insertions":0,"deletions":5}}},{"hash":"cf8a65f00e5865381818da68829aee12cb12788f","isMergeCommit":false,"messageTitle":"Revert \"Remove redundant newlines\"","messageBody":"This reverts commit e485d117db0d7ff75bd58853df24311d78160ddc.\n","fileTypesAndContributionMap":{"functional-code":{"insertions":7,"deletions":0},"test-code":{"insertions":5,"deletions":0}}},{"hash":"5fe5f02580038a546be18b69df69a042fd547467","isMergeCommit":false,"messageTitle":"Apply suggestions from code review","messageBody":"Remove redundant newlines as suggested by skylee03\n\nCo-authored-by: Yang Ming-Tian \u003c1178715749@qq.com\u003e","fileTypesAndContributionMap":{"functional-code":{"insertions":0,"deletions":4},"test-code":{"insertions":0,"deletions":4}}},{"hash":"35b51d3c961f239a69d6a7e2622813eb9fd764b1","isMergeCommit":true,"messageTitle":"Merge pull request #17 from yicheng-toh/goals","messageBody":"Add DietGoal Class and DietGoalList Class","fileTypesAndContributionMap":{}},{"hash":"f5ad0687c40da73186ba4e69b5915d22f4442099","isMergeCommit":true,"messageTitle":"Merge branch \u0027master\u0027 of https://github.com/AY2324S1-CS2113-T17-1/tp into goals","messageBody":"","fileTypesAndContributionMap":{}},{"hash":"3bf1545451d3c35c883dee34f81203d2838e8d71","isMergeCommit":true,"messageTitle":"Merge branch \u0027master\u0027 of https://github.com/AY2324S1-CS2113-T17-1/tp","messageBody":"","fileTypesAndContributionMap":{}},{"hash":"d397c52103037b3417e7cfa08b4d3b3897030d55","isMergeCommit":false,"messageTitle":"Add delete function to DietGoalList Fixes #11","messageBody":"","fileTypesAndContributionMap":{"functional-code":{"insertions":4,"deletions":0},"test-code":{"insertions":17,"deletions":0}}},{"hash":"4a11acbfc52340fe1ab7fbf087a0ff27c5c0bb74","isMergeCommit":false,"messageTitle":"Add edit feature for DietGoal","messageBody":"Fixes #12\n","fileTypesAndContributionMap":{"functional-code":{"insertions":17,"deletions":0},"test-code":{"insertions":23,"deletions":0}}},{"hash":"a0f11a58c10e27d786fd91577fceb7fbd7c5692f","isMergeCommit":false,"messageTitle":"Add printing to DietGoalList","messageBody":"Fixes #9\n","fileTypesAndContributionMap":{"functional-code":{"insertions":8,"deletions":0},"test-code":{"insertions":8,"deletions":0}}}]},{"date":"2023-10-12","commitResults":[{"hash":"a39f610494cda3ed34f6101ab724f15467b13ac9","isMergeCommit":false,"messageTitle":"Apply suggestions from code review","messageBody":"Convert words to American spelling in accordance to code quality standard suggested by skylee03\n\nCo-authored-by: Yang Ming-Tian \u003c1178715749@qq.com\u003e","fileTypesAndContributionMap":{"test-code":{"insertions":3,"deletions":4}}},{"hash":"7b4b871b1b5cd422c23aa3141172e92cc332358e","isMergeCommit":false,"messageTitle":"Edit variable name in accordance to code quality standards","messageBody":"","fileTypesAndContributionMap":{"test-code":{"insertions":6,"deletions":6}}},{"hash":"40a393f46f1e028e0b0011bc7766631b2f53f5c3","isMergeCommit":false,"messageTitle":"Revert \"Edit variable name in accordance to code quality standards\"","messageBody":"This reverts commit 7b4b871b1b5cd422c23aa3141172e92cc332358e.\n","fileTypesAndContributionMap":{"test-code":{"insertions":6,"deletions":6}}},{"hash":"be38b2183bee45d85cc5db3ac78e038bb68c4bb5","isMergeCommit":false,"messageTitle":"Edit variable name in accordance to code quality standard","messageBody":"","fileTypesAndContributionMap":{"test-code":{"insertions":6,"deletions":6}}},{"hash":"fbac222d5e7db32a386c4188c149b87070405c32","isMergeCommit":true,"messageTitle":"Merge branch \u0027goals\u0027 of https://github.com/yicheng-toh/tp into v1.0","messageBody":"","fileTypesAndContributionMap":{}},{"hash":"464bd877f0fa5f195cd1c55468681926140a936e","isMergeCommit":false,"messageTitle":"Apply suggestions from code review","messageBody":"Co-authored-by: Yang Ming-Tian \u003c1178715749@qq.com\u003e","fileTypesAndContributionMap":{"functional-code":{"insertions":1,"deletions":5}}},{"hash":"7bb7071d03d906fb653225ec11f8fdc5d2c015b7","isMergeCommit":true,"messageTitle":"Merge pull request #18 from yicheng-toh/goals","messageBody":"Edit, List and Delete feature added to DietGoalList","fileTypesAndContributionMap":{}}]}],"nihalzp":[{"date":"2023-10-05","commitResults":[{"hash":"5333d4cf1c8a9b0ea1a9ec084892c14dea7d53b2","isMergeCommit":false,"messageTitle":"Add individual info","messageBody":"","fileTypesAndContributionMap":{"docs":{"insertions":7,"deletions":7}}},{"hash":"a705a999b30431c68e39f5b0167f9b66b89debaf","isMergeCommit":true,"messageTitle":"Merge branch \u0027master\u0027 into nihalzp-AboutUs","messageBody":"","fileTypesAndContributionMap":{}},{"hash":"ca99d34683f1a8b4ffdca5fa6dbfdf33eb4e6afb","isMergeCommit":true,"messageTitle":"Merge pull request #3 from nihalzp/nihalzp-AboutUs","messageBody":"Add Individual Info - nihalzp","fileTypesAndContributionMap":{}}]},{"date":"2023-10-13","commitResults":[{"hash":"88c9014401be33db3f1415d271d1e6abc593324c","isMergeCommit":false,"messageTitle":"Relocate diet goals files","messageBody":"","fileTypesAndContributionMap":{"functional-code":{"insertions":95,"deletions":108}}}]},{"date":"2023-10-14","commitResults":[{"hash":"c977c9aed16f59a17ccb9512d30c061de27a153a","isMergeCommit":false,"messageTitle":"Use ArrayList inheritance for DietGoalList","messageBody":"","fileTypesAndContributionMap":{"functional-code":{"insertions":6,"deletions":23}}},{"hash":"020e4dbefe29062a29b5f8e2eb7e86e20daa3f11","isMergeCommit":false,"messageTitle":"Add JavaDoc comments for diet goal","messageBody":"","fileTypesAndContributionMap":{"functional-code":{"insertions":63,"deletions":5}}},{"hash":"d8ff94defc829ff2c17be79015165643874ae29d","isMergeCommit":false,"messageTitle":"Use diet instead of meal","messageBody":"","fileTypesAndContributionMap":{"functional-code":{"insertions":3,"deletions":3},"other":{"insertions":2,"deletions":2}}},{"hash":"73b7b8ab849eafc755f1903712899e7559f9a8db","isMergeCommit":false,"messageTitle":"Update diet goals test paths","messageBody":"","fileTypesAndContributionMap":{"other":{"insertions":22,"deletions":23}}},{"hash":"403cd565a953c696900f240c4c3d250dc81b0aff","isMergeCommit":false,"messageTitle":"Rename meals to diets in Data class","messageBody":"","fileTypesAndContributionMap":{"functional-code":{"insertions":2,"deletions":2}}},{"hash":"ead04ae4847fba3c551ac2545117e7225fc7a7a0","isMergeCommit":false,"messageTitle":"Implement Diet class","messageBody":"","fileTypesAndContributionMap":{"functional-code":{"insertions":104,"deletions":0}}},{"hash":"750a58d6d163985c90f67dae37df9bf6ebcb3e60","isMergeCommit":false,"messageTitle":"Update doc string in diet goal","messageBody":"","fileTypesAndContributionMap":{"functional-code":{"insertions":13,"deletions":1}}},{"hash":"f48538ce055185165435ec50881e37e26220e28b","isMergeCommit":false,"messageTitle":"Implement DietList","messageBody":"","fileTypesAndContributionMap":{"functional-code":{"insertions":23,"deletions":0}}},{"hash":"f9175487993b5ec115a2afa01d38d319e9a86cee","isMergeCommit":false,"messageTitle":"Add DietTest","messageBody":"","fileTypesAndContributionMap":{"test-code":{"insertions":69,"deletions":0}}},{"hash":"bd3307495eb8061d5b98192d99304d969ad94548","isMergeCommit":false,"messageTitle":"Add DietListTest","messageBody":"","fileTypesAndContributionMap":{"test-code":{"insertions":97,"deletions":0}}},{"hash":"41f96d52d3dd4b7f0319f83559ca6b09a27929e5","isMergeCommit":false,"messageTitle":"Refactor DietGoalListTest","messageBody":"","fileTypesAndContributionMap":{"test-code":{"insertions":13,"deletions":14}}},{"hash":"da06f350e71926f9a0ce37d2a7f6701e5ae45f18","isMergeCommit":false,"messageTitle":"End file with new line","messageBody":"","fileTypesAndContributionMap":{"functional-code":{"insertions":2,"deletions":2}}},{"hash":"942346561f3ee347e60d3d95ed802307cdc462f2","isMergeCommit":false,"messageTitle":"Simplify logic in DietGoal","messageBody":"","fileTypesAndContributionMap":{"functional-code":{"insertions":1,"deletions":5}}},{"hash":"24faa7a7468bfc3c3cc48ecfec34c6716c9da92f","isMergeCommit":false,"messageTitle":"Remove redundant blank lines","messageBody":"","fileTypesAndContributionMap":{"test-code":{"insertions":0,"deletions":3}}},{"hash":"308d4471b8aaf54fdf59de6692b67e8a2a9e2c17","isMergeCommit":true,"messageTitle":"Merge pull request #20 from nihalzp/diet","messageBody":"Add and Refactor Diet","fileTypesAndContributionMap":{}}]}]},"authorFileTypeContributionMap":{"skylee03":{"docs":6,"functional-code":401,"test-code":40,"other":2},"DaDevChia":{"docs":0,"functional-code":0,"test-code":0},"AlWo223":{"docs":43,"functional-code":522,"test-code":203},"yicheng-toh":{"docs":14,"functional-code":0,"test-code":110},"nihalzp":{"docs":0,"functional-code":274,"test-code":196}},"authorContributionVariance":{"skylee03":10500.713,"DaDevChia":0.16635162,"AlWo223":45556.13,"yicheng-toh":3200.337,"nihalzp":11820.646},"authorDisplayNameMap":{"skylee03":"CS2113-T17-1 YANG..TIAN","DaDevChia":"CS2113-T17-1 DYLA..TIAN","AlWo223":"CS2113-T17-1 WOLT..LIUS","yicheng-toh":"CS2113-T17-1 TOH ..HENG","nihalzp":"CS2113-T17-1 NIHA..IAJI"}}
