{"authorDailyContributionsMap":{"skylee03":[{"date":"2023-10-05","commitResults":[{"hash":"0b24d95bb5dcdbe7f53c0dd57ecd3e991bca0fba","isMergeCommit":false,"messageTitle":"Update skylee03 in AboutUs","messageBody":"","fileTypesAndContributionMap":{"docs":{"insertions":13,"deletions":7}}},{"hash":"8ad36b4ca9d2ccd786c5e20b5c8240bc2ca15211","isMergeCommit":true,"messageTitle":"Merge remote-tracking branch \u0027upstream/master\u0027 into skylee03-AboutUs","messageBody":"","fileTypesAndContributionMap":{}},{"hash":"23829d9a0b09e12b0f8f162d5d87add4f6ab4a63","isMergeCommit":true,"messageTitle":"Merge pull request #4 from skylee03/skylee03-AboutUs","messageBody":"Update skylee03 in AboutUs","fileTypesAndContributionMap":{}}]},{"date":"2023-10-08","commitResults":[{"hash":"c3134ce83d36393de4d6cb68d6340f07ebd6b9b0","isMergeCommit":false,"messageTitle":"Add CLI interaction","messageBody":"","fileTypesAndContributionMap":{"functional-code":{"insertions":253,"deletions":21},"other":{"insertions":2,"deletions":2}}},{"hash":"135bb1b04338c2e0253592c8342d81b54c82595a","isMergeCommit":false,"messageTitle":"Update build.gradle","messageBody":"","fileTypesAndContributionMap":{"other":{"insertions":2,"deletions":2}}},{"hash":"0481e59c5747ab3d43fa6b51a3e7c7d864054ca5","isMergeCommit":false,"messageTitle":"Create packages/classes for commands and data","messageBody":"","fileTypesAndContributionMap":{"functional-code":{"insertions":164,"deletions":5}}},{"hash":"8cb6c0a847e3eb76064ffce3ace232ec69d49699","isMergeCommit":false,"messageTitle":"Add ParserTest","messageBody":"","fileTypesAndContributionMap":{"test-code":{"insertions":40,"deletions":12}}}]},{"date":"2023-10-16","commitResults":[{"hash":"710297a46c87d88cf6d8adfe83c5b78db64d15f9","isMergeCommit":false,"messageTitle":"Use `AthletiException` class to handle all exceptions","messageBody":"","fileTypesAndContributionMap":{"functional-code":{"insertions":3,"deletions":17},"test-code":{"insertions":3,"deletions":3}}},{"hash":"8f252f892e5a11a13fc316eb9297662c969c5c31","isMergeCommit":true,"messageTitle":"Merge remote-tracking branch \u0027upstream/master\u0027 into refactor-exception","messageBody":"","fileTypesAndContributionMap":{}},{"hash":"065480e820ccd9cb6be632e7b564ee36cc2f936c","isMergeCommit":true,"messageTitle":"Merge pull request #41 from skylee03/refactor-exception","messageBody":"Use `AthletiException` class to handle all exceptions","fileTypesAndContributionMap":{}},{"hash":"2eb3e967083322cc11ef6500506c6aa6744f9e08","isMergeCommit":false,"messageTitle":"Use `assert` in `ui` package","messageBody":"","fileTypesAndContributionMap":{"functional-code":{"insertions":6,"deletions":0}}}]},{"date":"2023-10-17","commitResults":[{"hash":"20d90df4a8c446e303b0c3c75d8ee267031a8eb3","isMergeCommit":false,"messageTitle":"Use `logging` in `AthletiCLI` class","messageBody":"","fileTypesAndContributionMap":{"functional-code":{"insertions":20,"deletions":0}}},{"hash":"4e7f3667fbbb2847269403d46dcd42225835f259","isMergeCommit":false,"messageTitle":"Improve code quality","messageBody":"","fileTypesAndContributionMap":{"functional-code":{"insertions":1,"deletions":2}}},{"hash":"1c7afe5447f87cdcb2bfb039cc520c089348ef34","isMergeCommit":false,"messageTitle":"Remove debug output","messageBody":"","fileTypesAndContributionMap":{"functional-code":{"insertions":0,"deletions":1}}},{"hash":"2f854b5605a94a156c6aecaa1c9e777e449a15bc","isMergeCommit":true,"messageTitle":"Merge pull request #44 from skylee03/assert-ui","messageBody":"Use `assert` and `logging`","fileTypesAndContributionMap":{}}]},{"date":"2023-10-21","commitResults":[{"hash":"5214c3b07fb99d09964e9560f954508e5e6e8fc2","isMergeCommit":false,"messageTitle":"Add help command","messageBody":"","fileTypesAndContributionMap":{"functional-code":{"insertions":132,"deletions":0}}},{"hash":"b84b80eacd7e3743198ed32c6ac92ee230a922fa","isMergeCommit":false,"messageTitle":"Update runtest to ignore trailing spaces","messageBody":"","fileTypesAndContributionMap":{"other":{"insertions":2,"deletions":2}}},{"hash":"49ba6f0df297e185c7469ac5526aa011133e31e8","isMergeCommit":false,"messageTitle":"Update runtest.sh to make it compatible with MacOS","messageBody":"","fileTypesAndContributionMap":{"other":{"insertions":1,"deletions":1}}},{"hash":"c81d5fb5e06414f18e5e3b2926d8f43d99d823cd","isMergeCommit":false,"messageTitle":"Set locale of DateTimeFormatter to English","messageBody":"","fileTypesAndContributionMap":{"functional-code":{"insertions":2,"deletions":1}}},{"hash":"0114bd9c4a5f135b16959e5b457ed7f0c53ed7a1","isMergeCommit":true,"messageTitle":"Merge pull request #78 from skylee03/set-locale","messageBody":"Set locale of DateTimeFormatter to English","fileTypesAndContributionMap":{}},{"hash":"8d15b73af3f636f95ca95466a39e3b9f55b38583","isMergeCommit":true,"messageTitle":"Merge pull request #77 from skylee03/help-command","messageBody":"Add `help` command","fileTypesAndContributionMap":{}}]},{"date":"2023-10-22","commitResults":[{"hash":"848aa98b502c41aafc8c28bbf396547a31200de6","isMergeCommit":false,"messageTitle":"Add storage features","messageBody":"","fileTypesAndContributionMap":{"functional-code":{"insertions":139,"deletions":19}}},{"hash":"79dced6990c7cd3edb33d705becfaa7030943dfc","isMergeCommit":false,"messageTitle":"Add help messages for save command","messageBody":"","fileTypesAndContributionMap":{"functional-code":{"insertions":3,"deletions":0}}},{"hash":"51b1217df5232a93d66b1d0711c81fb9f51503ea","isMergeCommit":false,"messageTitle":"Update src/main/java/athleticli/commands/ByeCommand.java","messageBody":"Co-authored-by: Yi Cheng \u003c75836313+yicheng-toh@users.noreply.github.com\u003e","fileTypesAndContributionMap":{"functional-code":{"insertions":1,"deletions":1}}},{"hash":"11e07f26742dad96e7ab2d5401e90d6c36250ef5","isMergeCommit":false,"messageTitle":"Modify the extension of `PATH_SAVE`","messageBody":"","fileTypesAndContributionMap":{"functional-code":{"insertions":1,"deletions":1}}},{"hash":"1f1d356e443da63e06f4d38e5fab10696da75b49","isMergeCommit":true,"messageTitle":"Merge remote-tracking branch \u0027upstream/master\u0027 into storage","messageBody":"","fileTypesAndContributionMap":{}},{"hash":"273f57174a24242f32de525503aedd6dc76aa477","isMergeCommit":false,"messageTitle":"Save data when the JVM begins its shutdown sequence","messageBody":"","fileTypesAndContributionMap":{"functional-code":{"insertions":13,"deletions":11}}},{"hash":"d4ff6c77512b078593d0721c1635c4704a35623d","isMergeCommit":true,"messageTitle":"Merge remote-tracking branch \u0027upstream/master\u0027 into storage","messageBody":"","fileTypesAndContributionMap":{}},{"hash":"7d8724f1da03d1767abcad57caf2757b1bc37fdc","isMergeCommit":true,"messageTitle":"Merge pull request #79 from skylee03/storage","messageBody":"Add storage features","fileTypesAndContributionMap":{}}]},{"date":"2023-10-23","commitResults":[{"hash":"131ee521013bbe8bb827aebfde7d94c68d23d694","isMergeCommit":false,"messageTitle":"Add `Findable` interface and classes for find commands","messageBody":"","fileTypesAndContributionMap":{"functional-code":{"insertions":207,"deletions":3}}},{"hash":"4b20c0518ce38fa346b95cf231b3b8031245a002","isMergeCommit":false,"messageTitle":"Add find commands into the parser","messageBody":"","fileTypesAndContributionMap":{"functional-code":{"insertions":32,"deletions":1}}},{"hash":"b7b7a16f0f429edd78b65b4a9fded8f3a17228ad","isMergeCommit":false,"messageTitle":"Update help messages","messageBody":"","fileTypesAndContributionMap":{"functional-code":{"insertions":16,"deletions":0}}},{"hash":"674c55c740884d4a4b914ee20f3585ec655afc1e","isMergeCommit":false,"messageTitle":"Remove redundant `try-catch` in `FindCommand`","messageBody":"","fileTypesAndContributionMap":{"functional-code":{"insertions":7,"deletions":11}}},{"hash":"1c038a815dc0e0ae01dfce8c80fe5e5723fdec9e","isMergeCommit":true,"messageTitle":"Merge pull request #88 from skylee03/findable","messageBody":"Add `Findable` interface and classes for find commands","fileTypesAndContributionMap":{}}]},{"date":"2023-10-24","commitResults":[{"hash":"4837bf70a4a4cc74ef4de8c775ceb8f657e5d0bf","isMergeCommit":false,"messageTitle":"Implement goal abstract class for goal functionality","messageBody":"","fileTypesAndContributionMap":{"functional-code":{"insertions":98,"deletions":0}}}]},{"date":"2023-10-25","commitResults":[{"hash":"a40febfd328bf48cbd669cb2e7d0d06fdb607ab6","isMergeCommit":true,"messageTitle":"Merge pull request #95 from skylee03/abstract-goal","messageBody":"Implement goal abstract class for goal functionality","fileTypesAndContributionMap":{}}]}],"DaDevChia":[{"date":"2023-10-05","commitResults":[{"hash":"0b6a61ab5f9e012eab2a34c0a65593eb3ee747db","isMergeCommit":false,"messageTitle":"Added profile information","messageBody":"","fileTypesAndContributionMap":{"docs":{"insertions":1,"deletions":1}}},{"hash":"0694bcffcee38aa324b0dedbaaf61fa8b89ad035","isMergeCommit":true,"messageTitle":"Merge branch \u0027master\u0027 into dylanChia-AboutUs","messageBody":"","fileTypesAndContributionMap":{}},{"hash":"9bed8b4b05c9f4ac170143e58c4c73d268e03d1b","isMergeCommit":true,"messageTitle":"Merge pull request #5 from DaDevChia/dylanChia-AboutUs","messageBody":"Added profile information","fileTypesAndContributionMap":{}}]},{"date":"2023-10-10","commitResults":[{"hash":"e31e4398411fe06ef751b8432a69c3d71b25c757","isMergeCommit":true,"messageTitle":"Merge pull request #8 from skylee03/cli-interaction","messageBody":"Add CLI interaction","fileTypesAndContributionMap":{}},{"hash":"914104a7efdfba71222a6f004d620cb49119934d","isMergeCommit":true,"messageTitle":"Merge pull request #1 from AY2324S1-CS2113-T17-1:master","messageBody":"Master","fileTypesAndContributionMap":{}}]},{"date":"2023-10-12","commitResults":[{"hash":"bc77b66ec8241e85f841294349f30e9b9465178b","isMergeCommit":false,"messageTitle":"Implemented Sleep add, edit, delete, list","messageBody":"","fileTypesAndContributionMap":{"functional-code":{"insertions":276,"deletions":8}}}]},{"date":"2023-10-14","commitResults":[{"hash":"46edcdbfd294c5013e0757a607889e71809482be","isMergeCommit":false,"messageTitle":"Added Junit test for sleep class","messageBody":"","fileTypesAndContributionMap":{"test-code":{"insertions":20,"deletions":0}}},{"hash":"30613649314867940690602daa35f9c1e8035a45","isMergeCommit":false,"messageTitle":"Added junit test for AddSleepCommand class","messageBody":"","fileTypesAndContributionMap":{"test-code":{"insertions":30,"deletions":0}}},{"hash":"f02ea1e04e1a11a4c440b6ebd92499d9f6aabafe","isMergeCommit":false,"messageTitle":"Added junit test for AddSleepCommand class","messageBody":"","fileTypesAndContributionMap":{"test-code":{"insertions":41,"deletions":0}}},{"hash":"e335628314a2b34fdc8e888b4123aa841b7a165f","isMergeCommit":true,"messageTitle":"Merge remote master branch into branch-sleep","messageBody":"","fileTypesAndContributionMap":{}},{"hash":"93d65605f87a62f40c372370935fb104f66a5771","isMergeCommit":false,"messageTitle":"Renamed all meal to diet class reference","messageBody":"","fileTypesAndContributionMap":{"functional-code":{"insertions":2,"deletions":2}}},{"hash":"119b279f86e540ae3cb4b7135023cd123a440bcc","isMergeCommit":false,"messageTitle":"Added junit tests for sleep commands in parser","messageBody":"","fileTypesAndContributionMap":{"test-code":{"insertions":29,"deletions":0}}},{"hash":"3daa08c864f2163c73bf65f2c77cee1c53bb0005","isMergeCommit":false,"messageTitle":"Added check for invalid index when deleting sleep","messageBody":"","fileTypesAndContributionMap":{"functional-code":{"insertions":5,"deletions":0}}},{"hash":"9f0b9866dbb061311413c28742ea40725839b51d","isMergeCommit":false,"messageTitle":"Added tests for delete add and list sleep commands","messageBody":"","fileTypesAndContributionMap":{"other":{"insertions":2,"deletions":2},"test-code":{"insertions":79,"deletions":0}}},{"hash":"3cebb7864672cde7cb8da5f1ec04602c333ce7e9","isMergeCommit":false,"messageTitle":"Moved sleep test to correct directory","messageBody":"","fileTypesAndContributionMap":{"other":{"insertions":1,"deletions":1}}},{"hash":"ca31bd932ae8ad595f649bc2c62ad5228c73a782","isMergeCommit":false,"messageTitle":"Removed unecessary imports from tests","messageBody":"","fileTypesAndContributionMap":{"test-code":{"insertions":0,"deletions":11}}},{"hash":"3a803c14ec3b76f2662b2394eae5f4bacb3246c6","isMergeCommit":false,"messageTitle":"Added junit test for sleep edit command","messageBody":"","fileTypesAndContributionMap":{"test-code":{"insertions":34,"deletions":0}}},{"hash":"51303b230c62fca9a6a626211baa7cb9017fac29","isMergeCommit":false,"messageTitle":"Fixed Checkstyle violations","messageBody":"","fileTypesAndContributionMap":{"functional-code":{"insertions":30,"deletions":32},"test-code":{"insertions":3,"deletions":3}}}]},{"date":"2023-10-15","commitResults":[{"hash":"eb4541cc26c4cf8d17caaf64796abc08498cfce5","isMergeCommit":false,"messageTitle":"Fixed space formatting","messageBody":"Co-authored-by: Yang Ming-Tian \u003c1178715749@qq.com\u003e","fileTypesAndContributionMap":{"functional-code":{"insertions":2,"deletions":2}}},{"hash":"44ecbf846f21e675e5ec5eec5be301d5acc06aa1","isMergeCommit":false,"messageTitle":"Apply formatting suggestions from code review","messageBody":"Co-authored-by: Yang Ming-Tian \u003c1178715749@qq.com\u003e","fileTypesAndContributionMap":{"functional-code":{"insertions":7,"deletions":15},"test-code":{"insertions":0,"deletions":10}}},{"hash":"a9024e7352c2f21ceb932ed7f88be0cf295225eb","isMergeCommit":true,"messageTitle":"Merge pull request #21 from DaDevChia/branch-sleep","messageBody":"Added sleep tracking functionality, along with list, add, edit, delete methods ","fileTypesAndContributionMap":{}}]},{"date":"2023-10-16","commitResults":[{"hash":"500b2e0c0475943eef1256c34867d7d50def75fa","isMergeCommit":false,"messageTitle":"Added javadocs for all sleep features","messageBody":"","fileTypesAndContributionMap":{"functional-code":{"insertions":84,"deletions":6}}}]},{"date":"2023-10-17","commitResults":[{"hash":"8f210386deab792857278cb869d6e7dbe81e501e","isMergeCommit":false,"messageTitle":"Implemented LocalDateTime for sleep, fixes #22","messageBody":"","fileTypesAndContributionMap":{"functional-code":{"insertions":65,"deletions":27}}},{"hash":"0ee91741c46cd5d09fdf8882c0c6a594c57d7176","isMergeCommit":false,"messageTitle":"Implemented setter methods for data object","messageBody":"","fileTypesAndContributionMap":{"functional-code":{"insertions":27,"deletions":1}}},{"hash":"2e75378f6fa4f6234a6213b8b9e4e63112ab93a4","isMergeCommit":false,"messageTitle":"Reworked all Junit tests for sleep, fixes #23","messageBody":"","fileTypesAndContributionMap":{"test-code":{"insertions":246,"deletions":104}}},{"hash":"98439a6061cc53595d9b4bcf49dc20ece2e4fdd9","isMergeCommit":false,"messageTitle":"Added and updated Junit tests for sleep parser","messageBody":"","fileTypesAndContributionMap":{"test-code":{"insertions":20,"deletions":2}}},{"hash":"e8a479ebefd85df7f1e5fddd50d57329a538bf2c","isMergeCommit":false,"messageTitle":"Implement Message class for Sleep #24","messageBody":"","fileTypesAndContributionMap":{"functional-code":{"insertions":54,"deletions":37},"test-code":{"insertions":3,"deletions":4}}},{"hash":"0966da05332d6d9884a12762f1acca3e8b1cc608","isMergeCommit":false,"messageTitle":"Updated userguide for sleep features #25","messageBody":"","fileTypesAndContributionMap":{"docs":{"insertions":77,"deletions":0}}},{"hash":"e14aa195ac61c0d1a6904bbd5ce0e58e9eeea98d","isMergeCommit":false,"messageTitle":"Implemeted gradle checkstyle suggestions","messageBody":"","fileTypesAndContributionMap":{"functional-code":{"insertions":20,"deletions":15},"test-code":{"insertions":8,"deletions":4}}},{"hash":"d5233b0465955498343b428ca27862b770758e3e","isMergeCommit":true,"messageTitle":"Merge branch \u0027master\u0027 of https://github.com/AY2324S1-CS2113-T17-1/tp into branch-sleep-improvements","messageBody":"","fileTypesAndContributionMap":{}}]},{"date":"2023-10-18","commitResults":[{"hash":"887ad3d18dea4c1a1eb52f3d136e5c5b77410ff2","isMergeCommit":false,"messageTitle":"Applied spacing suggestions from code review","messageBody":"Added spacing to javadocs as per coding standard\n\nCo-authored-by: nihalzp \u003c81457724+nihalzp@users.noreply.github.com\u003e","fileTypesAndContributionMap":{"functional-code":{"insertions":4,"deletions":0}}},{"hash":"0490d9a8a964b89afbc27ff19ccd712fdb8fdfd8","isMergeCommit":false,"messageTitle":"Added exceptions handling for edit / delete sleep","messageBody":"","fileTypesAndContributionMap":{"functional-code":{"insertions":23,"deletions":10},"test-code":{"insertions":14,"deletions":15}}},{"hash":"ff52e5bb4276c795953d232fda4948bb90a57b90","isMergeCommit":true,"messageTitle":"Merge branch \u0027branch-sleep-improvements\u0027 of https://github.com/DaDevChia/tp into branch-sleep-improvements","messageBody":"","fileTypesAndContributionMap":{}},{"hash":"210ec4fe5da9d884e44c7ffebfb4ccfd30b037f2","isMergeCommit":true,"messageTitle":"Merge pull request #51 from DaDevChia/branch-sleep-improvements","messageBody":"Added improvements to sleep feature","fileTypesAndContributionMap":{}}]},{"date":"2023-10-20","commitResults":[{"hash":"1fda0f371511e7763971a8e38c52cc6ee6006686","isMergeCommit":false,"messageTitle":"Deleted redundant sleeplist method","messageBody":"","fileTypesAndContributionMap":{"functional-code":{"insertions":0,"deletions":12}}},{"hash":"94ac2b8b4663af7522108a52ad90de9a1d94ec74","isMergeCommit":false,"messageTitle":"Changed list printing method for list sleep","messageBody":"","fileTypesAndContributionMap":{"functional-code":{"insertions":14,"deletions":6},"test-code":{"insertions":8,"deletions":7}}},{"hash":"332d5ab2105cabf9e0f9b082cc5839ee54bb3463","isMergeCommit":false,"messageTitle":"Closes #64; Updated junit tests for sleep class","messageBody":"","fileTypesAndContributionMap":{"test-code":{"insertions":45,"deletions":18}}},{"hash":"2f8658f4e76f96fdabe3dbe922d12322f4d94096","isMergeCommit":false,"messageTitle":"Closes #75 Added Logging and Assertions for Sleep","messageBody":"","fileTypesAndContributionMap":{"functional-code":{"insertions":45,"deletions":3}}},{"hash":"3d4b9ae69ff02a8322cf924b553b6c2f3f53137d","isMergeCommit":true,"messageTitle":"Merge branch \u0027master\u0027 of https://github.com/DaDevChia/tp into branch-sleep-improvements","messageBody":"","fileTypesAndContributionMap":{}},{"hash":"d86e23fbe297e8710a3eae25ca3943b0a40ae544","isMergeCommit":false,"messageTitle":"Closes #50; Add parameter class for all separators","messageBody":"","fileTypesAndContributionMap":{"functional-code":{"insertions":11,"deletions":14}}},{"hash":"0ff05b3b4d4c4f18348dc0a776fc530d797a7249","isMergeCommit":false,"messageTitle":"Fixed Checkstyle violations","messageBody":"","fileTypesAndContributionMap":{"functional-code":{"insertions":4,"deletions":4}}}]},{"date":"2023-10-23","commitResults":[{"hash":"e5c4832683aed3603cb80efe4aa56505f9503ab6","isMergeCommit":false,"messageTitle":"Added changes to style from code review","messageBody":"","fileTypesAndContributionMap":{"functional-code":{"insertions":16,"deletions":17}}},{"hash":"3e9374fca356e5feb28ec7cdd3b44aef0182d008","isMergeCommit":true,"messageTitle":"Merge branch \u0027master\u0027 into branch-sleep-improvements","messageBody":"","fileTypesAndContributionMap":{}},{"hash":"b74f2d37cb61977204e9bbb83986d88f7551f428","isMergeCommit":false,"messageTitle":"Fixed Checkstyle error","messageBody":"","fileTypesAndContributionMap":{"functional-code":{"insertions":0,"deletions":1}}},{"hash":"c2104bb0d9f49758b042d539db3778ce935cd787","isMergeCommit":true,"messageTitle":"Merge pull request #76 from DaDevChia/branch-sleep-improvements","messageBody":"Sleep code quality Improvements","fileTypesAndContributionMap":{}}]}],"AlWo223":[{"date":"2023-10-05","commitResults":[{"hash":"d1830be8fa3c9af05ee0c009b1e7e57fefed93d8","isMergeCommit":false,"messageTitle":"Update README.md","messageBody":"","fileTypesAndContributionMap":{"docs":{"insertions":1,"deletions":1}}},{"hash":"cae7a967c15901f3c6c233cc6d5d43d26b914577","isMergeCommit":false,"messageTitle":"test forking","messageBody":"","fileTypesAndContributionMap":{"docs":{"insertions":7,"deletions":7}}},{"hash":"446cc7162d1d868e5a3050a324ec45953fc26a3a","isMergeCommit":true,"messageTitle":"Merge pull request #1 from AlWo223/devalex","messageBody":"test forking","fileTypesAndContributionMap":{}}]},{"date":"2023-10-10","commitResults":[{"hash":"024c68352be321cb9ceb2f7df72447ae27259dec","isMergeCommit":false,"messageTitle":"Add activity parent class","messageBody":"","fileTypesAndContributionMap":{"functional-code":{"insertions":62,"deletions":1}}}]},{"date":"2023-10-11","commitResults":[{"hash":"40bd286165eebade7f4426821383a27b08302d21","isMergeCommit":false,"messageTitle":"add run, swim and cycle as activity childs","messageBody":"","fileTypesAndContributionMap":{"functional-code":{"insertions":60,"deletions":24}}}]},{"date":"2023-10-12","commitResults":[{"hash":"9c6c3ed9e8a77f718996d99605e5ab8393d82f15","isMergeCommit":false,"messageTitle":"Enable user to add run","messageBody":"","fileTypesAndContributionMap":{"functional-code":{"insertions":124,"deletions":2}}},{"hash":"06f3e25556e6eb2fbd58459542d9802421b01cdf","isMergeCommit":false,"messageTitle":"Simplify add run to add activity","messageBody":"","fileTypesAndContributionMap":{"functional-code":{"insertions":10,"deletions":16}}},{"hash":"d0949fc7e73bafcf00af8e84541620da5da2b53d","isMergeCommit":false,"messageTitle":"Provide JavaDoc comments","messageBody":"","fileTypesAndContributionMap":{"functional-code":{"insertions":63,"deletions":1},"test-code":{"insertions":4,"deletions":0}}},{"hash":"b6b92040342ba95378e7a324ff3e28998dfb633f","isMergeCommit":false,"messageTitle":"Implement adding of specific activities swim, cycle and run","messageBody":"","fileTypesAndContributionMap":{"functional-code":{"insertions":87,"deletions":19}}},{"hash":"af6cc67a94a9a5362066c4ea936bfd8d19d70ef8","isMergeCommit":false,"messageTitle":"Generate JUnit Tests for different types of activities","messageBody":"","fileTypesAndContributionMap":{"functional-code":{"insertions":53,"deletions":24},"test-code":{"insertions":146,"deletions":1}}},{"hash":"22dddf5c7a3a6aab26c295f9c95e46fff7788447","isMergeCommit":false,"messageTitle":"Implement activity parsing","messageBody":"","fileTypesAndContributionMap":{"functional-code":{"insertions":74,"deletions":0}}}]},{"date":"2023-10-13","commitResults":[{"hash":"f1a10d37df14ad9eb5360e13fa1d55bf70c3c9d9","isMergeCommit":false,"messageTitle":"Enable parsing of other sport activities","messageBody":"","fileTypesAndContributionMap":{"functional-code":{"insertions":202,"deletions":191}}},{"hash":"41a2d7f82fe734fdcc553083763d2f915b68dc88","isMergeCommit":false,"messageTitle":"Improve code quality","messageBody":"","fileTypesAndContributionMap":{"functional-code":{"insertions":27,"deletions":23},"test-code":{"insertions":25,"deletions":22}}},{"hash":"2498fd588fccd610a3ec3c4241f14d417611a689","isMergeCommit":false,"messageTitle":"Place overload methods next to each other","messageBody":"","fileTypesAndContributionMap":{"functional-code":{"insertions":16,"deletions":16}}},{"hash":"21dfeec67a371f0dccb96b43391c2081a08d9392","isMergeCommit":false,"messageTitle":"Add single line representation of activities","messageBody":"","fileTypesAndContributionMap":{"functional-code":{"insertions":76,"deletions":10},"test-code":{"insertions":82,"deletions":30}}},{"hash":"a3e611afddcbc54beb94540e83bc196655f7fdbb","isMergeCommit":false,"messageTitle":"Describe how to add activities in UserGuide","messageBody":"","fileTypesAndContributionMap":{"docs":{"insertions":40,"deletions":5}}},{"hash":"d18183d67ecfdedc2b15a956a3717447418d735c","isMergeCommit":false,"messageTitle":"Improve code quality","messageBody":"","fileTypesAndContributionMap":{"functional-code":{"insertions":21,"deletions":33},"test-code":{"insertions":10,"deletions":12}}},{"hash":"cb06421b762e002f0014f0a60ec324ebad344cf7","isMergeCommit":false,"messageTitle":"Resolve minor coding standard violations","messageBody":"","fileTypesAndContributionMap":{"functional-code":{"insertions":4,"deletions":2},"test-code":{"insertions":5,"deletions":4}}},{"hash":"5efb24cc5a01130909e02b92c26e8ae7311a0787","isMergeCommit":false,"messageTitle":"Update src/main/java/athleticli/data/activity/Cycle.java","messageBody":"Co-authored-by: Yang Ming-Tian \u003c1178715749@qq.com\u003e","fileTypesAndContributionMap":{"functional-code":{"insertions":2,"deletions":2}}},{"hash":"76d67353a828cda2fd27cb32d129ff98ede1c4e6","isMergeCommit":false,"messageTitle":"Update docs/README.md","messageBody":"Co-authored-by: Yang Ming-Tian \u003c1178715749@qq.com\u003e","fileTypesAndContributionMap":{"docs":{"insertions":9,"deletions":7}}},{"hash":"6ca1d562827ca47c660144ab641fce02869449e4","isMergeCommit":true,"messageTitle":"Merge pull request #19 from AlWo223/activity","messageBody":"Add Activity","fileTypesAndContributionMap":{}}]},{"date":"2023-10-15","commitResults":[{"hash":"212799a32b8e92686294704025df23ae828ddad1","isMergeCommit":false,"messageTitle":"Add delete-activity command","messageBody":"","fileTypesAndContributionMap":{"functional-code":{"insertions":67,"deletions":2}}},{"hash":"f9e927a4e48c4a06c49492e359ef10fc2c08ceda","isMergeCommit":false,"messageTitle":"Remove magic numbers in activity parsing","messageBody":"","fileTypesAndContributionMap":{"functional-code":{"insertions":44,"deletions":23}}},{"hash":"fef8602baa76f930bc9a2d94a38a0a26274f3ccb","isMergeCommit":false,"messageTitle":"Add delete-activity instructions in UserGuide","messageBody":"","fileTypesAndContributionMap":{"docs":{"insertions":18,"deletions":0}}}]},{"date":"2023-10-17","commitResults":[{"hash":"9fef12d5fe197162e1054e2d0fa70c5d09ff0a61","isMergeCommit":false,"messageTitle":"Add list-activity command","messageBody":"","fileTypesAndContributionMap":{"functional-code":{"insertions":63,"deletions":7}}},{"hash":"bbafeb117839aa2c8046e0566ae84256fa1bb2dd","isMergeCommit":false,"messageTitle":"Enable detailed view of activities","messageBody":"","fileTypesAndContributionMap":{"functional-code":{"insertions":142,"deletions":17}}},{"hash":"a95ebe424439167e121ce27bb69140bb45adf76e","isMergeCommit":false,"messageTitle":"change flag parameter of list-activity command","messageBody":"","fileTypesAndContributionMap":{"functional-code":{"insertions":2,"deletions":2}}},{"hash":"640898ee0a68ee886104e51336451781857c2330","isMergeCommit":false,"messageTitle":"Describe list-activity command in UserGuide","messageBody":"","fileTypesAndContributionMap":{"docs":{"insertions":17,"deletions":0}}},{"hash":"ee39eaa464bbfd78829588b8903c4d78848eb924","isMergeCommit":false,"messageTitle":"Add edit command for activities","messageBody":"","fileTypesAndContributionMap":{"functional-code":{"insertions":98,"deletions":1}}},{"hash":"d06fe24f8ecab07eb82e821f5261027535368134","isMergeCommit":false,"messageTitle":"Update UserGuide with instruction for editing activities","messageBody":"","fileTypesAndContributionMap":{"docs":{"insertions":22,"deletions":2}}},{"hash":"3902b0fdc6bfba8d5410dd371a16e912bf2eba43","isMergeCommit":false,"messageTitle":"Enable logging of activity editing process","messageBody":"","fileTypesAndContributionMap":{"functional-code":{"insertions":6,"deletions":0}}},{"hash":"56c4878e53519e4d18bc2f8f8637c93c89fd8615","isMergeCommit":false,"messageTitle":"Add assertion check to edit command","messageBody":"","fileTypesAndContributionMap":{"functional-code":{"insertions":1,"deletions":0}}}]},{"date":"2023-10-18","commitResults":[{"hash":"a3424ee0a5873c1627dae1a67b53a80a80ef0cf0","isMergeCommit":false,"messageTitle":"Improve code quality","messageBody":"","fileTypesAndContributionMap":{"functional-code":{"insertions":29,"deletions":30},"test-code":{"insertions":4,"deletions":6}}},{"hash":"17b7716904ee54cc8059ee038a591ef8ae2f8a10","isMergeCommit":true,"messageTitle":"Merge master branch","messageBody":"","fileTypesAndContributionMap":{}},{"hash":"9444463cdb497bb76c542a5873c8fef01c8c65dd","isMergeCommit":false,"messageTitle":"Add some JavaDoc comments to Parser code","messageBody":"","fileTypesAndContributionMap":{"functional-code":{"insertions":30,"deletions":0}}},{"hash":"199697e0c7d231bde90cda121530dfc22b080fca","isMergeCommit":true,"messageTitle":"Improve code quality and readability","messageBody":"","fileTypesAndContributionMap":{}},{"hash":"bdda8c8d199d157e898e00485c085534f45ace0b","isMergeCommit":true,"messageTitle":"Merge pull request #59 from AlWo223/list","messageBody":"Implement commands for editing, deleting, viewing activities","fileTypesAndContributionMap":{}}]},{"date":"2023-10-22","commitResults":[{"hash":"9680fb5cbfc66a622ef25e63cedf0856b287cfbc","isMergeCommit":false,"messageTitle":"Write Junit tests for deleting activities","messageBody":"","fileTypesAndContributionMap":{"test-code":{"insertions":49,"deletions":0}}},{"hash":"b279d894da455e4a6b94b705d6dd10744d0cedfd","isMergeCommit":false,"messageTitle":"Write Test methods for adding activities","messageBody":"","fileTypesAndContributionMap":{"test-code":{"insertions":14,"deletions":2}}},{"hash":"c2b01c28c64ebb16539a46582f5d04b7f729da34","isMergeCommit":false,"messageTitle":"Add missing JavaDoc comments for activity related code","messageBody":"","fileTypesAndContributionMap":{"functional-code":{"insertions":132,"deletions":2}}},{"hash":"b6b1535a7bcd2c6bdf15a9cc298acf1b0f49b42c","isMergeCommit":false,"messageTitle":"Generate test cases for edit and list activity command","messageBody":"","fileTypesAndContributionMap":{"test-code":{"insertions":130,"deletions":0}}}]},{"date":"2023-10-23","commitResults":[{"hash":"550788a79273863edfbd0f8809052bb24c8e02c4","isMergeCommit":false,"messageTitle":"Write missing Junit tests for all acitivty related classes","messageBody":"","fileTypesAndContributionMap":{"functional-code":{"insertions":40,"deletions":20},"test-code":{"insertions":335,"deletions":2}}},{"hash":"2195ac4fd6c71f4ecfe27489c2b0f22eb2b84e44","isMergeCommit":false,"messageTitle":"Enable autodelete of data file for text-ui-testing","messageBody":"","fileTypesAndContributionMap":{"other":{"insertions":5,"deletions":0}}},{"hash":"37582fa681a84a7d5aa7d3e41255e5a4a92f1a12","isMergeCommit":true,"messageTitle":"Merge master in branch Testing","messageBody":"","fileTypesAndContributionMap":{}},{"hash":"9871f65f832f963758acbe29ac6c8b5904d7360c","isMergeCommit":false,"messageTitle":"Improve code quality","messageBody":"","fileTypesAndContributionMap":{"test-code":{"insertions":13,"deletions":14}}},{"hash":"831e293292d3cf0c51525528fd7530a206d49513","isMergeCommit":false,"messageTitle":"Disable test cases conflicting with github gradle check","messageBody":"","fileTypesAndContributionMap":{"test-code":{"insertions":8,"deletions":0}}},{"hash":"98b3818cc30ca4ed43fc5c68034a93e9d77d79ce","isMergeCommit":false,"messageTitle":"Prevent tracking of negative activity distances","messageBody":"","fileTypesAndContributionMap":{"functional-code":{"insertions":5,"deletions":0}}},{"hash":"56a616f86a1cb48aef2f767739f4a2428fa791e5","isMergeCommit":false,"messageTitle":"Add comment regarding negative distances to user guide","messageBody":"","fileTypesAndContributionMap":{"docs":{"insertions":1,"deletions":1}}}]},{"date":"2023-10-24","commitResults":[{"hash":"d621d8d4c5a15b8ac3c9457cf8b4def6ea0aa31f","isMergeCommit":false,"messageTitle":"Use timeformatter for moving time input","messageBody":"","fileTypesAndContributionMap":{"functional-code":{"insertions":45,"deletions":27},"test-code":{"insertions":31,"deletions":10}}},{"hash":"9959e8f67b0b37188a88e103aca82b4e03567533","isMergeCommit":false,"messageTitle":"add find by date search for activity list","messageBody":"","fileTypesAndContributionMap":{"functional-code":{"insertions":7,"deletions":1},"test-code":{"insertions":39,"deletions":0}}},{"hash":"105eeae4f365faf9a1312945ffc8b5b96ee598bf","isMergeCommit":false,"messageTitle":"Sort activity list from latest to earliest by default","messageBody":"","fileTypesAndContributionMap":{"functional-code":{"insertions":6,"deletions":0},"test-code":{"insertions":7,"deletions":0}}},{"hash":"2686de94641bf71f6ff3f213a40d0a53736517c8","isMergeCommit":false,"messageTitle":"add filtering of activities by timespan","messageBody":"","fileTypesAndContributionMap":{"functional-code":{"insertions":27,"deletions":0},"test-code":{"insertions":11,"deletions":0}}},{"hash":"4ff3cd3b0025934e34bc85d3bf47dcafb02150fc","isMergeCommit":false,"messageTitle":"modify add activity command name","messageBody":"","fileTypesAndContributionMap":{"functional-code":{"insertions":5,"deletions":4},"docs":{"insertions":7,"deletions":7},"test-code":{"insertions":2,"deletions":2}}}]},{"date":"2023-10-25","commitResults":[{"hash":"1da15e2c0b96a826b60d71297460cd46768cc9d7","isMergeCommit":false,"messageTitle":"Use locale english to format double output","messageBody":"","fileTypesAndContributionMap":{"functional-code":{"insertions":3,"deletions":2}}},{"hash":"7cd215317542bbd6dd0b43b3ec1af0c58e0fad60","isMergeCommit":true,"messageTitle":"Merge pull request #91 from AlWo223/negdist","messageBody":"Prevent tracking of negative distances and adjust duration input format","fileTypesAndContributionMap":{}},{"hash":"ce187aa51bd3b58a1b0aec74ffdb97b9a43c892b","isMergeCommit":true,"messageTitle":"Merge pull request #92 from AlWo223/find_by_date","messageBody":"Implement find by date and timespan filtering of activities","fileTypesAndContributionMap":{}},{"hash":"533635c68a0112da3a3838a5fcf49e25db364e50","isMergeCommit":true,"messageTitle":"merge master in branch Testing","messageBody":"","fileTypesAndContributionMap":{}},{"hash":"cc50d03b97b24b9a32ef110df07c805c7fc1e6e2","isMergeCommit":true,"messageTitle":"Merge pull request #89 from AlWo223/Testing","messageBody":"Add test methods and ui-testing for Activity","fileTypesAndContributionMap":{}}]}],"yicheng-toh":[{"date":"2023-10-05","commitResults":[{"hash":"6ef5fd0adac3dbc719b13dbf2b2ab713ac1be1ba","isMergeCommit":false,"messageTitle":"Add profile for yi cheng","messageBody":"","fileTypesAndContributionMap":{"docs":{"insertions":11,"deletions":5}}},{"hash":"9bd5f18d45380e4064736e7e2d522e4bb53d9eb2","isMergeCommit":true,"messageTitle":"Merge branch \u0027master\u0027 of https://github.com/AY2324S1-CS2113-T17-1/tp","messageBody":"# Conflicts:\n#\tdocs/AboutUs.md\n","fileTypesAndContributionMap":{}},{"hash":"57a806539f9f12400c7873eb0848e0a808657e68","isMergeCommit":true,"messageTitle":"Merge pull request #2 from yicheng-toh/master","messageBody":"Add profile for yi cheng","fileTypesAndContributionMap":{}}]},{"date":"2023-10-09","commitResults":[{"hash":"00aa40a7cd4f49250b89e8da6e405912972f4f99","isMergeCommit":false,"messageTitle":"Adjust the format of the table to resolve warning from intellij","messageBody":"","fileTypesAndContributionMap":{"docs":{"insertions":7,"deletions":7}}},{"hash":"9db4478dbe4192b8579a7f29fb22b9c8e3ee12af","isMergeCommit":true,"messageTitle":"Merge pull request #13 from yicheng-toh/documents","messageBody":"Edit table format for AboutUs.md","fileTypesAndContributionMap":{}}]},{"date":"2023-10-10","commitResults":[{"hash":"834e1ea90ff1c97a9b1cbaa7e4e8fb4d7abcc14b","isMergeCommit":true,"messageTitle":"Merge branch \u0027master\u0027 of https://github.com/AY2324S1-CS2113-T17-1/tp","messageBody":"","fileTypesAndContributionMap":{}},{"hash":"a4d91b2113c0354343357ff8e7e7726363da2a1d","isMergeCommit":true,"messageTitle":"Merge branch \u0027master\u0027 into goals","messageBody":"","fileTypesAndContributionMap":{}},{"hash":"5b01105df5ebb31111aad46bddda02776f17e218","isMergeCommit":false,"messageTitle":"Add Diet Goal Class and Diet Goal List Class","messageBody":"Fixes #10\n","fileTypesAndContributionMap":{"functional-code":{"insertions":82,"deletions":0},"test-code":{"insertions":102,"deletions":0}}},{"hash":"a6dc7e822f05482d9be899688800bc6c86e65a25","isMergeCommit":false,"messageTitle":"Add delete functionality to DietGoalList","messageBody":"Fixes #11\n","fileTypesAndContributionMap":{"functional-code":{"insertions":4,"deletions":0},"test-code":{"insertions":17,"deletions":2}}},{"hash":"75db1b825ac2cf0540f12079d025060c6bbfe19b","isMergeCommit":false,"messageTitle":"Revert \"Add delete functionality to DietGoalList\"","messageBody":"This reverts commit a6dc7e822f05482d9be899688800bc6c86e65a25.\n","fileTypesAndContributionMap":{"functional-code":{"insertions":0,"deletions":4},"test-code":{"insertions":2,"deletions":17}}},{"hash":"833207c30435d8f92a6ee8b459efc0337403084e","isMergeCommit":false,"messageTitle":"Improve code quality to pass build test","messageBody":"","fileTypesAndContributionMap":{"other":{"insertions":16,"deletions":14}}}]},{"date":"2023-10-11","commitResults":[{"hash":"e485d117db0d7ff75bd58853df24311d78160ddc","isMergeCommit":false,"messageTitle":"Remove redundant newlines","messageBody":"","fileTypesAndContributionMap":{"functional-code":{"insertions":0,"deletions":7},"test-code":{"insertions":0,"deletions":5}}},{"hash":"cf8a65f00e5865381818da68829aee12cb12788f","isMergeCommit":false,"messageTitle":"Revert \"Remove redundant newlines\"","messageBody":"This reverts commit e485d117db0d7ff75bd58853df24311d78160ddc.\n","fileTypesAndContributionMap":{"functional-code":{"insertions":7,"deletions":0},"test-code":{"insertions":5,"deletions":0}}},{"hash":"5fe5f02580038a546be18b69df69a042fd547467","isMergeCommit":false,"messageTitle":"Apply suggestions from code review","messageBody":"Remove redundant newlines as suggested by skylee03\n\nCo-authored-by: Yang Ming-Tian \u003c1178715749@qq.com\u003e","fileTypesAndContributionMap":{"functional-code":{"insertions":0,"deletions":4},"test-code":{"insertions":0,"deletions":4}}},{"hash":"35b51d3c961f239a69d6a7e2622813eb9fd764b1","isMergeCommit":true,"messageTitle":"Merge pull request #17 from yicheng-toh/goals","messageBody":"Add DietGoal Class and DietGoalList Class","fileTypesAndContributionMap":{}},{"hash":"f5ad0687c40da73186ba4e69b5915d22f4442099","isMergeCommit":true,"messageTitle":"Merge branch \u0027master\u0027 of https://github.com/AY2324S1-CS2113-T17-1/tp into goals","messageBody":"","fileTypesAndContributionMap":{}},{"hash":"3bf1545451d3c35c883dee34f81203d2838e8d71","isMergeCommit":true,"messageTitle":"Merge branch \u0027master\u0027 of https://github.com/AY2324S1-CS2113-T17-1/tp","messageBody":"","fileTypesAndContributionMap":{}},{"hash":"d397c52103037b3417e7cfa08b4d3b3897030d55","isMergeCommit":false,"messageTitle":"Add delete function to DietGoalList Fixes #11","messageBody":"","fileTypesAndContributionMap":{"functional-code":{"insertions":4,"deletions":0},"test-code":{"insertions":17,"deletions":0}}},{"hash":"4a11acbfc52340fe1ab7fbf087a0ff27c5c0bb74","isMergeCommit":false,"messageTitle":"Add edit feature for DietGoal","messageBody":"Fixes #12\n","fileTypesAndContributionMap":{"functional-code":{"insertions":17,"deletions":0},"test-code":{"insertions":23,"deletions":0}}},{"hash":"a0f11a58c10e27d786fd91577fceb7fbd7c5692f","isMergeCommit":false,"messageTitle":"Add printing to DietGoalList","messageBody":"Fixes #9\n","fileTypesAndContributionMap":{"functional-code":{"insertions":8,"deletions":0},"test-code":{"insertions":8,"deletions":0}}}]},{"date":"2023-10-12","commitResults":[{"hash":"a39f610494cda3ed34f6101ab724f15467b13ac9","isMergeCommit":false,"messageTitle":"Apply suggestions from code review","messageBody":"Convert words to American spelling in accordance to code quality standard suggested by skylee03\n\nCo-authored-by: Yang Ming-Tian \u003c1178715749@qq.com\u003e","fileTypesAndContributionMap":{"test-code":{"insertions":3,"deletions":4}}},{"hash":"7b4b871b1b5cd422c23aa3141172e92cc332358e","isMergeCommit":false,"messageTitle":"Edit variable name in accordance to code quality standards","messageBody":"","fileTypesAndContributionMap":{"test-code":{"insertions":6,"deletions":6}}},{"hash":"40a393f46f1e028e0b0011bc7766631b2f53f5c3","isMergeCommit":false,"messageTitle":"Revert \"Edit variable name in accordance to code quality standards\"","messageBody":"This reverts commit 7b4b871b1b5cd422c23aa3141172e92cc332358e.\n","fileTypesAndContributionMap":{"test-code":{"insertions":6,"deletions":6}}},{"hash":"be38b2183bee45d85cc5db3ac78e038bb68c4bb5","isMergeCommit":false,"messageTitle":"Edit variable name in accordance to code quality standard","messageBody":"","fileTypesAndContributionMap":{"test-code":{"insertions":6,"deletions":6}}},{"hash":"fbac222d5e7db32a386c4188c149b87070405c32","isMergeCommit":true,"messageTitle":"Merge branch \u0027goals\u0027 of https://github.com/yicheng-toh/tp into v1.0","messageBody":"","fileTypesAndContributionMap":{}},{"hash":"464bd877f0fa5f195cd1c55468681926140a936e","isMergeCommit":false,"messageTitle":"Apply suggestions from code review","messageBody":"Co-authored-by: Yang Ming-Tian \u003c1178715749@qq.com\u003e","fileTypesAndContributionMap":{"functional-code":{"insertions":1,"deletions":5}}},{"hash":"7bb7071d03d906fb653225ec11f8fdc5d2c015b7","isMergeCommit":true,"messageTitle":"Merge pull request #18 from yicheng-toh/goals","messageBody":"Edit, List and Delete feature added to DietGoalList","fileTypesAndContributionMap":{}}]},{"date":"2023-10-15","commitResults":[{"hash":"210ec3b65836832798397065349dd6b6125b04a2","isMergeCommit":true,"messageTitle":"Merge branch \u0027master\u0027 of https://github.com/AY2324S1-CS2113-T17-1/tp","messageBody":"","fileTypesAndContributionMap":{}},{"hash":"7fc15d856584c273d1ddd02ef20e6fc945c0b877","isMergeCommit":true,"messageTitle":"Merge branch \u0027master\u0027 into goals","messageBody":"","fileTypesAndContributionMap":{}},{"hash":"6e6acaa0b85747d95506e6f167879f07be6c3463","isMergeCommit":false,"messageTitle":"Add set diet goal command","messageBody":"","fileTypesAndContributionMap":{"functional-code":{"insertions":147,"deletions":16}}},{"hash":"1819c00c7b91e021c5a2f6835fa77ef2171e9391","isMergeCommit":true,"messageTitle":"Merge branch \u0027master\u0027 of https://github.com/AY2324S1-CS2113-T17-1/tp","messageBody":"","fileTypesAndContributionMap":{}},{"hash":"f260c0f6c97f51cd7d8f08a8088c112738d98b35","isMergeCommit":true,"messageTitle":"Merge branch \u0027master\u0027 into goals","messageBody":"# Conflicts:\n#\tsrc/main/java/athleticli/ui/CommandName.java\n#\tsrc/main/java/athleticli/ui/Message.java\n#\tsrc/main/java/athleticli/ui/Parser.java\n","fileTypesAndContributionMap":{}},{"hash":"265a4ceda6601735b2a77ef0267b41f97882f52c","isMergeCommit":false,"messageTitle":"Add javadoc comment for set new diet goal command and related functions","messageBody":"","fileTypesAndContributionMap":{"functional-code":{"insertions":16,"deletions":3}}},{"hash":"b92037b2a0b42ad19711a90845b07cdd3362e004","isMergeCommit":false,"messageTitle":"Add tests for set diet goals","messageBody":"","fileTypesAndContributionMap":{"functional-code":{"insertions":13,"deletions":8},"test-code":{"insertions":41,"deletions":0}}},{"hash":"9084bae7158b73dfbb3f0a619f6aebe369b56538","isMergeCommit":false,"messageTitle":"Improve code quality","messageBody":"","fileTypesAndContributionMap":{"functional-code":{"insertions":0,"deletions":1}}}]},{"date":"2023-10-16","commitResults":[{"hash":"07f523f4003ceae8db86a2d1b17802b2e8ac81c1","isMergeCommit":false,"messageTitle":"Apply suggestions from code review","messageBody":"Co-authored-by: Yang Ming-Tian \u003c1178715749@qq.com\u003e","fileTypesAndContributionMap":{"functional-code":{"insertions":4,"deletions":7},"test-code":{"insertions":1,"deletions":1}}},{"hash":"8de8cc401abb5d08d84b2bb26252515296bf1f76","isMergeCommit":false,"messageTitle":"Improve code quality as suggested by skylee","messageBody":"","fileTypesAndContributionMap":{"functional-code":{"insertions":7,"deletions":9},"test-code":{"insertions":7,"deletions":10}}},{"hash":"53dbb39f2e5973f2db0ba853bd36857f40950cf4","isMergeCommit":true,"messageTitle":"Merge branch \u0027goals\u0027 of https://github.com/yicheng-toh/tp into goals","messageBody":"# Conflicts:\n#\tsrc/test/java/athleticli/ui/ParserTest.java\n","fileTypesAndContributionMap":{}},{"hash":"5497a736bb9ba3e81465ba6cd402dd6e440488a3","isMergeCommit":false,"messageTitle":"Remove bugs","messageBody":"","fileTypesAndContributionMap":{"functional-code":{"insertions":1,"deletions":1}}},{"hash":"6c48bb7583eb068f7da773feb5f87971a8a7246e","isMergeCommit":false,"messageTitle":"Apply suggestions from code review","messageBody":"from dylan and skylee\n\nCo-authored-by: DaDevChia \u003c88506363+DaDevChia@users.noreply.github.com\u003e\nCo-authored-by: Yang Ming-Tian \u003c1178715749@qq.com\u003e","fileTypesAndContributionMap":{"functional-code":{"insertions":31,"deletions":26}}},{"hash":"f9402e37c285cc3353c372f24a72a921c52e9dff","isMergeCommit":true,"messageTitle":"Merge branch \u0027goals\u0027 of https://github.com/yicheng-toh/tp into goals","messageBody":"","fileTypesAndContributionMap":{}},{"hash":"860d0f714dc99262be545f5fcdca7b8b5a7257d5","isMergeCommit":false,"messageTitle":"Remove bugs generated from review","messageBody":"","fileTypesAndContributionMap":{"functional-code":{"insertions":25,"deletions":22}}},{"hash":"92a226e49532f19b23d888ac1819aaae9db6e453","isMergeCommit":true,"messageTitle":"Merge pull request #35 from yicheng-toh/goals","messageBody":"Add logic for setting diet goals","fileTypesAndContributionMap":{}},{"hash":"aad918a5a820574a24ac760f5e96adc0bd96eaef","isMergeCommit":false,"messageTitle":"Add set diet goal tests","messageBody":"","fileTypesAndContributionMap":{"test-code":{"insertions":78,"deletions":0}}},{"hash":"8ca8855c2425074d46c5d30c3f295e2eb2b11755","isMergeCommit":false,"messageTitle":"Add edit feature for diet goals","messageBody":"","fileTypesAndContributionMap":{"functional-code":{"insertions":59,"deletions":5},"test-code":{"insertions":87,"deletions":1}}},{"hash":"14fa302c8df0c16f18f22083f998f63e76d21804","isMergeCommit":true,"messageTitle":"Merge branch \u0027master\u0027 of https://github.com/AY2324S1-CS2113-T17-1/tp","messageBody":"","fileTypesAndContributionMap":{}},{"hash":"fd2680282a51c3b9c969b2701d259479d0fdd064","isMergeCommit":true,"messageTitle":"Merge branch \u0027master\u0027 into goals","messageBody":"","fileTypesAndContributionMap":{}},{"hash":"42ef388db1c0eb831020d8ecf8f7bb7cea34004d","isMergeCommit":false,"messageTitle":"Improve code quality","messageBody":"","fileTypesAndContributionMap":{"functional-code":{"insertions":1,"deletions":2}}},{"hash":"9e01b4dd470e2d983b1dcc1c19c6fcbf6977720b","isMergeCommit":false,"messageTitle":"Improve code quality","messageBody":"","fileTypesAndContributionMap":{"functional-code":{"insertions":1,"deletions":1},"test-code":{"insertions":4,"deletions":2}}},{"hash":"d6275c5592af89a77ab748f575a41fafe9df4d81","isMergeCommit":false,"messageTitle":"Update EditDietGoalCommandTest.java","messageBody":"Change assert (false) to fail (e)","fileTypesAndContributionMap":{"test-code":{"insertions":4,"deletions":3}}},{"hash":"74de6f6f59717b4cbff9c03279c74562f4550fb9","isMergeCommit":false,"messageTitle":"Apply suggestions from code review","messageBody":"Co-authored-by: Yang Ming-Tian \u003c1178715749@qq.com\u003e","fileTypesAndContributionMap":{"functional-code":{"insertions":3,"deletions":3}}},{"hash":"e79340716e4d73ac351d269ef36416455620b8a4","isMergeCommit":false,"messageTitle":"Update SetDietGoalCommandTest.java","messageBody":"","fileTypesAndContributionMap":{"test-code":{"insertions":4,"deletions":3}}},{"hash":"5120ea5fc744ce8ccd56029ae6b4e62d2fa39720","isMergeCommit":false,"messageTitle":"Improve code quality","messageBody":"","fileTypesAndContributionMap":{"test-code":{"insertions":3,"deletions":3}}},{"hash":"325a3842beb9c49bbd1abcd5e58f0db615f1d475","isMergeCommit":false,"messageTitle":"Improve code quality","messageBody":"","fileTypesAndContributionMap":{"test-code":{"insertions":3,"deletions":3}}},{"hash":"4b8e30379d7bfac5327aa2e8a689f81e3586dd4a","isMergeCommit":true,"messageTitle":"Merge remote-tracking branch \u0027origin/goals\u0027 into goals","messageBody":"","fileTypesAndContributionMap":{}},{"hash":"38165ec30b062bbee2c2182885be2fc9670b6404","isMergeCommit":false,"messageTitle":"Add list functionality for goals","messageBody":"Fixes #36\n","fileTypesAndContributionMap":{"functional-code":{"insertions":21,"deletions":12},"test-code":{"insertions":6,"deletions":4}}},{"hash":"560c41fa157e1c13d3422ba8d005839182f3a529","isMergeCommit":false,"messageTitle":"Revert \"Add list functionality for goals\"","messageBody":"This reverts commit 38165ec30b062bbee2c2182885be2fc9670b6404.\n","fileTypesAndContributionMap":{"functional-code":{"insertions":12,"deletions":21},"test-code":{"insertions":4,"deletions":6}}},{"hash":"007f353277c407c23e42689c66846d94f357d711","isMergeCommit":false,"messageTitle":"Revert \"Revert \"Add list functionality for goals\"\"","messageBody":"This reverts commit 560c41fa157e1c13d3422ba8d005839182f3a529.\n","fileTypesAndContributionMap":{"functional-code":{"insertions":21,"deletions":12},"test-code":{"insertions":6,"deletions":4}}},{"hash":"bdb4c7ef4c849129a02e24708f4ea7010d658184","isMergeCommit":false,"messageTitle":"Improve code quality as recommended by gradle check","messageBody":"","fileTypesAndContributionMap":{"functional-code":{"insertions":2,"deletions":2}}},{"hash":"3df9060f6f3b4bede451bf9673c60126c2c0d42f","isMergeCommit":false,"messageTitle":"Add list feature and test for diet goals","messageBody":"Fixes #36\n","fileTypesAndContributionMap":{"functional-code":{"insertions":34,"deletions":0},"test-code":{"insertions":49,"deletions":0}}},{"hash":"f0c393023640b78601c91c27f90e64fb1be69534","isMergeCommit":true,"messageTitle":"Merge pull request #39 from yicheng-toh/goals","messageBody":"Add logic for edit and list feature for diet goals","fileTypesAndContributionMap":{}}]},{"date":"2023-10-17","commitResults":[{"hash":"55bfdce7ca33e0c2d0d7150be776808b39d2ca69","isMergeCommit":false,"messageTitle":"Add delete feature to diet goals","messageBody":"Fixes #47\n","fileTypesAndContributionMap":{"functional-code":{"insertions":56,"deletions":8},"test-code":{"insertions":50,"deletions":0}}},{"hash":"475f260240108ff3e67de71e89b62a50d3e6fc25","isMergeCommit":false,"messageTitle":"Add javaDoc for delete diet goal","messageBody":"","fileTypesAndContributionMap":{"functional-code":{"insertions":24,"deletions":4}}},{"hash":"21c9700f10693d22dee1ca6b3327feaaa48847cd","isMergeCommit":false,"messageTitle":"Improve code quality","messageBody":"","fileTypesAndContributionMap":{"functional-code":{"insertions":0,"deletions":1}}},{"hash":"86894b29e040a086c478b5ba17922387c6c27336","isMergeCommit":false,"messageTitle":"Remove bugs pointed out by gradle","messageBody":"","fileTypesAndContributionMap":{"functional-code":{"insertions":9,"deletions":2}}},{"hash":"b97bfd626d44cdc53e734cff74a58ff6650bf2fa","isMergeCommit":false,"messageTitle":"Address bugs pointed by gradle check","messageBody":"","fileTypesAndContributionMap":{"functional-code":{"insertions":1,"deletions":2}}},{"hash":"d73c39a8cc37866eb2e25f3b63db45c692284ee5","isMergeCommit":false,"messageTitle":"Address bugs pointed out by gradle","messageBody":"","fileTypesAndContributionMap":{"test-code":{"insertions":4,"deletions":2}}},{"hash":"c4990ef5c5edfe5288cdbf7bf2d0f286aa0dd961","isMergeCommit":false,"messageTitle":"Add assertion and logging for delete diet goal command","messageBody":"","fileTypesAndContributionMap":{"functional-code":{"insertions":9,"deletions":0}}},{"hash":"8e8d5eb84a2dbbcfa3d1cd2f66d052ddf5fdcd7c","isMergeCommit":false,"messageTitle":"Correct the logic for the use of assert for delete diet goal command","messageBody":"","fileTypesAndContributionMap":{"functional-code":{"insertions":1,"deletions":1}}},{"hash":"0626b32e5e8a590d0263836b1fed44e4c0eb0292","isMergeCommit":false,"messageTitle":"Apply suggestions from code review","messageBody":"as suggested by skylee\n\nCo-authored-by: Yang Ming-Tian \u003c1178715749@qq.com\u003e","fileTypesAndContributionMap":{"functional-code":{"insertions":2,"deletions":2}}},{"hash":"135345773cb5f1df502c0d56bce68f51586e92fc","isMergeCommit":false,"messageTitle":"Apply suggestions from code review","messageBody":"As suggested by skylee\n\nCo-authored-by: Yang Ming-Tian \u003c1178715749@qq.com\u003e","fileTypesAndContributionMap":{"functional-code":{"insertions":2,"deletions":2}}},{"hash":"de1897900d894a13f7db59b6daf6ea3081ef3dda","isMergeCommit":false,"messageTitle":"Add logger manager as suggested from review","messageBody":"","fileTypesAndContributionMap":{"functional-code":{"insertions":12,"deletions":1}}},{"hash":"e8ac4eeafc3f90b4831c5e8d6619408afc83318a","isMergeCommit":true,"messageTitle":"Merge branch \u0027goals\u0027 of https://github.com/yicheng-toh/tp into goals","messageBody":"","fileTypesAndContributionMap":{}},{"hash":"fe7ba04b1ef4956261e8846d72ad6b3311ed6ea1","isMergeCommit":true,"messageTitle":"Merge branch \u0027master\u0027 of https://github.com/AY2324S1-CS2113-T17-1/tp","messageBody":"","fileTypesAndContributionMap":{}},{"hash":"89accd50f5d41aec4b2b736ba4a307a6c9cdbccc","isMergeCommit":true,"messageTitle":"Merge branch \u0027master\u0027 into goals","messageBody":"","fileTypesAndContributionMap":{}}]},{"date":"2023-10-18","commitResults":[{"hash":"c80e15d1671c5a2df29bcce43f8f50b71959368d","isMergeCommit":true,"messageTitle":"Merge pull request #48 from yicheng-toh/goals","messageBody":"Add logic to delete feature for diet goals","fileTypesAndContributionMap":{}},{"hash":"5b8de0f5491f57d04390013b749cfd7de581539e","isMergeCommit":false,"messageTitle":"Remove small bugs for diet goals parser and UI","messageBody":"","fileTypesAndContributionMap":{"functional-code":{"insertions":3,"deletions":2}}},{"hash":"b7517f37d328db94e3fea66f6a79b1f89e6306f1","isMergeCommit":true,"messageTitle":"Merge branch \u0027master\u0027 of https://github.com/AY2324S1-CS2113-T17-1/tp","messageBody":"","fileTypesAndContributionMap":{}},{"hash":"04fa3b597b79559670080a0adacabf5e70830e9d","isMergeCommit":true,"messageTitle":"Merge branch \u0027master\u0027 into goals","messageBody":"","fileTypesAndContributionMap":{}},{"hash":"097eb979c0f4b6e8a516a3305d12ff79ada4cdbc","isMergeCommit":false,"messageTitle":"Edit tests to suit change in diet goal UI","messageBody":"","fileTypesAndContributionMap":{"test-code":{"insertions":4,"deletions":4}}},{"hash":"a1d40b4527fa202c0f0c512e745f00688c4c2156","isMergeCommit":true,"messageTitle":"Merge pull request #60 from yicheng-toh/goals","messageBody":"Resolve UI bugs for diet goals","fileTypesAndContributionMap":{}},{"hash":"6b6615695e8efb333c505354cb0afd26b8a15c58","isMergeCommit":false,"messageTitle":"Add user guide for diet goals","messageBody":"","fileTypesAndContributionMap":{"docs":{"insertions":133,"deletions":0}}},{"hash":"0d40e04e993615928bad76e6d9cb141a4950c1d1","isMergeCommit":true,"messageTitle":"Merge branch \u0027master\u0027 of https://github.com/AY2324S1-CS2113-T17-1/tp","messageBody":"","fileTypesAndContributionMap":{}},{"hash":"15c1ef7c78934369dff8add9d6d205a5bca275cc","isMergeCommit":true,"messageTitle":"Merge branch \u0027master\u0027 into goals","messageBody":"","fileTypesAndContributionMap":{}},{"hash":"cfcf09fcc76cd212521658db26e837efbae18b99","isMergeCommit":false,"messageTitle":"Apply suggestions from code review","messageBody":"Standardisation of nutrients name.\n\nCo-authored-by: nihalzp \u003c81457724+nihalzp@users.noreply.github.com\u003e","fileTypesAndContributionMap":{"docs":{"insertions":5,"deletions":5}}}]},{"date":"2023-10-22","commitResults":[{"hash":"f3952eacf1f02bde21661454462f27977da36a0e","isMergeCommit":true,"messageTitle":"Merge pull request #67 from yicheng-toh/goals","messageBody":"Add user guide for diet goals","fileTypesAndContributionMap":{}},{"hash":"c3cf1d210ffb57e8afd4f4410734128dcfa1eaad","isMergeCommit":true,"messageTitle":"Merge branch \u0027master\u0027 of https://github.com/AY2324S1-CS2113-T17-1/tp","messageBody":"","fileTypesAndContributionMap":{}},{"hash":"2cedf33acacb6375a8eb96318a82e9858c0e4d14","isMergeCommit":true,"messageTitle":"Merge branch \u0027master\u0027 into goals","messageBody":"","fileTypesAndContributionMap":{}},{"hash":"148527f78ce0d1854d51ceafb69c1cca1c544f08","isMergeCommit":false,"messageTitle":"Enable assertions when running AthletiCLI","messageBody":"","fileTypesAndContributionMap":{"other":{"insertions":1,"deletions":0}}},{"hash":"4317cc604503258b97ab92e712a4a93a693295a1","isMergeCommit":false,"messageTitle":"Resolve bugs arising from set and edit diet goal command","messageBody":"Fixes #52, #53\n","fileTypesAndContributionMap":{"functional-code":{"insertions":14,"deletions":1}}},{"hash":"3ff13bdb978ea8eb77d520c26c3b8ffdae2379d0","isMergeCommit":false,"messageTitle":"Apply suggestions from code review","messageBody":"as suggested by skylee\n\nCo-authored-by: Yang Ming-Tian \u003c1178715749@qq.com\u003e","fileTypesAndContributionMap":{"functional-code":{"insertions":2,"deletions":2}}},{"hash":"94d3e74d658af2c79e0f1efafac1e2767585bbcc","isMergeCommit":true,"messageTitle":"Merge pull request #81 from yicheng-toh/v2.0","messageBody":"Bug fixes for diet goals","fileTypesAndContributionMap":{}},{"hash":"91b84f18b59ea71ce90fca62ecce202043fe1827","isMergeCommit":false,"messageTitle":"Add nutrient verifier class","messageBody":"","fileTypesAndContributionMap":{"functional-code":{"insertions":30,"deletions":12},"test-code":{"insertions":18,"deletions":13}}},{"hash":"bde1fc1aa20fe496200a5b981f495294496cf17b","isMergeCommit":true,"messageTitle":"Merge branch \u0027v2.0\u0027 of https://github.com/yicheng-toh/tp into v2.0","messageBody":"","fileTypesAndContributionMap":{}},{"hash":"e8b121a47571b5876785a3e5ec61e78e2de1d3c6","isMergeCommit":true,"messageTitle":"Merge branch \u0027master\u0027 of https://github.com/AY2324S1-CS2113-T17-1/tp","messageBody":"","fileTypesAndContributionMap":{}},{"hash":"564734d174060980d564fa1db7170d0b1a607503","isMergeCommit":true,"messageTitle":"Merge branch \u0027master\u0027 into v2.0","messageBody":"","fileTypesAndContributionMap":{}},{"hash":"e93bd0a55ed69f0a04ac1fdca0f2598197053543","isMergeCommit":false,"messageTitle":"Apply suggestions from code review","messageBody":"as suggested by skylee\n\nCo-authored-by: Yang Ming-Tian \u003c1178715749@qq.com\u003e","fileTypesAndContributionMap":{"functional-code":{"insertions":2,"deletions":6}}},{"hash":"4390ac41677bf685e92ec91c085328f1e56b4f90","isMergeCommit":true,"messageTitle":"Merge branch \u0027v2.0\u0027 of https://github.com/yicheng-toh/tp into v2.0","messageBody":"","fileTypesAndContributionMap":{}},{"hash":"8da238ac5424b33ab2fed7e24815e260a3b62f79","isMergeCommit":false,"messageTitle":"Remove unused imports","messageBody":"","fileTypesAndContributionMap":{"functional-code":{"insertions":0,"deletions":2}}},{"hash":"a1261976be0afd2475931767edf5977cfc9ef876","isMergeCommit":true,"messageTitle":"Merge pull request #83 from yicheng-toh/v2.0","messageBody":"Add nutrient verifier class ","fileTypesAndContributionMap":{}}]},{"date":"2023-10-23","commitResults":[{"hash":"0073e679dd94d81932af308ccf2b525f5717ad7d","isMergeCommit":false,"messageTitle":"Add tests for diet goal and diet goal parser","messageBody":"","fileTypesAndContributionMap":{"functional-code":{"insertions":3,"deletions":9},"test-code":{"insertions":83,"deletions":44}}},{"hash":"8168c69bb23fd3ab242b30fda1f356df043bc346","isMergeCommit":true,"messageTitle":"Merge branch \u0027master\u0027 of https://github.com/AY2324S1-CS2113-T17-1/tp","messageBody":"","fileTypesAndContributionMap":{}},{"hash":"075abf178d86f7bfc9cad32876d3eaae946d5ec9","isMergeCommit":true,"messageTitle":"Merge branch \u0027master\u0027 into v2.0","messageBody":"","fileTypesAndContributionMap":{}}]},{"date":"2023-10-24","commitResults":[{"hash":"e4a004f8366d44a9ce8d7cc48b3536497fa43c2f","isMergeCommit":false,"messageTitle":"Add diet goals to developers guide","messageBody":"","fileTypesAndContributionMap":{"docs":{"insertions":95,"deletions":4}}},{"hash":"0fb7b737653eddf2d4dcd7276179878a6ddefe5f","isMergeCommit":true,"messageTitle":"Merge pull request #90 from yicheng-toh/v2.0","messageBody":"Add tests for diet goal and diet goal parser","fileTypesAndContributionMap":{}},{"hash":"1424e1cc60dee61ce9ff627a15fbb617c6ec33f3","isMergeCommit":false,"messageTitle":"Add diet goals to text ui test","messageBody":"","fileTypesAndContributionMap":{"functional-code":{"insertions":4,"deletions":1}}}]},{"date":"2023-10-25","commitResults":[{"hash":"6571556b1108e08fe2eb70c53b5553370fdd8d0e","isMergeCommit":true,"messageTitle":"Merge branch \u0027master\u0027 of https://github.com/AY2324S1-CS2113-T17-1/tp","messageBody":"","fileTypesAndContributionMap":{}},{"hash":"bf0fa992b3f8e3a05d016e933320999919a99592","isMergeCommit":true,"messageTitle":"Merge branch \u0027master\u0027 into v2.0","messageBody":"# Conflicts:\n#\ttext-ui-test/input.txt\n","fileTypesAndContributionMap":{}},{"hash":"5eac6f50eda525e2c4a6ab8c1c2db884ada9a722","isMergeCommit":false,"messageTitle":"Remove grammatical error","messageBody":"","fileTypesAndContributionMap":{"docs":{"insertions":1,"deletions":1}}},{"hash":"a8b9c18517348c5d1e2253f8c5633c0bad935ce5","isMergeCommit":true,"messageTitle":"Merge pull request #94 from yicheng-toh/v2.0","messageBody":"Add diet goals to text ui test","fileTypesAndContributionMap":{}}]}],"nihalzp":[{"date":"2023-10-05","commitResults":[{"hash":"5333d4cf1c8a9b0ea1a9ec084892c14dea7d53b2","isMergeCommit":false,"messageTitle":"Add individual info","messageBody":"","fileTypesAndContributionMap":{"docs":{"insertions":7,"deletions":7}}},{"hash":"a705a999b30431c68e39f5b0167f9b66b89debaf","isMergeCommit":true,"messageTitle":"Merge branch \u0027master\u0027 into nihalzp-AboutUs","messageBody":"","fileTypesAndContributionMap":{}},{"hash":"ca99d34683f1a8b4ffdca5fa6dbfdf33eb4e6afb","isMergeCommit":true,"messageTitle":"Merge pull request #3 from nihalzp/nihalzp-AboutUs","messageBody":"Add Individual Info - nihalzp","fileTypesAndContributionMap":{}}]},{"date":"2023-10-13","commitResults":[{"hash":"88c9014401be33db3f1415d271d1e6abc593324c","isMergeCommit":false,"messageTitle":"Relocate diet goals files","messageBody":"","fileTypesAndContributionMap":{"functional-code":{"insertions":95,"deletions":108}}}]},{"date":"2023-10-14","commitResults":[{"hash":"c977c9aed16f59a17ccb9512d30c061de27a153a","isMergeCommit":false,"messageTitle":"Use ArrayList inheritance for DietGoalList","messageBody":"","fileTypesAndContributionMap":{"functional-code":{"insertions":6,"deletions":23}}},{"hash":"020e4dbefe29062a29b5f8e2eb7e86e20daa3f11","isMergeCommit":false,"messageTitle":"Add JavaDoc comments for diet goal","messageBody":"","fileTypesAndContributionMap":{"functional-code":{"insertions":63,"deletions":5}}},{"hash":"d8ff94defc829ff2c17be79015165643874ae29d","isMergeCommit":false,"messageTitle":"Use diet instead of meal","messageBody":"","fileTypesAndContributionMap":{"functional-code":{"insertions":3,"deletions":3},"other":{"insertions":2,"deletions":2}}},{"hash":"73b7b8ab849eafc755f1903712899e7559f9a8db","isMergeCommit":false,"messageTitle":"Update diet goals test paths","messageBody":"","fileTypesAndContributionMap":{"other":{"insertions":22,"deletions":23}}},{"hash":"403cd565a953c696900f240c4c3d250dc81b0aff","isMergeCommit":false,"messageTitle":"Rename meals to diets in Data class","messageBody":"","fileTypesAndContributionMap":{"functional-code":{"insertions":2,"deletions":2}}},{"hash":"ead04ae4847fba3c551ac2545117e7225fc7a7a0","isMergeCommit":false,"messageTitle":"Implement Diet class","messageBody":"","fileTypesAndContributionMap":{"functional-code":{"insertions":104,"deletions":0}}},{"hash":"750a58d6d163985c90f67dae37df9bf6ebcb3e60","isMergeCommit":false,"messageTitle":"Update doc string in diet goal","messageBody":"","fileTypesAndContributionMap":{"functional-code":{"insertions":13,"deletions":1}}},{"hash":"f48538ce055185165435ec50881e37e26220e28b","isMergeCommit":false,"messageTitle":"Implement DietList","messageBody":"","fileTypesAndContributionMap":{"functional-code":{"insertions":23,"deletions":0}}},{"hash":"f9175487993b5ec115a2afa01d38d319e9a86cee","isMergeCommit":false,"messageTitle":"Add DietTest","messageBody":"","fileTypesAndContributionMap":{"test-code":{"insertions":69,"deletions":0}}},{"hash":"bd3307495eb8061d5b98192d99304d969ad94548","isMergeCommit":false,"messageTitle":"Add DietListTest","messageBody":"","fileTypesAndContributionMap":{"test-code":{"insertions":97,"deletions":0}}},{"hash":"41f96d52d3dd4b7f0319f83559ca6b09a27929e5","isMergeCommit":false,"messageTitle":"Refactor DietGoalListTest","messageBody":"","fileTypesAndContributionMap":{"test-code":{"insertions":13,"deletions":14}}},{"hash":"da06f350e71926f9a0ce37d2a7f6701e5ae45f18","isMergeCommit":false,"messageTitle":"End file with new line","messageBody":"","fileTypesAndContributionMap":{"functional-code":{"insertions":2,"deletions":2}}},{"hash":"942346561f3ee347e60d3d95ed802307cdc462f2","isMergeCommit":false,"messageTitle":"Simplify logic in DietGoal","messageBody":"","fileTypesAndContributionMap":{"functional-code":{"insertions":1,"deletions":5}}},{"hash":"24faa7a7468bfc3c3cc48ecfec34c6716c9da92f","isMergeCommit":false,"messageTitle":"Remove redundant blank lines","messageBody":"","fileTypesAndContributionMap":{"test-code":{"insertions":0,"deletions":3}}},{"hash":"308d4471b8aaf54fdf59de6692b67e8a2a9e2c17","isMergeCommit":true,"messageTitle":"Merge pull request #20 from nihalzp/diet","messageBody":"Add and Refactor Diet","fileTypesAndContributionMap":{}}]},{"date":"2023-10-15","commitResults":[{"hash":"f019f39e5bfa0166876bc7e860a08c729d4911be","isMergeCommit":false,"messageTitle":"Rename meal to diet","messageBody":"","fileTypesAndContributionMap":{"functional-code":{"insertions":0,"deletions":12}}},{"hash":"6024bdace6ecb11f50c0871bd9a4b3682a83057a","isMergeCommit":false,"messageTitle":"Add AddDietCommand","messageBody":"","fileTypesAndContributionMap":{"functional-code":{"insertions":44,"deletions":0}}},{"hash":"a5b6a6729ae36ee4aca74da6255acd9e24a33126","isMergeCommit":false,"messageTitle":"Add DeleteDietCommand","messageBody":"","fileTypesAndContributionMap":{"functional-code":{"insertions":44,"deletions":0}}},{"hash":"53b2e8767c47560746212606d5eedc92453abe44","isMergeCommit":false,"messageTitle":"Add ListDietCommand","messageBody":"","fileTypesAndContributionMap":{"functional-code":{"insertions":31,"deletions":0}}},{"hash":"52fcad706d32a863171d058b0cb5231045833d4b","isMergeCommit":false,"messageTitle":"Add new line in diet and diet goal list toString","messageBody":"","fileTypesAndContributionMap":{"functional-code":{"insertions":6,"deletions":0}}},{"hash":"f0e98e4485fa746bc0a6fd97de9a427f5e962f80","isMergeCommit":false,"messageTitle":"Add diet command names","messageBody":"","fileTypesAndContributionMap":{"functional-code":{"insertions":5,"deletions":1}}},{"hash":"ec94df1485d57806adf02878b43a045c73efd94c","isMergeCommit":false,"messageTitle":"Add diet specific message strings","messageBody":"","fileTypesAndContributionMap":{"functional-code":{"insertions":53,"deletions":15}}},{"hash":"c5b661267550c84a842d366f967a635e8942f7ea","isMergeCommit":false,"messageTitle":"Implement parsers for diet","messageBody":"","fileTypesAndContributionMap":{"functional-code":{"insertions":217,"deletions":27}}},{"hash":"1b744ec76329f10942f730964626ba261a75a73c","isMergeCommit":false,"messageTitle":"Add tests for AddDietCommand","messageBody":"","fileTypesAndContributionMap":{"test-code":{"insertions":39,"deletions":0}}},{"hash":"8741c43909a7d7bb3fe8996cdcf9aa800369abf3","isMergeCommit":false,"messageTitle":"Add tests for DeleteDietCommand","messageBody":"","fileTypesAndContributionMap":{"test-code":{"insertions":53,"deletions":0}}},{"hash":"3807da90bac12694e9cd92296769b232f3add879","isMergeCommit":false,"messageTitle":"Add tests for ListDietCommand","messageBody":"","fileTypesAndContributionMap":{"test-code":{"insertions":39,"deletions":0}}},{"hash":"ed9e42c52a404ed0352e1c628b7f67a2f30e5005","isMergeCommit":false,"messageTitle":"Update tests for DietList","messageBody":"","fileTypesAndContributionMap":{"test-code":{"insertions":2,"deletions":2}}},{"hash":"bd0136d0adfd32f2a41c64317c3bc71838387800","isMergeCommit":false,"messageTitle":"Add parser tests for diet","messageBody":"","fileTypesAndContributionMap":{"test-code":{"insertions":113,"deletions":10}}},{"hash":"59c9075387f54f1f3f4f6c63f7642bc5e5a162c3","isMergeCommit":false,"messageTitle":"Add diet guide in docs/readme","messageBody":"","fileTypesAndContributionMap":{"docs":{"insertions":42,"deletions":1}}},{"hash":"14e3ee42cc76c89d4bc0798b127a4014cb78553a","isMergeCommit":false,"messageTitle":"Delete trailing space","messageBody":"","fileTypesAndContributionMap":{"functional-code":{"insertions":0,"deletions":2}}},{"hash":"3c39bbc0af962d145c718b68c3fcbcfabbb88688","isMergeCommit":false,"messageTitle":"Fix JavaDoc comments indentation","messageBody":"","fileTypesAndContributionMap":{"functional-code":{"insertions":15,"deletions":16}}},{"hash":"fd90dd4a778d3fb1d85d7b10df36a48cd23a2fa6","isMergeCommit":false,"messageTitle":"Rename unit test func names","messageBody":"","fileTypesAndContributionMap":{"test-code":{"insertions":17,"deletions":17}}},{"hash":"c4d473794e6bdd31901379ef755f369fbb5e4c66","isMergeCommit":false,"messageTitle":"Fix array initialization indentation","messageBody":"","fileTypesAndContributionMap":{"test-code":{"insertions":3,"deletions":3}}},{"hash":"8221d356f374da5947b48eb9f554b0792dbd8c02","isMergeCommit":false,"messageTitle":"Fix formatting issue in readme","messageBody":"","fileTypesAndContributionMap":{"docs":{"insertions":26,"deletions":9}}},{"hash":"4d38e16e4263892d35bfc181789cb6d6c1155054","isMergeCommit":false,"messageTitle":"Refactor delete diet command","messageBody":"","fileTypesAndContributionMap":{"functional-code":{"insertions":4,"deletions":4}}},{"hash":"5e73492dc594864ff26e59d2383f52f5ee46ab4d","isMergeCommit":true,"messageTitle":"Merge pull request #31 from nihalzp/diet-parser","messageBody":"Diet parser","fileTypesAndContributionMap":{}}]},{"date":"2023-10-18","commitResults":[{"hash":"8c8189cec6c3badcb1166699f4393be4585477cd","isMergeCommit":false,"messageTitle":"Fix diet commands and formatting","messageBody":"","fileTypesAndContributionMap":{"docs":{"insertions":36,"deletions":26}}},{"hash":"582f99799f073c326bef887656e215eb02fb78d9","isMergeCommit":false,"messageTitle":"Fix message for carb missing","messageBody":"","tags":["v1.0-Release"],"fileTypesAndContributionMap":{"functional-code":{"insertions":1,"deletions":1}}},{"hash":"3132eb598029e7f51223d00284e77d6ad8feef03","isMergeCommit":true,"messageTitle":"Merge pull request #66 from nihalzp/fix-user-guide","messageBody":"Fix User Guide for Diet and Reformat","fileTypesAndContributionMap":{}}]}]},"authorFileTypeContributionMap":{"skylee03":{"docs":6,"functional-code":998,"test-code":31,"other":4},"DaDevChia":{"docs":75,"functional-code":483,"test-code":400},"AlWo223":{"docs":95,"functional-code":1106,"test-code":822,"other":5},"yicheng-toh":{"docs":239,"functional-code":370,"test-code":462,"other":1},"nihalzp":{"docs":72,"functional-code":644,"test-code":439}},"authorContributionVariance":{"skylee03":10248.65,"DaDevChia":19391.672,"AlWo223":40746.113,"yicheng-toh":15729.106,"nihalzp":28771.676},"authorDisplayNameMap":{"skylee03":"CS2113-T17-1 YANG..TIAN","DaDevChia":"CS2113-T17-1 DYLA..TIAN","AlWo223":"CS2113-T17-1 WOLT..LIUS","yicheng-toh":"CS2113-T17-1 TOH ..HENG","nihalzp":"CS2113-T17-1 NIHA..IAJI"}}
